      FROM CHEASE BUT COCOS=02 ,SI UNITS20260608   3 129 129
 1.099997333E+00 1.049999734E+00 1.800000000E+00 1.250001479E+00 7.536283382E-10
 1.883409656E+00 7.536283382E-10-9.871314063E-02 0.000000000E+00 1.500000000E+00
 3.048954066E+05-9.871314063E-02 0.000000000E+00 1.883409656E+00 0.000000000E+00
 7.536283382E-10 0.000000000E+00 0.000000000E+00 0.000000000E+00 0.000000000E+00
 2.711919965E+00 2.711133360E+00 2.710364289E+00 2.709612258E+00 2.708876819E+00
 2.708157569E+00 2.707454142E+00 2.706766214E+00 2.706093493E+00 2.705435723E+00
 2.704792677E+00 2.704164160E+00 2.703549995E+00 2.702950041E+00 2.702364178E+00
 2.701792304E+00 2.701234339E+00 2.700690226E+00 2.700159922E+00 2.699643403E+00
 2.699140660E+00 2.698651695E+00 2.698176527E+00 2.697715183E+00 2.697267699E+00
 2.696834121E+00 2.696414513E+00 2.696008927E+00 2.695617434E+00 2.695240101E+00
 2.694876997E+00 2.694528200E+00 2.694193790E+00 2.693873823E+00 2.693568371E+00
 2.693277505E+00 2.693001286E+00 2.692739758E+00 2.692492970E+00 2.692260957E+00
 2.692043744E+00 2.691841344E+00 2.691653754E+00 2.691480973E+00 2.691322974E+00
 2.691179703E+00 2.691051101E+00 2.690937101E+00 2.690837615E+00 2.690752526E+00
 2.690681700E+00 2.690624996E+00 2.690582241E+00 2.690553248E+00 2.690537816E+00
 2.690535710E+00 2.690546688E+00 2.690570494E+00 2.690606839E+00 2.690655410E+00
 2.690715890E+00 2.690787950E+00 2.690871233E+00 2.690965361E+00 2.691069942E+00
 2.691184583E+00 2.691308868E+00 2.691442372E+00 2.691584657E+00 2.691735273E+00
 2.691893754E+00 2.692059632E+00 2.692232442E+00 2.692411702E+00 2.692596919E+00
 2.692787608E+00 2.692983281E+00 2.693183438E+00 2.693387588E+00 2.693595239E+00
 2.693805899E+00 2.694019081E+00 2.694234300E+00 2.694451075E+00 2.694668932E+00
 2.694887403E+00 2.695106029E+00 2.695324358E+00 2.695541944E+00 2.695758353E+00
 2.695973162E+00 2.696185956E+00 2.696396332E+00 2.696603899E+00 2.696808274E+00
 2.697009090E+00 2.697205987E+00 2.697398627E+00 2.697586675E+00 2.697769811E+00
 2.697947725E+00 2.698120126E+00 2.698286732E+00 2.698447271E+00 2.698601484E+00
 2.698749120E+00 2.698889950E+00 2.699023748E+00 2.699150301E+00 2.699269408E+00
 2.699380872E+00 2.699484515E+00 2.699580160E+00 2.699667654E+00 2.699746876E+00
 2.699817699E+00 2.699879901E+00 2.699933098E+00 2.699976777E+00 2.700010441E+00
 2.700033824E+00 2.700047106E+00 2.700051069E+00 2.700047189E+00 2.700037619E+00
 2.700025090E+00 2.700012676E+00 2.700003473E+00 2.700000000E+00
 2.030839521E+04 2.030591612E+04 2.029848009E+04 2.028608980E+04 2.026874975E+04
 2.024646621E+04 2.021924743E+04 2.018710334E+04 2.015004577E+04 2.010808833E+04
 2.006124649E+04 2.000953749E+04 1.995298038E+04 1.989159608E+04 1.982540725E+04
 1.975443838E+04 1.967871587E+04 1.959826785E+04 1.951312416E+04 1.942331668E+04
 1.932887896E+04 1.922984648E+04 1.912625641E+04 1.901814775E+04 1.890556142E+04
 1.878853998E+04 1.866712799E+04 1.854137176E+04 1.841131948E+04 1.827702104E+04
 1.813852818E+04 1.799589435E+04 1.784917502E+04 1.769842738E+04 1.754371055E+04
 1.738508525E+04 1.722261399E+04 1.705636141E+04 1.688639375E+04 1.671277907E+04
 1.653558719E+04 1.635489003E+04 1.617076100E+04 1.598327543E+04 1.579251059E+04
 1.559854535E+04 1.540146069E+04 1.520133906E+04 1.499826489E+04 1.479232453E+04
 1.458360592E+04 1.437219907E+04 1.415819549E+04 1.394168886E+04 1.372277438E+04
 1.350154929E+04 1.327811260E+04 1.305256495E+04 1.282500898E+04 1.259554904E+04
 1.236429148E+04 1.213134419E+04 1.189681710E+04 1.166082186E+04 1.142347193E+04
 1.118488267E+04 1.094517115E+04 1.070445629E+04 1.046285883E+04 1.022050132E+04
 9.977508122E+03 9.734005527E+03 9.490121436E+03 9.245985697E+03 9.001729995E+03
 8.757487756E+03 8.513394282E+03 8.269586653E+03 8.026203658E+03 7.783386163E+03
 7.541276674E+03 7.300019405E+03 7.059760646E+03 6.820648384E+03 6.582832299E+03
 6.346464209E+03 6.111697372E+03 5.878687098E+03 5.647590363E+03 5.418566116E+03
 5.191775058E+03 4.967379843E+03 4.745544613E+03 4.526435562E+03 4.310220573E+03
 4.097069402E+03 3.887153660E+03 3.680646575E+03 3.477723716E+03 3.278561870E+03
 3.083340057E+03 2.892238692E+03 2.705440514E+03 2.523129730E+03 2.345492383E+03
 2.172716578E+03 2.004991801E+03 1.842510012E+03 1.685464090E+03 1.534049567E+03
 1.388463263E+03 1.248904013E+03 1.115572767E+03 9.886714838E+02 8.684048773E+02
 7.549786038E+02 6.486008898E+02 5.494813940E+02 4.578313479E+02 3.738646521E+02
 2.977958490E+02 2.298424201E+02 1.702229784E+02 1.191578679E+02 7.687013194E+01
 4.358326486E+01 1.952380285E+01 4.919593984E+00 0.000000000E+00
-2.797927714E+00-2.734187532E+00-2.672672930E+00-2.612876740E+00-2.554621447E+00
-2.497753575E+00-2.442149014E+00-2.387662473E+00-2.334172807E+00-2.281577947E+00
-2.229748909E+00-2.178606581E+00-2.128068457E+00-2.078008247E+00-2.028369796E+00
-1.979086997E+00-1.930068184E+00-1.881259097E+00-1.832589790E+00-1.784008491E+00
-1.735467708E+00-1.686906371E+00-1.638305411E+00-1.589601426E+00-1.540795561E+00
-1.491808945E+00-1.442639933E+00-1.393287254E+00-1.343705991E+00-1.293910425E+00
-1.243887724E+00-1.193585816E+00-1.143076610E+00-1.092373739E+00-1.041424378E+00
-9.902542005E-01-9.389262425E-01-8.874541063E-01-8.358417171E-01-7.841395375E-01
-7.323766003E-01-6.806271259E-01-6.288852196E-01-5.771836762E-01-5.256553747E-01
-4.743315236E-01-4.232274729E-01-3.723999374E-01-3.219312483E-01-2.719192373E-01
-2.223852221E-01-1.733930521E-01-1.250483608E-01-7.736784082E-02-3.044903268E-02
 1.561450346E-02 6.083552992E-02 1.051036780E-01 1.483143833E-01 1.904242955E-01
 2.314122399E-01 2.712227399E-01 3.097357729E-01 3.469114863E-01 3.827182369E-01
 4.171270761E-01 4.500642776E-01 4.815003753E-01 5.114040238E-01 5.396962877E-01
 5.663680915E-01 5.914073768E-01 6.148279913E-01 6.365170955E-01 6.565129405E-01
 6.748163067E-01 6.914034634E-01 7.062429567E-01 7.193957930E-01 7.308100480E-01
 7.405292575E-01 7.485448690E-01 7.548843178E-01 7.595426386E-01 7.625689233E-01
 7.639634465E-01 7.637798265E-01 7.620112593E-01 7.587191779E-01 7.539136598E-01
 7.476561813E-01 7.399523211E-01 7.308709152E-01 7.204283227E-01 7.086679725E-01
 6.956408807E-01 6.813838914E-01 6.659558977E-01 6.493682043E-01 6.316852070E-01
 6.129322859E-01 5.931905328E-01 5.724666784E-01 5.508124469E-01 5.282639754E-01
 5.048636901E-01 4.806758328E-01 4.557066314E-01 4.300171239E-01 4.036186028E-01
 3.765688327E-01 3.488905121E-01 3.206190449E-01 2.918708442E-01 2.627212086E-01
 2.330202445E-01 2.022723047E-01 1.698988659E-01 1.356396882E-01 9.991271321E-02
 6.391900800E-02 2.953195408E-02-9.206361158E-04-2.498985833E-02-4.041464124E-02
-4.550370156E-02-3.957389485E-02-2.339081226E-02-1.799168702E-15
-1.017511766E-01-6.428610175E+03-1.285498166E+04-1.927671277E+04-2.569114354E+04
-3.209651344E+04-3.848985371E+04-4.486924522E+04-5.123199611E+04-5.757582443E+04
-6.389874533E+04-7.019794261E+04-7.647120191E+04-8.271623645E+04-8.893080071E+04
-9.511228675E+04-1.012584519E+05-1.073669728E+05-1.134354384E+05-1.194616607E+05
-1.254428173E+05-1.313772498E+05-1.372621136E+05-1.430950967E+05-1.488742170E+05
-1.545965612E+05-1.602601389E+05-1.658622286E+05-1.714008878E+05-1.768737655E+05
-1.822783704E+05-1.876124649E+05-1.928732980E+05-1.980586180E+05-2.031665666E+05
-2.081946821E+05-2.131400063E+05-2.180005550E+05-2.227742437E+05-2.274584452E+05
-2.320506617E+05-2.365485124E+05-2.409504623E+05-2.452529902E+05-2.494543280E+05
-2.535523626E+05-2.575440058E+05-2.614276688E+05-2.652007648E+05-2.688605058E+05
-2.724051392E+05-2.758320481E+05-2.791387064E+05-2.823232353E+05-2.853827433E+05
-2.883149659E+05-2.911180350E+05-2.937889347E+05-2.963260653E+05-2.987261751E+05
-3.009876485E+05-3.031078125E+05-3.050842711E+05-3.069149372E+05-3.085970224E+05
-3.101286428E+05-3.115070687E+05-3.127302639E+05-3.137956058E+05-3.147009702E+05
-3.154437128E+05-3.160217410E+05-3.164326104E+05-3.166739578E+05-3.167433825E+05
-3.166386223E+05-3.163571805E+05-3.158969952E+05-3.152554413E+05-3.144301194E+05
-3.134189507E+05-3.122195313E+05-3.108290693E+05-3.092459022E+05-3.074670824E+05
-3.054904707E+05-3.033139293E+05-3.009347432E+05-2.983509189E+05-2.955596877E+05
-2.925589388E+05-2.893461247E+05-2.859194333E+05-2.822758028E+05-2.784136559E+05
-2.743297438E+05-2.700227172E+05-2.654891947E+05-2.607273374E+05-2.557348890E+05
-2.505091628E+05-2.450484022E+05-2.393491693E+05-2.334105206E+05-2.272286955E+05
-2.208025649E+05-2.141287876E+05-2.072055096E+05-2.000308025E+05-1.926010342E+05
-1.849156084E+05-1.769701103E+05-1.687640164E+05-1.602940151E+05-1.515577946E+05
-1.425537644E+05-1.332780207E+05-1.237302556E+05-1.139061862E+05-1.038045157E+05
-9.342315073E+04-8.275822376E+04-7.180968928E+04-6.057289970E+04-4.904677886E+04
-3.722942197E+04-2.511652241E+04-1.270805764E+04 0.000000000E+00
 3.816240704E-02 3.736977043E-02 3.658115953E-02 3.579750468E-02 3.501900975E-02
 3.424565752E-02 3.347699035E-02 3.271252134E-02 3.195231224E-02 3.119698007E-02
 3.044716158E-02 2.970313015E-02 2.896492437E-02 2.823252792E-02 2.750585489E-02
 2.678484957E-02 2.606975248E-02 2.536111545E-02 2.465941311E-02 2.396473461E-02
 2.327702893E-02 2.259646246E-02 2.192344242E-02 2.125826027E-02 2.060082022E-02
 1.995106708E-02 1.930966000E-02 1.867762733E-02 1.805535736E-02 1.744248673E-02
 1.683880866E-02 1.624470916E-02 1.566078143E-02 1.508757467E-02 1.452555045E-02
 1.397500918E-02 1.343623612E-02 1.290974851E-02 1.239618921E-02 1.189605365E-02
 1.140970432E-02 1.093754125E-02 1.048003140E-02 1.003764006E-02 9.610785735E-03
 9.200078776E-03 8.806459365E-03 8.430703638E-03 8.073286167E-03 7.734697060E-03
 7.415440111E-03 7.116248224E-03 6.838179334E-03 6.582063623E-03 6.348397989E-03
 6.137617105E-03 5.950268714E-03 5.787328035E-03 5.650101699E-03 5.539456660E-03
 5.455685851E-03 5.399332629E-03 5.371412547E-03 5.372932764E-03 5.404630938E-03
 5.467112078E-03 5.561036372E-03 5.687187435E-03 5.846459436E-03 6.039720897E-03
 6.267442710E-03 6.529959024E-03 6.827971984E-03 7.162396784E-03 7.533733602E-03
 7.942162071E-03 8.388156311E-03 8.872549338E-03 9.395835740E-03 9.958042653E-03
 1.055910800E-02 1.119938066E-02 1.187959342E-02 1.260018408E-02 1.336104364E-02
 1.416190851E-02 1.500264226E-02 1.588322719E-02 1.680363320E-02 1.776377954E-02
 1.876354391E-02 1.980265715E-02 2.088087820E-02 2.199820386E-02 2.315448853E-02
 2.434924112E-02 2.558184062E-02 2.685181265E-02 2.815878624E-02 2.950223534E-02
 3.088159309E-02 3.229640178E-02 3.374628254E-02 3.523092194E-02 3.674995333E-02
 3.830263579E-02 3.988800294E-02 4.150512195E-02 4.315327614E-02 4.483206174E-02
 4.654114278E-02 4.828014095E-02 5.004860569E-02 5.184588883E-02 5.367119463E-02
 5.552364020E-02 5.740239741E-02 5.930684369E-02 6.123649386E-02 6.319085216E-02
 6.516943180E-02 6.717177867E-02 6.919739614E-02 7.124570007E-02 7.331608289E-02
 7.540793787E-02 7.752077328E-02 7.965469214E-02 8.180652874E-02 3.720767257E-02
 3.640725068E-02 3.561062856E-02 3.481857319E-02 3.403127730E-02 3.324905197E-02
 3.247193806E-02 3.169954131E-02 3.093141476E-02 3.016758579E-02 2.940861221E-02
 2.865510467E-02 2.790735288E-02 2.716541084E-02 2.642926109E-02 2.569882938E-02
 2.497409587E-02 2.425533313E-02 2.354307236E-02 2.283773617E-02 2.213940206E-02
 2.144805926E-02 2.076392521E-02 2.008739348E-02 1.941868138E-02 1.875769891E-02
 1.810454537E-02 1.746000280E-02 1.682496403E-02 1.619957845E-02 1.558351389E-02
 1.497677320E-02 1.437983860E-02 1.379329913E-02 1.321767896E-02 1.265339131E-02
 1.210072764E-02 1.156006847E-02 1.103201178E-02 1.051715743E-02 1.001593956E-02
 9.528749189E-03 9.056040970E-03 8.598314083E-03 8.156041468E-03 7.729729593E-03
 7.320187071E-03 6.928309958E-03 6.554688523E-03 6.199837574E-03 5.864311670E-03
 5.548744823E-03 5.254097921E-03 4.981317177E-03 4.731025495E-03 4.503738397E-03
 4.300034804E-03 4.120766954E-03 3.967138809E-03 3.840164075E-03 3.740333102E-03
 3.668180207E-03 3.624644226E-03 3.610753866E-03 3.627325259E-03 3.675028360E-03
 3.754561548E-03 3.866728535E-03 4.012398218E-03 4.192459342E-03 4.407497664E-03
 4.657924265E-03 4.944415912E-03 5.267864016E-03 5.628825111E-03 6.027560688E-03
 6.464572442E-03 6.940652618E-03 7.456266512E-03 8.011500956E-03 8.606376415E-03
 9.241281494E-03 9.916901528E-03 1.063359229E-02 1.139124765E-02 1.218964971E-02
 1.302870220E-02 1.390838884E-02 1.482866661E-02 1.578944931E-02 1.679058609E-02
 1.783177130E-02 1.891281693E-02 2.003371385E-02 2.119419974E-02 2.239371247E-02
 2.363165110E-02 2.490759997E-02 2.622112874E-02 2.757165676E-02 2.895863188E-02
 3.038161208E-02 3.184022191E-02 3.333413738E-02 3.486282026E-02 3.642537684E-02
 3.802082098E-02 3.964828704E-02 4.130721298E-02 4.299722545E-02 4.471794071E-02
 4.646892450E-02 4.824959437E-02 5.005918916E-02 5.189682870E-02 5.376162858E-02
 5.565286399E-02 5.756999749E-02 5.951251701E-02 6.147990650E-02 6.347168229E-02
 6.548734549E-02 6.752631093E-02 6.958795324E-02 7.167166354E-02 7.377683816E-02
 7.590298332E-02 7.805020958E-02 8.021535197E-02 3.626402623E-02 3.545589488E-02
 3.465141943E-02 3.385126518E-02 3.305549888E-02 3.226443568E-02 3.147841825E-02
 3.069750554E-02 2.992131323E-02 2.914939546E-02 2.838177342E-02 2.761900066E-02
 2.686167851E-02 2.611009340E-02 2.536430385E-02 2.462429057E-02 2.388997679E-02
 2.316136550E-02 2.243877268E-02 2.172273548E-02 2.101362825E-02 2.031149913E-02
 1.961636907E-02 1.892851201E-02 1.824831842E-02 1.757593056E-02 1.691125654E-02
 1.625456165E-02 1.560673279E-02 1.496850214E-02 1.433981683E-02 1.372041371E-02
 1.311049513E-02 1.251061344E-02 1.192134389E-02 1.134318257E-02 1.077649659E-02
 1.022160381E-02 9.678993108E-03 9.149294382E-03 8.633043293E-03 8.130656377E-03
 7.642573029E-03 7.169297174E-03 6.711354344E-03 6.269245198E-03 5.843629004E-03
 5.435407147E-03 5.045314622E-03 4.673901023E-03 4.321770843E-03 3.989551622E-03
 3.678082530E-03 3.388346087E-03 3.121093554E-03 2.876941194E-03 2.656527847E-03
 2.460646217E-03 2.290372216E-03 2.146762153E-03 2.030503060E-03 1.942188100E-03
 1.882688772E-03 1.853021717E-03 1.854073171E-03 1.886583945E-03 1.951297759E-03
 2.049050842E-03 2.180692800E-03 2.347119606E-03 2.549033904E-03 2.786943068E-03
 3.061511378E-03 3.373609734E-03 3.723858915E-03 4.112603412E-03 4.540360542E-03
 5.007878394E-03 5.515602623E-03 6.063689771E-03 6.652235036E-03 7.281648489E-03
 7.952557542E-03 8.665250100E-03 9.419637762E-03 1.021555154E-02 1.105292642E-02
 1.193174333E-02 1.285194718E-02 1.381344590E-02 1.481604857E-02 1.585942848E-02
 1.694345623E-02 1.806807862E-02 1.923291848E-02 2.043736480E-02 2.168086396E-02
 2.296302636E-02 2.428334199E-02 2.564120038E-02 2.703607204E-02 2.846751844E-02
 2.993517038E-02 3.143863937E-02 3.297719132E-02 3.454983646E-02 3.615560881E-02
 3.779375998E-02 3.946383482E-02 4.116543978E-02 4.289813726E-02 4.466140143E-02
 4.645451724E-02 4.827662232E-02 5.012679053E-02 5.200419888E-02 5.390823631E-02
 5.583837294E-02 5.779406544E-02 5.977479634E-02 6.178005918E-02 6.380927170E-02
 6.586178808E-02 6.793697138E-02 7.003421574E-02 7.215291617E-02 7.429258440E-02
 7.645333031E-02 7.863197226E-02 3.533322431E-02 3.451749754E-02 3.370527673E-02
 3.289721559E-02 3.209331591E-02 3.129374596E-02 3.049882203E-02 2.970888783E-02
 2.892404251E-02 2.814393841E-02 2.736813258E-02 2.659661881E-02 2.582993162E-02
 2.506866794E-02 2.431311679E-02 2.356333991E-02 2.281932016E-02 2.208098876E-02
 2.134837352E-02 2.062181920E-02 1.990185414E-02 1.918881145E-02 1.848272766E-02
 1.778366200E-02 1.709192829E-02 1.640789365E-02 1.573164370E-02 1.506313491E-02
 1.440279636E-02 1.375153205E-02 1.310987000E-02 1.247765308E-02 1.185475601E-02
 1.124153958E-02 1.063858610E-02 1.004644768E-02 9.465584709E-03 8.896343500E-03
 8.339110944E-03 7.794460975E-03 7.263004182E-03 6.745225285E-03 6.241564120E-03
 5.752513418E-03 5.278621954E-03 4.820440133E-03 4.378544516E-03 3.953744437E-03
 3.546891293E-03 3.158605156E-03 2.789527835E-03 2.440372298E-03 2.111889706E-03
 1.805011735E-03 1.520566943E-03 1.259174633E-03 1.021496435E-03 8.083764457E-04
 6.208319434E-04 4.599051340E-04 3.264670215E-04 2.212628920E-04 1.451539181E-04
 9.913002601E-05 8.413999639E-05 1.010031800E-04 1.505146549E-04 2.335488671E-04
 3.509348986E-04 5.035426088E-04 6.921603584E-04 9.173779612E-04 1.179819837E-03
 1.480276349E-03 1.819382781E-03 2.197629929E-03 2.615662383E-03 3.074202098E-03
 3.573693851E-03 4.114379127E-03 4.696397137E-03 5.320154845E-03 5.986214605E-03
 6.694804432E-03 7.445859616E-03 8.239260121E-03 9.074964528E-03 9.952948003E-03
 1.087314606E-02 1.183545742E-02 1.283963975E-02 1.388536966E-02 1.497256614E-02
 1.610109224E-02 1.727047007E-02 1.848007028E-02 1.972940455E-02 2.101805758E-02
 2.234544092E-02 2.371093992E-02 2.511404268E-02 2.655431082E-02 2.803137260E-02
 2.954469282E-02 3.109336706E-02 3.267637435E-02 3.429281390E-02 3.594208055E-02
 3.762374583E-02 3.933736339E-02 4.108243116E-02 4.285829225E-02 4.466411656E-02
 4.649896219E-02 4.836192501E-02 5.025229876E-02 5.216952007E-02 5.411302226E-02
 5.608225168E-02 5.807668253E-02 6.009573456E-02 6.213874835E-02 6.420505680E-02
 6.629402634E-02 6.840505067E-02 7.053752817E-02 7.269097524E-02 7.486547549E-02
 7.705781824E-02 3.441482079E-02 3.359172022E-02 3.277188860E-02 3.195601364E-02
 3.114414417E-02 3.033639095E-02 2.953292504E-02 2.873404040E-02 2.794008400E-02
 2.715119211E-02 2.636705614E-02 2.558723935E-02 2.481170984E-02 2.404098179E-02
 2.327564588E-02 2.251599319E-02 2.176208925E-02 2.101391982E-02 2.027142560E-02
 1.953466046E-02 1.880399507E-02 1.807994372E-02 1.736279859E-02 1.665259283E-02
 1.594942892E-02 1.525365081E-02 1.456559231E-02 1.388529771E-02 1.321280375E-02
 1.254868601E-02 1.189379851E-02 1.124846264E-02 1.061250159E-02 9.985962119E-03
 9.369315735E-03 8.763148065E-03 8.167983660E-03 7.584247515E-03 7.012302399E-03
 6.452624794E-03 5.905826874E-03 5.372474198E-03 4.853036826E-03 4.347997144E-03
 3.857904405E-03 3.383364085E-03 2.924971922E-03 2.483447152E-03 2.059694052E-03
 1.654430871E-03 1.268237555E-03 9.016733353E-04 5.554621154E-04 2.305383705E-04
-7.219832250E-05-3.522611933E-04-6.090057510E-04-8.413703964E-04-1.048199734E-03
-1.228376903E-03-1.380830919E-03-1.504581396E-03-1.598673176E-03-1.662097125E-03
-1.693830485E-03-1.692969046E-03-1.658672128E-03-1.590040671E-03-1.486275587E-03
-1.346585550E-03-1.170188410E-03-9.564998534E-04-7.050262938E-04-4.152030657E-04
-8.653866093E-05 2.816491664E-04 6.902786493E-04 1.139984095E-03 1.631103465E-03
 2.163981606E-03 2.739072227E-03 3.356866109E-03 4.017862443E-03 4.722211918E-03
 5.469862213E-03 6.260735744E-03 7.094789753E-03 7.971984440E-03 8.892251531E-03
 9.855474764E-03 1.086135581E-02 1.190960162E-02 1.300015088E-02 1.413275837E-02
 1.530686717E-02 1.652186478E-02 1.777731674E-02 1.907273566E-02 2.040747822E-02
 2.178094151E-02 2.319261747E-02 2.464207200E-02 2.612888659E-02 2.765233061E-02
 2.921139123E-02 3.080506758E-02 3.243257385E-02 3.409339925E-02 3.578708295E-02
 3.751311885E-02 3.927090279E-02 4.105964778E-02 4.287842120E-02 4.472625892E-02
 4.660234971E-02 4.850607590E-02 5.043684899E-02 5.239407875E-02 5.437721009E-02
 5.638566124E-02 5.841876367E-02 6.047582192E-02 6.255616976E-02 6.465917470E-02
 6.678423160E-02 6.893074562E-02 7.109821312E-02 7.328667289E-02 7.549290083E-02
 3.350870434E-02 3.267847351E-02 3.185126692E-02 3.102773124E-02 3.020798855E-02
 2.939220177E-02 2.858049967E-02 2.777303772E-02 2.697008999E-02 2.617200261E-02
 2.537894424E-02 2.459064938E-02 2.380669215E-02 2.302701688E-02 2.225211564E-02
 2.148257080E-02 2.071867460E-02 1.996049624E-02 1.920802524E-02 1.846121435E-02
 1.772014533E-02 1.698521034E-02 1.625690385E-02 1.553547911E-02 1.482097512E-02
 1.411354095E-02 1.341353844E-02 1.272125959E-02 1.203673141E-02 1.136009852E-02
 1.069204380E-02 1.003331138E-02 9.384052056E-03 8.744145879E-03 8.113811562E-03
 7.493587499E-03 6.884044175E-03 6.285676125E-03 5.698889390E-03 5.124098594E-03
 4.561853084E-03 4.012757239E-03 3.477348085E-03 2.956129670E-03 2.449664948E-03
 1.958638987E-03 1.483696247E-03 1.025327973E-03 5.840878914E-04 1.608103727E-04
-2.439959547E-04-6.303331883E-04-9.973899940E-04-1.343995085E-03-1.668954411E-03
-1.971210917E-03-2.249721641E-03-2.503366060E-03-2.730998266E-03-2.931513247E-03
-3.103807618E-03-3.246806617E-03-3.359505606E-03-3.440893891E-03-3.489908862E-03
-3.505580201E-03-3.487022372E-03-3.433292997E-03-3.343547097E-03-3.216980993E-03
-3.052749779E-03-2.850178444E-03-2.608718175E-03-2.327757628E-03-2.006769396E-03
-1.645325788E-03-1.242991421E-03-7.994933812E-04-3.148508500E-04 2.112947991E-04
 7.801181313E-04 1.392197780E-03 2.047884539E-03 2.747622404E-03 3.491634657E-03
 4.279900148E-03 5.112299230E-03 5.988755874E-03 6.909185729E-03 7.873430267E-03
 8.881141423E-03 9.932081279E-03 1.102616804E-02 1.216304330E-02 1.334209653E-02
 1.456276403E-02 1.582462342E-02 1.712709566E-02 1.846951082E-02 1.985127878E-02
 2.127188868E-02 2.273090826E-02 2.422779409E-02 2.576163499E-02 2.733137846E-02
 2.893608747E-02 3.057510728E-02 3.224794075E-02 3.395406781E-02 3.569291011E-02
 3.746373228E-02 3.926563034E-02 4.109760527E-02 4.295874764E-02 4.484835957E-02
 4.676582611E-02 4.871052293E-02 5.068185759E-02 5.267923936E-02 5.470199449E-02
 5.674940130E-02 5.882075987E-02 6.091540651E-02 6.303270831E-02 6.517206724E-02
 6.733287303E-02 6.951457918E-02 7.171719219E-02 7.393749991E-02 3.261510663E-02
 3.177774694E-02 3.094336333E-02 3.011242048E-02 2.928498005E-02 2.846126361E-02
 2.764146291E-02 2.682570755E-02 2.601414360E-02 2.520702519E-02 2.440469375E-02
 2.360734540E-02 2.281475996E-02 2.202652674E-02 2.124256906E-02 2.046335543E-02
 1.968945766E-02 1.892116822E-02 1.815856022E-02 1.740162796E-02 1.665033846E-02
 1.590480257E-02 1.516542901E-02 1.443268724E-02 1.370679564E-02 1.298780783E-02
 1.227591930E-02 1.157149761E-02 1.087478979E-02 1.018583486E-02 9.504901910E-03
 8.832723676E-03 8.169893743E-03 7.516458873E-03 6.872414349E-03 6.238124083E-03
 5.614155999E-03 5.001053940E-03 4.399281354E-03 3.809253072E-03 3.231462922E-03
 2.666516190E-03 2.115055787E-03 1.577685622E-03 1.054819436E-03 5.467281486E-04
 5.400928633E-05-4.232297838E-04-8.852975982E-04-1.331158243E-03-1.759604026E-03
-2.169628206E-03-2.560056300E-03-2.929741615E-03-3.277511466E-03-3.602179750E-03
-3.902607626E-03-4.177686541E-03-4.426285865E-03-4.647296613E-03-4.839614959E-03
-5.002118149E-03-5.133756404E-03-5.233503916E-03-5.300265744E-03-5.333009755E-03
-5.330805536E-03-5.292673551E-03-5.217704903E-03-5.105060399E-03-4.953833555E-03
-4.763264413E-03-4.532727010E-03-4.261527215E-03-3.949044509E-03-3.594830231E-03
-3.198467054E-03-2.759622813E-03-2.278209741E-03-1.754077000E-03-1.187101949E-03
-5.774867496E-04 7.473337545E-05 7.708396041E-04 1.511587259E-03 2.297042192E-03
 3.127542308E-03 4.003197315E-03 4.923849704E-03 5.889226214E-03 6.898926605E-03
 7.952755104E-03 9.050567994E-03 1.019190894E-02 1.137614686E-02 1.260278135E-02
 1.387134501E-02 1.518117719E-02 1.653160246E-02 1.792203310E-02 1.935195878E-02
 2.082091705E-02 2.232817902E-02 2.387271173E-02 2.545347897E-02 2.706965168E-02
 2.872065252E-02 3.040594198E-02 3.212493591E-02 3.387694745E-02 3.566111376E-02
 3.747643017E-02 3.932190538E-02 4.119674129E-02 4.310028367E-02 4.503187719E-02
 4.699088685E-02 4.897670211E-02 5.098864611E-02 5.302597434E-02 5.508795180E-02
 5.717388186E-02 5.928309969E-02 6.141497876E-02 6.356891010E-02 6.574424147E-02
 6.794038994E-02 7.015736014E-02 7.239196400E-02 3.173460986E-02 3.088984372E-02
 3.004819712E-02 2.921001732E-02 2.837513643E-02 2.754368723E-02 2.671590278E-02
 2.589198349E-02 2.507206580E-02 2.425628917E-02 2.344488773E-02 2.263819447E-02
 2.183642801E-02 2.103941468E-02 2.024676327E-02 1.945837953E-02 1.867470718E-02
 1.789630495E-02 1.712346451E-02 1.635626308E-02 1.559470096E-02 1.483876188E-02
 1.408858646E-02 1.334459422E-02 1.260722503E-02 1.187666838E-02 1.115300067E-02
 1.043646020E-02 9.727408376E-03 9.026052586E-03 8.332474046E-03 7.647064900E-03
 6.970542764E-03 6.303338693E-03 5.645479555E-03 4.997107174E-03 4.358682283E-03
 3.730769361E-03 3.113888058E-03 2.508514847E-03 1.915205930E-03 1.334551009E-03
 7.668828923E-04 2.124522602E-04-3.287071950E-04-8.575240434E-04-1.373361633E-03
-1.875009153E-03-2.361485905E-03-2.831593639E-03-3.284069824E-03-3.717726462E-03
-4.131362238E-03-4.523859894E-03-4.894120644E-03-5.240981547E-03-5.563294336E-03
-5.859931831E-03-6.129742307E-03-6.371573705E-03-6.584293479E-03-6.766729240E-03
-6.917770839E-03-7.036355913E-03-7.121356339E-03-7.171676634E-03-7.186337187E-03
-7.164330224E-03-7.104687506E-03-7.006538817E-03-6.868936703E-03-6.691064724E-03
-6.472251708E-03-6.211761795E-03-5.908918021E-03-5.563190967E-03-5.174056169E-03
-4.741069864E-03-4.263992242E-03-3.742579843E-03-3.176816625E-03-2.566801392E-03
-1.912726125E-03-1.214751474E-03-4.734052499E-04 3.111933420E-04 1.140706909E-03
 2.015675900E-03 2.936357446E-03 3.902816867E-03 4.914635020E-03 5.971550800E-03
 7.073296852E-03 8.219323694E-03 9.409020045E-03 1.064193363E-02 1.191750832E-02
 1.323502913E-02 1.459382256E-02 1.599329430E-02 1.743293749E-02 1.891218948E-02
 2.043013485E-02 2.198569137E-02 2.357788292E-02 2.520599512E-02 2.686944966E-02
 2.856764173E-02 3.029990873E-02 3.206543483E-02 3.386323656E-02 3.569226585E-02
 3.755161611E-02 3.944057272E-02 4.135845103E-02 4.330457166E-02 4.527829235E-02
 4.727893115E-02 4.930572528E-02 5.135790410E-02 5.343473511E-02 5.553552079E-02
 5.765960113E-02 5.980634306E-02 6.197509715E-02 6.416516923E-02 6.637597222E-02
 6.860752424E-02 7.085665202E-02 3.086777907E-02 3.001535340E-02 2.916616081E-02
 2.832060031E-02 2.747840222E-02 2.663947346E-02 2.580392246E-02 2.497196809E-02
 2.414382137E-02 2.331962800E-02 2.249952287E-02 2.168372081E-02 2.087254302E-02
 2.006622544E-02 1.926464092E-02 1.846742210E-02 1.767446121E-02 1.688617615E-02
 1.610310987E-02 1.532555201E-02 1.455358417E-02 1.378721403E-02 1.302644464E-02
 1.227144652E-02 1.152264338E-02 1.078044181E-02 1.004501020E-02 9.316454738E-03
 8.595049608E-03 7.881140174E-03 7.174908545E-03 6.476504989E-03 5.786418515E-03
 5.105293639E-03 4.433426804E-03 3.770893010E-03 3.117979122E-03 2.475230539E-03
 1.843298145E-03 1.222721652E-03 6.136455630E-04 1.613044603E-05-5.704840554E-04
-1.147063402E-03-1.712720912E-03-2.266444669E-03-2.807072299E-03-3.333287795E-03
-3.843846410E-03-4.337650212E-03-4.813543464E-03-5.270424964E-03-5.707159573E-03
-6.122589067E-03-6.515616509E-03-6.885062812E-03-7.229731191E-03-7.548442571E-03
-7.840006161E-03-8.103212525E-03-8.336880814E-03-8.539793681E-03-8.710773664E-03
-8.848710043E-03-8.952445464E-03-9.020822929E-03-9.052808403E-03-9.047368800E-03
-9.003479245E-03-8.920236484E-03-8.796658960E-03-8.631880826E-03-8.425194544E-03
-8.175835263E-03-7.883089140E-03-7.546388776E-03-7.165165886E-03-6.738936680E-03
-6.267399013E-03-5.750206631E-03-5.187172460E-03-4.578183241E-03-3.923285299E-03
-3.222764263E-03-2.477108930E-03-1.686917448E-03-8.527946600E-04 2.462649507E-05
 9.467219763E-04 1.914596905E-03 2.928409036E-03 3.988432338E-03 5.094286474E-03
 6.245249330E-03 7.440721074E-03 8.680237337E-03 9.963146955E-03 1.128870936E-02
 1.265624715E-02 1.406516060E-02 1.551492695E-02 1.700481485E-02 1.853377472E-02
 2.010073518E-02 2.170481665E-02 2.334536220E-02 2.502174029E-02 2.673327880E-02
 2.847920494E-02 3.025857423E-02 3.207031229E-02 3.391341262E-02 3.578707502E-02
 3.769058106E-02 3.962320822E-02 4.158427209E-02 4.357307938E-02 4.558885313E-02
 4.763078773E-02 4.969811197E-02 5.179009349E-02 5.390603753E-02 5.604528148E-02
 5.820715424E-02 6.039095912E-02 6.259599313E-02 6.482168481E-02 6.706805442E-02
 6.933192713E-02 3.001487624E-02 2.915477596E-02 2.829785800E-02 2.744463310E-02
 2.659492857E-02 2.574858841E-02 2.490551123E-02 2.406575587E-02 2.322952564E-02
 2.239703882E-02 2.156845180E-02 2.074389695E-02 1.992357118E-02 1.910778082E-02
 1.829677390E-02 1.749046863E-02 1.668852572E-02 1.589082864E-02 1.509776866E-02
 1.430987011E-02 1.352741911E-02 1.275050196E-02 1.197913544E-02 1.121334456E-02
 1.045332896E-02 9.699509472E-03 8.952256901E-03 8.211727855E-03 7.478063532E-03
 6.751564290E-03 6.032553524E-03 5.321210324E-03 4.617770696E-03 3.922768488E-03
 3.236730964E-03 2.559903888E-03 1.892559071E-03 1.235194430E-03 5.880705190E-04
-4.896069283E-05-6.771890039E-04-1.297496709E-03-1.909028144E-03-2.510726494E-03
-3.101319169E-03-3.679501051E-03-4.244136498E-03-4.794122075E-03-5.328332098E-03
-5.845735618E-03-6.345237669E-03-6.825703645E-03-7.286010250E-03-7.724940193E-03
-8.141333920E-03-8.533985835E-03-8.901634768E-03-9.243033987E-03-9.556945044E-03
-9.842103102E-03-1.009726959E-02-1.032118989E-02-1.051261872E-02-1.067039120E-02
-1.079332496E-02-1.088020601E-02-1.092994184E-02-1.094147388E-02-1.091372458E-02
-1.084575376E-02-1.073654904E-02-1.058519603E-02-1.039095087E-02-1.015302141E-02
-9.870659058E-03-9.543265763E-03-9.170243373E-03-8.751087181E-03-8.285462174E-03
-7.772986504E-03-7.213430331E-03-6.606621363E-03-5.952509706E-03-5.251145833E-03
-4.502720134E-03-3.707661755E-03-2.866706399E-03-1.980701363E-03-1.050504475E-03
-7.718523739E-05 9.402704310E-04 2.003765047E-03 3.113648323E-03 4.269675071E-03
 5.471237893E-03 6.717702975E-03 8.008301846E-03 9.342282492E-03 1.071896091E-02
 1.213774053E-02 1.359802437E-02 1.509889433E-02 1.663924131E-02 1.821804687E-02
 1.983452472E-02 2.148800038E-02 2.317777200E-02 2.490308610E-02 2.666304316E-02
 2.845657651E-02 3.028259928E-02 3.214020674E-02 3.402863440E-02 3.594711891E-02
 3.789492589E-02 3.987134038E-02 4.187557404E-02 4.390678831E-02 4.596417063E-02
 4.804695109E-02 5.015439818E-02 5.228581751E-02 5.444051165E-02 5.661775791E-02
 5.881684469E-02 6.103708416E-02 6.327791192E-02 6.553932860E-02 6.781815352E-02
 2.917591212E-02 2.830831574E-02 2.744372213E-02 2.658270733E-02 2.572523333E-02
 2.487126194E-02 2.402066773E-02 2.317332971E-02 2.232926174E-02 2.148864567E-02
 2.065170206E-02 1.981859861E-02 1.898946715E-02 1.816448879E-02 1.734395210E-02
 1.652811208E-02 1.571692986E-02 1.491009828E-02 1.410749744E-02 1.330949153E-02
 1.251658318E-02 1.172905334E-02 1.094699333E-02 1.017043104E-02 9.399416160E-03
 8.634175591E-03 7.875119893E-03 7.122583165E-03 6.376720569E-03 5.637711477E-03
 4.905871424E-03 4.181499217E-03 3.464789029E-03 2.756066627E-03 2.055918670E-03
 1.364907327E-03 6.831106152E-04 1.004166767E-05-6.556727441E-04-1.315441729E-03
-1.968597388E-03-2.614018305E-03-3.250363201E-03-3.876337825E-03-4.490834706E-03
-5.092799894E-03-5.681221637E-03-6.255092658E-03-6.813321706E-03-7.354827006E-03
-7.878533020E-03-8.383239613E-03-8.867770984E-03-9.330867475E-03-9.771269343E-03
-1.018774232E-02-1.057896756E-02-1.094363040E-02-1.128043977E-02-1.158808342E-02
-1.186526097E-02-1.211068199E-02-1.232303657E-02-1.250110051E-02-1.264366504E-02
-1.274946489E-02-1.281734535E-02-1.284621922E-02-1.283496189E-02-1.278259266E-02
-1.268807219E-02-1.255043949E-02-1.236891536E-02-1.214268318E-02-1.187096127E-02
-1.155312103E-02-1.118853385E-02-1.077667404E-02-1.031717361E-02-9.809626029E-03
-9.253784390E-03-8.649455007E-03-7.996563869E-03-7.295108344E-03-6.545207207E-03
-5.747117400E-03-4.901191203E-03-4.007918185E-03-3.068235060E-03-2.083565859E-03
-1.055157070E-03 1.608606176E-05 1.131588859E-03 2.292945896E-03 3.500663648E-03
 4.754341702E-03 6.053008529E-03 7.395816239E-03 8.782057959E-03 1.021114096E-02
 1.168232634E-02 1.319455160E-02 1.474671056E-02 1.633786427E-02 1.796726024E-02
 1.963415955E-02 2.133779246E-02 2.307729763E-02 2.485164199E-02 2.665968864E-02
 2.850042231E-02 3.037301184E-02 3.227665480E-02 3.421056265E-02 3.617398528E-02
 3.816612286E-02 4.018610728E-02 4.223308259E-02 4.430623813E-02 4.640480343E-02
 4.852804903E-02 5.067524973E-02 5.284565329E-02 5.503851517E-02 5.725313721E-02
 5.948884098E-02 6.174504604E-02 6.402172700E-02 6.631571416E-02 2.835053046E-02
 2.747590087E-02 2.660389926E-02 2.573518810E-02 2.486987804E-02 2.400804800E-02
 2.314970094E-02 2.229473240E-02 2.144301378E-02 2.059451951E-02 1.974940296E-02
 1.890788155E-02 1.807013390E-02 1.723629316E-02 1.640652704E-02 1.558110410E-02
 1.476028123E-02 1.394405886E-02 1.313216568E-02 1.232448436E-02 1.152135202E-02
 1.072324638E-02 9.930441215E-03 9.143033308E-03 8.361064022E-03 7.584610313E-03
 6.813923251E-03 6.049395638E-03 5.291326641E-03 4.539880795E-03 3.795270794E-03
 3.057805078E-03 2.327794521E-03 1.605620029E-03 8.917245444E-04 1.858653512E-04
-5.132802771E-04-1.208181061E-03-1.898591159E-03-2.583401716E-03-3.261188262E-03
-3.930655966E-03-4.590724720E-03-5.240390220E-03-5.878693762E-03-6.504670244E-03
-7.117326376E-03-7.715652623E-03-8.298556368E-03-8.864861187E-03-9.413438381E-03
-9.943055127E-03-1.045244258E-02-1.094031896E-02-1.140533162E-02-1.184619798E-02
-1.226156145E-02-1.265004310E-02-1.301029089E-02-1.334094740E-02-1.364064892E-02
-1.390806091E-02-1.414181561E-02-1.434062309E-02-1.450324031E-02-1.462835790E-02
-1.471475565E-02-1.476131237E-02-1.476686243E-02-1.473038071E-02-1.465080460E-02
-1.452712890E-02-1.435854082E-02-1.414420352E-02-1.388330652E-02-1.357519510E-02
-1.321921499E-02-1.281482427E-02-1.236162403E-02-1.185918468E-02-1.130723585E-02
-1.070555875E-02-1.005405634E-02-9.352706990E-03-8.601620258E-03-7.801017664E-03
-6.951169278E-03-6.052406291E-03-5.105325959E-03-4.110862769E-03-3.070114085E-03
-1.984652779E-03-8.562041477E-04 3.143065778E-04 1.529438076E-03 2.790423084E-03
 4.097340010E-03 5.449366710E-03 6.845637310E-03 8.285465824E-03 9.767943306E-03
 1.129194301E-02 1.285640032E-02 1.446044151E-02 1.610327775E-02 1.778409693E-02
 1.950205012E-02 2.125614874E-02 2.304524294E-02 2.486821779E-02 2.672415177E-02
 2.861219956E-02 3.053151798E-02 3.248130871E-02 3.446075512E-02 3.646896374E-02
 3.850503425E-02 4.056811152E-02 4.265738381E-02 4.477208310E-02 4.691145372E-02
 4.907471359E-02 5.126108091E-02 5.346982226E-02 5.570025055E-02 5.795167228E-02
 6.022348222E-02 6.251564867E-02 6.482502893E-02 2.753822397E-02 2.665711147E-02
 2.577822092E-02 2.490215515E-02 2.402915862E-02 2.315946107E-02 2.229318201E-02
 2.143034620E-02 2.057087983E-02 1.971465450E-02 1.886161446E-02 1.801187739E-02
 1.716565249E-02 1.632312765E-02 1.548443895E-02 1.464974310E-02 1.381928732E-02
 1.299332546E-02 1.217189233E-02 1.135475581E-02 1.054180746E-02 9.733357993E-03
 8.929856804E-03 8.131568223E-03 7.338594978E-03 6.550994593E-03 5.768873781E-03
 4.992503911E-03 4.222252311E-03 3.458379986E-03 2.701063142E-03 1.950616450E-03
 1.207517192E-03 4.718213693E-04-2.575446014E-04-9.834796126E-04-1.706731360E-03
-2.426511746E-03-3.141396077E-03-3.850032457E-03-4.551308631E-03-5.244253102E-03
-5.927978955E-03-6.601595667E-03-7.264182843E-03-7.914778553E-03-8.552349048E-03
-9.175818458E-03-9.784061617E-03-1.037583830E-02-1.094991306E-02-1.150504914E-02
-1.203989717E-02-1.255313856E-02-1.304336517E-02-1.350921136E-02-1.394929618E-02
-1.436217638E-02-1.474642960E-02-1.510064853E-02-1.542340731E-02-1.571331493E-02
-1.596895419E-02-1.618896323E-02-1.637205367E-02-1.651687924E-02-1.662215233E-02
-1.668671071E-02-1.670935376E-02-1.668900762E-02-1.662458934E-02-1.651505160E-02
-1.635954922E-02-1.615722896E-02-1.590725569E-02-1.560895349E-02-1.526164854E-02
-1.486478998E-02-1.441795491E-02-1.392070018E-02-1.337273674E-02-1.277382719E-02
-1.212384842E-02-1.142275213E-02-1.067062810E-02-9.867668396E-03-9.014112791E-03
-8.110274744E-03-7.156753907E-03-6.154261789E-03-5.103419992E-03-4.005292471E-03
-2.861601471E-03-1.674304411E-03-4.450493945E-04 8.259677914E-04 2.141718576E-03
 3.503106707E-03 4.909789040E-03 6.360809300E-03 7.855010965E-03 9.391261451E-03
 1.096855994E-02 1.258603962E-02 1.424283594E-02 1.593807278E-02 1.767079732E-02
 1.943988227E-02 2.124413756E-02 2.308253447E-02 2.495417352E-02 2.685815824E-02
 2.879363123E-02 3.075974934E-02 3.275559649E-02 3.478022848E-02 3.683274198E-02
 3.891228115E-02 4.101803596E-02 4.314921707E-02 4.530501111E-02 4.748459819E-02
 4.968720437E-02 5.191210904E-02 5.415861057E-02 5.642598951E-02 5.871363606E-02
 6.102152895E-02 6.334654386E-02 2.673886830E-02 2.585152571E-02 2.496621837E-02
 2.408334714E-02 2.320308190E-02 2.232572931E-02 2.145156552E-02 2.058074002E-02
 1.971330343E-02 1.884921377E-02 1.798835078E-02 1.713063821E-02 1.627615429E-02
 1.542509514E-02 1.457765458E-02 1.373397298E-02 1.289419823E-02 1.205855585E-02
 1.122729196E-02 1.040046963E-02 9.577898659E-03 8.759486180E-03 7.945517883E-03
 7.136411306E-03 6.332418631E-03 5.533649180E-03 4.740180572E-03 3.952150056E-03
 3.169832381E-03 2.393568430E-03 1.623725922E-03 8.606514578E-04 1.037345255E-04
-6.491817048E-04-1.400949416E-03-2.151370478E-03-2.899041276E-03-3.642496479E-03
-4.380582466E-03-5.112364782E-03-5.837010113E-03-6.553676025E-03-7.261530951E-03
-7.959705718E-03-8.647249296E-03-9.323145078E-03-9.986302604E-03-1.063556720E-02
-1.126975934E-02-1.188762095E-02-1.248781920E-02-1.306907974E-02-1.363002143E-02
-1.416924813E-02-1.468532635E-02-1.517678613E-02-1.564221186E-02-1.608010228E-02
-1.648895965E-02-1.686731629E-02-1.721368785E-02-1.752661496E-02-1.780463566E-02
-1.804631181E-02-1.825029879E-02-1.841521856E-02-1.853971573E-02-1.862257861E-02
-1.866257711E-02-1.865858450E-02-1.860949927E-02-1.851423408E-02-1.837191204E-02
-1.818166659E-02-1.794264163E-02-1.765414431E-02-1.731548672E-02-1.692611558E-02
-1.648559069E-02-1.599346550E-02-1.544943972E-02-1.485327018E-02-1.420481684E-02
-1.350401610E-02-1.275094094E-02-1.194574432E-02-1.108861494E-02-1.017985546E-02
-9.220102226E-03-8.209959825E-03-7.150010661E-03-6.041175449E-03-4.884562628E-03
-3.681417786E-03-2.433821994E-03-1.144411123E-03 1.852380467E-04 1.557556588E-03
 2.974815123E-03 4.437286343E-03 5.943685733E-03 7.492738277E-03 9.083453763E-03
 1.071492001E-02 1.238620301E-02 1.409635454E-02 1.584428966E-02 1.762878014E-02
 1.944868703E-02 2.130303789E-02 2.319088447E-02 2.511130290E-02 2.706340946E-02
 2.904626616E-02 3.105888647E-02 3.310031548E-02 3.516964981E-02 3.726603396E-02
 3.938864136E-02 4.153662537E-02 4.370912628E-02 4.590532780E-02 4.812447035E-02
 5.036581955E-02 5.262864610E-02 5.491222526E-02 5.721596178E-02 5.953982914E-02
 6.188069717E-02 2.595280990E-02 2.505918094E-02 2.416758158E-02 2.327829920E-02
 2.239130625E-02 2.150677826E-02 2.062501203E-02 1.974630071E-02 1.887083200E-02
 1.799868426E-02 1.712984412E-02 1.626420839E-02 1.540168874E-02 1.454232498E-02
 1.368629519E-02 1.283379454E-02 1.198496851E-02 1.113995812E-02 1.029896771E-02
 9.462231239E-03 8.629833020E-03 7.801626558E-03 6.977541517E-03 6.157840766E-03
 5.342906455E-03 4.532976518E-03 3.728164960E-03 2.928559086E-03 2.134356832E-03
 1.346011089E-03 5.638325105E-04-2.135190137E-04-9.897354436E-04-1.766270604E-03
-2.542333341E-03-3.316320525E-03-4.086919217E-03-4.853147584E-03-5.614188831E-03
-6.369283028E-03-7.117707409E-03-7.858679261E-03-8.591326692E-03-9.314732417E-03
-1.002789204E-02-1.072971977E-02-1.141907557E-02-1.209475268E-02-1.275551177E-02
-1.340007840E-02-1.402706886E-02-1.463511044E-02-1.522281917E-02-1.578870661E-02
-1.633130545E-02-1.684905963E-02-1.734048127E-02-1.780402521E-02-1.823811675E-02
-1.864121445E-02-1.901177679E-02-1.934826949E-02-1.964918277E-02-1.991300159E-02
-2.013831535E-02-2.032371547E-02-2.046778030E-02-2.056923998E-02-2.062683848E-02
-2.063939340E-02-2.060578498E-02-2.052488805E-02-2.039579423E-02-2.021762623E-02
-1.998951022E-02-1.971074032E-02-1.938061945E-02-1.899859772E-02-1.856422381E-02
-1.807705679E-02-1.753679206E-02-1.694319195E-02-1.629610990E-02-1.559548238E-02
-1.484137688E-02-1.403391729E-02-1.317325207E-02-1.225968831E-02-1.129384187E-02
-1.027618940E-02-9.207350323E-03-8.088273160E-03-6.919903144E-03-5.703170706E-03
-4.439463800E-03-3.130827456E-03-1.780104691E-03-3.896013879E-04 1.041008336E-03
 2.515322753E-03 4.034203615E-03 5.596614204E-03 7.201346845E-03 8.847352406E-03
 1.053365736E-02 1.225921665E-02 1.402280527E-02 1.582318830E-02 1.765929973E-02
 1.953013682E-02 2.143470628E-02 2.337206777E-02 2.534125762E-02 2.734124981E-02
 2.937103496E-02 3.142965810E-02 3.351621477E-02 3.562983711E-02 3.776964285E-02
 3.993473057E-02 4.212423879E-02 4.433736676E-02 4.657334213E-02 4.883140123E-02
 5.111080775E-02 5.341085245E-02 5.573093974E-02 5.807100417E-02 6.042790506E-02
 2.518075961E-02 2.428052290E-02 2.338249379E-02 2.248684589E-02 2.159341595E-02
 2.070221226E-02 1.981336002E-02 1.892711785E-02 1.804378081E-02 1.716357417E-02
 1.628660546E-02 1.541288673E-02 1.454233973E-02 1.367487094E-02 1.281048735E-02
 1.194934416E-02 1.109163292E-02 1.023750409E-02 9.387093342E-03 8.540585211E-03
 7.698197467E-03 6.860027846E-03 6.025974277E-03 5.195996120E-03 4.370337765E-03
 3.549338334E-03 2.733201154E-03 1.922104982E-03 1.116375032E-03 3.158770897E-04
-4.814954485E-04-1.279861713E-03-2.079829853E-03-2.880015934E-03-3.678849482E-03
-4.475203394E-03-5.268235967E-03-6.057238717E-03-6.841552196E-03-7.620495848E-03
-8.393328418E-03-9.159255245E-03-9.917349997E-03-1.066660935E-02-1.140598416E-02
-1.213434686E-02-1.285051373E-02-1.355324569E-02-1.424124373E-02-1.491318573E-02
-1.556766988E-02-1.620321517E-02-1.681839596E-02-1.741166995E-02-1.798149330E-02
-1.852626000E-02-1.904437167E-02-1.953424658E-02-1.999423307E-02-2.042270519E-02
-2.081805993E-02-2.117868732E-02-2.150301880E-02-2.178946809E-02-2.203654906E-02
-2.224281794E-02-2.240679141E-02-2.252713372E-02-2.260256307E-02-2.263184064E-02
-2.261382720E-02-2.254736195E-02-2.243150502E-02-2.226537029E-02-2.204806910E-02
-2.177888595E-02-2.145711907E-02-2.108222719E-02-2.065375359E-02-2.017127152E-02
-1.963447898E-02-1.904315322E-02-1.839715152E-02-1.769642437E-02-1.694104287E-02
-1.613111327E-02-1.526676601E-02-1.434834699E-02-1.337641623E-02-1.235135060E-02
-1.127379008E-02-1.014464424E-02-8.964742765E-03-7.735055303E-03-6.456860015E-03
-5.131625443E-03-3.761192890E-03-2.348173832E-03-8.957308947E-04 5.948071054E-04
 2.127154693E-03 3.703226233E-03 5.322484171E-03 6.983614636E-03 8.685490911E-03
 1.042694277E-02 1.220667659E-02 1.402351788E-02 1.587640011E-02 1.776426054E-02
 1.968608784E-02 2.164088286E-02 2.362758284E-02 2.564512225E-02 2.769248988E-02
 2.976872861E-02 3.187292484E-02 3.400415771E-02 3.616148224E-02 3.834398864E-02
 4.055083161E-02 4.278119880E-02 4.503428701E-02 4.730932389E-02 4.960558838E-02
 5.192237129E-02 5.425904227E-02 5.661548992E-02 5.898858681E-02 2.442373589E-02
 2.351639044E-02 2.261151486E-02 2.170929174E-02 2.080940074E-02 1.991170813E-02
 1.901619968E-02 1.812294984E-02 1.723216476E-02 1.634412688E-02 1.545908870E-02
 1.457718856E-02 1.369846396E-02 1.282286430E-02 1.195029739E-02 1.108074684E-02
 1.021434023E-02 9.351261293E-03 8.491664017E-03 7.635679810E-03 6.783475332E-03
 5.935248587E-03 5.091102857E-03 4.250980850E-03 3.414873562E-03 2.582992175E-03
 1.755721262E-03 9.334879100E-04 1.156212149E-04-7.010287438E-04-1.520340833E-03
-2.342258936E-03-3.165058201E-03-3.987315536E-03-4.808051981E-03-5.626541889E-03
-6.442177125E-03-7.254380842E-03-8.062539225E-03-8.865963289E-03-9.663854850E-03
-1.045533603E-02-1.123945978E-02-1.201516513E-02-1.278135690E-02-1.353688622E-02
-1.428052726E-02-1.501100036E-02-1.572695628E-02-1.642700295E-02-1.710970957E-02
-1.777353063E-02-1.841693216E-02-1.903835633E-02-1.963615336E-02-2.020867905E-02
-2.075421950E-02-2.127113429E-02-2.175770386E-02-2.221221252E-02-2.263298429E-02
-2.301833626E-02-2.336662678E-02-2.367620688E-02-2.394550639E-02-2.417303570E-02
-2.435725761E-02-2.449676434E-02-2.459024458E-02-2.463640497E-02-2.463408384E-02
-2.458208724E-02-2.447944341E-02-2.432525879E-02-2.411863242E-02-2.385884214E-02
-2.354518543E-02-2.317713427E-02-2.275423190E-02-2.227607320E-02-2.174236594E-02
-2.115291027E-02-2.050757795E-02-1.980634622E-02-1.904929776E-02-1.823653149E-02
-1.736818471E-02-1.644466833E-02-1.546645546E-02-1.443389430E-02-1.334765528E-02
-1.220854994E-02-1.101728049E-02-9.774850930E-03-8.482541496E-03-7.141756016E-03
-5.753923718E-03-4.320701769E-03-2.844742577E-03-1.329801427E-03 2.218647084E-04
 1.813239014E-03 3.447256124E-03 5.123984149E-03 6.841998260E-03 8.599859534E-03
 1.039630937E-02 1.223020930E-02 1.410042690E-02 1.600586829E-02 1.794548422E-02
 1.991817562E-02 2.192282046E-02 2.395834640E-02 2.602373976E-02 2.811803619E-02
 3.024027269E-02 3.238945880E-02 3.456463320E-02 3.676490215E-02 3.898941013E-02
 4.123731241E-02 4.350779528E-02 4.580010155E-02 4.811350935E-02 5.044727379E-02
 5.280072419E-02 5.517372495E-02 5.756317247E-02 2.368210944E-02 2.276767004E-02
 2.185558742E-02 2.094632487E-02 2.003967561E-02 1.913540429E-02 1.823333663E-02
 1.733341713E-02 1.643568241E-02 1.554027983E-02 1.464746607E-02 1.375750315E-02
 1.287056169E-02 1.198670516E-02 1.110590915E-02 1.022809005E-02 9.353217198E-03
 8.481389010E-03 7.612777994E-03 6.747538897E-03 5.885799223E-03 5.027710199E-03
 4.173448469E-03 3.323109186E-03 2.476656520E-03 1.634237434E-03 7.963306199E-04
-3.804837182E-05-8.730185278E-04-1.711935334E-03-2.554306786E-03-3.398291689E-03
-4.242570404E-03-5.086305124E-03-5.928882562E-03-6.769782523E-03-7.608504944E-03
-8.444499244E-03-9.277120780E-03-1.010561675E-02-1.092914007E-02-1.174674966E-02
-1.255746630E-02-1.336023049E-02-1.415389073E-02-1.493726351E-02-1.570908853E-02
-1.646803268E-02-1.721270207E-02-1.794163320E-02-1.865333331E-02-1.934622766E-02
-2.001865872E-02-2.066902198E-02-2.129559061E-02-2.189664620E-02-2.247039263E-02
-2.301508568E-02-2.352895199E-02-2.401018432E-02-2.445701881E-02-2.486770232E-02
-2.524050819E-02-2.557372926E-02-2.586570614E-02-2.611489043E-02-2.631969912E-02
-2.647864822E-02-2.659039015E-02-2.665358114E-02-2.666703246E-02-2.662951977E-02
-2.654003890E-02-2.639768961E-02-2.620156080E-02-2.595092620E-02-2.564508591E-02
-2.528352904E-02-2.486580377E-02-2.439153276E-02-2.386044108E-02-2.327235830E-02
-2.262718136E-02-2.192492503E-02-2.116569057E-02-2.034958146E-02-1.947677231E-02
-1.854774160E-02-1.756286587E-02-1.652253273E-02-1.542744368E-02-1.427828554E-02
-1.307571175E-02-1.182072292E-02-1.051452591E-02-9.158447977E-03-7.753834721E-03
-6.302220557E-03-4.805511825E-03-3.266255741E-03-1.688278401E-03-7.467207662E-05
 1.576356726E-03 3.268926012E-03 5.003479824E-03 6.778353458E-03 8.592158033E-03
 1.044371437E-02 1.233184748E-02 1.425543805E-02 1.621334701E-02 1.820439651E-02
 2.022744852E-02 2.228142816E-02 2.436531516E-02 2.647810016E-02 2.861874498E-02
 3.078623335E-02 3.297961896E-02 3.519799949E-02 3.744048553E-02 3.970621977E-02
 4.199440351E-02 4.430427808E-02 4.663508367E-02 4.898603519E-02 5.135644405E-02
 5.374615957E-02 5.615211043E-02 2.295507237E-02 2.203427435E-02 2.111535833E-02
 2.019888735E-02 1.928504529E-02 1.837382596E-02 1.746503767E-02 1.655847268E-02
 1.565402777E-02 1.475170473E-02 1.385160032E-02 1.295393096E-02 1.205895181E-02
 1.116686064E-02 1.027774684E-02 9.391609057E-03 8.508379781E-03 7.628020787E-03
 6.750604194E-03 5.876288734E-03 5.005226220E-03 4.137541377E-03 3.273366184E-03
 2.412832848E-03 1.556152022E-03 7.036127137E-04-1.462740157E-04-9.983827036E-04
-1.855561733E-03-2.716928072E-03-3.580661982E-03-4.445578290E-03-5.310934129E-03
-6.176195590E-03-7.040945748E-03-7.904765876E-03-8.767160383E-03-9.627531487E-03
-1.048517236E-02-1.133927959E-02-1.218897113E-02-1.303329454E-02-1.387122175E-02
-1.470168699E-02-1.552351193E-02-1.633544941E-02-1.713620430E-02-1.792439302E-02
-1.869856572E-02-1.945719907E-02-2.019871689E-02-2.092150174E-02-2.162381743E-02
-2.230394086E-02-2.296011292E-02-2.359049956E-02-2.419325215E-02-2.476649138E-02
-2.530839042E-02-2.581705179E-02-2.629061234E-02-2.672724530E-02-2.712513504E-02
-2.748251236E-02-2.779762783E-02-2.806886234E-02-2.829459265E-02-2.847325663E-02
-2.860346193E-02-2.868381989E-02-2.871310887E-02-2.869007732E-02-2.861368793E-02
-2.848303400E-02-2.829719625E-02-2.805544630E-02-2.775708976E-02-2.740163598E-02
-2.698864264E-02-2.651776496E-02-2.598875274E-02-2.540147010E-02-2.475584965E-02
-2.405195227E-02-2.328990395E-02-2.246982701E-02-2.159196707E-02-2.065684622E-02
-1.966477542E-02-1.861622585E-02-1.751190977E-02-1.635239540E-02-1.513837449E-02
-1.387083352E-02-1.255089345E-02-1.117972370E-02-9.758568981E-03-8.289040001E-03
-6.772927937E-03-5.212112134E-03-3.609103031E-03-1.967849348E-03-2.920630703E-04
 1.419128797E-03 3.170485754E-03 4.962862255E-03 6.794683919E-03 8.664510754E-03
 1.057115886E-02 1.251344804E-02 1.449014410E-02 1.650003898E-02 1.854199134E-02
 2.061491960E-02 2.271776319E-02 2.484943344E-02 2.700885561E-02 2.919502629E-02
 3.140699236E-02 3.364381615E-02 3.590459339E-02 3.818848151E-02 4.049467960E-02
 4.282238901E-02 4.517080854E-02 4.753913560E-02 4.992667267E-02 5.233326791E-02
 5.475590068E-02 2.224200340E-02 2.131535459E-02 2.039032433E-02 1.946724832E-02
 1.854632972E-02 1.762784737E-02 1.671194222E-02 1.579849507E-02 1.488730018E-02
 1.397820634E-02 1.307117915E-02 1.216627686E-02 1.126366433E-02 1.036357761E-02
 9.466228790E-03 8.571731860E-03 7.680106911E-03 6.791306251E-03 5.905289238E-03
 5.022108516E-03 4.141908829E-03 3.264829619E-03 2.390970167E-03 1.520580536E-03
 6.540549640E-04-2.103559332E-04-1.078207675E-03-1.952206648E-03-2.831159669E-03
-3.713269403E-03-4.597428427E-03-5.482986487E-03-6.369519620E-03-7.256684076E-03
-8.144125097E-03-9.031423950E-03-9.918038164E-03-1.080330571E-02-1.168647606E-02
-1.256672483E-02-1.344315571E-02-1.431480065E-02-1.518060835E-02-1.603945696E-02
-1.689016629E-02-1.773143158E-02-1.856189848E-02-1.938014103E-02-2.018464460E-02
-2.097382706E-02-2.174602889E-02-2.249955458E-02-2.323262542E-02-2.394337755E-02
-2.462999857E-02-2.529055299E-02-2.592311962E-02-2.652570093E-02-2.709638144E-02
-2.763318568E-02-2.813414646E-02-2.859735166E-02-2.902089904E-02-2.940294554E-02
-2.974165783E-02-3.003533452E-02-3.028231354E-02-3.048095623E-02-3.062981574E-02
-3.072746485E-02-3.077264270E-02-3.076407387E-02-3.070068709E-02-3.058156909E-02
-3.040579403E-02-3.017263305E-02-2.988139956E-02-2.953162546E-02-2.912288202E-02
-2.865486035E-02-2.812734189E-02-2.754022956E-02-2.689350149E-02-2.618727087E-02
-2.542169352E-02-2.459692734E-02-2.371332136E-02-2.277140108E-02-2.177147448E-02
-2.071411540E-02-1.960001021E-02-1.842966944E-02-1.720386127E-02-1.592355639E-02
-1.458979348E-02-1.320358580E-02-1.176612814E-02-1.027897309E-02-8.743811589E-03
-7.162479096E-03-5.537040415E-03-3.870068473E-03-2.165460384E-03-4.275907997E-04
 1.343786919E-03 3.154048044E-03 5.004352307E-03 6.893101275E-03 8.818868012E-03
 1.078038701E-02 1.277638505E-02 1.480564668E-02 1.686702301E-02 1.895939688E-02
 2.108162584E-02 2.323257284E-02 2.541117253E-02 2.761641652E-02 2.984731496E-02
 3.210291278E-02 3.438232005E-02 3.668469120E-02 3.900918320E-02 4.135495504E-02
 4.372118717E-02 4.610706907E-02 4.851191040E-02 5.093558220E-02 5.337511608E-02
 2.154319395E-02 2.061066514E-02 1.967975411E-02 1.875067578E-02 1.782338473E-02
 1.689803471E-02 1.597490614E-02 1.505422005E-02 1.413598080E-02 1.322001449E-02
 1.230614207E-02 1.139428731E-02 1.048447487E-02 9.576820974E-03 8.671531844E-03
 7.768816916E-03 6.868810993E-03 5.971554315E-03 5.077018327E-03 4.185165830E-03
 3.296033828E-03 2.409730793E-03 1.526511104E-03 6.467684452E-04-2.313067427E-04
-1.113623901E-03-2.003010080E-03-2.898149714E-03-3.797253807E-03-4.699280096E-03
-5.603648743E-03-6.510003228E-03-7.418091292E-03-8.327655614E-03-9.238328024E-03
-1.014961578E-02-1.106092900E-02-1.197157786E-02-1.288079493E-02-1.378774620E-02
-1.469152297E-02-1.559113404E-02-1.648550715E-02-1.737347513E-02-1.825381077E-02
-1.912519474E-02-1.998619407E-02-2.083532820E-02-2.167102410E-02-2.249162680E-02
-2.329540424E-02-2.408056179E-02-2.484526175E-02-2.558754565E-02-2.630547189E-02
-2.699705240E-02-2.766024591E-02-2.829297679E-02-2.889319296E-02-2.945885471E-02
-2.998788973E-02-3.047828560E-02-3.092805847E-02-3.133527707E-02-3.169803424E-02
-3.201453604E-02-3.228307702E-02-3.250194833E-02-3.266963875E-02-3.278468869E-02
-3.284579208E-02-3.285165286E-02-3.280116524E-02-3.269340887E-02-3.252745279E-02
-3.230256887E-02-3.201808007E-02-3.167354237E-02-3.126854410E-02-3.080281436E-02
-3.027617227E-02-2.968856263E-02-2.904001833E-02-2.833070794E-02-2.756082224E-02
-2.673057449E-02-2.584043980E-02-2.489090755E-02-2.388235858E-02-2.281546675E-02
-2.169085647E-02-2.050907708E-02-1.927097111E-02-1.797749649E-02-1.662959957E-02
-1.522819834E-02-1.377450640E-02-1.226993722E-02-1.071601432E-02-9.114524290E-03
-7.467525871E-03-5.777149843E-03-4.046046934E-03-2.278351347E-03-4.787909343E-04
 1.352700901E-03 3.221851934E-03 5.129995962E-03 7.075481053E-03 9.056783602E-03
 1.107263386E-02 1.312181644E-02 1.520314991E-02 1.731543385E-02 1.945746498E-02
 2.162811067E-02 2.382630235E-02 2.605099359E-02 2.830117430E-02 3.057590324E-02
 3.287428657E-02 3.519543439E-02 3.753846029E-02 3.990250420E-02 4.228673887E-02
 4.469036532E-02 4.711272502E-02 4.955370310E-02 5.201035429E-02 2.085898048E-02
 1.992059113E-02 1.898375080E-02 1.804872938E-02 1.711545588E-02 1.618390419E-02
 1.525413625E-02 1.432636879E-02 1.340085078E-02 1.247770505E-02 1.155682674E-02
 1.063803909E-02 9.721224707E-03 8.806375515E-03 7.893570418E-03 6.982975440E-03
 6.074784736E-03 5.169144420E-03 4.266113028E-03 3.365674333E-03 2.467776811E-03
 1.572561354E-03 6.804509293E-04-2.102601149E-04-1.105740852E-03-2.009140800E-03
-2.919116537E-03-3.833865489E-03-4.752382358E-03-5.674143536E-03-6.598874634E-03
-7.526405749E-03-8.456543781E-03-9.389000584E-03-1.032336746E-02-1.125910142E-02
-1.219557351E-02-1.313209882E-02-1.406790918E-02-1.500215585E-02-1.593391137E-02
-1.686216312E-02-1.778580756E-02-1.870365167E-02-1.961440192E-02-2.051670695E-02
-2.140908810E-02-2.228997924E-02-2.315775003E-02-2.401066868E-02-2.484692629E-02
-2.566463115E-02-2.646184918E-02-2.723656441E-02-2.798667615E-02-2.871013578E-02
-2.940477726E-02-3.006845176E-02-3.069895776E-02-3.129418202E-02-3.185195141E-02
-3.237014263E-02-3.284668975E-02-3.327956514E-02-3.366679419E-02-3.400648554E-02
-3.429687985E-02-3.453620861E-02-3.472288791E-02-3.485543011E-02-3.493247900E-02
-3.495272132E-02-3.491501639E-02-3.481843609E-02-3.466204553E-02-3.444511825E-02
-3.416698793E-02-3.382723535E-02-3.342546887E-02-3.296145608E-02-3.243505904E-02
-3.184626653E-02-3.119517407E-02-3.048200557E-02-2.970699308E-02-2.887042956E-02
-2.797291153E-02-2.701488848E-02-2.599687097E-02-2.491960773E-02-2.378366452E-02
-2.258971188E-02-2.133865195E-02-2.003142727E-02-1.866889091E-02-1.725197026E-02
-1.578187979E-02-1.425989198E-02-1.268740504E-02-1.106610277E-02-9.397887233E-03
-7.684870689E-03-5.929445648E-03-4.134379931E-03-2.303927826E-03-4.432079243E-04
 1.448032190E-03 3.375888667E-03 5.341524991E-03 7.343216766E-03 9.379512331E-03
 1.144918616E-02 1.355098042E-02 1.568361992E-02 1.784589893E-02 2.003668318E-02
 2.225486476E-02 2.449937393E-02 2.676921375E-02 2.906343807E-02 3.138110639E-02
 3.372128431E-02 3.608306560E-02 3.846558347E-02 4.086802573E-02 4.328962857E-02
 4.572974935E-02 4.818824937E-02 5.066219633E-02 2.018936729E-02 1.924531755E-02
 1.830267813E-02 1.736171700E-02 1.642244290E-02 1.548487291E-02 1.454898417E-02
 1.361478151E-02 1.268238225E-02 1.175201912E-02 1.082387736E-02 9.897958782E-03
 8.974114082E-03 8.052202219E-03 7.132180884E-03 6.214099393E-03 5.298083321E-03
 4.384304018E-03 3.472902784E-03 2.563930329E-03 1.657462803E-03 7.538006942E-04
-1.485583209E-04-1.055853955E-03-1.971858346E-03-2.895329748E-03-3.824396421E-03
-4.758047340E-03-5.695802020E-03-6.637453284E-03-7.582911461E-03-8.532072770E-03
-9.484725307E-03-1.044051723E-02-1.139898675E-02-1.235959417E-02-1.332170944E-02
-1.428463470E-02-1.524760588E-02-1.620976183E-02-1.717015234E-02-1.812773940E-02
-1.908139067E-02-2.002987458E-02-2.097185869E-02-2.190591199E-02-2.283053092E-02
-2.374406835E-02-2.464481061E-02-2.553095569E-02-2.640060389E-02-2.725177499E-02
-2.808241872E-02-2.889044190E-02-2.967363259E-02-3.042980329E-02-3.115671319E-02
-3.185209497E-02-3.251363551E-02-3.313910139E-02-3.372623551E-02-3.427280088E-02
-3.477663908E-02-3.523562770E-02-3.564772231E-02-3.601093589E-02-3.632344389E-02
-3.658342951E-02-3.678923080E-02-3.693933290E-02-3.703232716E-02-3.706688648E-02
-3.704183521E-02-3.695623660E-02-3.680915305E-02-3.659986027E-02-3.632770340E-02
-3.599228800E-02-3.559324485E-02-3.513037905E-02-3.460359952E-02-3.401294068E-02
-3.335856597E-02-3.264075221E-02-3.185978076E-02-3.101605281E-02-3.011024939E-02
-2.914282288E-02-2.811443740E-02-2.702587131E-02-2.587769882E-02-2.467073846E-02
-2.340594593E-02-2.208423471E-02-2.070640921E-02-1.927348820E-02-1.778662914E-02
-1.624700331E-02-1.465595185E-02-1.301503010E-02-1.132592751E-02-9.590694713E-03
-7.811658098E-03-5.991255590E-03-4.132454004E-03-2.239863349E-03-3.187868224E-04
 1.631649778E-03 3.617730597E-03 5.640313721E-03 7.697686895E-03 9.788402462E-03
 1.191113448E-02 1.406460131E-02 1.624759561E-02 1.845894243E-02 2.069750727E-02
 2.296223262E-02 2.525211553E-02 2.756616076E-02 2.990338207E-02 3.226282445E-02
 3.464357652E-02 3.704479065E-02 3.946569061E-02 4.190552335E-02 4.436362494E-02
 4.683982478E-02 4.933121929E-02 1.953454673E-02 1.858487538E-02 1.763659549E-02
 1.668988537E-02 1.574470853E-02 1.480111696E-02 1.385916126E-02 1.291884293E-02
 1.198014402E-02 1.104310491E-02 1.010789121E-02 9.174704265E-03 8.243637133E-03
 7.314598087E-03 6.387447447E-03 5.462111318E-03 4.538613738E-03 3.617048461E-03
 2.697541496E-03 1.780264863E-03 8.656017099E-04-4.755100127E-05-9.653060475E-04
-1.892513053E-03-2.828149742E-03-3.770205675E-03-4.717641779E-03-5.670002885E-03
-6.627130018E-03-7.589010337E-03-8.555625168E-03-9.526845085E-03-1.050240371E-02
-1.148191430E-02-1.246489961E-02-1.345082041E-02-1.443907190E-02-1.542894804E-02
-1.641966436E-02-1.741035685E-02-1.840005468E-02-1.938769034E-02-2.037209824E-02
-2.135200757E-02-2.232603995E-02-2.329270376E-02-2.425041731E-02-2.519749483E-02
-2.613211574E-02-2.705239644E-02-2.795634754E-02-2.884189115E-02-2.970686480E-02
-3.054905953E-02-3.136619058E-02-3.215589354E-02-3.291586062E-02-3.364368160E-02
-3.433696392E-02-3.499331256E-02-3.561039938E-02-3.618587505E-02-3.671747554E-02
-3.720299167E-02-3.764029864E-02-3.802732319E-02-3.836216470E-02-3.864296745E-02
-3.886799090E-02-3.903569003E-02-3.914460512E-02-3.919339781E-02-3.918085791E-02
-3.910603931E-02-3.896800283E-02-3.876602655E-02-3.849946747E-02-3.816795499E-02
-3.777114435E-02-3.730887582E-02-3.678110720E-02-3.618792033E-02-3.552954833E-02
-3.480631712E-02-3.401856669E-02-3.316683400E-02-3.225182989E-02-3.127408043E-02
-3.023439840E-02-2.913354579E-02-2.797220709E-02-2.675133547E-02-2.547193245E-02
-2.413487228E-02-2.274101472E-02-2.129145759E-02-1.978728860E-02-1.822963810E-02
-1.661981974E-02-1.495923083E-02-1.324945598E-02-1.149239468E-02-9.690146321E-03
-7.845142251E-03-5.960053302E-03-4.038051857E-03-2.084203528E-03-1.039077273E-04
 1.905045449E-03 3.948863266E-03 6.027827149E-03 8.140116720E-03 1.028428924E-02
 1.245907984E-02 1.466324193E-02 1.689556950E-02 1.915493907E-02 2.144028596E-02
 2.375055557E-02 2.608470557E-02 2.844172831E-02 3.082066576E-02 3.322063022E-02
 3.564080939E-02 3.808043032E-02 4.053871552E-02 4.301497917E-02 4.550902971E-02
 4.801799775E-02 1.889504111E-02 1.793962741E-02 1.698564712E-02 1.603326602E-02
 1.508237244E-02 1.413293228E-02 1.318497845E-02 1.223856370E-02 1.129372042E-02
 1.035043757E-02 9.408716882E-03 8.468640697E-03 7.530386132E-03 6.594087515E-03
 5.659732838E-03 4.727202555E-03 3.796405473E-03 2.867329770E-03 1.940064843E-03
 1.014992898E-03 9.158512546E-05-8.355199030E-04-1.772506685E-03-2.718944209E-03
-3.672697063E-03-4.632606741E-03-5.598195832E-03-6.569358866E-03-7.546162522E-03
-8.528667727E-03-9.516831929E-03-1.051047361E-02-1.150928659E-02-1.251288193E-02
-1.352080145E-02-1.453250958E-02-1.554739757E-02-1.656477589E-02-1.758384231E-02
-1.860370905E-02-1.962339531E-02-2.064180307E-02-2.165772777E-02-2.266985558E-02
-2.367675687E-02-2.467688581E-02-2.566857284E-02-2.665006545E-02-2.761946985E-02
-2.857478687E-02-2.951393874E-02-3.043473921E-02-3.133491881E-02-3.221213547E-02
-3.306400906E-02-3.388804823E-02-3.468180025E-02-3.544275877E-02-3.616842095E-02
-3.685624708E-02-3.750381604E-02-3.810867605E-02-3.866844997E-02-3.918084732E-02
-3.964365292E-02-4.005472149E-02-4.041206584E-02-4.071379687E-02-4.095810047E-02
-4.114339596E-02-4.126817789E-02-4.133109767E-02-4.133091198E-02-4.126666482E-02
-4.113741650E-02-4.094244762E-02-4.068112694E-02-4.035310597E-02-3.995806592E-02
-3.949587926E-02-3.896655234E-02-3.837021609E-02-3.770717138E-02-3.697778904E-02
-3.618247812E-02-3.532192765E-02-3.439683325E-02-3.340786217E-02-3.235594288E-02
-3.124181986E-02-3.006636184E-02-2.883063538E-02-2.753566850E-02-2.618232520E-02
-2.477161721E-02-2.330465751E-02-2.178250382E-02-2.020630842E-02-1.857732452E-02
-1.689684442E-02-1.516641246E-02-1.338771322E-02-1.156265316E-02-9.693521622E-03
-7.782916750E-03-5.833685937E-03-3.849338994E-03-1.835442486E-03 2.029364934E-04
 2.269837060E-03 4.370670512E-03 6.505025081E-03 8.671181850E-03 1.086778063E-02
 1.309355523E-02 1.534731030E-02 1.762791323E-02 1.993424499E-02 2.226520246E-02
 2.461972114E-02 2.699679318E-02 2.939548876E-02 3.181495294E-02 3.425436918E-02
 3.671293628E-02 3.918985800E-02 4.168443694E-02 4.419646013E-02 4.672309508E-02
 1.827115915E-02 1.731004294E-02 1.635030331E-02 1.539215924E-02 1.443553693E-02
 1.348037270E-02 1.252661667E-02 1.157425513E-02 1.062332593E-02 9.673872960E-03
 8.725911136E-03 7.779430313E-03 6.834459635E-03 5.891114315E-03 4.949534018E-03
 4.009764871E-03 3.071716895E-03 2.135291884E-03 1.200684064E-03 2.677854937E-04
-6.677718026E-04-1.613265036E-03-2.569193739E-03-3.533329724E-03-4.504382418E-03
-5.481862693E-03-6.465670091E-03-7.455910930E-03-8.452742360E-03-9.456227770E-03
-1.046627043E-02-1.148264640E-02-1.250505125E-02-1.353311228E-02-1.456638884E-02
-1.560435882E-02-1.664640790E-02-1.769183762E-02-1.873985674E-02-1.978955027E-02
-2.083990846E-02-2.188981267E-02-2.293801626E-02-2.398315564E-02-2.502374669E-02
-2.605817803E-02-2.708471288E-02-2.810148797E-02-2.910655024E-02-3.009778706E-02
-3.107300624E-02-3.202991707E-02-3.296613139E-02-3.387918011E-02-3.476654874E-02
-3.562566014E-02-3.645387022E-02-3.724860147E-02-3.800720139E-02-3.872703553E-02
-3.940553730E-02-4.004017568E-02-4.062846093E-02-4.116801502E-02-4.165653286E-02
-4.209180805E-02-4.247176288E-02-4.279447347E-02-4.305806335E-02-4.326090954E-02
-4.340146927E-02-4.347838309E-02-4.349037726E-02-4.343648566E-02-4.331576926E-02
-4.312751110E-02-4.287109140E-02-4.254618124E-02-4.215248865E-02-4.168991492E-02
-4.115851258E-02-4.055846286E-02-3.989012815E-02-3.915392199E-02-3.835033638E-02
-3.748019612E-02-3.654418473E-02-3.554314251E-02-3.447805626E-02-3.334972281E-02
-3.215920536E-02-3.090766581E-02-2.959613605E-02-2.822556645E-02-2.679711714E-02
-2.531189646E-02-2.377099561E-02-2.217560726E-02-2.052690367E-02-1.882618392E-02
-1.707489116E-02-1.527454288E-02-1.342692645E-02-1.153410448E-02-9.598503123E-03
-7.622942337E-03-5.610435944E-03-3.564772068E-03-1.492056106E-03 6.033212861E-04
 2.727167828E-03 4.883920066E-03 7.072568425E-03 9.291460241E-03 1.153932148E-02
 1.381495765E-02 1.611717887E-02 1.844481556E-02 2.079674192E-02 2.317189669E-02
 2.556930452E-02 2.798806377E-02 3.042730747E-02 3.288618878E-02 3.536388889E-02
 3.785960132E-02 4.037261714E-02 4.290269490E-02 4.544703875E-02 1.766278054E-02
 1.669622604E-02 1.573088936E-02 1.476702127E-02 1.380461640E-02 1.284367295E-02
 1.188415675E-02 1.092600949E-02 9.969188362E-03 9.013694503E-03 8.059565710E-03
 7.106833477E-03 6.155499701E-03 5.205568348E-03 4.257097353E-03 3.310195337E-03
 2.364912058E-03 1.421352740E-03 4.796039230E-04-4.635895911E-04-1.416265261E-03
-2.380306552E-03-3.353559806E-03-4.334511447E-03-5.322559920E-03-6.317604082E-03
-7.319829453E-03-8.329472868E-03-9.346670226E-03-1.037142530E-02-1.140361857E-02
-1.244302850E-02-1.348936612E-02-1.454228191E-02-1.560134644E-02-1.666604670E-02
-1.773577637E-02-1.880982571E-02-1.988738947E-02-2.096755530E-02-2.204927406E-02
-2.313139121E-02-2.421262683E-02-2.529156192E-02-2.636664899E-02-2.743620903E-02
-2.849842492E-02-2.955134451E-02-3.059289623E-02-3.162089568E-02-3.263300901E-02
-3.362683164E-02-3.459985171E-02-3.554947458E-02-3.647303855E-02-3.736785543E-02
-3.823114262E-02-3.906017846E-02-3.985219732E-02-4.060446918E-02-4.131426413E-02
-4.197898184E-02-4.259602527E-02-4.316291974E-02-4.367728024E-02-4.413684010E-02
-4.453943826E-02-4.488310946E-02-4.516593095E-02-4.538623017E-02-4.554243776E-02
-4.563318135E-02-4.565716115E-02-4.561340091E-02-4.550096338E-02-4.531913406E-02
-4.506730415E-02-4.474516095E-02-4.435243947E-02-4.388906649E-02-4.335513628E-02
-4.275088103E-02-4.207671383E-02-4.133309094E-02-4.052060759E-02-3.964017090E-02
-3.869250312E-02-3.767861128E-02-3.659948219E-02-3.545606745E-02-3.424959436E-02
-3.298129354E-02-3.165220926E-02-3.026348560E-02-2.881635927E-02-2.731197151E-02
-2.575150706E-02-2.413615810E-02-2.246710006E-02-2.074565085E-02-1.897312097E-02
-1.715096419E-02-1.528083636E-02-1.336461673E-02-1.140453976E-02-9.403204870E-03
-7.363512487E-03-5.288621931E-03-3.182902591E-03-1.053067737E-03 1.098013381E-03
 3.277779789E-03 5.489243970E-03 7.730941345E-03 1.000137705E-02 1.229930222E-02
 1.462348228E-02 1.697272410E-02 1.934590885E-02 2.174201144E-02 2.416007820E-02
 2.659918770E-02 2.905844209E-02 3.153697808E-02 3.403396562E-02 3.654858699E-02
 3.908011382E-02 4.162828461E-02 4.419036988E-02 1.706933587E-02 1.609785119E-02
 1.512731730E-02 1.415798684E-02 1.318994582E-02 1.222325846E-02 1.125794828E-02
 1.029400629E-02 9.331388148E-03 8.370039374E-03 7.409928367E-03 6.451067287E-03
 5.493487667E-03 4.537207753E-03 3.582225623E-03 2.628548975E-03 1.676315256E-03
 7.259244718E-04-2.244984630E-04-1.183093717E-03-2.153839188E-03-3.134907423E-03
-4.124475398E-03-5.121813403E-03-6.126789624E-03-7.139589413E-03-8.160514164E-03
-9.189831314E-03-1.022765590E-02-1.127393644E-02-1.232853663E-02-1.339127294E-02
-1.446188839E-02-1.554004445E-02-1.662532602E-02-1.771722650E-02-1.881514392E-02
-1.991837062E-02-2.102608191E-02-2.213734337E-02-2.325109779E-02-2.436613789E-02
-2.548113830E-02-2.659463084E-02-2.770499773E-02-2.881048138E-02-2.990918114E-02
-3.099905019E-02-3.207789975E-02-3.314343445E-02-3.419321300E-02-3.522468160E-02
-3.623520714E-02-3.722205854E-02-3.818243483E-02-3.911349956E-02-4.001237676E-02
-4.087614637E-02-4.170197175E-02-4.248698285E-02-4.322833512E-02-4.392332264E-02
-4.456926106E-02-4.516357559E-02-4.570381343E-02-4.618764068E-02-4.661282849E-02
-4.697736286E-02-4.727929254E-02-4.751688931E-02-4.768856866E-02-4.779294245E-02
-4.782869092E-02-4.779482787E-02-4.769041912E-02-4.751475263E-02-4.726723007E-02
-4.694755112E-02-4.655547719E-02-4.609095728E-02-4.555412130E-02-4.494525196E-02
-4.426479930E-02-4.351326321E-02-4.269136379E-02-4.180002107E-02-4.084006471E-02
-3.981262555E-02-3.871868485E-02-3.755940758E-02-3.633615011E-02-3.505017463E-02
-3.370262064E-02-3.229483132E-02-3.082808935E-02-2.930363124E-02-2.772273759E-02
-2.608660266E-02-2.439649946E-02-2.265369046E-02-2.085944647E-02-1.901517837E-02
-1.712241732E-02-1.518292941E-02-1.319873769E-02-1.117213683E-02-9.105822378E-03
-7.002935544E-03-4.867001806E-03-2.703082949E-03-5.181264020E-04 1.687558473E-03
 3.922183594E-03 6.187096006E-03 8.480554525E-03 1.080113501E-02 1.314759490E-02
 1.551875615E-02 1.791353784E-02 2.033092820E-02 2.276994648E-02 2.522964099E-02
 2.770909810E-02 3.020744265E-02 3.272383098E-02 3.525742786E-02 3.780750576E-02
 4.037382169E-02 4.295373064E-02 1.649039448E-02 1.551432843E-02 1.453907799E-02
 1.356477289E-02 1.259147191E-02 1.161928739E-02 1.064832145E-02 9.678624848E-03
 8.710207072E-03 7.743047435E-03 6.777096208E-03 5.812305680E-03 4.848656830E-03
 3.886166499E-03 2.924844211E-03 1.964708956E-03 1.006058646E-03 4.819898860E-05
-9.153225832E-04-1.891318561E-03-2.878885893E-03-3.875845897E-03-4.881233267E-03
-5.894825735E-03-6.916818096E-03-7.947593240E-03-8.987499475E-03-1.003673597E-02
-1.109537472E-02-1.216338994E-02-1.324066527E-02-1.432702728E-02-1.542225120E-02
-1.652602623E-02-1.763794382E-02-1.875750648E-02-1.988411357E-02-2.101705452E-02
-2.215549755E-02-2.329847873E-02-2.444490918E-02-2.559355945E-02-2.674303578E-02
-2.789181276E-02-2.903820515E-02-3.018036789E-02-3.131630554E-02-3.244387016E-02
-3.356076417E-02-3.466454571E-02-3.575267290E-02-3.682244368E-02-3.787108039E-02
-3.889571660E-02-3.989341120E-02-4.086117315E-02-4.179600623E-02-4.269484810E-02
-4.355472958E-02-4.437265924E-02-4.514571373E-02-4.587103555E-02-4.654588312E-02
-4.716758543E-02-4.773362383E-02-4.824159687E-02-4.868922752E-02-4.907444361E-02
-4.939528215E-02-4.964995868E-02-4.983688299E-02-4.995464862E-02-5.000192360E-02
-4.997771195E-02-4.988108397E-02-4.971133031E-02-4.946786261E-02-4.915038895E-02
-4.875869539E-02-4.829275011E-02-4.775271186E-02-4.713891082E-02-4.645182079E-02
-4.569198578E-02-4.486025967E-02-4.395753000E-02-4.298477897E-02-4.194318932E-02
-4.083380833E-02-3.965800159E-02-3.841721765E-02-3.711273419E-02-3.574589890E-02
-3.431817399E-02-3.283092017E-02-3.128552054E-02-2.968330521E-02-2.802557348E-02
-2.631365614E-02-2.454878895E-02-2.273227556E-02-2.086546929E-02-1.894984612E-02
-1.698705413E-02-1.497888852E-02-1.292739169E-02-1.083505413E-02-8.704890056E-03
-6.540240120E-03-4.344941145E-03-2.125050783E-03 1.128159429E-04 2.372506456E-03
 4.660854533E-03 6.977682866E-03 9.321276087E-03 1.169035898E-02 1.408380573E-02
 1.650054012E-02 1.893951633E-02 2.139972477E-02 2.388019815E-02 2.638001039E-02
 2.889827059E-02 3.143412185E-02 3.398674387E-02 3.655544739E-02 3.914000206E-02
 4.173780764E-02 1.592651249E-02 1.494571227E-02 1.396579942E-02 1.298684218E-02
 1.200875201E-02 1.103152791E-02 1.005525557E-02 9.080036755E-03 8.105953524E-03
 7.133038638E-03 6.161287498E-03 5.190668078E-03 4.221129904E-03 3.252628431E-03
 2.285144476E-03 1.318880166E-03 3.538319172E-04-6.143426288E-04-1.594332861E-03
-2.587050059E-03-3.590162602E-03-4.602383513E-03-5.623360062E-03-6.653245446E-03
-7.692450556E-03-8.741421732E-03-9.800492927E-03-1.086983516E-02-1.194948615E-02
-1.303942998E-02-1.413961552E-02-1.524990306E-02-1.637006732E-02-1.749981920E-02
-1.863877745E-02-1.978644751E-02-2.094223000E-02-2.210540725E-02-2.327513532E-02
-2.445043230E-02-2.563016664E-02-2.681306462E-02-2.799769370E-02-2.918244274E-02
-3.036555422E-02-3.154509541E-02-3.271896551E-02-3.388490536E-02-3.504049706E-02
-3.618317214E-02-3.731022764E-02-3.841885475E-02-3.950610278E-02-4.056896595E-02
-4.160435729E-02-4.260914094E-02-4.358016715E-02-4.451428213E-02-4.540832296E-02
-4.625923359E-02-4.706397836E-02-4.781957160E-02-4.852321386E-02-4.917214963E-02
-4.976379090E-02-5.029567947E-02-5.076550584E-02-5.117113552E-02-5.151060399E-02
-5.178207769E-02-5.198396635E-02-5.211484445E-02-5.217337673E-02-5.215855733E-02
-5.206946279E-02-5.190538675E-02-5.166575054E-02-5.135026683E-02-5.095874332E-02
-5.049116520E-02-4.994771306E-02-4.932875750E-02-4.863478674E-02-4.786639282E-02
-4.702453560E-02-4.611008233E-02-4.512416652E-02-4.406795330E-02-4.294265413E-02
-4.174978317E-02-4.049083174E-02-3.916715447E-02-3.778032305E-02-3.633187398E-02
-3.482330296E-02-3.325612302E-02-3.163174306E-02-2.995161570E-02-2.821707674E-02
-2.642943999E-02-2.459002969E-02-2.270019498E-02-2.076138100E-02-1.877508299E-02
-1.674290789E-02-1.466675581E-02-1.254893048E-02-1.039214069E-02-8.199574164E-03
-5.974791179E-03-3.722177136E-03-1.448722123E-03 8.406427211E-04 3.153279990E-03
 5.493648102E-03 7.860623180E-03 1.025273179E-02 1.266883424E-02 1.510782435E-02
 1.756862906E-02 2.005022264E-02 2.255162470E-02 2.507189251E-02 2.761013149E-02
 3.016551200E-02 3.273725702E-02 3.532468473E-02 3.792752449E-02 4.054321214E-02
 1.537841338E-02 1.439274751E-02 1.340799347E-02 1.242426200E-02 1.144146117E-02
 1.045951634E-02 9.478381647E-03 8.498062718E-03 7.518635209E-03 6.540184300E-03
 5.562770015E-03 4.586406060E-03 3.611070830E-03 2.636705262E-03 1.663333431E-03
 6.912607872E-04-2.816759753E-04-1.264491234E-03-2.260941075E-03-3.268973901E-03
-4.286862631E-03-5.314031162E-03-6.350548165E-03-7.396846156E-03-8.453454738E-03
-9.520811206E-03-1.059919549E-02-1.168875939E-02-1.278958371E-02-1.390168252E-02
-1.502501017E-02-1.615947663E-02-1.730489836E-02-1.846098337E-02-1.962736079E-02
-2.080355949E-02-2.198897703E-02-2.318288680E-02-2.438442764E-02-2.559259300E-02
-2.680621917E-02-2.802397453E-02-2.924436701E-02-3.046572645E-02-3.168619118E-02
-3.290373899E-02-3.411616018E-02-3.532107146E-02-3.651592771E-02-3.769802237E-02
-3.886450288E-02-4.001240644E-02-4.113864699E-02-4.224004692E-02-4.331337833E-02
-4.435535963E-02-4.536268999E-02-4.633209673E-02-4.726028200E-02-4.814408214E-02
-4.898034644E-02-4.976602269E-02-5.049820555E-02-5.117408873E-02-5.179101397E-02
-5.234648062E-02-5.283814983E-02-5.326383640E-02-5.362157517E-02-5.390949745E-02
-5.412601432E-02-5.426968347E-02-5.433917565E-02-5.433347473E-02-5.425166547E-02
-5.409304505E-02-5.385704430E-02-5.354337703E-02-5.315186877E-02-5.268251949E-02
-5.213552563E-02-5.151128657E-02-5.081029965E-02-5.003321886E-02-4.918104410E-02
-4.825467712E-02-4.725535365E-02-4.618421600E-02-4.504267711E-02-4.383234692E-02
-4.255471753E-02-4.121133409E-02-3.980390489E-02-3.833406439E-02-3.680348015E-02
-3.521374858E-02-3.356645886E-02-3.186313973E-02-3.010521208E-02-2.829408732E-02
-2.643113302E-02-2.451774537E-02-2.255529893E-02-2.054516064E-02-1.848885346E-02
-1.638818420E-02-1.424521994E-02-1.206238456E-02-9.842608868E-03-7.589299014E-03
-5.306240381E-03-2.998710277E-03-6.744039578E-04 1.665273194E-03 4.029514422E-03
 6.420195665E-03 8.835723119E-03 1.127479286E-02 1.373628467E-02 1.621911308E-02
 1.872223798E-02 2.124466443E-02 2.378545902E-02 2.634376660E-02 2.891879230E-02
 3.150974931E-02 3.411592075E-02 3.673702257E-02 3.937058465E-02 1.484632110E-02
 1.385588179E-02 1.286630377E-02 1.187771524E-02 1.089006715E-02 9.903323700E-03
 8.917431273E-03 7.932324758E-03 6.947964086E-03 5.964358278E-03 4.981572624E-03
 3.999672552E-03 3.018681697E-03 2.038598120E-03 1.059672607E-03 8.120455278E-05
-9.035479634E-04-1.902212603E-03-2.913858500E-03-3.936235394E-03-4.968447750E-03
-6.010425559E-03-7.062555939E-03-8.125420561E-03-9.199577046E-03-1.028543254E-02
-1.138323712E-02-1.249314950E-02-1.361528374E-02-1.474970984E-02-1.589642188E-02
-1.705532616E-02-1.822627163E-02-1.940901491E-02-2.060318233E-02-2.180829819E-02
-2.302377526E-02-2.424887731E-02-2.548272082E-02-2.672426837E-02-2.797231687E-02
-2.922548537E-02-3.048220534E-02-3.174072971E-02-3.299911534E-02-3.425521675E-02
-3.550671539E-02-3.675109820E-02-3.798567746E-02-3.920760493E-02-4.041387669E-02
-4.160135617E-02-4.276682285E-02-4.390693036E-02-4.501829537E-02-4.609749281E-02
-4.714108322E-02-4.814564761E-02-4.910781085E-02-5.002423571E-02-5.089171992E-02
-5.170714018E-02-5.246747054E-02-5.316988361E-02-5.381165572E-02-5.439025507E-02
-5.490331149E-02-5.534861011E-02-5.572418026E-02-5.602813829E-02-5.625889303E-02
-5.641499081E-02-5.649511745E-02-5.649824582E-02-5.642347121E-02-5.627009498E-02
-5.603755754E-02-5.572557121E-02-5.533397487E-02-5.486278073E-02-5.431219710E-02
-5.368263677E-02-5.297460211E-02-5.218882862E-02-5.132628208E-02-5.038795760E-02
-4.937510710E-02-4.828892652E-02-4.713098892E-02-4.590294292E-02-4.460631279E-02
-4.324286335E-02-4.181437891E-02-4.032263993E-02-3.876944904E-02-3.715653955E-02
-3.548566537E-02-3.375843108E-02-3.197641020E-02-3.014110464E-02-2.825398924E-02
-2.631647371E-02-2.432986560E-02-2.229550423E-02-2.021490245E-02-1.808971665E-02
-1.592180869E-02-1.371337767E-02-1.146702808E-02-9.185909482E-03-6.873717556E-03
-4.534719273E-03-2.175473759E-03 1.967623212E-04 2.586525931E-03 5.001094316E-03
 7.440322237E-03 9.902618475E-03 1.238680748E-02 1.489180118E-02 1.741655309E-02
 1.996009156E-02 2.252152984E-02 2.510002937E-02 2.769476821E-02 3.030493275E-02
 3.292983014E-02 3.556922219E-02 3.822073498E-02 1.433010811E-02 1.333513643E-02
 1.234091790E-02 1.134758810E-02 1.035513530E-02 9.363552897E-03 8.372819351E-03
 7.382898851E-03 6.393738853E-03 5.405281458E-03 4.417495778E-03 3.430389976E-03
 2.444001277E-03 1.458518476E-03 4.740994228E-04-5.130080304E-04-1.512583611E-03
-2.526407287E-03-3.552093430E-03-4.588243798E-03-5.634550538E-03-6.691314725E-03
-7.759149641E-03-8.838710897E-03-9.930520318E-03-1.103493914E-02-1.215222973E-02
-1.328259431E-02-1.442618463E-02-1.558309843E-02-1.675336996E-02-1.793695440E-02
-1.913370132E-02-2.034337728E-02-2.156565557E-02-2.280005933E-02-2.404598135E-02
-2.530268714E-02-2.656927397E-02-2.784466643E-02-2.912761379E-02-3.041667735E-02
-3.171021958E-02-3.300639651E-02-3.430316849E-02-3.559828415E-02-3.688928316E-02
-3.817352355E-02-3.944816862E-02-4.071021245E-02-4.195649640E-02-4.318372452E-02
-4.438849000E-02-4.556732139E-02-4.671665530E-02-4.783292887E-02-4.891256499E-02
-4.995201187E-02-5.094779010E-02-5.189644694E-02-5.279470970E-02-5.363936516E-02
-5.442732748E-02-5.515572748E-02-5.582179651E-02-5.642297458E-02-5.695686724E-02
-5.742125138E-02-5.781414100E-02-5.813366130E-02-5.837821284E-02-5.854633905E-02
-5.863674781E-02-5.864840094E-02-5.858040651E-02-5.843207084E-02-5.820284442E-02
-5.789243625E-02-5.750069358E-02-5.702763813E-02-5.647348785E-02-5.583865343E-02
-5.512363802E-02-5.432926562E-02-5.345643123E-02-5.250624118E-02-5.147988863E-02
-5.037871312E-02-4.920437669E-02-4.795850325E-02-4.664275872E-02-4.525903688E-02
-4.380921154E-02-4.229522723E-02-4.071898376E-02-3.908242171E-02-3.738737999E-02
-3.563563100E-02-3.382888573E-02-3.196879189E-02-3.005691584E-02-2.809465920E-02
-2.608335222E-02-2.402440292E-02-2.191926389E-02-1.976945827E-02-1.757670069E-02
-1.534294923E-02-1.307053623E-02-1.076236001E-02-8.421946546E-03-6.053264522E-03
-3.661219600E-03-1.253468795E-03 1.165455249E-03 3.604499322E-03 6.067517747E-03
 8.553234624E-03 1.106026530E-02 1.358752686E-02 1.613401802E-02 1.869880942E-02
 2.128100830E-02 2.387973896E-02 2.649417517E-02 2.912355229E-02 3.176723714E-02
 3.442499853E-02 3.709450675E-02 1.382944677E-02 1.283025947E-02 1.183169266E-02
 1.083387379E-02 9.836812389E-03 8.840525776E-03 7.845022618E-03 6.850293861E-03
 5.856311554E-03 4.863036203E-03 3.870416632E-03 2.878388402E-03 1.886955654E-03
 8.965008393E-04-9.421973325E-05-1.093784261E-03-2.108272224E-03-3.136014992E-03
-4.174997063E-03-5.224569433E-03-6.284869878E-03-7.356473901E-03-8.440107922E-03
-9.536427621E-03-1.064592521E-02-1.176895146E-02-1.290578631E-02-1.405667934E-02
-1.522183416E-02-1.640138382E-02-1.759538815E-02-1.880383038E-02-2.002660799E-02
-2.126349857E-02-2.251416178E-02-2.377815621E-02-2.505487630E-02-2.634355040E-02
-2.764325899E-02-2.895289527E-02-3.027115146E-02-3.159652157E-02-3.292728951E-02
-3.426152019E-02-3.559705496E-02-3.693152560E-02-3.826234102E-02-3.958670055E-02
-4.090161990E-02-4.220392880E-02-4.349030158E-02-4.475727711E-02-4.600128294E-02
-4.721867508E-02-4.840575438E-02-4.955879662E-02-5.067409820E-02-5.174798842E-02
-5.277686437E-02-5.375722230E-02-5.468565106E-02-5.555890475E-02-5.637386814E-02
-5.712758780E-02-5.781729452E-02-5.844039750E-02-5.899449125E-02-5.947736016E-02
-5.988699473E-02-6.022154997E-02-6.047941240E-02-6.065913388E-02-6.075944816E-02
-6.077930692E-02-6.071783332E-02-6.057433943E-02-6.034828663E-02-6.003937946E-02
-5.964746886E-02-5.917258343E-02-5.861494900E-02-5.797496318E-02-5.725313092E-02
-5.645033367E-02-5.556741888E-02-5.460556149E-02-5.356590016E-02-5.244992844E-02
-5.125933094E-02-4.999570378E-02-4.866090198E-02-4.725687162E-02-4.578561417E-02
-4.424918398E-02-4.264964615E-02-4.098907332E-02-3.926944245E-02-3.749270245E-02
-3.566072903E-02-3.377532438E-02-3.183810019E-02-2.985052090E-02-2.781405270E-02
-2.573013326E-02-2.360015634E-02-2.142557456E-02-1.920794062E-02-1.694902582E-02
-1.465099041E-02-1.231647260E-02-9.948665478E-03-7.551302183E-03-5.128602093E-03
-2.686700511E-03-2.337741838E-04 2.231475045E-03 4.718329628E-03 7.227558361E-03
 9.757557896E-03 1.230723187E-02 1.487561652E-02 1.746175713E-02 2.006472878E-02
 2.268368124E-02 2.531785254E-02 2.796652408E-02 3.062905695E-02 3.330517324E-02
 3.599259594E-02 1.334402716E-02 1.234092015E-02 1.133832056E-02 1.033632621E-02
 9.334947422E-03 8.334212486E-03 7.334146578E-03 6.334762219E-03 5.336059126E-03
 4.338021493E-03 3.340608203E-03 2.343763658E-03 1.347633577E-03 3.521424892E-04
-6.475053686E-04-1.661193109E-03-2.689605781E-03-3.730300580E-03-4.782105657E-03
-5.844901113E-03-6.919165628E-03-8.005659566E-03-9.105150040E-03-1.021825464E-02
-1.134543432E-02-1.248706468E-02-1.364348202E-02-1.481497373E-02-1.600177353E-02
-1.720406199E-02-1.842193867E-02-1.965541168E-02-2.090439687E-02-2.216870576E-02
-2.344801966E-02-2.474186746E-02-2.604965421E-02-2.737061045E-02-2.870376340E-02
-3.004796502E-02-3.140186038E-02-3.276386536E-02-3.413217440E-02-3.550475077E-02
-3.687932132E-02-3.825337620E-02-3.962418756E-02-4.098880101E-02-4.234406046E-02
-4.368663269E-02-4.501301770E-02-4.631958499E-02-4.760259479E-02-4.885823091E-02
-5.008265772E-02-5.127199931E-02-5.242242620E-02-5.353015479E-02-5.459148165E-02
-5.560282606E-02-5.656069085E-02-5.746180186E-02-5.830299562E-02-5.908126623E-02
-5.979385702E-02-6.043814830E-02-6.101173932E-02-6.151242337E-02-6.193817695E-02
-6.228719372E-02-6.255784442E-02-6.274870107E-02-6.285852362E-02-6.288625593E-02
-6.283103840E-02-6.269218975E-02-6.246918298E-02-6.216171777E-02-6.176964582E-02
-6.129299977E-02-6.073200915E-02-6.008705237E-02-5.935865123E-02-5.854767906E-02
-5.765499750E-02-5.668175705E-02-5.562912989E-02-5.449869780E-02-5.329209599E-02
-5.201099118E-02-5.065734037E-02-4.923314677E-02-4.774053704E-02-4.618165563E-02
-4.455874439E-02-4.287396826E-02-4.112949496E-02-3.932744310E-02-3.746988183E-02
-3.555870411E-02-3.359561135E-02-3.158225349E-02-2.952020933E-02-2.741092843E-02
-2.525580879E-02-2.305622261E-02-2.081361910E-02-1.852968191E-02-1.620639748E-02
-1.384610509E-02-1.145160564E-02-9.026349218E-03-6.574402235E-03-4.100684264E-03
-1.612939296E-03 8.824780623E-04 3.393895733E-03 5.926588947E-03 8.479721763E-03
 1.105196827E-02 1.364231205E-02 1.624979931E-02 1.887355786E-02 2.151280137E-02
 2.416678482E-02 2.683476442E-02 2.951607588E-02 3.221044296E-02 3.491568900E-02
 1.287400084E-02 1.186702801E-02 1.086056601E-02 9.854660997E-03 8.849266982E-03
 7.844387008E-03 6.840043375E-03 5.836257754E-03 4.833046982E-03 3.830414470E-03
 2.828333911E-03 1.826817393E-03 8.262070348E-04-1.752208627E-04-1.187035357E-03
-2.214526017E-03-3.255729204E-03-4.308743193E-03-5.373061729E-03-6.448976233E-03
-7.537213050E-03-8.638623562E-03-9.753964612E-03-1.088382219E-02-1.202865900E-02
-1.318888603E-02-1.436488584E-02-1.555699979E-02-1.676550769E-02-1.799061430E-02
-1.923245442E-02-2.049107905E-02-2.176642679E-02-2.305831982E-02-2.436645377E-02
-2.569038005E-02-2.702946781E-02-2.838292343E-02-2.974977024E-02-3.112879208E-02
-3.251856443E-02-3.391743652E-02-3.532350175E-02-3.673460994E-02-3.814836201E-02
-3.956211058E-02-4.097296552E-02-4.237781842E-02-4.377333992E-02-4.515601740E-02
-4.652217881E-02-4.786801660E-02-4.918962705E-02-5.048303496E-02-5.174423639E-02
-5.296925111E-02-5.415410513E-02-5.529491934E-02-5.638790334E-02-5.742938847E-02
-5.841586109E-02-5.934395433E-02-6.021049505E-02-6.101247661E-02-6.174711613E-02
-6.241179424E-02-6.300412109E-02-6.352189638E-02-6.396310332E-02-6.432597073E-02
-6.460886019E-02-6.481037171E-02-6.492928889E-02-6.496455204E-02-6.491532049E-02
-6.478092047E-02-6.456083719E-02-6.425476581E-02-6.386255790E-02-6.338424753E-02
-6.282006087E-02-6.217035275E-02-6.143568717E-02-6.061686300E-02-5.971480466E-02
-5.873056350E-02-5.766542286E-02-5.652097312E-02-5.529876515E-02-5.400060683E-02
-5.262846845E-02-5.118444082E-02-4.967071248E-02-4.808958136E-02-4.644336441E-02
-4.473438974E-02-4.296499208E-02-4.113749318E-02-3.925408800E-02-3.731677025E-02
-3.532745368E-02-3.328797095E-02-3.119997475E-02-2.906498493E-02-2.688439660E-02
-2.465956265E-02-2.239193163E-02-2.008309280E-02-1.773480779E-02-1.534910933E-02
-1.292850509E-02-1.047616939E-02-7.995997324E-03-5.492467620E-03-2.971748667E-03
-4.424286592E-04 2.095224803E-03 4.651515715E-03 7.227862560E-03 9.822721859E-03
 1.243502871E-02 1.506390957E-02 1.770853736E-02 2.036811315E-02 2.304186089E-02
 2.572904132E-02 2.842902876E-02 3.114157753E-02 3.386459305E-02 1.241993445E-02
 1.140904954E-02 1.039867966E-02 9.388889283E-03 8.379620257E-03 7.370830368E-03
 6.362490239E-03 5.354590994E-03 4.347145070E-03 3.340158355E-03 2.333629091E-03
 1.327762409E-03 3.224315993E-04-6.876027200E-04-1.712584921E-03-2.752898771E-03
-3.806050706E-03-4.870948042E-03-5.947582760E-03-7.036559859E-03-8.138765103E-03
-9.255078062E-03-1.038622046E-02-1.153275974E-02-1.269519071E-02-1.387397814E-02
-1.506954980E-02-1.628228448E-02-1.751250510E-02-1.876046761E-02-2.002633845E-02
-2.131018734E-02-2.261198815E-02-2.393158503E-02-2.526867601E-02-2.662280690E-02
-2.799335476E-02-2.937949190E-02-3.078017862E-02-3.219417837E-02-3.361998603E-02
-3.505585031E-02-3.649977424E-02-3.794948307E-02-3.940244044E-02-4.085584989E-02
-4.230666294E-02-4.375159138E-02-4.518713951E-02-4.660960872E-02-4.801514762E-02
-4.939977518E-02-5.075941756E-02-5.208994852E-02-5.338722129E-02-5.464711236E-02
-5.586555598E-02-5.703856690E-02-5.816228030E-02-5.923296943E-02-6.024707851E-02
-6.120118986E-02-6.209213927E-02-6.291691557E-02-6.367269975E-02-6.435691289E-02
-6.496716765E-02-6.550127650E-02-6.595724603E-02-6.633332715E-02-6.662788895E-02
-6.683956185E-02-6.696714874E-02-6.700959232E-02-6.696607191E-02-6.683592185E-02
-6.661864004E-02-6.631391829E-02-6.592160875E-02-6.544174494E-02-6.487454326E-02
-6.422033092E-02-6.347972775E-02-6.265343698E-02-6.174242676E-02-6.074767296E-02
-5.967055355E-02-5.851259256E-02-5.727533540E-02-5.596065781E-02-5.457054302E-02
-5.310714892E-02-5.157273192E-02-4.996968797E-02-4.830042808E-02-4.656743787E-02
-4.477323727E-02-4.292029486E-02-4.101090241E-02-3.904726679E-02-3.703153520E-02
-3.496566295E-02-3.285142527E-02-3.069040631E-02-2.848405980E-02-2.623382254E-02
-2.394112869E-02-2.160741691E-02-1.923422809E-02-1.682340431E-02-1.437724724E-02
-1.189865021E-02-9.391229953E-03-6.859266481E-03-4.307818665E-03-1.744728322E-03
 8.229867669E-04 3.403630017E-03 6.003018711E-03 8.620503706E-03 1.125485535E-02
 1.390519382E-02 1.657067085E-02 1.925047760E-02 2.194387283E-02 2.465017008E-02
 2.736877151E-02 3.009941329E-02 3.284005762E-02 1.198185865E-02 1.096726558E-02
 9.953107634E-03 8.939459633E-03 7.926307333E-03 6.913638704E-03 5.901423675E-03
 4.889621323E-03 3.878197994E-03 2.867119628E-03 1.856424037E-03 8.465164795E-04
-1.642683539E-04-1.185732761E-03-2.223495645E-03-3.275604130E-03-4.340129779E-03
-5.416608806E-03-6.505424505E-03-7.607417816E-03-8.723557640E-03-9.854705431E-03
-1.100155270E-02-1.216467883E-02-1.334462264E-02-1.454189874E-02-1.575698531E-02
-1.699030760E-02-1.824222642E-02-1.951303205E-02-2.080293419E-02-2.211204251E-02
-2.344034142E-02-2.478768968E-02-2.615380431E-02-2.753822370E-02-2.894030178E-02
-3.035919032E-02-3.179381624E-02-3.324284767E-02-3.470472816E-02-3.617761524E-02
-3.765938000E-02-3.914763115E-02-4.063968571E-02-4.213258760E-02-4.362311883E-02
-4.510781687E-02-4.658299547E-02-4.804478473E-02-4.948914259E-02-5.091191732E-02
-5.230887163E-02-5.367572630E-02-5.500820012E-02-5.630204699E-02-5.755310738E-02
-5.875730503E-02-5.991071572E-02-6.100956521E-02-6.205025170E-02-6.302937382E-02
-6.394372102E-02-6.479029742E-02-6.556629362E-02-6.626915730E-02-6.689650300E-02
-6.744617023E-02-6.791619860E-02-6.830484422E-02-6.861050530E-02-6.883183917E-02
-6.896766481E-02-6.901693409E-02-6.897884633E-02-6.885274436E-02-6.863813920E-02
-6.833472148E-02-6.794234499E-02-6.746104147E-02-6.689101538E-02-6.623257044E-02
-6.548635696E-02-6.465302688E-02-6.373350534E-02-6.272879421E-02-6.164028801E-02
-6.046939195E-02-5.921773864E-02-5.788717738E-02-5.647973172E-02-5.499756694E-02
-5.344304115E-02-5.181857396E-02-5.012671000E-02-4.837008258E-02-4.655136232E-02
-4.467309770E-02-4.273776864E-02-4.074784237E-02-3.870562075E-02-3.661321477E-02
-3.447251516E-02-3.228523082E-02-3.005297453E-02-2.777724188E-02-2.545938973E-02
-2.310072890E-02-2.070271021E-02-1.826705734E-02-1.579587965E-02-1.329179623E-02
-1.075807756E-02-8.198709171E-03-5.618297754E-03-3.023215662E-03-4.223773433E-04
 2.183918427E-03 4.806361155E-03 7.446503869E-03 1.010291540E-02 1.277462664E-02
 1.546082518E-02 1.816076006E-02 2.087373072E-02 2.359905703E-02 2.633612586E-02
 2.908465954E-02 3.184271778E-02 1.155954824E-02 1.054147035E-02 9.523767601E-03
 8.506493075E-03 7.489629957E-03 6.473178276E-03 5.457136490E-03 4.441492281E-03
 3.426212763E-03 2.411247557E-03 1.396746169E-03 3.826871634E-04-6.357374986E-04
-1.669367704E-03-2.719010680E-03-3.782140761E-03-4.857615973E-03-5.945459389E-03
-7.046360137E-03-8.161309688E-03-9.291300386E-03-1.043716606E-02-1.159958789E-02
-1.277917542E-02-1.397652024E-02-1.519218795E-02-1.642670040E-02-1.768052712E-02
-1.895407663E-02-2.024768017E-02-2.156157682E-02-2.289590337E-02-2.425067961E-02
-2.562577925E-02-2.702090973E-02-2.843561320E-02-2.986922583E-02-3.132085823E-02
-3.278938582E-02-3.427343048E-02-3.577132239E-02-3.728112197E-02-3.880059964E-02
-4.032720404E-02-4.185810839E-02-4.339019098E-02-4.492005625E-02-4.644405807E-02
-4.795832719E-02-4.945879974E-02-5.094126711E-02-5.240139410E-02-5.383478871E-02
-5.523702732E-02-5.660370302E-02-5.793046215E-02-5.921304207E-02-6.044732219E-02
-6.162930683E-02-6.275519149E-02-6.382135799E-02-6.482439705E-02-6.576108044E-02
-6.662844608E-02-6.742371005E-02-6.814431409E-02-6.878790546E-02-6.935235477E-02
-6.983573035E-02-7.023629275E-02-7.055248391E-02-7.078297809E-02-7.092661116E-02
-7.098235072E-02-7.094941486E-02-7.082715529E-02-7.061509657E-02-7.031293068E-02
-6.992051444E-02-6.943787689E-02-6.886521065E-02-6.820281708E-02-6.745131634E-02
-6.661137845E-02-6.568381861E-02-6.466972663E-02-6.357043135E-02-6.238727159E-02
-6.112192119E-02-5.977620346E-02-5.835214683E-02-5.685195589E-02-5.527799267E-02
-5.363275458E-02-5.191889165E-02-5.013917398E-02-4.829632689E-02-4.639304019E-02
-4.443205383E-02-4.241600331E-02-4.034735774E-02-3.822837395E-02-3.606111576E-02
-3.384751085E-02-3.158929088E-02-2.928794001E-02-2.694478080E-02-2.456113567E-02
-2.213842696E-02-1.967826999E-02-1.718258008E-02-1.465368506E-02-1.209446944E-02
-9.508589286E-03-6.900488020E-03-4.275531439E-03-1.642003077E-03 9.931500272E-04
 3.639266029E-03 6.301839083E-03 8.980167314E-03 1.167313511E-02 1.437996884E-02
 1.709994086E-02 1.983233953E-02 2.257648471E-02 2.533179422E-02 2.809803042E-02
 3.087336281E-02 1.115299914E-02 1.013159191E-02 9.110512043E-03 8.089807383E-03
 7.069458335E-03 6.049454358E-03 5.029787328E-03 4.010448832E-03 2.991414566E-03
 1.972690312E-03 9.546404929E-04-6.405136035E-05-1.092589359E-03-2.137985637E-03
-3.198533691E-03-4.272120915E-03-5.358228171E-03-6.457266213E-03-7.570153440E-03
-8.697965658E-03-9.841683411E-03-1.100211114E-02-1.217994155E-02-1.337583561E-02
-1.459043848E-02-1.582436022E-02-1.707816991E-02-1.835238373E-02-1.964745073E-02
-2.096374280E-02-2.230153858E-02-2.366100286E-02-2.504217026E-02-2.644492988E-02
-2.786900433E-02-2.931391350E-02-3.077896500E-02-3.226324195E-02-3.376555808E-02
-3.528445571E-02-3.681818780E-02-3.836469644E-02-3.992160478E-02-4.148624821E-02
-4.305561776E-02-4.462642290E-02-4.619508954E-02-4.775778286E-02-4.931044311E-02
-5.084882465E-02-5.236853310E-02-5.386508021E-02-5.533390769E-02-5.677046224E-02
-5.817022003E-02-5.952873427E-02-6.084166702E-02-6.210482663E-02-6.331419559E-02
-6.446593974E-02-6.555643218E-02-6.658225579E-02-6.754022180E-02-6.842735885E-02
-6.924091896E-02-6.997835145E-02-7.063735422E-02-7.121581602E-02-7.171182988E-02
-7.212367479E-02-7.244983751E-02-7.268899794E-02-7.284001244E-02-7.290186963E-02
-7.287380437E-02-7.275517775E-02-7.254552838E-02-7.224455224E-02-7.185211031E-02
-7.136822944E-02-7.079308529E-02-7.012701214E-02-6.937054825E-02-6.852439822E-02
-6.758930710E-02-6.656641560E-02-6.545692449E-02-6.426221277E-02-6.298390188E-02
-6.162381649E-02-6.018395308E-02-5.866653920E-02-5.707393358E-02-5.540870408E-02
-5.367360435E-02-5.187143382E-02-5.000499857E-02-4.807722077E-02-4.609100479E-02
-4.404914282E-02-4.195425658E-02-3.980880287E-02-3.761510281E-02-3.537524365E-02
-3.309099890E-02-3.076390610E-02-2.839539361E-02-2.598684406E-02-2.353965588E-02
-2.105532520E-02-1.853554136E-02-1.598233967E-02-1.339832957E-02-1.078688706E-02
-8.152194749E-03-5.499131894E-03-2.834621405E-03-1.678394301E-04 2.502763041E-03
 5.187533783E-03 7.887645397E-03 1.060177735E-02 1.332909814E-02 1.606888960E-02
 1.882047425E-02 2.158323188E-02 2.435663059E-02 2.714042676E-02 2.993284704E-02
 1.076218469E-02 9.737626195E-03 8.713344978E-03 7.689379253E-03 6.665713629E-03
 5.642341298E-03 4.619254803E-03 3.596437312E-03 2.573859660E-03 1.551629826E-03
 5.299485606E-04-4.949244694E-04-1.534526075E-03-2.590938359E-03-3.661625231E-03
-4.745232084E-03-5.841720480E-03-6.951805297E-03-8.076563499E-03-9.217101882E-03
-1.037437282E-02-1.154917081E-02-1.274222263E-02-1.395424000E-02-1.518591673E-02
-1.643791484E-02-1.771085156E-02-1.900528480E-02-2.032170810E-02-2.166053329E-02
-2.302207025E-02-2.440651463E-02-2.581392485E-02-2.724419692E-02-2.869704626E-02
-3.017198790E-02-3.166830695E-02-3.318502508E-02-3.472090336E-02-3.627440442E-02
-3.784367545E-02-3.942654322E-02-4.102050814E-02-4.262271821E-02-4.423003048E-02
-4.583896218E-02-4.744575003E-02-4.904637466E-02-5.063658591E-02-5.221195322E-02
-5.376791090E-02-5.529980223E-02-5.680294002E-02-5.827263189E-02-5.970425526E-02
-6.109327954E-02-6.243530659E-02-6.372609925E-02-6.496161499E-02-6.613800365E-02
-6.725164343E-02-6.829913234E-02-6.927729984E-02-7.018318044E-02-7.101407154E-02
-7.176745403E-02-7.244105118E-02-7.303277080E-02-7.354073582E-02-7.396325119E-02
-7.429884099E-02-7.454618637E-02-7.470416684E-02-7.477179500E-02-7.474832032E-02
-7.463311404E-02-7.442572933E-02-7.412586856E-02-7.373339859E-02-7.324834659E-02
-7.267086432E-02-7.200134240E-02-7.124024278E-02-7.038824031E-02-6.944611462E-02
-6.841497104E-02-6.729591182E-02-6.609034334E-02-6.479984012E-02-6.342618495E-02
-6.197138270E-02-6.043760121E-02-5.882723835E-02-5.714292167E-02-5.538741383E-02
-5.356352818E-02-5.167425366E-02-4.972265992E-02-4.771177752E-02-4.564453486E-02
-4.352375728E-02-4.135217264E-02-3.913227864E-02-3.686623981E-02-3.455595831E-02
-3.220315737E-02-2.980940502E-02-2.737613663E-02-2.490470200E-02-2.239644333E-02
-1.985286864E-02-1.727585671E-02-1.466778511E-02-1.203166330E-02-9.371335349E-03
-6.691487900E-03-3.997965997E-03-1.299694226E-03 1.397542192E-03 4.104823107E-03
 6.826455817E-03 9.561518129E-03 1.230907233E-02 1.506845803E-02 1.783906066E-02
 2.062027668E-02 2.341155368E-02 2.621260669E-02 2.902174266E-02 1.038729702E-02
 9.359636627E-03 8.332265008E-03 7.305198789E-03 6.278396395E-03 5.251836101E-03
 4.225507803E-03 3.199389435E-03 2.173474622E-03 1.148060116E-03 1.224652133E-04
-9.107836982E-04-1.961154591E-03-3.027680697E-03-4.107937647E-03-5.201214117E-03
-6.307867428E-03-7.428849916E-03-8.565332694E-03-9.718416649E-03-1.088902858E-02
-1.207797400E-02-1.328602508E-02-1.451394662E-02-1.576248262E-02-1.703234100E-02
-1.832418371E-02-1.963861881E-02-2.097618399E-02-2.233732521E-02-2.372238767E-02
-2.513159388E-02-2.656501709E-02-2.802256560E-02-2.950395328E-02-3.100867114E-02
-3.253596821E-02-3.408483015E-02-3.565394143E-02-3.724166987E-02-3.884606743E-02
-4.046482945E-02-4.209530888E-02-4.373451315E-02-4.537909754E-02-4.702541295E-02
-4.866950892E-02-5.030716374E-02-5.193394866E-02-5.354525072E-02-5.513633425E-02
-5.670239339E-02-5.823859918E-02-5.974016181E-02-6.120235431E-02-6.262058026E-02
-6.399039322E-02-6.530752621E-02-6.656791469E-02-6.776772491E-02-6.890333231E-02
-6.997135702E-02-7.096864587E-02-7.189228271E-02-7.273957530E-02-7.350804987E-02
-7.419543878E-02-7.479968889E-02-7.531894925E-02-7.575155239E-02-7.609604208E-02
-7.635110920E-02-7.651565542E-02-7.658871679E-02-7.656955580E-02-7.645755502E-02
-7.625228255E-02-7.595344915E-02-7.556092970E-02-7.507475827E-02-7.449506725E-02
-7.382227680E-02-7.305683452E-02-7.219933147E-02-7.125063138E-02-7.021172576E-02
-6.908372578E-02-6.786798092E-02-6.656604508E-02-6.517965504E-02-6.371076495E-02
-6.216153277E-02-6.053437562E-02-5.883191911E-02-5.705687862E-02-5.521218590E-02
-5.330095075E-02-5.132632569E-02-4.929144277E-02-4.719941514E-02-4.505332756E-02
-4.285607548E-02-4.061024904E-02-3.831819816E-02-3.598207014E-02-3.360378980E-02
-3.118503831E-02-2.872726230E-02-2.623174233E-02-2.369976823E-02-2.113278596E-02
-1.853248661E-02-1.590096191E-02-1.324093845E-02-1.055598839E-02-7.850558614E-03
-5.129900416E-03-2.401826126E-03 3.245853177E-04 3.054817733E-03 5.797562108E-03
 8.553292221E-03 1.132089918E-02 1.409970871E-02 1.688909935E-02 1.968844894E-02
 2.249720788E-02 2.531510198E-02 2.814055204E-02 1.002879466E-02 8.998041966E-03
 7.967573473E-03 6.937426202E-03 5.907564310E-03 4.877950546E-03 3.848549619E-03
 2.819313486E-03 1.790278174E-03 7.618419387E-04-2.683146157E-04-1.311367677E-03
-2.371955471E-03-3.447809430E-03-4.537174647E-03-5.639834214E-03-6.756458115E-03
-7.888170569E-03-9.036188910E-03-1.020159482E-02-1.138530163E-02-1.258814190E-02
-1.381093891E-02-1.505450951E-02-1.631964533E-02-1.760710188E-02-1.891758959E-02
-2.025176058E-02-2.161019127E-02-2.299337001E-02-2.440167607E-02-2.583535181E-02
-2.729448881E-02-2.877900043E-02-3.028858993E-02-3.182273184E-02-3.338063808E-02
-3.496123029E-02-3.656312256E-02-3.818460047E-02-3.982358476E-02-4.147764691E-02
-4.314399028E-02-4.481945116E-02-4.650051681E-02-4.818334706E-02-4.986378870E-02
-5.153745279E-02-5.319970635E-02-5.484577215E-02-5.647075147E-02-5.806969475E-02
-5.963765448E-02-6.116973286E-02-6.266113944E-02-6.410721052E-02-6.550346602E-02
-6.684562428E-02-6.812961873E-02-6.935161341E-02-7.050801612E-02-7.159546753E-02
-7.261084758E-02-7.355127059E-02-7.441406104E-02-7.519679192E-02-7.589721291E-02
-7.651330740E-02-7.704324101E-02-7.748537438E-02-7.783825908E-02-7.810060689E-02
-7.827133693E-02-7.834950507E-02-7.833438584E-02-7.822537465E-02-7.802205486E-02
-7.772414745E-02-7.733153743E-02-7.684427054E-02-7.626248372E-02-7.558656948E-02
-7.481700803E-02-7.395434860E-02-7.299948366E-02-7.195329695E-02-7.081692566E-02
-6.959167353E-02-6.827903247E-02-6.688071611E-02-6.539861058E-02-6.383487250E-02
-6.219190946E-02-6.047225464E-02-5.867867312E-02-5.681418874E-02-5.488194491E-02
-5.288514772E-02-5.082707917E-02-4.871107817E-02-4.654036252E-02-4.431791538E-02
-4.204654596E-02-3.972888439E-02-3.736731538E-02-3.496391453E-02-3.252042099E-02
-3.003830929E-02-2.751892989E-02-2.496357665E-02-2.237356194E-02-1.975040660E-02
-1.709604676E-02-1.441297674E-02-1.170441315E-02-8.974476850E-03-6.228164544E-03
-3.472067801E-03-7.156978499E-04 2.038342271E-03 4.802101933E-03 7.578264894E-03
 1.036567314E-02 1.316356032E-02 1.597132059E-02 1.878836943E-02 2.161419650E-02
 2.444854247E-02 2.728992663E-02 9.686377360E-03 8.652829430E-03 7.619480813E-03
 6.586374368E-03 5.553511141E-03 4.520887445E-03 3.488482316E-03 2.456256343E-03
 1.424351378E-03 3.927291911E-04-6.436241865E-04-1.696417320E-03-2.766423004E-03
-3.851009639E-03-4.949095938E-03-6.060875154E-03-7.187269565E-03-8.329519786E-03
-9.488851401E-03-1.066631933E-02-1.186283972E-02-1.307928943E-02-1.431654525E-02
-1.557547169E-02-1.685690660E-02-1.816165441E-02-1.949047241E-02-2.084405633E-02
-2.222302501E-02-2.362790307E-02-2.505909658E-02-2.651687549E-02-2.800134710E-02
-2.951242169E-02-3.104979429E-02-3.261291278E-02-3.420094405E-02-3.581275484E-02
-3.744687745E-02-3.910148909E-02-4.077440346E-02-4.246305176E-02-4.416447061E-02
-4.587533775E-02-4.759195456E-02-4.931029016E-02-5.102601715E-02-5.273452771E-02
-5.443104292E-02-5.611059416E-02-5.776814408E-02-5.939860791E-02-6.099692953E-02
-6.255812706E-02-6.407733783E-02-6.554986874E-02-6.697120885E-02-6.833706986E-02
-6.964339599E-02-7.088636915E-02-7.206242081E-02-7.316822033E-02-7.420068217E-02
-7.515694607E-02-7.603438267E-02-7.683057904E-02-7.754332354E-02-7.817061437E-02
-7.871063405E-02-7.916176673E-02-7.952257120E-02-7.979178346E-02-7.996833433E-02
-8.005129564E-02-8.003995281E-02-7.993371561E-02-7.973218276E-02-7.943508816E-02
-7.904232785E-02-7.855395411E-02-7.797014837E-02-7.729125350E-02-7.651774997E-02
-7.565023847E-02-7.468954021E-02-7.363653689E-02-7.249232258E-02-7.125817547E-02
-6.993554871E-02-6.852607203E-02-6.703161997E-02-6.545433083E-02-6.379650034E-02
-6.206064558E-02-6.024959771E-02-5.836636932E-02-5.641410587E-02-5.439611869E-02
-5.231586460E-02-5.017676223E-02-4.798209655E-02-4.573507885E-02-4.343880598E-02
-4.109614938E-02-3.870965508E-02-3.628149375E-02-3.381353440E-02-3.130740820E-02
-2.876450834E-02-2.618608346E-02-2.357341604E-02-2.092795694E-02-1.825144526E-02
-1.554609365E-02-1.281482098E-02-1.006146622E-02-7.290789381E-03-4.508559092E-03
-1.723611536E-03 1.056326322E-03 3.841364588E-03 6.637469976E-03 9.444226643E-03
 1.226074470E-02 1.508644506E-02 1.792078326E-02 2.076326799E-02 2.361364291E-02
 2.647053412E-02 9.359462178E-03 8.323413883E-03 7.287505461E-03 6.251757853E-03
 5.216168511E-03 4.180740807E-03 3.145465455E-03 2.110356718E-03 1.075764990E-03
 4.069230150E-05-1.003461605E-03-2.065547598E-03-3.144179208E-03-4.237006953E-03
-5.343483622E-03-6.464139098E-03-7.600090390E-03-8.752646305E-03-9.923022233E-03
-1.111225666E-02-1.232128601E-02-1.355103285E-02-1.480242242E-02-1.607636794E-02
-1.737375784E-02-1.869544333E-02-2.004222566E-02-2.141484450E-02-2.281395981E-02
-2.424013018E-02-2.569379170E-02-2.717523538E-02-2.868457545E-02-3.022172577E-02
-3.178636926E-02-3.337791841E-02-3.499549589E-02-3.663790124E-02-3.830358013E-02
-3.999061034E-02-4.169667525E-02-4.341905857E-02-4.515465300E-02-4.689994693E-02
-4.865106414E-02-5.040378788E-02-5.215359574E-02-5.389571419E-02-5.562516365E-02
-5.733684222E-02-5.902555571E-02-6.068611125E-02-6.231335112E-02-6.390222293E-02
-6.544781582E-02-6.694539989E-02-6.839046331E-02-6.977871772E-02-7.110612226E-02
-7.236888662E-02-7.356346862E-02-7.468657981E-02-7.573515852E-02-7.670638282E-02
-7.759765273E-02-7.840656890E-02-7.913096008E-02-7.976882803E-02-8.031838232E-02
-8.077801802E-02-8.114629994E-02-8.142198603E-02-8.160401307E-02-8.169146733E-02
-8.168364338E-02-8.157996630E-02-8.138004963E-02-8.108364443E-02-8.069066079E-02
-8.020114947E-02-7.961535482E-02-7.893359574E-02-7.815631291E-02-7.728419782E-02
-7.631796913E-02-7.525854123E-02-7.410698054E-02-7.286451130E-02-7.153253853E-02
-7.011265653E-02-6.860671772E-02-6.701675564E-02-6.534499599E-02-6.359400086E-02
-6.176655525E-02-5.986562795E-02-5.789442495E-02-5.585637286E-02-5.375494257E-02
-5.159359078E-02-4.937581867E-02-4.710510355E-02-4.478475486E-02-4.241778813E-02
-4.000687821E-02-3.755440979E-02-3.506244391E-02-3.253269174E-02-2.996662031E-02
-2.736556024E-02-2.473076958E-02-2.206356162E-02-1.936550750E-02-1.663863699E-02
-1.388560758E-02-1.110989807E-02-8.315952418E-03-5.509153371E-03-2.697314006E-03
 1.099092464E-04 2.916281764E-03 5.731778762E-03 8.557421974E-03 1.139213850E-02
 1.423533189E-02 1.708649451E-02 1.994517447E-02 2.281114760E-02 2.568315530E-02
 9.048101925E-03 8.009664091E-03 6.971357047E-03 5.933184421E-03 4.895125835E-03
 3.857170460E-03 2.819295017E-03 1.781563137E-03 7.443965387E-04-2.947223737E-04
-1.347486650E-03-2.418341726E-03-3.504937753E-03-4.605573578E-03-5.720133757E-03
-6.849419907E-03-7.994692706E-03-9.157291840E-03-1.033841179E-02-1.153908484E-02
-1.276028065E-02-1.400297292E-02-1.526813670E-02-1.655673107E-02-1.786968855E-02
-1.920790558E-02-2.057223203E-02-2.196345119E-02-2.338225985E-02-2.482924933E-02
-2.630488451E-02-2.780947375E-02-2.934314034E-02-3.090579493E-02-3.249709828E-02
-3.411643316E-02-3.576287331E-02-3.743514230E-02-3.913159880E-02-4.085020821E-02
-4.258852514E-02-4.434369121E-02-4.611242647E-02-4.789105065E-02-4.967550986E-02
-5.146138669E-02-5.324398604E-02-5.501835097E-02-5.677934146E-02-5.852170501E-02
-6.024011704E-02-6.192928207E-02-6.358396113E-02-6.519903904E-02-6.676957226E-02
-6.829081433E-02-6.975824674E-02-7.116760257E-02-7.251486322E-02-7.379626750E-02
-7.500830952E-02-7.614772759E-02-7.721150259E-02-7.819684054E-02-7.910116325E-02
-7.992210629E-02-8.065750782E-02-8.130538524E-02-8.186396175E-02-8.233163675E-02
-8.270698607E-02-8.298877972E-02-8.317595509E-02-8.326761535E-02-8.326306163E-02
-8.316173411E-02-8.296326018E-02-8.266741239E-02-8.227412354E-02-8.178344598E-02
-8.119565137E-02-8.051108232E-02-7.973017782E-02-7.885363452E-02-7.788216440E-02
-7.681666384E-02-7.565818137E-02-7.440791451E-02-7.306720873E-02-7.163764549E-02
-7.012099826E-02-6.851919443E-02-6.683448725E-02-6.506937394E-02-6.322656168E-02
-6.130904025E-02-5.932007278E-02-5.726303386E-02-5.514140276E-02-5.295882335E-02
-5.071901530E-02-4.842561258E-02-4.608203011E-02-4.369144579E-02-4.125678646E-02
-3.878061911E-02-3.626514401E-02-3.371225946E-02-3.112356509E-02-2.850040274E-02
-2.584399668E-02-2.315561705E-02-2.043671852E-02-1.768909950E-02-1.491512346E-02
-1.211796873E-02-9.301833343E-03-6.471887339E-03-3.634867286E-03-8.005454919E-04
 2.027675749E-03 4.862253389E-03 7.706246227E-03 1.055864260E-02 1.341882140E-02
 1.628633387E-02 1.916078366E-02 2.204197888E-02 2.492876132E-02 8.752839127E-03
 7.712007232E-03 6.671320242E-03 5.630783103E-03 4.590366512E-03 3.550041303E-03
 2.509775371E-03 1.469718069E-03 4.299192463E-04-6.144276415E-04-1.675512680E-03
-2.754406868E-03-3.848441857E-03-4.956512750E-03-6.078866201E-03-7.216524203E-03
-8.370848866E-03-9.543188310E-03-1.073471661E-02-1.194647343E-02-1.317946844E-02
-1.443472372E-02-1.571326010E-02-1.701608284E-02-1.834417222E-02-1.969847190E-02
-2.107987317E-02-2.248919746E-02-2.392717994E-02-2.539444762E-02-2.689148944E-02
-2.841862764E-02-2.997599272E-02-3.156348804E-02-3.318075323E-02-3.482713434E-02
-3.650164563E-02-3.820293988E-02-3.992928405E-02-4.167852445E-02-4.344808572E-02
-4.523495646E-02-4.703569502E-02-4.884644840E-02-5.066297000E-02-5.248067589E-02
-5.429467999E-02-5.609985654E-02-5.789091598E-02-5.966245928E-02-6.140906418E-02
-6.312531618E-02-6.480593250E-02-6.644574014E-02-6.803977248E-02-6.958328100E-02
-7.107175709E-02-7.250094960E-02-7.386687430E-02-7.516580542E-02-7.639427150E-02
-7.754904726E-02-7.862714297E-02-7.962579365E-02-8.054244986E-02-8.137476363E-02
-8.212057406E-02-8.277792790E-02-8.334504565E-02-8.382032741E-02-8.420236063E-02
-8.448991539E-02-8.468192811E-02-8.477752076E-02-8.477599806E-02-8.467681443E-02
-8.447961095E-02-8.418418385E-02-8.379049254E-02-8.329861014E-02-8.270880571E-02
-8.202144566E-02-8.123704234E-02-8.035621862E-02-7.937973242E-02-7.830847446E-02
-7.714346596E-02-7.588585918E-02-7.453699672E-02-7.309841074E-02-7.157175388E-02
-6.995896739E-02-6.826223798E-02-6.648396554E-02-6.462685001E-02-6.269388748E-02
-6.068823129E-02-5.861324348E-02-5.647255300E-02-5.426995294E-02-5.200924427E-02
-4.969412416E-02-4.732819317E-02-4.491485530E-02-4.245720059E-02-3.995801181E-02
-3.741972492E-02-3.484437328E-02-3.223363769E-02-2.958894572E-02-2.691155124E-02
-2.420263811E-02-2.146350440E-02-1.869578528E-02-1.590166644E-02-1.308407938E-02
-1.024691449E-02-7.395078990E-03-4.534634874E-03-1.674843389E-03 1.176426188E-03
 4.029949658E-03 6.891634137E-03 9.761171267E-03 1.263786568E-02 1.552130312E-02
 1.841113076E-02 2.130717503E-02 2.420836838E-02 8.473941646E-03 7.430809126E-03
 6.387809713E-03 5.344954714E-03 4.302224935E-03 3.259590070E-03 2.217036267E-03
 1.174860114E-03 1.323437801E-04-9.183217810E-04-1.987256606E-03-3.073475881E-03
-4.174472396E-03-5.289623865E-03-6.419482568E-03-7.565244525E-03-8.728330603E-03
-9.910078111E-03-1.111164634E-02-1.233409740E-02-1.357848821E-02-1.484588737E-02
-1.613735957E-02-1.745395396E-02-1.879669537E-02-2.016657155E-02-2.156451657E-02
-2.299139365E-02-2.444797429E-02-2.593491181E-02-2.745271593E-02-2.900172693E-02
-3.058207970E-02-3.219366509E-02-3.383609833E-02-3.550868535E-02-3.721038125E-02
-3.893976161E-02-4.069499193E-02-4.247380531E-02-4.427349329E-02-4.609088855E-02
-4.792238719E-02-4.976395868E-02-5.161118321E-02-5.345929601E-02-5.530323505E-02
-5.713772571E-02-5.895731806E-02-6.075650031E-02-6.252973689E-02-6.427155111E-02
-6.597658035E-02-6.763964595E-02-6.925574790E-02-7.082015118E-02-7.232836576E-02
-7.377616834E-02-7.515960490E-02-7.647498851E-02-7.771888637E-02-7.888810691E-02
-7.997968930E-02-8.099089942E-02-8.191920094E-02-8.276225823E-02-8.351792975E-02
-8.418426192E-02-8.475946640E-02-8.524195341E-02-8.563030960E-02-8.592329795E-02
-8.611985610E-02-8.621912083E-02-8.622039965E-02-8.612316059E-02-8.592705972E-02
-8.563191508E-02-8.523770607E-02-8.474455401E-02-8.415273188E-02-8.346260571E-02
-8.267476074E-02-8.178980412E-02-8.080850467E-02-7.973175192E-02-7.856054969E-02
-7.729604251E-02-7.593955392E-02-7.449250630E-02-7.295655366E-02-7.133358249E-02
-6.962567887E-02-6.783521931E-02-6.596487041E-02-6.401747862E-02-6.199617598E-02
-5.990443338E-02-5.774595095E-02-5.552451917E-02-5.324397404E-02-5.090818919E-02
-4.852091868E-02-4.608573584E-02-4.360598728E-02-4.108466152E-02-3.852434299E-02
-3.592723673E-02-3.329517206E-02-3.062962279E-02-2.793182255E-02-2.520293494E-02
-2.244421921E-02-1.965719354E-02-1.684383074E-02-1.400679056E-02-1.114966718E-02
-8.277127771E-03-5.394887257E-03-2.511366363E-03 3.636407743E-04 3.235849287E-03
 6.114615780E-03 9.000796760E-03 1.189355098E-02 1.479247223E-02 1.769724638E-02
 2.060771056E-02 2.352288000E-02 8.211187350E-03 7.165941299E-03 6.120798645E-03
 5.075772316E-03 4.030851904E-03 2.986009309E-03 1.941270438E-03 8.970816131E-04
-1.483665366E-04-1.206037346E-03-2.282377327E-03-3.375317778E-03-4.482855210E-03
-5.604756528E-03-6.741820955E-03-7.895380335E-03-9.066891694E-03-1.025767953E-02
-1.146889872E-02-1.270163707E-02-1.395699356E-02-1.523607987E-02-1.654000597E-02
-1.786986808E-02-1.922673487E-02-2.061163562E-02-2.202554417E-02-2.346936127E-02
-2.494389184E-02-2.644981816E-02-2.798767329E-02-2.955780761E-02-3.116035236E-02
-3.279518654E-02-3.446190281E-02-3.615976174E-02-3.788765434E-02-3.964407662E-02
-4.142709455E-02-4.323432281E-02-4.506291305E-02-4.690954971E-02-4.877046726E-02
-5.064146028E-02-5.251793705E-02-5.439495749E-02-5.626730327E-02-5.812953869E-02
-5.997609010E-02-6.180133012E-02-6.359962777E-02-6.536544872E-02-6.709338482E-02
-6.877823326E-02-7.041499998E-02-7.199895039E-02-7.352563052E-02-7.499084659E-02
-7.639068303E-02-7.772148828E-02-7.897986599E-02-8.016266026E-02-8.126693921E-02
-8.228998512E-02-8.322928066E-02-8.408250060E-02-8.484750482E-02-8.552232795E-02
-8.610519708E-02-8.659450995E-02-8.698884560E-02-8.728696010E-02-8.748779140E-02
-8.759048099E-02-8.759434179E-02-8.749885547E-02-8.730369479E-02-8.700869808E-02
-8.661386173E-02-8.611936018E-02-8.552548154E-02-8.483263343E-02-8.404138782E-02
-8.315240372E-02-8.216646269E-02-8.108445375E-02-7.990737094E-02-7.863636792E-02
-7.727268926E-02-7.581774516E-02-7.427315688E-02-7.264072047E-02-7.092249246E-02
-6.912079013E-02-6.723811247E-02-6.527729012E-02-6.324152268E-02-6.113427427E-02
-5.895916859E-02-5.672002745E-02-5.442080029E-02-5.206544755E-02-4.965791502E-02
-4.720198738E-02-4.470116505E-02-4.215862900E-02-3.957717490E-02-3.695914246E-02
-3.430644511E-02-3.162066199E-02-2.890312220E-02-2.615500311E-02-2.337748266E-02
-2.057194087E-02-1.774017940E-02-1.488464840E-02-1.200868029E-02-9.116678714E-03
-6.214103251E-03-3.308390279E-03-4.097645333E-04 2.480986366E-03 5.376320739E-03
 8.278605812E-03 1.118690803E-02 1.410080252E-02 1.701999954E-02 1.994433827E-02
 2.287292035E-02 7.964244245E-03 6.917093824E-03 5.870015354E-03 4.823016999E-03
 3.776089263E-03 2.729209350E-03 1.682470689E-03 6.362275294E-04-4.128716130E-04
-1.477434839E-03-2.560578610E-03-3.659723110E-03-4.773406586E-03-5.901729161E-03
-7.045695103E-03-8.206735615E-03-9.386319646E-03-1.058575242E-02-1.180619306E-02
-1.304876604E-02-1.431461761E-02-1.560490448E-02-1.692077604E-02-1.826336601E-02
-1.963378329E-02-2.103309966E-02-2.246233214E-02-2.392241847E-02-2.541419342E-02
-2.693836379E-02-2.849548063E-02-3.008590337E-02-3.170976335E-02-3.336692695E-02
-3.505695299E-02-3.677905273E-02-3.853205768E-02-4.031438258E-02-4.212398950E-02
-4.395837284E-02-4.581454950E-02-4.768905449E-02-4.957795793E-02-5.147689015E-02
-5.338109359E-02-5.528546120E-02-5.718462037E-02-5.907299421E-02-6.094489372E-02
-6.279458110E-02-6.461636157E-02-6.640463463E-02-6.815397355E-02-6.985915049E-02
-7.151519454E-02-7.311737777E-02-7.466128137E-02-7.614275236E-02-7.755790888E-02
-7.890314118E-02-8.017508661E-02-8.137061812E-02-8.248683140E-02-8.352102643E-02
-8.447069312E-02-8.533351072E-02-8.610733815E-02-8.679021072E-02-8.738034058E-02
-8.787611135E-02-8.827609487E-02-8.857904262E-02-8.878388938E-02-8.888976910E-02
-8.889600265E-02-8.880208568E-02-8.860770891E-02-8.831273444E-02-8.791718332E-02
-8.742125862E-02-8.682526923E-02-8.612970062E-02-8.533511230E-02-8.444220249E-02
-8.345177103E-02-8.236471040E-02-8.118204092E-02-7.990487631E-02-7.853443604E-02
-7.707212434E-02-7.551949138E-02-7.387830600E-02-7.215055099E-02-7.033838184E-02
-6.844429845E-02-6.647115946E-02-6.442208658E-02-6.230042859E-02-6.010983714E-02
-5.785415372E-02-5.553740324E-02-5.316370729E-02-5.073712204E-02-4.826157764E-02
-4.574077905E-02-4.317806557E-02-4.057636275E-02-3.793819385E-02-3.526566603E-02
-3.256047933E-02-2.982400531E-02-2.705742039E-02-2.426187079E-02-2.143865478E-02
-1.858942649E-02-1.571641973E-02-1.282269873E-02-9.912395858E-03-6.990749655E-03
-4.064471301E-03-1.143566920E-03 1.766231893E-03 4.677815755E-03 7.595545286E-03
 1.051877236E-02 1.344701294E-02 1.637999279E-02 1.931755926E-02 2.225890404E-02
 7.733025949E-03 6.684120678E-03 5.635272301E-03 4.586482837E-03 3.537736153E-03
 2.489015590E-03 1.440503971E-03 3.921727373E-04-6.612969237E-04-1.732316148E-03
-2.821632092E-03-3.926520348E-03-5.045978461E-03-6.180391780E-03-7.330932841E-03
-8.499102155E-03-9.686368892E-03-1.089402491E-02-1.212324331E-02-1.337518652E-02
-1.465103990E-02-1.595199748E-02-1.727924927E-02-1.863397255E-02-2.001732142E-02
-2.143040742E-02-2.287427906E-02-2.434990423E-02-2.585814767E-02-2.739974514E-02
-2.897526571E-02-3.058507379E-02-3.222929428E-02-3.390777559E-02-3.562004570E-02
-3.736527119E-02-3.914221772E-02-4.094921132E-02-4.278411213E-02-4.464430076E-02
-4.652665861E-02-4.842756974E-02-5.034294914E-02-5.226826858E-02-5.419860531E-02
-5.612869951E-02-5.805303568E-02-5.996590741E-02-6.186151478E-02-6.373403403E-02
-6.557770582E-02-6.738688722E-02-6.915613458E-02-7.088021159E-02-7.255416365E-02
-7.417329908E-02-7.573321691E-02-7.722981652E-02-7.865925008E-02-8.001794395E-02
-8.130257313E-02-8.251003735E-02-8.363745000E-02-8.468212565E-02-8.564156195E-02
-8.651343861E-02-8.729560732E-02-8.798609117E-02-8.858308312E-02-8.908496124E-02
-8.949027842E-02-8.979777587E-02-9.000638674E-02-9.011523341E-02-9.012364121E-02
-9.003111993E-02-8.983737922E-02-8.954230504E-02-8.914594579E-02-8.864853538E-02
-8.805041612E-02-8.735211273E-02-8.655422721E-02-8.565748374E-02-8.466270035E-02
-8.357079866E-02-8.238279978E-02-8.109978739E-02-7.972300068E-02-7.825379730E-02
-7.669370762E-02-7.504442099E-02-7.330778744E-02-7.148598195E-02-6.958149863E-02
-6.759705747E-02-6.553568097E-02-6.340070430E-02-6.119574686E-02-5.892473270E-02
-5.659173819E-02-5.420093973E-02-5.175653609E-02-4.926257629E-02-4.672287366E-02
-4.414096465E-02-4.152000659E-02-3.886269906E-02-3.617127779E-02-3.344755589E-02
-3.069299704E-02-2.790881795E-02-2.509613270E-02-2.225614330E-02-1.939035879E-02
-1.650082745E-02-1.359038447E-02-1.066290684E-02-7.723411245E-03-4.778156445E-03
-1.836641513E-03 1.092522629E-03 4.019939080E-03 6.952347738E-03 9.889772501E-03
 1.283163878E-02 1.577768187E-02 1.872776740E-02 2.168118134E-02 7.517802744E-03
 6.467209995E-03 5.416678814E-03 4.366209118E-03 3.315775310E-03 2.265370704E-03
 1.215291129E-03 1.649073027E-04-8.934176904E-04-1.970447130E-03-3.065353893E-03
-4.175554038E-03-5.300425319E-03-6.440592517E-03-7.597364126E-03-8.772286914E-03
-9.966822659E-03-1.118225463E-02-1.241977543E-02-1.368058523E-02-1.496590837E-02
-1.627697745E-02-1.761502224E-02-1.898125873E-02-2.037687594E-02-2.180302007E-02
-2.326077635E-02-2.475114968E-02-2.627503651E-02-2.783319001E-02-2.942618678E-02
-3.105439460E-02-3.271793762E-02-3.441664910E-02-3.615002232E-02-3.791717033E-02
-3.971679124E-02-4.154713041E-02-4.340595070E-02-4.529051194E-02-4.719755905E-02
-4.912333675E-02-5.106361195E-02-5.301369929E-02-5.496852192E-02-5.692267913E-02
-5.887051778E-02-6.080621674E-02-6.272388005E-02-6.461760705E-02-6.648158373E-02
-6.831014044E-02-7.009781545E-02-7.183938712E-02-7.352991275E-02-7.516473973E-02
-7.673949939E-02-7.825012744E-02-7.969282395E-02-8.106404346E-02-8.236049508E-02
-8.357910592E-02-8.471700471E-02-8.577151254E-02-8.674013235E-02-8.762053646E-02
-8.841056631E-02-8.910822819E-02-8.971170292E-02-9.021934337E-02-9.062968831E-02
-9.094146177E-02-9.115358809E-02-9.126518709E-02-9.127558115E-02-9.118429305E-02
-9.099104909E-02-9.069575811E-02-9.029850424E-02-8.979955022E-02-8.919929719E-02
-8.849827401E-02-8.769713886E-02-8.679665198E-02-8.579766128E-02-8.470111799E-02
-8.350801674E-02-8.221948093E-02-8.083672951E-02-7.936111005E-02-7.779407499E-02
-7.613722619E-02-7.439244780E-02-7.256187649E-02-7.064784060E-02-6.865300014E-02
-6.658030131E-02-6.443307870E-02-6.221496483E-02-5.992984912E-02-5.758186489E-02
-5.517523319E-02-5.271418909E-02-5.020293466E-02-4.764548876E-02-4.504555345E-02
-4.240644334E-02-3.973103535E-02-3.702173524E-02-3.428048146E-02-3.150880581E-02
-2.870794813E-02-2.587900532E-02-2.302311688E-02-2.014167998E-02-1.723658454E-02
-1.431046276E-02-1.136695084E-02-8.410843537E-03-5.448104436E-03-2.487556470E-03
 4.607658874E-04 3.403370605E-03 6.349619621E-03 9.300449395E-03 1.225517560E-02
 1.521354152E-02 1.817543619E-02 2.114023613E-02 7.318761652E-03 6.266595136E-03
 5.214476580E-03 4.162410620E-03 3.110373761E-03 2.058384165E-03 1.006870331E-03
-4.555130135E-05-1.109017998E-03-2.191625738E-03-3.291592579E-03-4.406690759E-03
-5.536613386E-03-6.682184235E-03-7.844820336E-03-9.026096927E-03-1.022746406E-02
-1.145020143E-02-1.269552540E-02-1.396467313E-02-1.525890594E-02-1.657949256E-02
-1.792769869E-02-1.930477649E-02-2.071195126E-02-2.215040508E-02-2.362125810E-02
-2.512554371E-02-2.666417889E-02-2.823793479E-02-2.984740385E-02-3.149296364E-02
-3.317473072E-02-3.489250999E-02-3.664575568E-02-3.843353535E-02-4.025448772E-02
-4.210677458E-02-4.398805390E-02-4.589546869E-02-4.782564204E-02-4.977468311E-02
-5.173820926E-02-5.371138734E-02-5.568900273E-02-5.766551987E-02-5.963515960E-02
-6.159200007E-02-6.353005630E-02-6.544336513E-02-6.732607092E-02-6.917248073E-02
-7.097712865E-02-7.273480920E-02-7.444060116E-02-7.608988825E-02-7.767833793E-02
-7.920192423E-02-8.065688907E-02-8.203971991E-02-8.334715238E-02-8.457613759E-02
-8.572381802E-02-8.678751908E-02-8.776474031E-02-8.865314652E-02-8.945056262E-02
-9.015497713E-02-9.076455011E-02-9.127761105E-02-9.169267560E-02-9.200845508E-02
-9.222385608E-02-9.233799773E-02-9.235019881E-02-9.225999291E-02-9.206712030E-02
-9.177151622E-02-9.137330906E-02-9.087276963E-02-9.027036285E-02-8.956665450E-02
-8.876233694E-02-8.785820887E-02-8.685516710E-02-8.575415154E-02-8.455620676E-02
-8.326245877E-02-8.187412753E-02-8.039249107E-02-7.881896666E-02-7.715519960E-02
-7.540299415E-02-7.356435778E-02-7.164155496E-02-6.963718315E-02-6.755419216E-02
-6.539583215E-02-6.316571866E-02-6.086771538E-02-5.850590733E-02-5.608459608E-02
-5.360814955E-02-5.108087224E-02-4.850691275E-02-4.589015192E-02-4.323408613E-02
-4.054174479E-02-3.781566440E-02-3.505789767E-02-3.227006536E-02-2.945345649E-02
-2.660917311E-02-2.373831307E-02-2.084218214E-02-1.792253116E-02-1.498180927E-02
-1.202342885E-02-9.051969222E-03-6.073178084E-03-3.095116068E-03-1.282923872E-04
 2.828774494E-03 5.788030740E-03 8.751463815E-03 1.171828280E-02 1.468823305E-02
 1.766122617E-02 2.063672389E-02 7.135454134E-03 6.081941221E-03 5.028450000E-03
 3.974980581E-03 2.921509616E-03 1.868091422E-03 8.152057925E-04-2.394578416E-04
-1.307962941E-03-2.395649051E-03-3.500197046E-03-4.619799675E-03-5.754414845E-03
-6.905030547E-03-8.073146760E-03-9.260353528E-03-1.046808908E-02-1.169763612E-02
-1.295023841E-02-1.422716848E-02-1.552972143E-02-1.685919911E-02-1.821690059E-02
-1.960411218E-02-2.102209390E-02-2.247206097E-02-2.395516357E-02-2.547246152E-02
-2.702489503E-02-2.861325441E-02-3.023814388E-02-3.189993962E-02-3.359874354E-02
-3.533434026E-02-3.710615626E-02-3.891321496E-02-4.075408357E-02-4.262683524E-02
-4.452903235E-02-4.645771713E-02-4.840939135E-02-5.038002513E-02-5.236509839E-02
-5.435964783E-02-5.635832607E-02-5.835546833E-02-6.034518671E-02-6.232146983E-02
-6.427825457E-02-6.620952614E-02-6.810939361E-02-6.997215197E-02-7.179233932E-02
-7.356476508E-02-7.528453899E-02-7.694707613E-02-7.854808685E-02-8.008358237E-02
-8.154983835E-02-8.294337965E-02-8.426096334E-02-8.549955935E-02-8.665632117E-02
-8.772857582E-02-8.871381585E-02-8.960969379E-02-9.041401719E-02-9.112475195E-02
-9.174003234E-02-9.225816667E-02-9.267764582E-02-9.299715954E-02-9.321560187E-02
-9.333208096E-02-9.334591713E-02-9.325665319E-02-9.306404572E-02-9.276805328E-02
-9.236883192E-02-9.186670002E-02-9.126214551E-02-9.055579336E-02-8.974837758E-02
-8.884073904E-02-8.783378773E-02-8.672851554E-02-8.552598960E-02-8.422734819E-02
-8.283375452E-02-8.134650201E-02-7.976704938E-02-7.809693393E-02-7.633789042E-02
-7.449185201E-02-7.256108457E-02-7.054810745E-02-6.845580961E-02-6.628737575E-02
-6.404631019E-02-6.173649314E-02-5.936206069E-02-5.692733220E-02-5.443674786E-02
-5.189473934E-02-4.930558269E-02-4.667328407E-02-4.400148122E-02-4.129335763E-02
-3.855159583E-02-3.577837511E-02-3.297541537E-02-3.014406628E-02-2.728544618E-02
-2.440062235E-02-2.149082298E-02-1.855767577E-02-1.560346128E-02-1.263138115E-02
-9.645801893E-03-6.652286129E-03-3.658244681E-03-6.741878204E-04 2.296904046E-03
 5.268424485E-03 8.243606232E-03 1.122170973E-02 1.420246674E-02 1.718580672E-02
 2.017127358E-02 6.967774088E-03 5.913056786E-03 4.858353909E-03 3.803659883E-03
 2.748949572E-03 1.694319959E-03 6.401398259E-04-4.170335312E-04-1.490150385E-03
-2.582364643E-03-3.691051218E-03-4.814770332E-03-5.953707407E-03-7.108988689E-03
-8.282177863E-03-9.474870910E-03-1.068849525E-02-1.192434066E-02-1.318367797E-02
-1.446781083E-02-1.577806468E-02-1.711577297E-02-1.848226738E-02-1.987886719E-02
-2.130686440E-02-2.276750430E-02-2.426196430E-02-2.579132835E-02-2.735655802E-02
-2.895845958E-02-3.059764487E-02-3.227448881E-02-3.398908441E-02-3.574119726E-02
-3.753021975E-02-3.935512167E-02-4.121440322E-02-4.310606418E-02-4.502758308E-02
-4.697589605E-02-4.894737953E-02-5.093787711E-02-5.294275050E-02-5.495691406E-02
-5.697488951E-02-5.899089897E-02-6.099896246E-02-6.299298338E-02-6.496683283E-02
-6.691445366E-02-6.882993141E-02-7.070755220E-02-7.254186222E-02-7.432769287E-02
-7.606018473E-02-7.773478480E-02-7.934724661E-02-8.089361514E-02-8.237019953E-02
-8.377355520E-02-8.510046396E-02-8.634790726E-02-8.751304729E-02-8.859320941E-02
-8.958587753E-02-9.048868774E-02-9.129942823E-02-9.201604068E-02-9.263663242E-02
-9.315948386E-02-9.358306161E-02-9.390603496E-02-9.412728214E-02-9.424589894E-02
-9.426120643E-02-9.417275488E-02-9.398031764E-02-9.368387050E-02-9.328360252E-02
-9.277988326E-02-9.217322809E-02-9.146430550E-02-9.065389844E-02-8.974288338E-02
-8.873221242E-02-8.762291536E-02-8.641608355E-02-8.511281656E-02-8.371433311E-02
-8.222194276E-02-8.063702008E-02-7.896105325E-02-7.719576233E-02-7.534305278E-02
-7.340511922E-02-7.138440824E-02-6.928367534E-02-6.710608628E-02-6.485513396E-02
-6.253465025E-02-6.014878952E-02-5.770192024E-02-5.519852206E-02-5.264309095E-02
-5.004001068E-02-4.739342176E-02-4.470710843E-02-4.198440677E-02-3.922814420E-02
-3.644062571E-02-3.362366848E-02-3.077868436E-02-2.790681132E-02-2.500908848E-02
-2.208667216E-02-1.914107842E-02-1.617444020E-02-1.318977887E-02-1.019126771E-02
-7.184301013E-03-4.175837959E-03-1.176194850E-03 1.808530666E-03 4.791562861E-03
 7.777576033E-03 1.076610559E-02 1.375684925E-02 1.674974722E-02 1.974442182E-02
 6.816105840E-03 5.760254486E-03 4.704422850E-03 3.648603201E-03 2.592773976E-03
 1.537087224E-03 4.816827466E-04-5.781488189E-04-1.655417304E-03-2.751637620E-03
-3.864042344E-03-4.991498460E-03-6.134384810E-03-7.293941586E-03-8.471779430E-03
-9.669494283E-03-1.088850481E-02-1.213011103E-02-1.339561096E-02-1.468633835E-02
-1.600364745E-02-1.734890060E-02-1.872345893E-02-2.012867094E-02-2.156585606E-02
-2.303628596E-02-2.454116400E-02-2.608159755E-02-2.765856788E-02-2.927289526E-02
-3.092519801E-02-3.261584895E-02-3.434493016E-02-3.611218579E-02-3.791697354E-02
-3.975821568E-02-4.163435539E-02-4.354332106E-02-4.548250156E-02-4.744872813E-02
-4.943826982E-02-5.144686320E-02-5.346975567E-02-5.550174011E-02-5.753722086E-02
-5.957032362E-02-6.159498864E-02-6.360504043E-02-6.559429549E-02-6.755666445E-02
-6.948621388E-02-7.137722653E-02-7.322426338E-02-7.502217781E-02-7.676613948E-02
-7.845163297E-02-8.007444827E-02-8.163066198E-02-8.311661700E-02-8.452889692E-02
-8.586430290E-02-8.711982548E-02-8.829263031E-02-8.938004024E-02-9.037953039E-02
-9.128871899E-02-9.210537059E-02-9.282740235E-02-9.345289229E-02-9.398009271E-02
-9.440744611E-02-9.473359791E-02-9.495740860E-02-9.507796647E-02-9.509458901E-02
-9.500683063E-02-9.481448099E-02-9.451754490E-02-9.411623133E-02-9.361094506E-02
-9.300225372E-02-9.229086222E-02-9.147760105E-02-9.056338339E-02-8.954920772E-02
-8.843613735E-02-8.722524497E-02-8.591771377E-02-8.451474323E-02-8.301760322E-02
-8.142765109E-02-7.974638834E-02-7.797549011E-02-7.611680043E-02-7.417239474E-02
-7.214469369E-02-7.003641042E-02-6.785063759E-02-6.559085358E-02-6.326086487E-02
-6.086478878E-02-5.840699877E-02-5.589202341E-02-5.332443396E-02-5.070871655E-02
-4.804913654E-02-4.534961568E-02-4.261363012E-02-3.984413930E-02-3.704355944E-02
-3.421379234E-02-3.135630584E-02-2.847226180E-02-2.556268954E-02-2.262869707E-02
-1.967171222E-02-1.669374291E-02-1.369765116E-02-1.068742971E-02-7.668310901E-03
-4.646940020E-03-1.633337913E-03 1.364357173E-03 4.358053996E-03 7.353958316E-03
 1.035203118E-02 1.335192319E-02 1.635357948E-02 1.935669449E-02 6.680715428E-03
 5.623805494E-03 4.566917457E-03 3.510043644E-03 2.453172321E-03 1.396520348E-03
 3.399288774E-04-7.226215622E-04-1.803616041E-03-2.903358663E-03-4.019073447E-03
-5.149886205E-03-6.296338708E-03-7.459764658E-03-8.641808938E-03-9.844064232E-03
-1.106794333E-02-1.231475884E-02-1.358583406E-02-1.488252886E-02-1.620622313E-02
-1.755830524E-02-1.894016272E-02-2.035317056E-02-2.179867459E-02-2.327797257E-02
-2.479229138E-02-2.634275868E-02-2.793037201E-02-2.955596183E-02-3.122015002E-02
-3.292330726E-02-3.466550597E-02-3.644647030E-02-3.826552655E-02-4.012155354E-02
-4.201293717E-02-4.393753564E-02-4.589265466E-02-4.787503428E-02-4.988085009E-02
-5.190573545E-02-5.394482374E-02-5.599280080E-02-5.804397733E-02-6.009239274E-02
-6.213190970E-02-6.415628698E-02-6.615929426E-02-6.813481999E-02-7.007691750E-02
-7.197986994E-02-7.383825310E-02-7.564694613E-02-7.740114612E-02-7.909637425E-02
-8.072845238E-02-8.229349080E-02-8.378786161E-02-8.520817101E-02-8.655123510E-02
-8.781405458E-02-8.899379752E-02-9.008778280E-02-9.109347138E-02-9.200846257E-02
-9.283049937E-02-9.355747154E-02-9.418742923E-02-9.471859615E-02-9.514938888E-02
-9.547843012E-02-9.570456163E-02-9.582686173E-02-9.584464764E-02-9.575747569E-02
-9.556514749E-02-9.526769499E-02-9.486535738E-02-9.435856762E-02-9.374793483E-02
-9.303421341E-02-9.221826582E-02-9.130105348E-02-9.028361591E-02-8.916701745E-02
-8.795241272E-02-8.664096676E-02-8.523386633E-02-8.373240298E-02-8.213794199E-02
-8.045193858E-02-7.867598663E-02-7.681191012E-02-7.486174241E-02-7.282784413E-02
-7.071289847E-02-6.851992720E-02-6.625233591E-02-6.391390073E-02-6.150873096E-02
-5.904121060E-02-5.651590865E-02-5.393746509E-02-5.131045546E-02-4.863924783E-02
-4.592787356E-02-4.317992471E-02-4.039847767E-02-3.758606027E-02-3.474466785E-02
-3.187583395E-02-2.898075321E-02-2.606045209E-02-2.311599893E-02-2.014874559E-02
-1.716059004E-02-1.415425250E-02-1.113355967E-02-8.103589939E-03-5.070758467E-03
-2.044735825E-03 9.650376161E-04 3.968492265E-03 6.973355093E-03 9.980085708E-03
 1.298827902E-02 1.599787926E-02 1.900864624E-02 6.561461143E-03 5.503617184E-03
 4.445790269E-03 3.387970954E-03 2.330158562E-03 1.272636169E-03 2.149089568E-04
-8.503226360E-04-1.934624590E-03-3.037432795E-03-4.156059328E-03-5.289847192E-03
-6.439473967E-03-7.606349283E-03-8.792142519E-03-9.998441403E-03-1.122665517E-02
-1.247810984E-02-1.375415164E-02-1.505616360E-02-1.638554867E-02-1.774371879E-02
-1.913208557E-02-2.055204800E-02-2.200497530E-02-2.349218728E-02-2.501493082E-02
-2.657435095E-02-2.817145907E-02-2.980709511E-02-3.148188591E-02-3.319620078E-02
-3.495010210E-02-3.674329418E-02-3.857507197E-02-4.044427173E-02-4.234922667E-02
-4.428773252E-02-4.625702247E-02-4.825375559E-02-5.027401866E-02-5.231334967E-02
-5.436678177E-02-5.642890876E-02-5.849396145E-02-6.055589961E-02-6.260851139E-02
-6.464550863E-02-6.666062741E-02-6.864773046E-02-7.060086674E-02-7.251432044E-02
-7.438268361E-02-7.620086358E-02-7.796408318E-02-7.966789426E-02-8.130815110E-02
-8.288099414E-02-8.438282007E-02-8.581025514E-02-8.716012928E-02-8.842945085E-02
-8.961538797E-02-9.071525208E-02-9.172649131E-02-9.264668789E-02-9.347356031E-02
-9.420497186E-02-9.483894528E-02-9.537367753E-02-9.580755921E-02-9.613918970E-02
-9.636739379E-02-9.649123866E-02-9.651003981E-02-9.642335769E-02-9.623100659E-02
-9.593303692E-02-9.552971495E-02-9.502151036E-02-9.440906935E-02-9.369318104E-02
-9.287475204E-02-9.195478447E-02-9.093434675E-02-8.981455689E-02-8.859656181E-02
-8.728155303E-02-8.587075852E-02-8.436544311E-02-8.276693610E-02-8.107668059E-02
-7.929625104E-02-7.742743855E-02-7.547224296E-02-7.343294489E-02-7.131216193E-02
-6.911287249E-02-6.683843766E-02-6.449260543E-02-6.207947841E-02-5.960344668E-02
-5.706909823E-02-5.448111303E-02-5.184413325E-02-4.916261967E-02-4.644071334E-02
-4.368212086E-02-4.089003046E-02-3.806707189E-02-3.521532557E-02-3.233638641E-02
-2.943148133E-02-2.650163603E-02-2.354788463E-02-2.057151279E-02-1.757432240E-02
-1.455890985E-02-1.152895540E-02-8.489399651E-03-5.446487069E-03-2.409521789E-03
 6.112691182E-04 3.623508645E-03 6.636367128E-03 9.650827166E-03 1.266642760E-02
 1.568311038E-02 1.870069548E-02 6.458096321E-03 5.399465915E-03 4.340844802E-03
 3.282220405E-03 2.223602458E-03 1.165336600E-03 1.065811853E-04-9.611669701E-04
-2.048345500E-03-3.153780754E-03-4.274926922E-03-5.411305623E-03-6.563705852E-03
-7.733598027E-03-8.922668683E-03-1.013250012E-02-1.136450000E-02-1.262000768E-02
-1.390038994E-02-1.520705010E-02-1.654141132E-02-1.790490623E-02-1.929896744E-02
-2.072501483E-02-2.218443778E-02-2.367857524E-02-2.520869159E-02-2.677594728E-02
-2.838136613E-02-3.002579648E-02-3.170986879E-02-3.343394922E-02-3.519808932E-02
-3.700197465E-02-3.884487238E-02-4.072558170E-02-4.264239051E-02-4.459303946E-02
-4.657469610E-02-4.858394495E-02-5.061679216E-02-5.266869234E-02-5.473459524E-02
-5.680901420E-02-5.888610698E-02-6.095976734E-02-6.302372322E-02-6.507164353E-02
-6.709723978E-02-6.909435261E-02-7.105702559E-02-7.297955723E-02-7.485654851E-02
-7.668293369E-02-7.845396194E-02-8.016520908E-02-8.181256307E-02-8.339218760E-02
-8.490050191E-02-8.633414893E-02-8.768997100E-02-8.896498187E-02-9.015634729E-02
-9.126137175E-02-9.227749104E-02-9.320226923E-02-9.403340131E-02-9.476872704E-02
-9.540624238E-02-9.594411883E-02-9.638072135E-02-9.671462836E-02-9.694465049E-02
-9.706984257E-02-9.708951525E-02-9.700323638E-02-9.681082982E-02-9.651236036E-02
-9.610812477E-02-9.559862287E-02-9.498453226E-02-9.426668031E-02-9.344600529E-02
-9.252356007E-02-9.150043812E-02-9.037778135E-02-8.915677767E-02-8.783862639E-02
-8.642455144E-02-8.491581413E-02-8.331375487E-02-8.161980549E-02-7.983551252E-02
-7.796260685E-02-7.600304790E-02-7.395907494E-02-7.183326246E-02-6.962854913E-02
-6.734825225E-02-6.499607846E-02-6.257610482E-02-6.009272025E-02-5.755053720E-02
-5.495427961E-02-5.230865189E-02-4.961819375E-02-4.688713872E-02-4.411929169E-02
-4.131793679E-02-3.848579098E-02-3.562500788E-02-3.273723645E-02-2.982373410E-02
-2.688553120E-02-2.392363904E-02-2.093929188E-02-1.793421313E-02-1.491089574E-02
-1.187289465E-02-8.825028787E-03-5.773410466E-03-2.726982631E-03 3.035964250E-04
 3.323567763E-03 6.343418523E-03 9.364641499E-03 1.238672265E-02 1.540960089E-02
 1.843314950E-02 6.370456749E-03 5.311194454E-03 4.251934517E-03 3.192660967E-03
 2.133392796E-03 1.074534563E-03 1.491197206E-05-1.055086284E-03-2.144699992E-03
-3.252336032E-03-4.375612425E-03-5.514193423E-03-6.668957354E-03-7.841422420E-03
-9.033286946E-03-1.024612811E-02-1.148135354E-02-1.274031503E-02-1.402439697E-02
-1.533501989E-02-1.667362418E-02-1.804166013E-02-1.944057829E-02-2.087181626E-02
-2.233678065E-02-2.383682690E-02-2.537323445E-02-2.694717684E-02-2.855968818E-02
-3.021162345E-02-3.190361529E-02-3.363602670E-02-3.540889981E-02-3.722190368E-02
-3.907428164E-02-4.096480122E-02-4.289170980E-02-4.485269869E-02-4.684487788E-02
-4.886476718E-02-5.090830468E-02-5.297087547E-02-5.504735923E-02-5.713220032E-02
-5.921949162E-02-6.130307063E-02-6.337662033E-02-6.543377317E-02-6.746821655E-02
-6.947377950E-02-7.144450438E-02-7.337469930E-02-7.525898003E-02-7.709229512E-02
-7.886992370E-02-8.058746688E-02-8.224083260E-02-8.382621266E-02-8.534003861E-02
-8.677897303E-02-8.813986465E-02-8.941973155E-02-9.061573823E-02-9.172518168E-02
-9.274548442E-02-9.367419339E-02-9.450898477E-02-9.524767437E-02-9.588823502E-02
-9.642881390E-02-9.686775413E-02-9.720361481E-02-9.743519114E-02-9.756152860E-02
-9.758193403E-02-9.749597906E-02-9.730349563E-02-9.700456768E-02-9.659951298E-02
-9.608885649E-02-9.547330946E-02-9.475372445E-02-9.393109278E-02-9.300647261E-02
-9.198100779E-02-9.085586774E-02-8.963224607E-02-8.831135773E-02-8.689445609E-02
-8.538280518E-02-8.377772345E-02-8.208061738E-02-8.029302282E-02-7.841664816E-02
-7.645341556E-02-7.440551863E-02-7.227548215E-02-7.006619964E-02-6.778095585E-02
-6.542343362E-02-6.299769401E-02-6.050812304E-02-5.795934756E-02-5.535612227E-02
-5.270319822E-02-5.000517695E-02-4.726636611E-02-4.449065273E-02-4.168140581E-02
-3.884142191E-02-3.597292255E-02-3.307760802E-02-3.015676631E-02-2.721143481E-02
-2.424260701E-02-2.125147483E-02-1.823969614E-02-1.520967695E-02-1.216486563E-02
-9.109976090E-03-6.051017237E-03-2.996593800E-03 4.243836450E-05 3.069041308E-03
 6.094866120E-03 9.121871565E-03 1.214949405E-02 1.517766890E-02 1.820631519E-02
 6.298575122E-03 5.238814778E-03 4.179055248E-03 3.119277742E-03 2.059508725E-03
 1.000207847E-03-6.009792090E-05-1.132014453E-03-2.223621304E-03-3.333043384E-03
-4.458062393E-03-5.598452948E-03-6.755162897E-03-7.929747070E-03-9.123911700E-03
-1.033922957E-02-1.157710916E-02-1.283891319E-02-1.412604059E-02-1.543992605E-02
-1.678202417E-02-1.815379985E-02-1.955671844E-02-2.099223220E-02-2.246176193E-02
-2.396667667E-02-2.550826811E-02-2.708772041E-02-2.870607594E-02-3.036419494E-02
-3.206271150E-02-3.380198575E-02-3.558205195E-02-3.740256521E-02-3.926274850E-02
-4.116134252E-02-4.309656029E-02-4.506605148E-02-4.706687883E-02-4.909550901E-02
-5.114782361E-02-5.321915021E-02-5.530431016E-02-5.739769102E-02-5.949333236E-02
-6.158502546E-02-6.366641749E-02-6.573111559E-02-6.777278813E-02-6.978525311E-02
-7.176255284E-02-7.369900536E-02-7.558924061E-02-7.742821989E-02-7.921124515E-02
-8.093394177E-02-8.259223560E-02-8.418233421E-02-8.570068942E-02-8.714397143E-02
-8.850903889E-02-8.979291016E-02-9.099274922E-02-9.210584526E-02-9.312961008E-02
-9.406157559E-02-9.489940025E-02-9.564088048E-02-9.628396779E-02-9.682678862E-02
-9.726766687E-02-9.760514535E-02-9.783800591E-02-9.796528541E-02-9.798628703E-02
-9.790058514E-02-9.770802027E-02-9.740868951E-02-9.700292921E-02-9.649128965E-02
-9.587450370E-02-9.515345821E-02-9.432916921E-02-9.340272760E-02-9.237528846E-02
-9.124805881E-02-9.002225622E-02-8.869910234E-02-8.727984725E-02-8.576577166E-02
-8.415819315E-02-8.245849823E-02-8.066819803E-02-7.878897288E-02-7.682272001E-02
-7.477160802E-02-7.263812821E-02-7.042513596E-02-6.813588204E-02-6.577402171E-02
-6.334359728E-02-6.084898884E-02-5.829483267E-02-5.568590904E-02-5.302700912E-02
-5.032278755E-02-4.757761471E-02-4.479544521E-02-4.197971723E-02-3.913329251E-02
-3.625844900E-02-3.335693009E-02-3.043005019E-02-2.747885396E-02-2.450432186E-02
-2.150761249E-02-1.849033122E-02-1.545481369E-02-1.240442137E-02-9.343781567E-03
-6.278823260E-03-3.217854126E-03-1.717874617E-04 2.860321379E-03 5.891089979E-03
 8.922879802E-03 1.195508557E-02 1.498763897E-02 1.802049729E-02 6.242776901E-03
 5.182602370E-03 4.122431062E-03 3.062243400E-03 2.002073810E-03 9.424137839E-04
-1.184712271E-04-1.191901865E-03-2.285053100E-03-3.395859405E-03-4.522234819E-03
-5.664037889E-03-6.822268996E-03-7.998509963E-03-9.194472184E-03-1.041172501E-02
-1.165167820E-02-1.291570343E-02-1.420521101E-02-1.552164666E-02-1.686647615E-02
-1.824117582E-02-1.964722261E-02-2.108608023E-02-2.255918057E-02-2.406790326E-02
-2.561354951E-02-2.719731165E-02-2.882023847E-02-3.048319419E-02-3.218681399E-02
-3.393145542E-02-3.571714630E-02-3.754353068E-02-3.940981511E-02-4.131471864E-02
-4.325642732E-02-4.523255801E-02-4.724013606E-02-4.927558674E-02-5.133474691E-02
-5.341289828E-02-5.550481664E-02-5.760484541E-02-5.970698411E-02-6.180498869E-02
-6.389247782E-02-6.596303841E-02-6.801032612E-02-7.002815261E-02-7.201055927E-02
-7.395187022E-02-7.584672832E-02-7.769011158E-02-7.947733551E-02-8.120404046E-02
-8.286617164E-02-8.445995046E-02-8.598183981E-02-8.742851837E-02-8.879685163E-02
-9.008385903E-02-9.128670137E-02-9.240266254E-02-9.342914636E-02-9.436367129E-02
-9.520388111E-02-9.594755645E-02-9.659263172E-02-9.713721677E-02-9.757961934E-02
-9.791836885E-02-9.815223599E-02-9.828025096E-02-9.830171447E-02-9.821620228E-02
-9.802356204E-02-9.772390098E-02-9.731756990E-02-9.680513923E-02-9.618736415E-02
-9.546515226E-02-9.463953606E-02-9.371164255E-02-9.268264235E-02-9.155375705E-02
-9.032622707E-02-8.900128536E-02-8.758018104E-02-8.606419344E-02-8.445464218E-02
-8.275291390E-02-8.096050402E-02-7.907906806E-02-7.711047753E-02-7.505687479E-02
-7.292072314E-02-7.070485129E-02-6.841248584E-02-6.604726176E-02-6.361320715E-02
-6.111469630E-02-5.855637074E-02-5.594302828E-02-5.327948925E-02-5.057044815E-02
-4.782032357E-02-4.503312303E-02-4.221233880E-02-3.936088398E-02-3.648108120E-02
-3.357470841E-02-3.064310181E-02-2.768731323E-02-2.470831471E-02-2.170724054E-02
-1.868565649E-02-1.564584448E-02-1.259109915E-02-9.525979691E-03-6.456353344E-03
-3.390307763E-03-3.387609888E-04 2.697736886E-03 5.732399882E-03 8.767935204E-03
 1.180372860E-02 1.483970701E-02 1.787585763E-02 6.203276964E-03 5.142756410E-03
 4.082240030E-03 3.021708186E-03 1.961202537E-03 9.012259092E-04-1.601582235E-04
-1.234697392E-03-2.328953811E-03-3.440749279E-03-4.568095188E-03-5.710910390E-03
-6.870232417E-03-8.047661666E-03-9.244912734E-03-1.046355253E-02-1.170499207E-02
-1.297060962E-02-1.426182366E-02-1.558008784E-02-1.692687593E-02-1.830367247E-02
-1.971196275E-02-2.115321866E-02-2.262888007E-02-2.414033415E-02-2.568888892E-02
-2.727574257E-02-2.890194834E-02-3.056837331E-02-3.227565337E-02-3.402414418E-02
-3.581386868E-02-3.764446291E-02-3.951512149E-02-4.142454763E-02-4.337090783E-02
-4.535179535E-02-4.736420830E-02-4.940454220E-02-5.146860183E-02-5.355163569E-02
-5.564838700E-02-5.775316764E-02-5.985994877E-02-6.196246159E-02-6.405430456E-02
-6.612904986E-02-6.818034396E-02-7.020199498E-02-7.218804498E-02-7.413282322E-02
-7.603098100E-02-7.787750756E-02-7.966772986E-02-8.139730037E-02-8.306217586E-02
-8.465858728E-02-8.618300776E-02-8.763212217E-02-8.900279789E-02-9.029205674E-02
-9.149705724E-02-9.261508015E-02-9.364351950E-02-9.457988696E-02-9.542181523E-02
-9.616707242E-02-9.681358020E-02-9.735943655E-02-9.780293750E-02-9.814260170E-02
-9.837719205E-02-9.850573372E-02-9.852752613E-02-9.844214614E-02-9.824944538E-02
-9.794954041E-02-9.754279103E-02-9.702977889E-02-9.641127924E-02-9.568821552E-02
-9.486164069E-02-9.393268956E-02-9.290255549E-02-9.177247245E-02-9.054368696E-02
-8.921744615E-02-8.779500705E-02-8.627764683E-02-8.466667987E-02-8.296348784E-02
-8.116955949E-02-7.928653917E-02-7.731628125E-02-7.526090677E-02-7.312285690E-02
-7.090493949E-02-6.861036227E-02-6.624274477E-02-6.380610443E-02-6.130481136E-02
-5.874351056E-02-5.612701182E-02-5.346015608E-02-5.074766632E-02-4.799399567E-02
-4.520318998E-02-4.237878086E-02-3.952371897E-02-3.664035970E-02-3.373050658E-02
-3.079551223E-02-2.783643421E-02-2.485423884E-02-2.185004326E-02-1.882538512E-02
-1.578250810E-02-1.272465911E-02-9.656347792E-03-6.583396544E-03-3.513747180E-03
-4.583064058E-04 2.581389381E-03 5.618857633E-03 8.657074405E-03 1.169543729E-02
 1.473386830E-02 1.777237578E-02 6.179888505E-03 5.119123862E-03 4.058361071E-03
 2.997580053E-03 1.936827130E-03 8.766066469E-04-1.851416761E-04-1.260374421E-03
-2.355300368E-03-3.467691026E-03-4.595620499E-03-5.739044568E-03-6.899023074E-03
-8.077167341E-03-9.275193730E-03-1.049466771E-02-1.173700117E-02-1.300357644E-02
-1.429581689E-02-1.561518096E-02-1.696314724E-02-1.834120520E-02-1.975084516E-02
-2.119354393E-02-2.267074618E-02-2.418384363E-02-2.573414840E-02-2.732286217E-02
-2.895104087E-02-3.061955323E-02-3.232903558E-02-3.407984239E-02-3.587199362E-02
-3.770512037E-02-3.957841004E-02-4.149055618E-02-4.343971341E-02-4.542346073E-02
-4.743877980E-02-4.948204809E-02-5.154905116E-02-5.363501743E-02-5.573467055E-02
-5.784230349E-02-5.995187032E-02-6.205708766E-02-6.415154202E-02-6.622879693E-02
-6.828249337E-02-7.030643737E-02-7.229467174E-02-7.424152912E-02-7.614166587E-02
-7.799007753E-02-7.978209860E-02-8.151338910E-02-8.317991258E-02-8.477790583E-02
-8.630384779E-02-8.775442713E-02-8.912651267E-02-9.041712729E-02-9.162342830E-02
-9.274269320E-02-9.377231239E-02-9.470979130E-02-9.555275631E-02-9.629896820E-02
-9.694634106E-02-9.749296485E-02-9.793712868E-02-9.827734448E-02-9.851237036E-02
-9.864122891E-02-9.866321826E-02-9.857791603E-02-9.838517670E-02-9.808512044E-02
-9.767811537E-02-9.716475112E-02-9.654581085E-02-9.582223002E-02-9.499506937E-02
-9.406547651E-02-9.303465700E-02-9.190384864E-02-9.067430281E-02-8.934727617E-02
-8.792403050E-02-8.640584290E-02-8.479402488E-02-8.308995368E-02-8.129511268E-02
-7.941113906E-02-7.743987765E-02-7.538343822E-02-7.324424975E-02-7.102510778E-02
-6.872920849E-02-6.636016175E-02-6.392197824E-02-6.141902511E-02-5.885594889E-02
-5.623756617E-02-5.356872981E-02-5.085417953E-02-4.809838889E-02-4.530542653E-02
-4.247884766E-02-3.962162547E-02-3.673613517E-02-3.382419584E-02-3.088717016E-02
-2.792611937E-02-2.494200665E-02-2.193593905E-02-1.890943757E-02-1.586472302E-02
-1.280501378E-02-9.734789483E-03-6.659845369E-03-3.588039823E-03-5.302672547E-04
 2.511373038E-03 5.550535403E-03 8.590365627E-03 1.163027516E-02 1.467018246E-02
 1.771010843E-02 6.172159603E-03 5.111306561E-03 4.050453792E-03 2.989580907E-03
 1.928735766E-03 8.684222616E-04-1.934612602E-04-1.268932128E-03-2.364083075E-03
-3.476672551E-03-4.604796758E-03-5.748424010E-03-6.908621612E-03-8.087004502E-03
-9.285289609E-03-1.050504193E-02-1.174767367E-02-1.301456852E-02-1.430715150E-02
-1.562688263E-02-1.697524210E-02-1.835372106E-02-1.976381149E-02-2.120699185E-02
-2.268470840E-02-2.419835439E-02-2.574924330E-02-2.733857798E-02-2.896741525E-02
-3.063662441E-02-3.234684189E-02-3.409842178E-02-3.589138302E-02-3.772535505E-02
-3.959952288E-02-4.151257682E-02-4.346266747E-02-4.544736910E-02-4.746365786E-02
-4.950790517E-02-5.157589017E-02-5.366283457E-02-5.576345546E-02-5.787203950E-02
-5.998253505E-02-6.208865383E-02-6.418397845E-02-6.626206961E-02-6.831656649E-02
-7.034127450E-02-7.233023669E-02-7.427778683E-02-7.617858305E-02-7.802762306E-02
-7.982024383E-02-8.155210770E-02-8.321918068E-02-8.481770165E-02-8.634415118E-02
-8.779521927E-02-8.916777550E-02-9.045884291E-02-9.166557833E-02-9.278525811E-02
-9.381527164E-02-9.475312210E-02-9.559643365E-02-9.634296471E-02-9.699062689E-02
-9.753750727E-02-9.798189266E-02-9.832229278E-02-9.855746412E-02-9.868642870E-02
-9.870848382E-02-9.862320684E-02-9.843045442E-02-9.813034762E-02-9.772325693E-02
-9.720977560E-02-9.659068818E-02-9.586693527E-02-9.503957968E-02-9.410977343E-02
-9.307872515E-02-9.194767480E-02-9.071787678E-02-8.939059050E-02-8.796707880E-02
-8.644861869E-02-8.483652098E-02-8.313216140E-02-8.133702112E-02-7.945273437E-02
-7.748114266E-02-7.542435212E-02-7.328478777E-02-7.106524114E-02-6.876890457E-02
-6.639938469E-02-6.396068986E-02-6.145718621E-02-5.889352074E-02-5.627451225E-02
-5.360501753E-02-5.088978182E-02-4.813328546E-02-4.533960472E-02-4.251230265E-02
-3.965436002E-02-3.676815866E-02-3.385552291E-02-3.091781885E-02-2.795610902E-02
-2.497135562E-02-2.196466240E-02-1.893754484E-02-1.589221618E-02-1.283188530E-02
-9.761021771E-03-6.685411762E-03-3.612886437E-03-5.543352445E-04 2.487958916E-03
 5.527689212E-03 8.568059446E-03 1.160848673E-02 1.464888825E-02 1.768928907E-02
 6.179873273E-03 5.119111216E-03 4.058351024E-03 2.997572618E-03 1.936822326E-03
 8.766045473E-04-1.851414033E-04-1.260373449E-03-2.355299364E-03-3.467690020E-03
-4.595619482E-03-5.739043545E-03-6.899022045E-03-8.077166306E-03-9.275192687E-03
-1.049466666E-02-1.173700012E-02-1.300357538E-02-1.429581585E-02-1.561517992E-02
-1.696314621E-02-1.834120420E-02-1.975084420E-02-2.119354301E-02-2.267074532E-02
-2.418384284E-02-2.573414768E-02-2.732286153E-02-2.895104033E-02-3.061955280E-02
-3.232903525E-02-3.407984217E-02-3.587199351E-02-3.770512036E-02-3.957841014E-02
-4.149055639E-02-4.343971370E-02-4.542346109E-02-4.743878022E-02-4.948204855E-02
-5.154905163E-02-5.363501789E-02-5.573467099E-02-5.784230387E-02-5.995187062E-02
-6.205708786E-02-6.415154212E-02-6.622879695E-02-6.828249333E-02-7.030643735E-02
-7.229467181E-02-7.424152933E-02-7.614166620E-02-7.799007793E-02-7.978209898E-02
-8.151338933E-02-8.317991263E-02-8.477790575E-02-8.630384752E-02-8.775442681E-02
-8.912651254E-02-9.041712726E-02-9.162342831E-02-9.274269308E-02-9.377231235E-02
-9.470979130E-02-9.555275618E-02-9.629896807E-02-9.694634106E-02-9.749296484E-02
-9.793712867E-02-9.827734445E-02-9.851237033E-02-9.864122890E-02-9.866321825E-02
-9.857791605E-02-9.838517674E-02-9.808512047E-02-9.767811539E-02-9.716475113E-02
-9.654581087E-02-9.582223006E-02-9.499506939E-02-9.406547652E-02-9.303465700E-02
-9.190384864E-02-9.067430281E-02-8.934727617E-02-8.792403050E-02-8.640584290E-02
-8.479402488E-02-8.308995367E-02-8.129511267E-02-7.941113905E-02-7.743987764E-02
-7.538343821E-02-7.324424973E-02-7.102510776E-02-6.872920847E-02-6.636016173E-02
-6.392197822E-02-6.141902508E-02-5.885594886E-02-5.623756614E-02-5.356872978E-02
-5.085417950E-02-4.809838886E-02-4.530542650E-02-4.247884763E-02-3.962162545E-02
-3.673613514E-02-3.382419581E-02-3.088717013E-02-2.792611935E-02-2.494200663E-02
-2.193593904E-02-1.890943755E-02-1.586472300E-02-1.280501377E-02-9.734789477E-03
-6.659845367E-03-3.588039821E-03-5.302672581E-04 2.511373020E-03 5.550535370E-03
 8.590365580E-03 1.163027510E-02 1.467018239E-02 1.771010835E-02 6.203274945E-03
 5.142755341E-03 4.082239689E-03 3.021708312E-03 1.961202871E-03 9.012261777E-04
-1.601582578E-04-1.234697723E-03-2.328954275E-03-3.440749799E-03-4.568095739E-03
-5.710910956E-03-6.870232981E-03-8.047662209E-03-9.244913236E-03-1.046355297E-02
-1.170499243E-02-1.297060989E-02-1.426182383E-02-1.558008790E-02-1.692687590E-02
-1.830367236E-02-1.971196259E-02-2.115321846E-02-2.262887987E-02-2.414033397E-02
-2.568888880E-02-2.727574252E-02-2.890194840E-02-3.056837350E-02-3.227565371E-02
-3.402414468E-02-3.581386935E-02-3.764446370E-02-3.951512234E-02-4.142454845E-02
-4.337090855E-02-4.535179589E-02-4.736420862E-02-4.940454227E-02-5.146860166E-02
-5.355163532E-02-5.564838647E-02-5.775316702E-02-5.985994815E-02-6.196246112E-02
-6.405430436E-02-6.612904989E-02-6.818034408E-02-7.020199497E-02-7.218804479E-02
-7.413282306E-02-7.603098099E-02-7.787750752E-02-7.966772971E-02-8.139730038E-02
-8.306217610E-02-8.465858732E-02-8.618300744E-02-8.763212188E-02-8.900279766E-02
-9.029205659E-02-9.149705732E-02-9.261507988E-02-9.364351959E-02-9.457988691E-02
-9.542181497E-02-9.616707211E-02-9.681358014E-02-9.735943645E-02-9.780293743E-02
-9.814260168E-02-9.837719202E-02-9.850573369E-02-9.852752615E-02-9.844214617E-02
-9.824944547E-02-9.794954049E-02-9.754279108E-02-9.702977889E-02-9.641127931E-02
-9.568821560E-02-9.486164071E-02-9.393268959E-02-9.290255554E-02-9.177247250E-02
-9.054368700E-02-8.921744617E-02-8.779500705E-02-8.627764683E-02-8.466667987E-02
-8.296348784E-02-8.116955949E-02-7.928653915E-02-7.731628123E-02-7.526090674E-02
-7.312285687E-02-7.090493945E-02-6.861036222E-02-6.624274471E-02-6.380610437E-02
-6.130481130E-02-5.874351049E-02-5.612701174E-02-5.346015600E-02-5.074766624E-02
-4.799399559E-02-4.520318990E-02-4.237878078E-02-3.952371889E-02-3.664035962E-02
-3.373050650E-02-3.079551216E-02-2.783643414E-02-2.485423878E-02-2.185004320E-02
-1.882538506E-02-1.578250804E-02-1.272465906E-02-9.656347747E-03-6.583396506E-03
-3.513747148E-03-4.583063882E-04 2.581389369E-03 5.618857590E-03 8.657074334E-03
 1.169543719E-02 1.473386818E-02 1.777237563E-02 6.242786001E-03 5.182610108E-03
 4.122437374E-03 3.062248207E-03 2.002077029E-03 9.424152790E-04-1.184713258E-04
-1.191902450E-03-2.285053731E-03-3.395860086E-03-4.522235559E-03-5.664038678E-03
-6.822269823E-03-7.998510813E-03-9.194473038E-03-1.041172585E-02-1.165167900E-02
-1.291570416E-02-1.420521165E-02-1.552164719E-02-1.686647654E-02-1.824117605E-02
-1.964722268E-02-2.108608011E-02-2.255918028E-02-2.406790281E-02-2.561354891E-02
-2.719731095E-02-2.882023772E-02-3.048319347E-02-3.218681338E-02-3.393145501E-02
-3.571714612E-02-3.754353072E-02-3.940981529E-02-4.131471886E-02-4.325642749E-02
-4.523255809E-02-4.724013607E-02-4.927558674E-02-5.133474693E-02-5.341289825E-02
-5.550481640E-02-5.760484495E-02-5.970698358E-02-6.180498830E-02-6.389247770E-02
-6.596303856E-02-6.801032647E-02-7.002815298E-02-7.201055921E-02-7.395186965E-02
-7.584672755E-02-7.769011109E-02-7.947733515E-02-8.120404056E-02-8.286617217E-02
-8.445994994E-02-8.598183914E-02-8.742851863E-02-8.879685128E-02-9.008385880E-02
-9.128670105E-02-9.240266266E-02-9.342914656E-02-9.436367123E-02-9.520388108E-02
-9.594755632E-02-9.659263157E-02-9.713721647E-02-9.757961924E-02-9.791836877E-02
-9.815223601E-02-9.828025109E-02-9.830171453E-02-9.821620228E-02-9.802356206E-02
-9.772390113E-02-9.731756995E-02-9.680513921E-02-9.618736429E-02-9.546515227E-02
-9.463953605E-02-9.371164265E-02-9.268264248E-02-9.155375715E-02-9.032622716E-02
-8.900128544E-02-8.758018110E-02-8.606419346E-02-8.445464219E-02-8.275291390E-02
-8.096050401E-02-7.907906805E-02-7.711047752E-02-7.505687477E-02-7.292072313E-02
-7.070485127E-02-6.841248580E-02-6.604726172E-02-6.361320709E-02-6.111469623E-02
-5.855637066E-02-5.594302818E-02-5.327948914E-02-5.057044804E-02-4.782032346E-02
-4.503312291E-02-4.221233868E-02-3.936088385E-02-3.648108107E-02-3.357470828E-02
-3.064310168E-02-2.768731310E-02-2.470831458E-02-2.170724042E-02-1.868565637E-02
-1.564584436E-02-1.259109904E-02-9.525979593E-03-6.456353258E-03-3.390307697E-03
-3.387609569E-04 2.697736865E-03 5.732399808E-03 8.767935081E-03 1.180372843E-02
 1.483970680E-02 1.787585738E-02 6.298581065E-03 5.238818862E-03 4.179057774E-03
 3.119279070E-03 2.059509218E-03 1.000207897E-03-6.009791940E-05-1.132014288E-03
-2.223621011E-03-3.333042993E-03-4.458061914E-03-5.598452397E-03-6.755162292E-03
-7.929746438E-03-9.123911075E-03-1.033922900E-02-1.157710869E-02-1.283891287E-02
-1.412604043E-02-1.543992602E-02-1.678202422E-02-1.815379993E-02-1.955671850E-02
-2.099223221E-02-2.246176186E-02-2.396667653E-02-2.550826792E-02-2.708772019E-02
-2.870607575E-02-3.036419482E-02-3.206271146E-02-3.380198577E-02-3.558205198E-02
-3.740256518E-02-3.926274835E-02-4.116134227E-02-4.309655999E-02-4.506605125E-02
-4.706687886E-02-4.909550939E-02-5.114782418E-02-5.321915052E-02-5.530430990E-02
-5.739769051E-02-5.949333193E-02-6.158502505E-02-6.366641674E-02-6.573111451E-02
-6.777278758E-02-6.978525404E-02-7.176255412E-02-7.369900504E-02-7.558923878E-02
-7.742821928E-02-7.921124555E-02-8.093394165E-02-8.259223541E-02-8.418233365E-02
-8.570068894E-02-8.714397172E-02-8.850903801E-02-8.979291029E-02-9.099274901E-02
-9.210584475E-02-9.312960966E-02-9.406157530E-02-9.489940013E-02-9.564088036E-02
-9.628396757E-02-9.682678848E-02-9.726766683E-02-9.760514543E-02-9.783800619E-02
-9.796528558E-02-9.798628722E-02-9.790058530E-02-9.770802032E-02-9.740868972E-02
-9.700292939E-02-9.649128965E-02-9.587450387E-02-9.515345824E-02-9.432916939E-02
-9.340272770E-02-9.237528839E-02-9.124805877E-02-9.002225630E-02-8.869910252E-02
-8.727984747E-02-8.576577187E-02-8.415819331E-02-8.245849832E-02-8.066819805E-02
-7.878897286E-02-7.682271995E-02-7.477160796E-02-7.263812815E-02-7.042513591E-02
-6.813588199E-02-6.577402167E-02-6.334359724E-02-6.084898879E-02-5.829483261E-02
-5.568590898E-02-5.302700905E-02-5.032278747E-02-4.757761461E-02-4.479544510E-02
-4.197971710E-02-3.913329237E-02-3.625844886E-02-3.335692994E-02-3.043005004E-02
-2.747885381E-02-2.450432170E-02-2.150761233E-02-1.849033107E-02-1.545481353E-02
-1.240442122E-02-9.343781428E-03-6.278823137E-03-3.217854032E-03-1.717874232E-04
 2.860321341E-03 5.891089865E-03 8.922879615E-03 1.195508531E-02 1.498763865E-02
 1.802049690E-02 6.370447089E-03 5.311186653E-03 4.251928651E-03 3.192656967E-03
 2.133390445E-03 1.074533577E-03 1.491193736E-05-1.055086133E-03-2.144699930E-03
-3.252336000E-03-4.375612369E-03-5.514193319E-03-6.668957192E-03-7.841422199E-03
-9.033286679E-03-1.024612783E-02-1.148135329E-02-1.274031486E-02-1.402439690E-02
-1.533501992E-02-1.667362429E-02-1.804166030E-02-1.944057847E-02-2.087181643E-02
-2.233678074E-02-2.383682688E-02-2.537323434E-02-2.694717671E-02-2.855968817E-02
-3.021162367E-02-3.190361576E-02-3.363602731E-02-3.540890036E-02-3.722190380E-02
-3.907428113E-02-4.096480037E-02-4.289170907E-02-4.485269834E-02-4.684487781E-02
-4.886476700E-02-5.090830384E-02-5.297087404E-02-5.504735844E-02-5.713220139E-02
-5.921949363E-02-6.130307129E-02-6.337661842E-02-6.543377076E-02-6.746821605E-02
-6.947378061E-02-7.144450462E-02-7.337469862E-02-7.525897972E-02-7.709229451E-02
-7.886992306E-02-8.058746698E-02-8.224083256E-02-8.382621169E-02-8.534003852E-02
-8.677897267E-02-8.813986412E-02-8.941973176E-02-9.061573802E-02-9.172518124E-02
-9.274548400E-02-9.367419284E-02-9.450898453E-02-9.524767403E-02-9.588823492E-02
-9.642881400E-02-9.686775409E-02-9.720361475E-02-9.743519133E-02-9.756152853E-02
-9.758193402E-02-9.749597887E-02-9.730349576E-02-9.700456777E-02-9.659951316E-02
-9.608885670E-02-9.547330967E-02-9.475372466E-02-9.393109287E-02-9.300647269E-02
-9.198100800E-02-9.085586792E-02-8.963224605E-02-8.831135756E-02-8.689445597E-02
-8.538280524E-02-8.377772370E-02-8.208061773E-02-8.029302318E-02-7.841664844E-02
-7.645341574E-02-7.440551869E-02-7.227548212E-02-7.006619955E-02-6.778095572E-02
-6.542343348E-02-6.299769386E-02-6.050812291E-02-5.795934745E-02-5.535612217E-02
-5.270319814E-02-5.000517687E-02-4.726636603E-02-4.449065265E-02-4.168140573E-02
-3.884142182E-02-3.597292246E-02-3.307760792E-02-3.015676620E-02-2.721143469E-02
-2.424260689E-02-2.125147470E-02-1.823969601E-02-1.520967681E-02-1.216486549E-02
-9.109975951E-03-6.051017106E-03-2.996593697E-03 4.243840584E-05 3.069041259E-03
 6.094865978E-03 9.121871333E-03 1.214949373E-02 1.517766850E-02 1.820631470E-02
 6.458093442E-03 5.399463735E-03 4.340843256E-03 3.282219413E-03 2.223601925E-03
 1.165336410E-03 1.065811848E-04-9.611669524E-04-2.048345531E-03-3.153780837E-03
-4.274927049E-03-5.411305784E-03-6.563706033E-03-7.733598214E-03-8.922668858E-03
-1.013250026E-02-1.136450010E-02-1.262000772E-02-1.390038994E-02-1.520705015E-02
-1.654141152E-02-1.790490664E-02-1.929896805E-02-2.072501553E-02-2.218443835E-02
-2.367857538E-02-2.520869115E-02-2.677594638E-02-2.838136509E-02-3.002579566E-02
-3.170986847E-02-3.343394936E-02-3.519808955E-02-3.700197437E-02-3.884487124E-02
-4.072558011E-02-4.264238981E-02-4.459304058E-02-4.657469835E-02-4.858394653E-02
-5.061679116E-02-5.266868916E-02-5.473459289E-02-5.680901459E-02-5.888610878E-02
-6.095976781E-02-6.302372204E-02-6.507164244E-02-6.709723988E-02-6.909435252E-02
-7.105702409E-02-7.297955701E-02-7.485654989E-02-7.668293215E-02-7.845396139E-02
-8.016520902E-02-8.181256274E-02-8.339218721E-02-8.490050152E-02-8.633414827E-02
-8.768997060E-02-8.896498184E-02-9.015634706E-02-9.126137182E-02-9.227749097E-02
-9.320226879E-02-9.403340128E-02-9.476872679E-02-9.540624247E-02-9.594411894E-02
-9.638072126E-02-9.671462822E-02-9.694465062E-02-9.706984262E-02-9.708951506E-02
-9.700323643E-02-9.681082984E-02-9.651236027E-02-9.610812472E-02-9.559862301E-02
-9.498453254E-02-9.426668079E-02-9.344600537E-02-9.252356029E-02-9.150043823E-02
-9.037778145E-02-8.915677792E-02-8.783862668E-02-8.642455149E-02-8.491581387E-02
-8.331375450E-02-8.161980525E-02-7.983551256E-02-7.796260718E-02-7.600304838E-02
-7.395907546E-02-7.183326292E-02-6.962854945E-02-6.734825241E-02-6.499607848E-02
-6.257610472E-02-6.009272008E-02-5.755053698E-02-5.495427937E-02-5.230865166E-02
-4.961819353E-02-4.688713852E-02-4.411929152E-02-4.131793664E-02-3.848579085E-02
-3.562500776E-02-3.273723635E-02-2.982373401E-02-2.688553112E-02-2.392363896E-02
-2.093929181E-02-1.793421305E-02-1.491089566E-02-1.187289456E-02-8.825028696E-03
-5.773410368E-03-2.726982540E-03 3.035964687E-04 3.323567724E-03 6.343418393E-03
 9.364641275E-03 1.238672233E-02 1.540960047E-02 1.843314898E-02 6.561462386E-03
 5.503618548E-03 4.445791678E-03 3.387972292E-03 2.330159689E-03 1.272636917E-03
 2.149091814E-04-8.503227603E-04-1.934624750E-03-3.037432940E-03-4.156059505E-03
-5.289847457E-03-6.439474366E-03-7.606349832E-03-8.792143185E-03-9.998442096E-03
-1.122665573E-02-1.247811004E-02-1.375415137E-02-1.505616292E-02-1.638554776E-02
-1.774371785E-02-1.913208477E-02-2.055204755E-02-2.200497526E-02-2.349218746E-02
-2.501493080E-02-2.657435040E-02-2.817145797E-02-2.980709390E-02-3.148188557E-02
-3.319620186E-02-3.495010411E-02-3.674329600E-02-3.857507212E-02-4.044426942E-02
-4.234922351E-02-4.428773085E-02-4.625702334E-02-4.825375772E-02-5.027401937E-02
-5.231334837E-02-5.436678018E-02-5.642890820E-02-5.849396186E-02-6.055589971E-02
-6.260850966E-02-6.464550745E-02-6.666062935E-02-6.864773034E-02-7.060086398E-02
-7.251432091E-02-7.438268377E-02-7.620086274E-02-7.796408295E-02-7.966789332E-02
-8.130815119E-02-8.288099385E-02-8.438281958E-02-8.581025496E-02-8.716012851E-02
-8.842945054E-02-8.961538804E-02-9.071525233E-02-9.172649138E-02-9.264668798E-02
-9.347356030E-02-9.420497172E-02-9.483894526E-02-9.537367786E-02-9.580755892E-02
-9.613918927E-02-9.636739412E-02-9.649123900E-02-9.651003930E-02-9.642335773E-02
-9.623100739E-02-9.593303755E-02-9.552971513E-02-9.502151039E-02-9.440906947E-02
-9.369318141E-02-9.287475277E-02-9.195478453E-02-9.093434691E-02-8.981455719E-02
-8.859656188E-02-8.728155310E-02-8.587075885E-02-8.436544355E-02-8.276693628E-02
-8.107668031E-02-7.929625045E-02-7.742743796E-02-7.547224260E-02-7.343294493E-02
-7.131216233E-02-6.911287310E-02-6.683843835E-02-6.449260608E-02-6.207947893E-02
-5.960344701E-02-5.706909836E-02-5.448111301E-02-5.184413310E-02-4.916261943E-02
-4.644071304E-02-4.368212054E-02-4.089003013E-02-3.806707158E-02-3.521532529E-02
-3.233638616E-02-2.943148112E-02-2.650163585E-02-2.354788448E-02-2.057151267E-02
-1.757432230E-02-1.455890977E-02-1.152895533E-02-8.489399587E-03-5.446486996E-03
-2.409521710E-03 6.112691681E-04 3.623508637E-03 6.636367051E-03 9.650827016E-03
 1.266642737E-02 1.568311006E-02 1.870069507E-02 6.680722816E-03 5.623812324E-03
 4.566923465E-03 3.510048566E-03 2.453175920E-03 1.396522398E-03 3.399293633E-04
-7.226219987E-04-1.803616522E-03-2.903358858E-03-4.019073283E-03-5.149885718E-03
-6.296338002E-03-7.459763843E-03-8.641808118E-03-9.844063497E-03-1.106794276E-02
-1.231475851E-02-1.358583395E-02-1.488252878E-02-1.620622285E-02-1.755830463E-02
-1.894016190E-02-2.035316992E-02-2.179867472E-02-2.327797370E-02-2.479229313E-02
-2.634276037E-02-2.793037269E-02-2.955596065E-02-3.122014738E-02-3.292330473E-02
-3.466550494E-02-3.644647127E-02-3.826552848E-02-4.012155444E-02-4.201293632E-02
-4.393753404E-02-4.589265353E-02-4.787503409E-02-4.988085057E-02-5.190573580E-02
-5.394482220E-02-5.599279854E-02-5.804397853E-02-6.009239502E-02-6.213190707E-02
-6.415628463E-02-6.615929585E-02-6.813481967E-02-7.007691612E-02-7.197987017E-02
-7.383825203E-02-7.564694591E-02-7.740114558E-02-7.909637374E-02-8.072845205E-02
-8.229349079E-02-8.378786085E-02-8.520817084E-02-8.655123403E-02-8.781405266E-02
-8.899379627E-02-9.008778152E-02-9.109347023E-02-9.200846261E-02-9.283049929E-02
-9.355747096E-02-9.418742848E-02-9.471859586E-02-9.514938827E-02-9.547843029E-02
-9.570456136E-02-9.582686212E-02-9.584464698E-02-9.575747568E-02-9.556514734E-02
-9.526769430E-02-9.486535716E-02-9.435856776E-02-9.374793505E-02-9.303421350E-02
-9.221826624E-02-9.130105449E-02-9.028361614E-02-8.916701739E-02-8.795241315E-02
-8.664096707E-02-8.523386626E-02-8.373240300E-02-8.213794243E-02-8.045193922E-02
-7.867598700E-02-7.681190992E-02-7.486174168E-02-7.282784320E-02-7.071289765E-02
-6.851992674E-02-6.625233593E-02-6.391390119E-02-6.150873169E-02-5.904121144E-02
-5.651590948E-02-5.393746581E-02-5.131045599E-02-4.863924815E-02-4.592787367E-02
-4.317992465E-02-4.039847748E-02-3.758605999E-02-3.474466751E-02-3.187583358E-02
-2.898075283E-02-2.606045173E-02-2.311599859E-02-2.014874528E-02-1.716058977E-02
-1.415425228E-02-1.113355949E-02-8.103589795E-03-5.070758345E-03-2.044735726E-03
 9.650376646E-04 3.968492255E-03 6.973355031E-03 9.980085598E-03 1.298827886E-02
 1.599787904E-02 1.900864596E-02 6.816111562E-03 5.760256338E-03 4.704421603E-03
 3.648600195E-03 2.592770628E-03 1.537084663E-03 4.816817523E-04-5.781483497E-04
-1.655416547E-03-2.751636952E-03-3.864041797E-03-4.991498069E-03-6.134384536E-03
-7.293941296E-03-8.471779014E-03-9.669493748E-03-1.088850433E-02-1.213011096E-02
-1.339561158E-02-1.468633960E-02-1.600364903E-02-1.734890209E-02-1.872345977E-02
-2.012867049E-02-2.156585420E-02-2.303628354E-02-2.454116209E-02-2.608159698E-02
-2.765856886E-02-2.927289688E-02-3.092519886E-02-3.261584851E-02-3.434492900E-02
-3.611218480E-02-3.791697302E-02-3.975821553E-02-4.163435563E-02-4.354332141E-02
-4.548250037E-02-4.744872548E-02-4.943826977E-02-5.144686659E-02-5.346975561E-02
-5.550173582E-02-5.753722014E-02-5.957032576E-02-6.159498760E-02-6.360503880E-02
-6.559429595E-02-6.755666360E-02-6.948621290E-02-7.137722670E-02-7.322426227E-02
-7.502217727E-02-7.676613883E-02-7.845163316E-02-8.007444733E-02-8.163066107E-02
-8.311661552E-02-8.452889742E-02-8.586430394E-02-8.711982506E-02-8.829262895E-02
-8.938003913E-02-9.037952996E-02-9.128871867E-02-9.210537027E-02-9.282740220E-02
-9.345289157E-02-9.398009227E-02-9.440744579E-02-9.473359792E-02-9.495740932E-02
-9.507796682E-02-9.509458813E-02-9.500683084E-02-9.481448000E-02-9.451754503E-02
-9.411623239E-02-9.361094515E-02-9.300225362E-02-9.229086263E-02-9.147760109E-02
-9.056338383E-02-8.954920905E-02-8.843613792E-02-8.722524465E-02-8.591771405E-02
-8.451474389E-02-8.301760337E-02-8.142765083E-02-7.974638833E-02-7.797549067E-02
-7.611680128E-02-7.417239532E-02-7.214469365E-02-7.003640967E-02-6.785063638E-02
-6.559085232E-02-6.326086386E-02-6.086478822E-02-5.840699877E-02-5.589202390E-02
-5.332443478E-02-5.070871753E-02-4.804913755E-02-4.534961660E-02-4.261363087E-02
-3.984413984E-02-3.704355976E-02-3.421379245E-02-3.135630578E-02-2.847226160E-02
-2.556268925E-02-2.262869671E-02-1.967171183E-02-1.669374251E-02-1.369765078E-02
-1.068742936E-02-7.668310596E-03-4.646939780E-03-1.633337769E-03 1.364357188E-03
 4.358053895E-03 7.353958131E-03 1.035203093E-02 1.335192290E-02 1.635357916E-02
 1.935669415E-02 6.967759121E-03 5.913043482E-03 4.858342851E-03 3.803651562E-03
 2.748944195E-03 1.694317327E-03 6.401392653E-04-4.170331241E-04-1.490149931E-03
-2.582364284E-03-3.691051109E-03-4.814770750E-03-5.953708427E-03-7.108990105E-03
-8.282179399E-03-9.474872295E-03-1.068849615E-02-1.192434063E-02-1.318367676E-02
-1.446780877E-02-1.577806257E-02-1.711577152E-02-1.848226706E-02-1.987886806E-02
-2.130686577E-02-2.276750515E-02-2.426196418E-02-2.579132756E-02-2.735655729E-02
-2.895845924E-02-3.059764462E-02-3.227448841E-02-3.398908426E-02-3.574119746E-02
-3.753021902E-02-3.935511933E-02-4.121440220E-02-4.310606683E-02-4.502758548E-02
-4.697589314E-02-4.894737559E-02-5.093787819E-02-5.294275241E-02-5.495691247E-02
-5.697488775E-02-5.899089946E-02-6.099896220E-02-6.299298159E-02-6.496683323E-02
-6.691445295E-02-6.882993054E-02-7.070755167E-02-7.254186123E-02-7.432769305E-02
-7.606018349E-02-7.773478374E-02-7.934724609E-02-8.089361525E-02-8.237019707E-02
-8.377355390E-02-8.510046536E-02-8.634790933E-02-8.751304740E-02-8.859320862E-02
-8.958587701E-02-9.048868747E-02-9.129942709E-02-9.201604129E-02-9.263663246E-02
-9.315948239E-02-9.358306037E-02-9.390603443E-02-9.412728182E-02-9.424589829E-02
-9.426120514E-02-9.417275514E-02-9.398031777E-02-9.368387193E-02-9.328360232E-02
-9.277988296E-02-9.217322838E-02-9.146430546E-02-9.065389901E-02-8.974288331E-02
-8.873221286E-02-8.762291704E-02-8.641608459E-02-8.511281608E-02-8.371433294E-02
-8.222194360E-02-8.063702074E-02-7.896105307E-02-7.719576186E-02-7.534305276E-02
-7.340511991E-02-7.138440930E-02-6.928367617E-02-6.710608646E-02-6.485513332E-02
-6.253464892E-02-6.014878789E-02-5.770191870E-02-5.519852088E-02-5.264309031E-02
-5.004001065E-02-4.739342227E-02-4.470710932E-02-4.198440787E-02-3.922814537E-02
-3.644062683E-02-3.362366946E-02-3.077868516E-02-2.790681190E-02-2.500908883E-02
-2.208667230E-02-1.914107840E-02-1.617444005E-02-1.318977863E-02-1.019126740E-02
-7.184300702E-03-4.175837700E-03-1.176194709E-03 1.808530650E-03 4.791562674E-03
 7.777575679E-03 1.076610509E-02 1.375684863E-02 1.674974652E-02 1.974442107E-02
 7.135445733E-03 6.081937067E-03 5.028449482E-03 3.974982996E-03 2.921514146E-03
 1.868096430E-03 8.152086321E-04-2.394584400E-04-1.307964569E-03-2.395650486E-03
-3.500198035E-03-4.619799945E-03-5.754414088E-03-6.905028842E-03-8.073144680E-03
-9.260351682E-03-1.046808791E-02-1.169763590E-02-1.295023915E-02-1.422716971E-02
-1.552972238E-02-1.685919931E-02-1.821690016E-02-1.960411165E-02-2.102209363E-02
-2.247206089E-02-2.395516330E-02-2.547246089E-02-2.702489459E-02-2.861325445E-02
-3.023814348E-02-3.189993786E-02-3.359874215E-02-3.533434168E-02-3.710615949E-02
-3.891321475E-02-4.075407937E-02-4.262683291E-02-4.452903443E-02-4.645771843E-02
-4.840938949E-02-5.038002341E-02-5.236509884E-02-5.435964817E-02-5.635832409E-02
-5.835546785E-02-6.034518717E-02-6.232146821E-02-6.427825396E-02-6.620952552E-02
-6.810939250E-02-6.997215212E-02-7.179233786E-02-7.356476424E-02-7.528453903E-02
-7.694707451E-02-7.854808564E-02-8.008358349E-02-8.154983661E-02-8.294337693E-02
-8.426096363E-02-8.549955983E-02-8.665632003E-02-8.772857473E-02-8.871381584E-02
-8.960969375E-02-9.041401552E-02-9.112475158E-02-9.174003256E-02-9.225816764E-02
-9.267764680E-02-9.299716033E-02-9.321560034E-02-9.333207891E-02-9.334591526E-02
-9.325665294E-02-9.306404674E-02-9.276805410E-02-9.236883111E-02-9.186670121E-02
-9.126214542E-02-9.055579326E-02-8.974837772E-02-8.884073975E-02-8.783378749E-02
-8.672851594E-02-8.552599162E-02-8.422734985E-02-8.283375417E-02-8.134650129E-02
-7.976704997E-02-7.809693510E-02-7.633789082E-02-7.449185145E-02-7.256108392E-02
-7.054810744E-02-6.845581042E-02-6.628737702E-02-6.404631128E-02-6.173649358E-02
-5.936206024E-02-5.692733088E-02-5.443674600E-02-5.189473735E-02-4.930558091E-02
-4.667328275E-02-4.400148051E-02-4.129335757E-02-3.855159635E-02-3.577837606E-02
-3.297541658E-02-3.014406761E-02-2.728544752E-02-2.440062359E-02-2.149082406E-02
-1.855767665E-02-1.560346194E-02-1.263138160E-02-9.645802136E-03-6.652286224E-03
-3.658244685E-03-6.741877501E-04 2.296904182E-03 5.268424548E-03 8.243606109E-03
 1.122170937E-02 1.420246614E-02 1.718580588E-02 2.017127253E-02 7.318791704E-03
 6.266622120E-03 5.214497520E-03 4.162424255E-03 3.110380560E-03 2.058385612E-03
 1.006869183E-03-4.555136509E-05-1.109016248E-03-2.191623648E-03-3.291590900E-03
-4.406689755E-03-5.536613215E-03-6.682184923E-03-7.844821541E-03-9.026098011E-03
-1.022746457E-02-1.145020135E-02-1.269552506E-02-1.396467287E-02-1.525890583E-02
-1.657949248E-02-1.792769833E-02-1.930477577E-02-2.071195070E-02-2.215040499E-02
-2.362125781E-02-2.512554244E-02-2.666417758E-02-2.823793533E-02-2.984740671E-02
-3.149296531E-02-3.317472832E-02-3.489250601E-02-3.664575501E-02-3.843353761E-02
-4.025448834E-02-4.210677275E-02-4.398805242E-02-4.589546901E-02-4.782564267E-02
-4.977468143E-02-5.173820767E-02-5.371138840E-02-5.568900198E-02-5.766551855E-02
-5.963515919E-02-6.159199935E-02-6.353005526E-02-6.544336528E-02-6.732606924E-02
-6.917248000E-02-7.097712867E-02-7.273480729E-02-7.444060220E-02-7.608988635E-02
-7.767833679E-02-7.920192468E-02-8.065688576E-02-8.203971698E-02-8.334715125E-02
-8.457613560E-02-8.572381621E-02-8.678751826E-02-8.776474089E-02-8.865314683E-02
-8.945056138E-02-9.015497649E-02-9.076454815E-02-9.127760968E-02-9.169267503E-02
-9.200845384E-02-9.222385461E-02-9.233799482E-02-9.235019643E-02-9.225999209E-02
-9.206712046E-02-9.177151521E-02-9.137330971E-02-9.087277009E-02-9.027036263E-02
-8.956665483E-02-8.876233664E-02-8.785820930E-02-8.685516787E-02-8.575415109E-02
-8.455620710E-02-8.326246110E-02-8.187412991E-02-8.039249112E-02-7.881896542E-02
-7.715519954E-02-7.540299551E-02-7.356435894E-02-7.164155490E-02-6.963718223E-02
-6.755419136E-02-6.539583215E-02-6.316571958E-02-6.086771684E-02-5.850590867E-02
-5.608459679E-02-5.360814934E-02-5.108087107E-02-4.850691081E-02-4.589014962E-02
-4.323408384E-02-4.054174283E-02-3.781566298E-02-3.505789692E-02-3.227006529E-02
-2.945345704E-02-2.660917414E-02-2.373831440E-02-2.084218365E-02-1.792253272E-02
-1.498181077E-02-1.202343022E-02-9.051970388E-03-6.073179003E-03-3.095116619E-03
-1.282923011E-04 2.828775277E-03 5.788031870E-03 8.751464962E-03 1.171828374E-02
 1.468823365E-02 1.766122637E-02 2.063672365E-02 7.517799054E-03 6.467193772E-03
 5.416656189E-03 4.366188063E-03 3.315760457E-03 2.265362876E-03 1.215288813E-03
 1.649074659E-04-8.934181544E-04-1.970448372E-03-3.065355139E-03-4.175554833E-03
-5.300425556E-03-6.440592385E-03-7.597363889E-03-8.772286722E-03-9.966822545E-03
-1.118225449E-02-1.241977503E-02-1.368058453E-02-1.496590781E-02-1.627697724E-02
-1.761502191E-02-1.898125772E-02-2.037687486E-02-2.180302018E-02-2.326077851E-02
-2.475115216E-02-2.627503615E-02-2.783318659E-02-2.942618388E-02-3.105439508E-02
-3.271793955E-02-3.441664919E-02-3.615002070E-02-3.791716920E-02-3.971679139E-02
-4.154713099E-02-4.340594959E-02-4.529050986E-02-4.719755949E-02-4.912333726E-02
-5.106361011E-02-5.301369854E-02-5.496852148E-02-5.692267838E-02-5.887051705E-02
-6.080621686E-02-6.272387818E-02-6.461760645E-02-6.648158365E-02-6.831013902E-02
-7.009781533E-02-7.183938421E-02-7.352991365E-02-7.516473840E-02-7.673950051E-02
-7.825012829E-02-7.969282095E-02-8.106404090E-02-8.236049225E-02-8.357910352E-02
-8.471700270E-02-8.577151145E-02-8.674013244E-02-8.762053754E-02-8.841056573E-02
-8.910822857E-02-8.971170478E-02-9.021934298E-02-9.062968712E-02-9.094146058E-02
-9.115358754E-02-9.126518355E-02-9.127557843E-02-9.118429200E-02-9.099104819E-02
-9.069575607E-02-9.029850594E-02-8.979954903E-02-8.919929860E-02-8.849827365E-02
-8.769713914E-02-8.679665149E-02-8.579766213E-02-8.470111874E-02-8.350801603E-02
-8.221948119E-02-8.083673210E-02-7.936111317E-02-7.779407569E-02-7.613722465E-02
-7.439244688E-02-7.256187753E-02-7.064784236E-02-6.865300096E-02-6.658030072E-02
-6.443307745E-02-6.221496393E-02-5.992984914E-02-5.758186590E-02-5.517523481E-02
-5.271419067E-02-5.020293566E-02-4.764548883E-02-4.504555250E-02-4.240644147E-02
-3.973103288E-02-3.702173258E-02-3.428047894E-02-3.150880373E-02-2.870794666E-02
-2.587900454E-02-2.302311682E-02-2.014168058E-02-1.723658566E-02-1.431046423E-02
-1.136695251E-02-8.410845250E-03-5.448105988E-03-2.487557426E-03 4.607663174E-04
 3.403372646E-03 6.349622835E-03 9.300453261E-03 1.225517965E-02 1.521354537E-02
 1.817543959E-02 2.114023892E-02 7.732999499E-03 6.684107594E-03 5.635271342E-03
 4.586490529E-03 3.537746682E-03 2.489023842E-03 1.440508088E-03 3.921735495E-04
-6.612971406E-04-1.732316086E-03-2.821631850E-03-3.926520136E-03-5.045978318E-03
-6.180391615E-03-7.330932462E-03-8.499101544E-03-9.686368365E-03-1.089402461E-02
-1.212324286E-02-1.337518560E-02-1.465103901E-02-1.595199747E-02-1.727925088E-02
-1.863397520E-02-2.001732250E-02-2.143040545E-02-2.287427558E-02-2.434990250E-02
-2.585814877E-02-2.739974664E-02-2.897526551E-02-3.058507250E-02-3.222929345E-02
-3.390777559E-02-3.562004610E-02-3.736527061E-02-3.914221572E-02-4.094921072E-02
-4.278411337E-02-4.464429997E-02-4.652665702E-02-4.842756922E-02-5.034294849E-02
-5.226826775E-02-5.419860497E-02-5.612869952E-02-5.805303364E-02-5.996590694E-02
-6.186151430E-02-6.373403318E-02-6.557770458E-02-6.738688711E-02-6.915613337E-02
-7.088021034E-02-7.255416182E-02-7.417329655E-02-7.573321945E-02-7.722981579E-02
-7.865924730E-02-8.001794047E-02-8.130257029E-02-8.251003480E-02-8.363744782E-02
-8.468212262E-02-8.564156036E-02-8.651343844E-02-8.729560645E-02-8.798608848E-02
-8.858308264E-02-8.908496209E-02-8.949027870E-02-8.979777774E-02-9.000638699E-02
-9.011522937E-02-9.012363834E-02-9.003111929E-02-8.983737881E-02-8.954230390E-02
-8.914594758E-02-8.864853494E-02-8.805041722E-02-8.735211265E-02-8.655422742E-02
-8.565748361E-02-8.466269986E-02-8.357080002E-02-8.238280040E-02-8.109978642E-02
-7.972300084E-02-7.825380008E-02-7.669371143E-02-7.504442255E-02-7.330778598E-02
-7.148598014E-02-6.958149883E-02-6.759705940E-02-6.553568270E-02-6.340070458E-02
-6.119574575E-02-5.892473118E-02-5.659173720E-02-5.420093977E-02-5.175653718E-02
-4.926257805E-02-4.672287545E-02-4.414096592E-02-4.152000697E-02-3.886269840E-02
-3.617127610E-02-3.344755340E-02-3.069299414E-02-2.790881501E-02-2.509613003E-02
-2.225614114E-02-1.939035730E-02-1.650082670E-02-1.359038447E-02-1.066290752E-02
-7.723412418E-03-4.778157802E-03-1.836642327E-03 1.092523617E-03 4.019942348E-03
 6.952353060E-03 9.889779460E-03 1.283164690E-02 1.577769063E-02 1.872777630E-02
 2.168118997E-02 7.964272106E-03 6.917115436E-03 5.870029332E-03 4.823023905E-03
 3.776091306E-03 2.729208956E-03 1.682469836E-03 6.362271900E-04-4.128714369E-04
-1.477434634E-03-2.560578298E-03-3.659722615E-03-4.773406103E-03-5.901728777E-03
-7.045694525E-03-8.206734661E-03-9.386318853E-03-1.058575240E-02-1.180619435E-02
-1.304876857E-02-1.431461957E-02-1.560490398E-02-1.692077319E-02-1.826336301E-02
-1.963378249E-02-2.103310102E-02-2.246233330E-02-2.392241821E-02-2.541419242E-02
-2.693836315E-02-2.849548051E-02-3.008590358E-02-3.170976311E-02-3.336692535E-02
-3.505695164E-02-3.677905361E-02-3.853205810E-02-4.031438098E-02-4.212398866E-02
-4.395837226E-02-4.581454876E-02-4.768905359E-02-4.957795796E-02-5.147689001E-02
-5.338109140E-02-5.528546079E-02-5.718461941E-02-5.907299393E-02-6.094489201E-02
-6.279458172E-02-6.461635803E-02-6.640463539E-02-6.815397286E-02-6.985915090E-02
-7.151518991E-02-7.311737732E-02-7.466128207E-02-7.614275033E-02-7.755790507E-02
-7.890313803E-02-8.017508402E-02-8.137061674E-02-8.248682999E-02-8.352102403E-02
-8.447069094E-02-8.533350977E-02-8.610733899E-02-8.679021199E-02-8.738033781E-02
-8.787611057E-02-8.827609744E-02-8.857904499E-02-8.878388976E-02-8.888976504E-02
-8.889599982E-02-8.880208611E-02-8.860771024E-02-8.831273488E-02-8.791718371E-02
-8.742125990E-02-8.682526797E-02-8.612970257E-02-8.533511151E-02-8.444220310E-02
-8.345177035E-02-8.236471026E-02-8.118204274E-02-7.990487670E-02-7.853443479E-02
-7.707212440E-02-7.551949429E-02-7.387831043E-02-7.215055355E-02-7.033838083E-02
-6.844429594E-02-6.647115855E-02-6.442208808E-02-6.230043093E-02-6.010983849E-02
-5.785415337E-02-5.553740166E-02-5.316370554E-02-5.073712099E-02-4.826157770E-02
-4.574078020E-02-4.317806744E-02-4.057636473E-02-3.793819538E-02-3.526566673E-02
-3.256047898E-02-2.982400388E-02-2.705741802E-02-2.426186780E-02-2.143865156E-02
-1.858942337E-02-1.571641699E-02-1.282269661E-02-9.912394474E-03-6.990749064E-03
-4.064471403E-03-1.143567093E-03 1.766232989E-03 4.677819055E-03 7.595551163E-03
 1.051878082E-02 1.344702372E-02 1.638000549E-02 1.931757335E-02 2.225891902E-02
 8.211187534E-03 7.165937992E-03 6.120794490E-03 5.075769044E-03 4.030849786E-03
 2.986007800E-03 1.941269014E-03 8.970804842E-04-1.483667010E-04-1.206036896E-03
-2.282376586E-03-3.375316729E-03-4.482854395E-03-5.604756503E-03-6.741822059E-03
-7.895382672E-03-9.066894193E-03-1.025768023E-02-1.146889695E-02-1.270163396E-02
-1.395699119E-02-1.523607977E-02-1.654000743E-02-1.786986905E-02-1.922673467E-02
-2.061163483E-02-2.202554363E-02-2.346936110E-02-2.494389194E-02-2.644981812E-02
-2.798767217E-02-2.955780596E-02-3.116035242E-02-3.279518772E-02-3.446190215E-02
-3.615976024E-02-3.788765379E-02-3.964407578E-02-4.142709392E-02-4.323432190E-02
-4.506291335E-02-4.690954942E-02-4.877046493E-02-5.064145990E-02-5.251793580E-02
-5.439495760E-02-5.626730151E-02-5.812953846E-02-5.997608823E-02-6.180132959E-02
-6.359962644E-02-6.536544717E-02-6.709338552E-02-6.877823221E-02-7.041499728E-02
-7.199895129E-02-7.352562969E-02-7.499084284E-02-7.639067975E-02-7.772148605E-02
-7.897986561E-02-8.016266124E-02-8.126694074E-02-8.228998657E-02-8.322928050E-02
-8.408249903E-02-8.484750165E-02-8.552232908E-02-8.610519788E-02-8.659450980E-02
-8.698884459E-02-8.728695893E-02-8.748779196E-02-8.759047744E-02-8.759433912E-02
-8.749885722E-02-8.730369776E-02-8.700869924E-02-8.661385974E-02-8.611936275E-02
-8.552547961E-02-8.483263550E-02-8.404138787E-02-8.315240341E-02-8.216646330E-02
-8.108445252E-02-7.990737139E-02-7.863637006E-02-7.727268933E-02-7.581774363E-02
-7.427315683E-02-7.264072345E-02-7.092249744E-02-6.912079375E-02-6.723811223E-02
-6.527728724E-02-6.324152058E-02-6.113427482E-02-5.895917105E-02-5.672002975E-02
-5.442080104E-02-5.206544655E-02-4.965791303E-02-4.720198545E-02-4.470116396E-02
-4.215862908E-02-3.957717611E-02-3.695914444E-02-3.430644727E-02-3.162066379E-02
-2.890312322E-02-2.615500311E-02-2.337748155E-02-2.057193874E-02-1.774017647E-02
-1.488464506E-02-1.200867691E-02-9.116675646E-03-6.214100842E-03-3.308388882E-03
-4.097642827E-04 2.480986237E-03 5.376321630E-03 8.278608960E-03 1.118691418E-02
 1.410081198E-02 1.702001231E-02 1.994435405E-02 2.287293871E-02 8.473937715E-03
 7.430805911E-03 6.387805655E-03 5.344948842E-03 4.302218065E-03 3.259583689E-03
 2.217031443E-03 1.174857906E-03 1.323441417E-04-9.183215976E-04-1.987257592E-03
-3.073478068E-03-4.174475204E-03-5.289625549E-03-6.419481951E-03-7.565241937E-03
-8.728327519E-03-9.910076379E-03-1.111164678E-02-1.233409890E-02-1.357848913E-02
-1.484588727E-02-1.613735889E-02-1.745395344E-02-1.879669517E-02-2.016657161E-02
-2.156451665E-02-2.299139291E-02-2.444797270E-02-2.593491111E-02-2.745271700E-02
-2.900172741E-02-3.058207841E-02-3.219366420E-02-3.383609774E-02-3.550868437E-02
-3.721038078E-02-3.893976076E-02-4.069499244E-02-4.247380488E-02-4.427349088E-02
-4.609088816E-02-4.792238585E-02-4.976395888E-02-5.161118175E-02-5.345929510E-02
-5.530323523E-02-5.713772223E-02-5.895731869E-02-6.075649950E-02-6.252973545E-02
-6.427154833E-02-6.597658201E-02-6.763964314E-02-6.925574841E-02-7.082015148E-02
-7.232836238E-02-7.377616510E-02-7.515960328E-02-7.647498875E-02-7.771888701E-02
-7.888810643E-02-7.997968930E-02-8.099089866E-02-8.191920053E-02-8.276225910E-02
-8.351792996E-02-8.418425976E-02-8.475946716E-02-8.524195132E-02-8.563030426E-02
-8.592329414E-02-8.611985731E-02-8.621911804E-02-8.622039719E-02-8.612316334E-02
-8.592706332E-02-8.563191568E-02-8.523770244E-02-8.474455702E-02-8.415273178E-02
-8.346260484E-02-8.267476345E-02-8.178980272E-02-8.080850538E-02-7.973175173E-02
-7.856054819E-02-7.729604372E-02-7.593955621E-02-7.449250599E-02-7.295655186E-02
-7.133358232E-02-6.962568188E-02-6.783522474E-02-6.596487508E-02-6.401747939E-02
-6.199617316E-02-5.990443023E-02-5.774595022E-02-5.552452112E-02-5.324397691E-02
-5.090819110E-02-4.852091872E-02-4.608573423E-02-4.360598494E-02-4.108465945E-02
-3.852434186E-02-3.592723683E-02-3.329517331E-02-3.062962486E-02-2.793182487E-02
-2.520293699E-02-2.244422056E-02-1.965719391E-02-1.684383002E-02-1.400678877E-02
-1.114966450E-02-8.277124595E-03-5.394884170E-03-2.511364326E-03 3.636405146E-04
 3.235846765E-03 6.114612285E-03 9.000793814E-03 1.189355000E-02 1.479247446E-02
 1.769725275E-02 2.060772142E-02 2.352289529E-02 8.752825055E-03 7.711991303E-03
 6.671303649E-03 5.630768682E-03 4.590359887E-03 3.550044484E-03 2.509784043E-03
 1.469725998E-03 4.299218009E-04-6.144293342E-04-1.675513326E-03-2.754405157E-03
-3.848438792E-03-4.956509887E-03-6.078865094E-03-7.216525103E-03-8.370850434E-03
-9.543189254E-03-1.073471659E-02-1.194647279E-02-1.317946788E-02-1.443472350E-02
-1.571326019E-02-1.701608303E-02-1.834417176E-02-1.969847052E-02-2.107987196E-02
-2.248919796E-02-2.392718110E-02-2.539444724E-02-2.689148808E-02-2.841862709E-02
-2.997599193E-02-3.156348717E-02-3.318075291E-02-3.482713364E-02-3.650164634E-02
-3.820293935E-02-3.992928157E-02-4.167852401E-02-4.344808447E-02-4.523495660E-02
-4.703569406E-02-4.884644693E-02-5.066297050E-02-5.248067272E-02-5.429467997E-02
-5.609985534E-02-5.789091531E-02-5.966245957E-02-6.140905975E-02-6.312531738E-02
-6.480593036E-02-6.644573995E-02-6.803977339E-02-6.958327810E-02-7.107175404E-02
-7.250094865E-02-7.386687471E-02-7.516580491E-02-7.639426805E-02-7.754904358E-02
-7.862714082E-02-7.962579256E-02-8.054244823E-02-8.137476027E-02-8.212057644E-02
-8.277792496E-02-8.334504393E-02-8.382032741E-02-8.420235838E-02-8.448991242E-02
-8.468193032E-02-8.477751884E-02-8.477599587E-02-8.467681771E-02-8.447961387E-02
-8.418418348E-02-8.379048917E-02-8.329861201E-02-8.270880821E-02-8.202144228E-02
-8.123704564E-02-8.035621881E-02-7.937973122E-02-7.830847576E-02-7.714346479E-02
-7.588585792E-02-7.453699874E-02-7.309841303E-02-7.157175313E-02-6.995896532E-02
-6.826223769E-02-6.648396854E-02-6.462685581E-02-6.269389312E-02-6.068823324E-02
-5.861324112E-02-5.647254909E-02-5.426995079E-02-5.200924517E-02-4.969412707E-02
-4.732819600E-02-4.491485657E-02-4.245719990E-02-3.995800965E-02-3.741972229E-02
-3.484437109E-02-3.223363655E-02-2.958894585E-02-2.691155255E-02-2.420264029E-02
-2.146350691E-02-1.869578760E-02-1.590166813E-02-1.308408014E-02-1.024691418E-02
-7.395077642E-03-4.534632845E-03-1.674841937E-03 1.176424931E-03 4.029944898E-03
 6.891626450E-03 9.761161831E-03 1.263785595E-02 1.552129466E-02 1.841112507E-02
 2.130717344E-02 2.420837186E-02 9.048083986E-03 8.009666689E-03 6.971377185E-03
 5.933215126E-03 4.895158400E-03 3.857193885E-03 2.819302433E-03 1.781559343E-03
 7.443921227E-04-2.947211345E-04-1.347484145E-03-2.418341164E-03-3.504939054E-03
-4.605575254E-03-5.720134751E-03-6.849419924E-03-7.994692047E-03-9.157291231E-03
-1.033841155E-02-1.153908497E-02-1.276028095E-02-1.400297269E-02-1.526813554E-02
-1.655672966E-02-1.786968839E-02-1.920790681E-02-2.057223263E-02-2.196345023E-02
-2.338225885E-02-2.482924882E-02-2.630488356E-02-2.780947309E-02-2.934314009E-02
-3.090579444E-02-3.249709916E-02-3.411643255E-02-3.576287081E-02-3.743514177E-02
-3.913159775E-02-4.085020823E-02-4.258852469E-02-4.434368949E-02-4.611242663E-02
-4.789104941E-02-4.967550687E-02-5.146138726E-02-5.324398500E-02-5.501834942E-02
-5.677934084E-02-5.852170303E-02-6.024011637E-02-6.192928042E-02-6.358396035E-02
-6.519903996E-02-6.676956980E-02-6.829081157E-02-6.975824639E-02-7.116760283E-02
-7.251486217E-02-7.379626464E-02-7.500830813E-02-7.614772866E-02-7.721150230E-02
-7.819684000E-02-7.910116392E-02-7.992210527E-02-8.065750720E-02-8.130538667E-02
-8.186396279E-02-8.233164127E-02-8.270698936E-02-8.298877924E-02-8.317595820E-02
-8.326761435E-02-8.326305976E-02-8.316173744E-02-8.296326151E-02-8.266741157E-02
-8.227412173E-02-8.178344507E-02-8.119565584E-02-8.051107966E-02-7.973017792E-02
-7.885363815E-02-7.788216225E-02-7.681666428E-02-7.565818233E-02-7.440791242E-02
-7.306720809E-02-7.163764827E-02-7.012100040E-02-6.851919322E-02-6.683448491E-02
-6.506937351E-02-6.322656464E-02-6.130904632E-02-5.932007930E-02-5.726303705E-02
-5.514140119E-02-5.295881904E-02-5.071901183E-02-4.842561210E-02-4.608203243E-02
-4.369144910E-02-4.125678889E-02-3.878061962E-02-3.626514260E-02-3.371225682E-02
-3.112356222E-02-2.850040047E-02-2.584399553E-02-2.315561720E-02-2.043671990E-02
-1.768910180E-02-1.491512616E-02-1.211797130E-02-9.301835322E-03-6.471888360E-03
-3.634867234E-03-8.005451014E-04 2.027674476E-03 4.862248690E-03 7.706237352E-03
 1.055862973E-02 1.341880542E-02 1.628631619E-02 1.916076592E-02 2.204196282E-02
 2.492874844E-02 9.359525407E-03 8.323471877E-03 7.287539429E-03 6.251759700E-03
 5.216146788E-03 4.180711417E-03 3.145442800E-03 2.110347574E-03 1.075765258E-03
 4.069318850E-05-1.003462953E-03-2.065548743E-03-3.144179237E-03-4.237006235E-03
-5.343482939E-03-6.464138833E-03-7.600090573E-03-8.752646720E-03-9.923022219E-03
-1.111225573E-02-1.232128457E-02-1.355103213E-02-1.480242327E-02-1.607636915E-02
-1.737375774E-02-1.869544214E-02-2.004222500E-02-2.141484390E-02-2.281395886E-02
-2.424012972E-02-2.569379141E-02-2.717523515E-02-2.868457646E-02-3.022172510E-02
-3.178636675E-02-3.337791778E-02-3.499549506E-02-3.663790114E-02-3.830358007E-02
-3.999060855E-02-4.169667488E-02-4.341905886E-02-4.515464932E-02-4.689994726E-02
-4.865106321E-02-5.040378750E-02-5.215359519E-02-5.389571095E-02-5.562516424E-02
-5.733684038E-02-5.902555436E-02-6.068611002E-02-6.231335165E-02-6.390222082E-02
-6.544781340E-02-6.694539999E-02-6.839046311E-02-6.977871662E-02-7.110612153E-02
-7.236888748E-02-7.356346991E-02-7.468657850E-02-7.573515758E-02-7.670638138E-02
-7.759764899E-02-7.840657232E-02-7.913095667E-02-7.976882853E-02-8.031838155E-02
-8.077801932E-02-8.114630403E-02-8.142198758E-02-8.160401655E-02-8.169146724E-02
-8.168364186E-02-8.157996936E-02-8.138004950E-02-8.108364429E-02-8.069066083E-02
-8.020114551E-02-7.961535980E-02-7.893359624E-02-7.815630896E-02-7.728420264E-02
-7.631796946E-02-7.525853896E-02-7.410698227E-02-7.286451097E-02-7.153253589E-02
-7.011265679E-02-6.860672112E-02-6.701675750E-02-6.534499431E-02-6.359399826E-02
-6.176655469E-02-5.986563084E-02-5.789443120E-02-5.585638011E-02-5.375494701E-02
-5.159359027E-02-4.937581441E-02-4.710509899E-02-4.478475283E-02-4.241778936E-02
-4.000688148E-02-3.755441307E-02-3.506244570E-02-3.253269146E-02-2.996661824E-02
-2.736555719E-02-2.473076652E-02-2.206355929E-02-1.936550636E-02-1.663863720E-02
-1.388560905E-02-1.110990048E-02-8.315955218E-03-5.509155836E-03-2.697315312E-03
 1.099095036E-04 2.916282393E-03 5.731777653E-03 8.557417167E-03 1.139212857E-02
 1.423531635E-02 1.708647391E-02 1.994515003E-02 2.281112105E-02 2.568312833E-02
 9.686355790E-03 8.652778069E-03 7.619421123E-03 6.586329194E-03 5.553492631E-03
 4.520892137E-03 3.488496419E-03 2.456267265E-03 1.424355293E-03 3.927290811E-04
-6.436238346E-04-1.696416564E-03-2.766422684E-03-3.851009867E-03-4.949096475E-03
-6.060875360E-03-7.187268866E-03-8.329518377E-03-9.488850281E-03-1.066631964E-02
-1.186284111E-02-1.307929019E-02-1.431654458E-02-1.557547060E-02-1.685690607E-02
-1.816165371E-02-1.949047158E-02-2.084405602E-02-2.222302466E-02-2.362790311E-02
-2.505909768E-02-2.651687477E-02-2.800134460E-02-2.951242096E-02-3.104979365E-02
-3.261291258E-02-3.420094429E-02-3.581275322E-02-3.744687654E-02-3.910148983E-02
-4.077440094E-02-4.246304943E-02-4.416447117E-02-4.587533659E-02-4.759195364E-02
-4.931028984E-02-5.102601278E-02-5.273452941E-02-5.443104072E-02-5.611059311E-02
-5.776814262E-02-5.939860785E-02-6.099692770E-02-6.255812501E-02-6.407733824E-02
-6.554986791E-02-6.697120779E-02-6.833707001E-02-6.964339466E-02-7.088636645E-02
-7.206241904E-02-7.316821917E-02-7.420068128E-02-7.515694651E-02-7.603438035E-02
-7.683057969E-02-7.754332075E-02-7.817061185E-02-7.871063012E-02-7.916176130E-02
-7.952257133E-02-7.979178541E-02-7.996833747E-02-8.005129647E-02-8.003995164E-02
-7.993371821E-02-7.973218173E-02-7.943508949E-02-7.904232924E-02-7.855394832E-02
-7.797015193E-02-7.729125778E-02-7.651774466E-02-7.565024005E-02-7.468954485E-02
-7.363653396E-02-7.249232223E-02-7.125817752E-02-6.993554696E-02-6.852606942E-02
-6.703162127E-02-6.545433466E-02-6.379650181E-02-6.206064344E-02-6.024959486E-02
-5.836636861E-02-5.641410866E-02-5.439612504E-02-5.231587246E-02-5.017676787E-02
-4.798209727E-02-4.573507504E-02-4.343880066E-02-4.109614583E-02-3.870965486E-02
-3.628149638E-02-3.381353808E-02-3.130741109E-02-2.876450936E-02-2.618608240E-02
-2.357341336E-02-2.092795354E-02-1.825144205E-02-1.554609130E-02-1.281481990E-02
-1.006146653E-02-7.290790914E-03-4.508561214E-03-1.723612782E-03 1.056327671E-03
 3.841368289E-03 6.637474290E-03 9.444229383E-03 1.226074369E-02 1.508643846E-02
 1.792076977E-02 2.076324711E-02 2.361361551E-02 2.647050154E-02 1.002873314E-02
 8.998023414E-03 7.967590162E-03 6.937457584E-03 5.907591032E-03 4.877964112E-03
 3.848550866E-03 2.819309361E-03 1.790275488E-03 7.618418529E-04-2.683144812E-04
-1.311368254E-03-2.371955916E-03-3.447808973E-03-4.537173330E-03-5.639832848E-03
-6.756457871E-03-7.888171752E-03-9.036190227E-03-1.020159496E-02-1.138530061E-02
-1.258814107E-02-1.381093841E-02-1.505450879E-02-1.631964466E-02-1.760710166E-02
-1.891758920E-02-2.025176091E-02-2.161019241E-02-2.299336924E-02-2.440167359E-02
-2.583535097E-02-2.729448832E-02-2.877900016E-02-3.028859045E-02-3.182273056E-02
-3.338063668E-02-3.496123087E-02-3.656312183E-02-3.818459673E-02-3.982358543E-02
-4.147764632E-02-4.314398982E-02-4.481945048E-02-4.650051511E-02-4.818334448E-02
-4.986378985E-02-5.153745043E-02-5.319970571E-02-5.484577066E-02-5.647075073E-02
-5.806969311E-02-5.963765278E-02-6.116973347E-02-6.266113798E-02-6.410720948E-02
-6.550346613E-02-6.684562096E-02-6.812961554E-02-6.935161425E-02-7.050801536E-02
-7.159546688E-02-7.261084644E-02-7.355126628E-02-7.441406503E-02-7.519678992E-02
-7.589721519E-02-7.651330847E-02-7.704324116E-02-7.748536778E-02-7.783825460E-02
-7.810060788E-02-7.827133910E-02-7.834950685E-02-7.833438502E-02-7.822537665E-02
-7.802205341E-02-7.772415014E-02-7.733153920E-02-7.684426483E-02-7.626248402E-02
-7.558657642E-02-7.481700512E-02-7.395434492E-02-7.299949018E-02-7.195329741E-02
-7.081692216E-02-6.959167526E-02-6.827903359E-02-6.688071313E-02-6.539860849E-02
-6.383487486E-02-6.219191351E-02-6.047225563E-02-5.867867052E-02-5.681418565E-02
-5.488194406E-02-5.288515038E-02-5.082708555E-02-4.871108651E-02-4.654036927E-02
-4.431791742E-02-4.204654292E-02-3.972887869E-02-3.736731047E-02-3.496391268E-02
-3.252042249E-02-3.003831285E-02-2.751893355E-02-2.496357892E-02-2.237356214E-02
-1.975040479E-02-1.709604356E-02-1.441297307E-02-1.170440988E-02-8.974474612E-03
-6.228163693E-03-3.472068159E-03-7.156980600E-04 2.038344552E-03 4.802107757E-03
 7.578273714E-03 1.036568334E-02 1.316356969E-02 1.597132673E-02 1.878837006E-02
 2.161418974E-02 2.444852708E-02 2.728990204E-02 1.038734940E-02 9.359678733E-03
 8.332287271E-03 7.305199879E-03 6.278386227E-03 5.251827105E-03 4.225505247E-03
 3.199391971E-03 2.173477962E-03 1.148061089E-03 1.224648469E-04-9.107828200E-04
-1.961153081E-03-3.027679931E-03-4.107938396E-03-5.201215698E-03-6.307868346E-03
-7.428849479E-03-8.565331585E-03-9.718416019E-03-1.088902806E-02-1.207797335E-02
-1.328602456E-02-1.451394644E-02-1.576248226E-02-1.703234160E-02-1.832418488E-02
-1.963861800E-02-2.097618154E-02-2.233732426E-02-2.372238727E-02-2.513159357E-02
-2.656501780E-02-2.802256472E-02-2.950395150E-02-3.100867136E-02-3.253596891E-02
-3.408482676E-02-3.565393969E-02-3.724167056E-02-3.884606626E-02-4.046482893E-02
-4.209530888E-02-4.373450935E-02-4.537909741E-02-4.702541292E-02-4.866950647E-02
-5.030716341E-02-5.193394735E-02-5.354524934E-02-5.513633275E-02-5.670239199E-02
-5.823859991E-02-5.974015982E-02-6.120235330E-02-6.262058017E-02-6.399038977E-02
-6.530752521E-02-6.656791653E-02-6.776772314E-02-6.890333058E-02-6.997135577E-02
-7.096864605E-02-7.189227891E-02-7.273957742E-02-7.350804443E-02-7.419543963E-02
-7.479969115E-02-7.531895509E-02-7.575155100E-02-7.609603569E-02-7.635110926E-02
-7.651565616E-02-7.658871951E-02-7.656955533E-02-7.645755633E-02-7.625228109E-02
-7.595345278E-02-7.556093115E-02-7.507475406E-02-7.449506357E-02-7.382228442E-02
-7.305683616E-02-7.219932421E-02-7.125063490E-02-7.021173141E-02-6.908372209E-02
-6.786797932E-02-6.656604788E-02-6.517965444E-02-6.371076121E-02-6.216153157E-02
-6.053437895E-02-5.883192318E-02-5.705687907E-02-5.521218286E-02-5.330094743E-02
-5.132632468E-02-4.929144529E-02-4.719942150E-02-4.505333628E-02-4.285608323E-02
-4.061025242E-02-3.831819612E-02-3.598206445E-02-3.360378382E-02-3.118503480E-02
-2.872726231E-02-2.623174519E-02-2.369977219E-02-2.113278927E-02-1.853248813E-02
-1.590096129E-02-1.324093596E-02-1.055598480E-02-7.850554941E-03-5.129897620E-03
-2.401824872E-03 3.245854556E-04 3.054818889E-03 5.797566550E-03 8.553301245E-03
 1.132091266E-02 1.409972519E-02 1.688911654E-02 1.968846420E-02 2.249721853E-02
 2.531510555E-02 2.814054669E-02 1.076218267E-02 9.737608875E-03 8.713328257E-03
 7.689372973E-03 6.665718056E-03 5.642350523E-03 4.619260803E-03 3.596435839E-03
 2.573853495E-03 1.551625069E-03 5.299478116E-04-4.949244198E-04-1.534527429E-03
-2.590939842E-03-3.661625576E-03-4.745231203E-03-5.841719507E-03-6.951804775E-03
-8.076563003E-03-9.217101313E-03-1.037437243E-02-1.154917061E-02-1.274222239E-02
-1.395424087E-02-1.518591792E-02-1.643791399E-02-1.771084914E-02-1.900528377E-02
-2.032170774E-02-2.166053296E-02-2.302207108E-02-2.440651421E-02-2.581392293E-02
-2.724419655E-02-2.869704744E-02-3.017198599E-02-3.166830335E-02-3.318502611E-02
-3.472090311E-02-3.627440360E-02-3.784367493E-02-3.942654232E-02-4.102050339E-02
-4.262271983E-02-4.423002929E-02-4.583895970E-02-4.744574992E-02-4.904637371E-02
-5.063658398E-02-5.221195181E-02-5.376790975E-02-5.529980302E-02-5.680293767E-02
-5.827263091E-02-5.970425503E-02-6.109327752E-02-6.243530631E-02-6.372609782E-02
-6.496161366E-02-6.613800271E-02-6.725164308E-02-6.829913167E-02-6.927729485E-02
-7.018318452E-02-7.101407104E-02-7.176745149E-02-7.244104802E-02-7.303276740E-02
-7.354073918E-02-7.396325501E-02-7.429883579E-02-7.454618625E-02-7.470416586E-02
-7.477179863E-02-7.474832018E-02-7.463311460E-02-7.442572819E-02-7.412587266E-02
-7.373339956E-02-7.324834457E-02-7.267085728E-02-7.200134841E-02-7.124024919E-02
-7.038823373E-02-6.944611205E-02-6.841497934E-02-6.729591242E-02-6.609033854E-02
-6.479984132E-02-6.342618749E-02-6.197138035E-02-6.043759727E-02-5.882723825E-02
-5.714292583E-02-5.538741776E-02-5.356352806E-02-5.167425020E-02-4.972265638E-02
-4.771177635E-02-4.564453722E-02-4.352376355E-02-4.135218162E-02-3.913228725E-02
-3.686624451E-02-3.455595746E-02-3.220315207E-02-2.980939827E-02-2.737613156E-02
-2.490470031E-02-2.239644502E-02-1.985287241E-02-1.727586067E-02-1.466778781E-02
-1.203166398E-02-9.371333957E-03-6.691485033E-03-3.997962937E-03-1.299692785E-03
 1.397540992E-03 4.104820834E-03 6.826455140E-03 9.561521542E-03 1.230908156E-02
 1.506847365E-02 1.783908174E-02 2.062030096E-02 2.341157827E-02 2.621262840E-02
 2.902175882E-02 1.115298831E-02 1.013159768E-02 9.110527591E-03 8.089820603E-03
 7.069459304E-03 6.049442344E-03 5.029770817E-03 4.010438257E-03 2.991414338E-03
 1.972696178E-03 9.546445472E-04-6.405132736E-05-1.092589308E-03-2.137984585E-03
-3.198532915E-03-4.272120466E-03-5.358227732E-03-6.457265729E-03-7.570153131E-03
-8.697965432E-03-9.841683343E-03-1.100211225E-02-1.217994275E-02-1.337583473E-02
-1.459043608E-02-1.582435911E-02-1.707816957E-02-1.835238340E-02-1.964745159E-02
-2.096374285E-02-2.230153675E-02-2.366100181E-02-2.504217141E-02-2.644492985E-02
-2.786900042E-02-2.931391236E-02-3.077896596E-02-3.226324088E-02-3.376555764E-02
-3.528445615E-02-3.681818532E-02-3.836469325E-02-3.992160725E-02-4.148624615E-02
-4.305561554E-02-4.462642296E-02-4.619508900E-02-4.775778048E-02-4.931044176E-02
-5.084882370E-02-5.236853393E-02-5.386507768E-02-5.533390672E-02-5.677046197E-02
-5.817021939E-02-5.952873224E-02-6.084166373E-02-6.210482776E-02-6.331419427E-02
-6.446593816E-02-6.555643076E-02-6.658225571E-02-6.754021635E-02-6.842736322E-02
-6.924091474E-02-6.997835490E-02-7.063735398E-02-7.121581149E-02-7.171182632E-02
-7.212367952E-02-7.244983480E-02-7.268899840E-02-7.284000961E-02-7.290187415E-02
-7.287380455E-02-7.275517751E-02-7.254552784E-02-7.224455627E-02-7.185211107E-02
-7.136822970E-02-7.079307653E-02-7.012701442E-02-6.937055787E-02-6.852439576E-02
-6.758929906E-02-6.656642139E-02-6.545693109E-02-6.426220837E-02-6.298389882E-02
-6.162381960E-02-6.018395416E-02-5.866653539E-02-5.707392999E-02-5.540870519E-02
-5.367360917E-02-5.187143747E-02-5.000499785E-02-4.807721690E-02-4.609100103E-02
-4.404914148E-02-4.195425876E-02-3.980880903E-02-3.761511196E-02-3.537525298E-02
-3.309100485E-02-3.076390655E-02-2.839538898E-02-2.598683689E-02-2.353964944E-02
-2.105532174E-02-1.853554153E-02-1.598234268E-02-1.339833371E-02-1.078689062E-02
-8.152196583E-03-5.499131669E-03-2.834619951E-03-1.678391227E-04 2.502759880E-03
 5.187527443E-03 7.887638002E-03 1.060177174E-02 1.332909712E-02 1.606889545E-02
 1.882048823E-02 2.158325398E-02 2.435665920E-02 2.714045879E-02 2.993287944E-02
 1.155957091E-02 1.054147654E-02 9.523753211E-03 8.506465734E-03 7.489605528E-03
 6.473169797E-03 5.457146297E-03 4.441510293E-03 3.426225416E-03 2.411250820E-03
 1.396744260E-03 3.826859955E-04-6.357370235E-04-1.669367197E-03-2.719010317E-03
-3.782140367E-03-4.857615710E-03-5.945459130E-03-7.046360279E-03-8.161311020E-03
-9.291301587E-03-1.043716515E-02-1.159958552E-02-1.277917424E-02-1.397651990E-02
-1.519218766E-02-1.642670123E-02-1.768052760E-02-1.895407509E-02-2.024767854E-02
-2.156157761E-02-2.289590465E-02-2.425067663E-02-2.562577592E-02-2.702091114E-02
-2.843561328E-02-2.986922462E-02-3.132085789E-02-3.278938602E-02-3.427342604E-02
-3.577132163E-02-3.728112409E-02-3.880059686E-02-4.032720237E-02-4.185810854E-02
-4.339019079E-02-4.492005350E-02-4.644405678E-02-4.795832640E-02-4.945880060E-02
-5.094126454E-02-5.240139314E-02-5.383478834E-02-5.523702736E-02-5.660369956E-02
-5.793045956E-02-5.921304426E-02-6.044732001E-02-6.162930525E-02-6.275519113E-02
-6.382135793E-02-6.482439138E-02-6.576108378E-02-6.662844676E-02-6.742370307E-02
-6.814431583E-02-6.878790851E-02-6.935235595E-02-6.983572259E-02-7.023629435E-02
-7.055248350E-02-7.078297966E-02-7.092660646E-02-7.098235612E-02-7.094941532E-02
-7.082715423E-02-7.061509687E-02-7.031293405E-02-6.992051557E-02-6.943787889E-02
-6.886520226E-02-6.820281455E-02-6.745132681E-02-6.661138174E-02-6.568380890E-02
-6.466972586E-02-6.357044137E-02-6.238727234E-02-6.112191513E-02-5.977620366E-02
-5.835215044E-02-5.685195491E-02-5.527798791E-02-5.363275177E-02-5.191889396E-02
-5.013917926E-02-4.829633013E-02-4.639303886E-02-4.443204957E-02-4.241599934E-02
-4.034735622E-02-3.822837594E-02-3.606112176E-02-3.384752009E-02-3.158930081E-02
-2.928794712E-02-2.694478259E-02-2.456113194E-02-2.213841974E-02-1.967826246E-02
-1.718257491E-02-1.465368349E-02-1.209447122E-02-9.508593028E-03-6.900491778E-03
-4.275533643E-03-1.642003334E-03 9.931499294E-04 3.639262992E-03 6.301831312E-03
 8.980155283E-03 1.167312108E-02 1.437995600E-02 1.709993251E-02 1.983233854E-02
 2.257649313E-02 2.533181292E-02 2.809805874E-02 3.087339897E-02 1.198182180E-02
 1.096722638E-02 9.953084502E-03 8.939464637E-03 7.926334616E-03 6.913668559E-03
 5.901439998E-03 4.889621822E-03 3.878189872E-03 2.867113126E-03 1.856421497E-03
 8.465160386E-04-1.642682956E-04-1.185732540E-03-2.223495401E-03-3.275603849E-03
-4.340130154E-03-5.416610335E-03-6.505425711E-03-7.607416876E-03-8.723555269E-03
-9.854704201E-03-1.100155235E-02-1.216467859E-02-1.334462340E-02-1.454189959E-02
-1.575698421E-02-1.699030559E-02-1.824222652E-02-1.951303385E-02-2.080293307E-02
-2.211203831E-02-2.344034092E-02-2.478769100E-02-2.615380336E-02-2.753822301E-02
-2.894030239E-02-3.035918903E-02-3.179381084E-02-3.324284900E-02-3.470472911E-02
-3.617761193E-02-3.765937898E-02-3.914763132E-02-4.063968575E-02-4.213258453E-02
-4.362311757E-02-4.510781621E-02-4.658299635E-02-4.804478222E-02-4.948914159E-02
-5.091191682E-02-5.230887200E-02-5.367572249E-02-5.500819909E-02-5.630204654E-02
-5.755310658E-02-5.875730383E-02-5.991071441E-02-6.100956383E-02-6.205025141E-02
-6.302936672E-02-6.394372777E-02-6.479029466E-02-6.556629198E-02-6.626915440E-02
-6.689650232E-02-6.744617641E-02-6.791619308E-02-6.830484161E-02-6.861050641E-02
-6.883184207E-02-6.896765837E-02-6.901694038E-02-6.897884705E-02-6.885274248E-02
-6.863814056E-02-6.833472368E-02-6.794234697E-02-6.746104422E-02-6.689100883E-02
-6.623256326E-02-6.548636584E-02-6.465303560E-02-6.373349841E-02-6.272878651E-02
-6.164029621E-02-6.046939941E-02-5.921773366E-02-5.788717278E-02-5.647973460E-02
-5.499756969E-02-5.344303822E-02-5.181856882E-02-5.012670823E-02-4.837008600E-02
-4.655136784E-02-4.467310044E-02-4.273776671E-02-4.074783773E-02-3.870561655E-02
-3.661321306E-02-3.447251694E-02-3.228523664E-02-3.005298378E-02-2.777725228E-02
-2.545939790E-02-2.310073203E-02-2.070270756E-02-1.826705039E-02-1.579587135E-02
-1.329178953E-02-1.075807423E-02-8.198709415E-03-5.618300320E-03-3.023218140E-03
-4.223774809E-04 2.183920322E-03 4.806361976E-03 7.446500193E-03 1.010290516E-02
 1.277460998E-02 1.546080449E-02 1.816073894E-02 2.087371310E-02 2.359904649E-02
 2.633612523E-02 2.908467062E-02 3.184274115E-02 1.241992668E-02 1.140907796E-02
 1.039872557E-02 9.388925446E-03 8.379633313E-03 7.370822266E-03 6.362474414E-03
 5.354580076E-03 4.347139680E-03 3.340156095E-03 2.333627646E-03 1.327761357E-03
 3.224316351E-04-6.876023229E-04-1.712585511E-03-2.752900484E-03-3.806051914E-03
-4.870947068E-03-5.947580385E-03-7.036558584E-03-8.138764760E-03-9.255077893E-03
-1.038622113E-02-1.153276090E-02-1.269519016E-02-1.387397599E-02-1.506954906E-02
-1.628228629E-02-1.751250587E-02-1.876046375E-02-2.002633555E-02-2.131018919E-02
-2.261198857E-02-2.393158351E-02-2.526867572E-02-2.662280820E-02-2.799335171E-02
-2.937948792E-02-3.078018161E-02-3.219417787E-02-3.361998256E-02-3.505584994E-02
-3.649977436E-02-3.794948318E-02-3.940243709E-02-4.085584869E-02-4.230666238E-02
-4.375159230E-02-4.518713712E-02-4.660960758E-02-4.801514700E-02-4.939977574E-02
-5.075941436E-02-5.208994761E-02-5.338721838E-02-5.464711398E-02-5.586555398E-02
-5.703856511E-02-5.816227957E-02-5.923297006E-02-6.024707214E-02-6.120119161E-02
-6.209214208E-02-6.291690823E-02-6.367270424E-02-6.435691128E-02-6.496716286E-02
-6.550128055E-02-6.595724553E-02-6.633332131E-02-6.662789075E-02-6.683956606E-02
-6.696714075E-02-6.700959950E-02-6.696607287E-02-6.683591911E-02-6.661864254E-02
-6.631391929E-02-6.592161166E-02-6.544174758E-02-6.487453937E-02-6.422032024E-02
-6.347973276E-02-6.265344922E-02-6.174242541E-02-6.074766118E-02-5.967055506E-02
-5.851260416E-02-5.727533632E-02-5.596065058E-02-5.457054182E-02-5.310715314E-02
-5.157273277E-02-4.996968343E-02-4.830042309E-02-4.656743730E-02-4.477324167E-02
-4.292030043E-02-4.101090456E-02-3.904726425E-02-3.703153020E-02-3.496565853E-02
-3.285142336E-02-3.069040786E-02-2.848406540E-02-2.623383174E-02-2.394113945E-02
-2.160742600E-02-1.923423251E-02-1.682340283E-02-1.437724084E-02-1.189864152E-02
-9.391222123E-03-6.859261708E-03-4.307817400E-03-1.744728779E-03 8.229880862E-04
 3.403634952E-03 6.003025477E-03 8.620508503E-03 1.125485430E-02 1.390518422E-02
 1.657065214E-02 1.925045177E-02 2.194384381E-02 2.465014247E-02 2.736874972E-02
 3.009940108E-02 3.284005755E-02 1.287406003E-02 1.186706131E-02 1.086056874E-02
 9.854640808E-03 8.849244558E-03 7.844372982E-03 6.840036361E-03 5.836254503E-03
 4.833044074E-03 3.830411760E-03 2.828333339E-03 1.826819358E-03 8.262097430E-04
-1.752212029E-04-1.187036460E-03-2.214525057E-03-3.255726826E-03-4.308741873E-03
-5.373061383E-03-6.448976127E-03-7.537213606E-03-8.638624918E-03-9.753964637E-03
-1.088382018E-02-1.202865751E-02-1.318888738E-02-1.436488784E-02-1.555699751E-02
-1.676550339E-02-1.799061444E-02-1.923245616E-02-2.049107823E-02-2.176642566E-02
-2.305832038E-02-2.436645405E-02-2.569037497E-02-2.702946629E-02-2.838292722E-02
-2.974976845E-02-3.112878885E-02-3.251856452E-02-3.391743654E-02-3.532350176E-02
-3.673460633E-02-3.814836087E-02-3.956211011E-02-4.097296649E-02-4.237781619E-02
-4.377333849E-02-4.515601675E-02-4.652217940E-02-4.786801476E-02-4.918962463E-02
-5.048303165E-02-5.174423909E-02-5.296924877E-02-5.415410385E-02-5.529491834E-02
-5.638790224E-02-5.742938806E-02-5.841585244E-02-5.934396279E-02-6.021049362E-02
-6.101246955E-02-6.174711887E-02-6.241179609E-02-6.300411805E-02-6.352189447E-02
-6.396310680E-02-6.432596337E-02-6.460886204E-02-6.481037686E-02-6.492927963E-02
-6.496456015E-02-6.491532169E-02-6.478091680E-02-6.456084069E-02-6.425476587E-02
-6.386256170E-02-6.338424960E-02-6.282005988E-02-6.217034053E-02-6.143568680E-02
-6.061687629E-02-5.971480989E-02-5.873055251E-02-5.766541643E-02-5.652098368E-02
-5.529877337E-02-5.400060139E-02-5.262846230E-02-5.118444297E-02-4.967071654E-02
-4.808957996E-02-4.644335878E-02-4.473438535E-02-4.296499280E-02-4.113749840E-02
-3.925409345E-02-3.731677177E-02-3.532745055E-02-3.328796558E-02-3.119997009E-02
-2.906498279E-02-2.688439791E-02-2.465956801E-02-2.239194071E-02-2.008310381E-02
-1.773481767E-02-1.534911492E-02-1.292850481E-02-1.047616376E-02-7.995988787E-03
-5.492459636E-03-2.971744081E-03-4.424279821E-04 2.095225133E-03 4.651520391E-03
 7.227872757E-03 9.822734872E-03 1.243503990E-02 1.506391419E-02 1.770853181E-02
 2.036809586E-02 2.304183289E-02 2.572900630E-02 2.842899187E-02 3.114154417E-02
 3.386456751E-02 1.334401250E-02 1.234088863E-02 1.133829385E-02 1.033631051E-02
 9.334940033E-03 8.334208625E-03 7.334142063E-03 6.334757798E-03 5.336058041E-03
 4.338026313E-03 3.340619671E-03 2.343773918E-03 1.347636227E-03 3.521414785E-04
-6.475040447E-04-1.661191748E-03-2.689605386E-03-3.730300534E-03-4.782106101E-03
-5.844902564E-03-6.919166191E-03-8.005657917E-03-9.105147996E-03-1.021825520E-02
-1.134543683E-02-1.248706444E-02-1.364347752E-02-1.481497137E-02-1.600177583E-02
-1.720406275E-02-1.842193697E-02-1.965541118E-02-2.090439865E-02-2.216870423E-02
-2.344801356E-02-2.474186834E-02-2.604965743E-02-2.737060745E-02-2.870376076E-02
-3.004796539E-02-3.140186027E-02-3.276386514E-02-3.413217056E-02-3.550474973E-02
-3.687932092E-02-3.825337723E-02-3.962418556E-02-4.098879918E-02-4.234405983E-02
-4.368663305E-02-4.501301717E-02-4.631958152E-02-4.760259251E-02-4.885823132E-02
-5.008265747E-02-5.127199754E-02-5.242242459E-02-5.353015360E-02-5.459148300E-02
-5.560281902E-02-5.656069054E-02-5.746180789E-02-5.830298931E-02-5.908126614E-02
-5.979385514E-02-6.043814920E-02-6.101174203E-02-6.151241652E-02-6.193818146E-02
-6.228718646E-02-6.255784632E-02-6.274870653E-02-6.285851336E-02-6.288626504E-02
-6.283103984E-02-6.269218512E-02-6.246918723E-02-6.216171715E-02-6.176965036E-02
-6.129300121E-02-6.073201075E-02-6.008704087E-02-5.935864522E-02-5.854769088E-02
-5.765500847E-02-5.668175065E-02-5.562911741E-02-5.449870189E-02-5.329210896E-02
-5.201099228E-02-5.065733211E-02-4.923314391E-02-4.774054132E-02-4.618165835E-02
-4.455874094E-02-4.287396209E-02-4.112949149E-02-3.932744509E-02-3.746988768E-02
-3.555870930E-02-3.359561220E-02-3.158224977E-02-2.952020360E-02-2.741092352E-02
-2.525580641E-02-2.305622366E-02-2.081362418E-02-1.852969081E-02-1.620640861E-02
-1.384611555E-02-1.145161220E-02-9.026349997E-03-6.574397608E-03-4.100677178E-03
-1.612934959E-03 8.824756610E-04 3.393889762E-03 5.926586016E-03 8.479726838E-03
 1.105198224E-02 1.364233137E-02 1.624981828E-02 1.887357056E-02 2.151280303E-02
 2.416677262E-02 2.683473812E-02 2.951603814E-02 3.221039916E-02 3.491564452E-02
 1.382941895E-02 1.283024357E-02 1.183168580E-02 1.083386926E-02 9.836805957E-03
 8.840519616E-03 7.845021375E-03 6.850303033E-03 5.856333338E-03 4.863057898E-03
 3.870424088E-03 2.878381311E-03 1.886945898E-03 8.964975668E-04-9.421938798E-05
-1.093784038E-03-2.108272559E-03-3.136016447E-03-4.174998095E-03-5.224568295E-03
-6.284867521E-03-7.356473504E-03-8.440110386E-03-9.536429260E-03-1.064592182E-02
-1.176894722E-02-1.290578712E-02-1.405668151E-02-1.522183350E-02-1.640138227E-02
-1.759538858E-02-1.880383221E-02-2.002660443E-02-2.126349367E-02-2.251416482E-02
-2.377815803E-02-2.505487236E-02-2.634354854E-02-2.764325952E-02-2.895289512E-02
-3.027115095E-02-3.159651751E-02-3.292728858E-02-3.426151984E-02-3.559705606E-02
-3.693152391E-02-3.826233878E-02-3.958670000E-02-4.090161993E-02-4.220392911E-02
-4.349029756E-02-4.475727632E-02-4.600128042E-02-4.721867725E-02-4.840575177E-02
-4.955879518E-02-5.067409729E-02-5.174798779E-02-5.277686395E-02-5.375721219E-02
-5.468566001E-02-5.555890529E-02-5.637385858E-02-5.712759319E-02-5.781729221E-02
-5.844039411E-02-5.899449752E-02-5.947735266E-02-5.988699762E-02-6.022154366E-02
-6.047941483E-02-6.065913893E-02-6.075943716E-02-6.077931710E-02-6.071783501E-02
-6.057433383E-02-6.034829142E-02-6.003937835E-02-5.964747395E-02-5.917258453E-02
-5.861495225E-02-5.797495402E-02-5.725312001E-02-5.645034175E-02-5.556743351E-02
-5.460556172E-02-5.356588606E-02-5.244992399E-02-5.125934367E-02-4.999571263E-02
-4.866089620E-02-4.725686400E-02-4.578561519E-02-4.424918891E-02-4.264964667E-02
-4.098906815E-02-3.926943623E-02-3.749270010E-02-3.566073220E-02-3.377533069E-02
-3.183810500E-02-2.985052105E-02-2.781404840E-02-2.573012718E-02-2.360015116E-02
-2.142557192E-02-1.920794137E-02-1.694903059E-02-1.465099907E-02-1.231648371E-02
-9.948676214E-03-7.551309193E-03-5.128603429E-03-2.686697691E-03-2.337735447E-04
 2.231466884E-03 4.718313900E-03 7.227541605E-03 9.757547591E-03 1.230723348E-02
 1.487563132E-02 1.746178145E-02 2.006475574E-02 2.268370351E-02 2.531786393E-02
 2.796652034E-02 3.062903636E-02 3.330513727E-02 3.599254810E-02 1.433010267E-02
 1.333513046E-02 1.234090922E-02 1.134758026E-02 1.035513449E-02 9.363568161E-03
 8.372852889E-03 7.382932078E-03 6.393750384E-03 5.405267514E-03 4.417472828E-03
 3.430376998E-03 2.443998175E-03 1.458519710E-03 4.741007106E-04-5.130086999E-04
-1.512584959E-03-2.526406790E-03-3.552091043E-03-4.588242493E-03-5.634552448E-03
-6.691317507E-03-7.759148213E-03-8.838705976E-03-9.930518594E-03-1.103494193E-02
-1.215223082E-02-1.328259253E-02-1.442618373E-02-1.558310018E-02-1.675337030E-02
-1.793694871E-02-1.913369884E-02-2.034338196E-02-2.156565570E-02-2.280005499E-02
-2.404598040E-02-2.530268774E-02-2.656927393E-02-2.784466565E-02-2.912760956E-02
-3.041667655E-02-3.171021927E-02-3.300639769E-02-3.430316718E-02-3.559828150E-02
-3.688928270E-02-3.817352328E-02-3.944816960E-02-4.071020832E-02-4.195649544E-02
-4.318372099E-02-4.438849332E-02-4.556731902E-02-4.671665388E-02-4.783292754E-02
-4.891256339E-02-4.995201396E-02-5.094778247E-02-5.189644436E-02-5.279471893E-02
-5.363936014E-02-5.442732156E-02-5.515573107E-02-5.582179676E-02-5.642297037E-02
-5.695687141E-02-5.742124696E-02-5.781414095E-02-5.813365626E-02-5.837821625E-02
-5.854634311E-02-5.863673631E-02-5.864841224E-02-5.858040845E-02-5.843206428E-02
-5.820284960E-02-5.789243482E-02-5.750069894E-02-5.702763953E-02-5.647349163E-02
-5.583864744E-02-5.512362369E-02-5.432926816E-02-5.345644706E-02-5.250624842E-02
-5.147987751E-02-5.037870113E-02-4.920438348E-02-4.795851740E-02-4.664276001E-02
-4.525902776E-02-4.380920698E-02-4.229523107E-02-4.071898798E-02-3.908241990E-02
-3.738737362E-02-3.563562517E-02-3.382888463E-02-3.196879614E-02-3.005692243E-02
-2.809466353E-02-2.608335165E-02-2.402439806E-02-2.191925744E-02-1.976945281E-02
-1.757669775E-02-1.534294965E-02-1.307054065E-02-1.076236836E-02-8.421957354E-03
-6.053274703E-03-3.661225450E-03-1.253469488E-03 1.165453856E-03 3.604488847E-03
 6.067495084E-03 8.553203821E-03 1.106023464E-02 1.358750521E-02 1.613401195E-02
 1.869882127E-02 2.128103499E-02 2.387977281E-02 2.649420738E-02 2.912357503E-02
 3.176724459E-02 3.442498744E-02 3.709447646E-02 1.484630938E-02 1.385587258E-02
 1.286630425E-02 1.187773842E-02 1.089011367E-02 9.903368396E-03 8.917446057E-03
 7.932303183E-03 6.947927429E-03 5.964334867E-03 4.981564982E-03 3.999674185E-03
 3.018686735E-03 2.038605121E-03 1.059676014E-03 8.120403068E-05-9.035466721E-04
-1.902210637E-03-2.913859471E-03-3.936238642E-03-4.968448503E-03-6.010421202E-03
-7.062551959E-03-8.125422053E-03-9.199579647E-03-1.028543207E-02-1.138323522E-02
-1.249314965E-02-1.361528643E-02-1.474970811E-02-1.589641508E-02-1.705532635E-02
-1.822627670E-02-1.940901336E-02-2.060317813E-02-2.180829812E-02-2.302377586E-02
-2.424887748E-02-2.548271978E-02-2.672426402E-02-2.797231623E-02-2.922548509E-02
-3.048220657E-02-3.174072884E-02-3.299911236E-02-3.425521635E-02-3.550671484E-02
-3.675109969E-02-3.798567434E-02-3.920760260E-02-4.041387341E-02-4.160135753E-02
-4.276682315E-02-4.390692796E-02-4.501829394E-02-4.609749179E-02-4.714108317E-02
-4.814564729E-02-4.910779938E-02-5.002424404E-02-5.089172345E-02-5.170713043E-02
-5.246747225E-02-5.316988279E-02-5.381165654E-02-5.439025416E-02-5.490331056E-02
-5.534861001E-02-5.572417692E-02-5.602813470E-02-5.625889763E-02-5.641499345E-02
-5.649510568E-02-5.649825827E-02-5.642347341E-02-5.627008749E-02-5.603756297E-02
-5.572556961E-02-5.533398006E-02-5.486278308E-02-5.431220058E-02-5.368263425E-02
-5.297458649E-02-5.218882493E-02-5.132629668E-02-5.038797063E-02-4.937510190E-02
-4.828891055E-02-4.713098691E-02-4.590295758E-02-4.460632216E-02-4.324285735E-02
-4.181436995E-02-4.032263949E-02-3.876945433E-02-3.715654207E-02-3.548566143E-02
-3.375842401E-02-3.197640512E-02-3.014110485E-02-2.825399444E-02-2.631648039E-02
-2.432986937E-02-2.229550293E-02-2.021489703E-02-1.808970981E-02-1.592180290E-02
-1.371337439E-02-1.146702816E-02-9.185913582E-03-6.873725460E-03-4.534728755E-03
-2.175480015E-03 1.967632682E-04 2.586529368E-03 5.001090349E-03 7.440303109E-03
 9.902582677E-03 1.238676094E-02 1.489175430E-02 1.741651665E-02 1.996007374E-02
 2.252153446E-02 2.510005459E-02 2.769480659E-02 3.030497411E-02 3.292986485E-02
 3.556924261E-02 3.822073635E-02 1.537841511E-02 1.439278117E-02 1.340805400E-02
 1.242431794E-02 1.144147836E-02 1.045948637E-02 9.478330763E-03 8.498028255E-03
 7.518622481E-03 6.540185739E-03 5.562777723E-03 4.586420873E-03 3.611084473E-03
 2.636707182E-03 1.663327154E-03 6.912581358E-04-2.816750537E-04-1.264493547E-03
-2.260943607E-03-3.268971281E-03-4.286857465E-03-5.314030134E-03-6.350551448E-03
-7.396847564E-03-8.453452949E-03-9.520809869E-03-1.059919699E-02-1.168876156E-02
-1.278957969E-02-1.390167666E-02-1.502501294E-02-1.615948085E-02-1.730489524E-02
-1.846097973E-02-1.962736143E-02-2.080356000E-02-2.198897746E-02-2.318288553E-02
-2.438442323E-02-2.559259253E-02-2.680621892E-02-2.802397580E-02-2.924436663E-02
-3.046572322E-02-3.168619084E-02-3.290373824E-02-3.411616169E-02-3.532106995E-02
-3.651592434E-02-3.769802070E-02-3.886450089E-02-4.001240926E-02-4.113864388E-02
-4.224004582E-02-4.331337715E-02-4.435535778E-02-4.536269280E-02-4.633208865E-02
-4.726027709E-02-4.814409387E-02-4.898034342E-02-4.976601263E-02-5.049821184E-02
-5.117408637E-02-5.179101166E-02-5.234648481E-02-5.283814399E-02-5.326383976E-02
-5.362156887E-02-5.390949541E-02-5.412602016E-02-5.426968438E-02-5.433916383E-02
-5.433348833E-02-5.425166793E-02-5.409303664E-02-5.385704986E-02-5.354337543E-02
-5.315187313E-02-5.268252296E-02-5.213552831E-02-5.151128733E-02-5.081028502E-02
-5.003320927E-02-4.918105522E-02-4.825469382E-02-4.725535573E-02-4.618420097E-02
-4.504266654E-02-4.383235638E-02-4.255473265E-02-4.121133557E-02-3.980389506E-02
-3.833405818E-02-3.680348313E-02-3.521375390E-02-3.356645902E-02-3.186313402E-02
-3.010520478E-02-2.829408324E-02-2.643113453E-02-2.451775137E-02-2.255530555E-02
-2.054516377E-02-1.848885143E-02-1.638817823E-02-1.424521272E-02-1.206237843E-02
-9.842605253E-03-7.589298860E-03-5.306244228E-03-2.998716375E-03-6.744060742E-04
 1.665281243E-03 4.029529133E-03 6.420207003E-03 8.835720270E-03 1.127476844E-02
 1.373623789E-02 1.621905116E-02 1.872217353E-02 2.124461048E-02 2.378542575E-02
 2.634375969E-02 2.891881167E-02 3.150978871E-02 3.411596919E-02 3.673706852E-02
 3.937061935E-02 1.592659053E-02 1.494577766E-02 1.396581813E-02 1.298680312E-02
 1.200868640E-02 1.103148180E-02 1.005523726E-02 9.080037489E-03 8.105963016E-03
 7.133059640E-03 6.161312394E-03 5.190677451E-03 4.221118071E-03 3.252612714E-03
 2.285143335E-03 1.318888544E-03 3.538343247E-04-6.143428729E-04-1.594328397E-03
-2.587046521E-03-3.590164771E-03-4.602386541E-03-5.623359806E-03-6.653243311E-03
-7.692450295E-03-8.741424611E-03-9.800493294E-03-1.086982889E-02-1.194948261E-02
-1.303943496E-02-1.413961813E-02-1.524989872E-02-1.637006452E-02-1.749982028E-02
-1.863877781E-02-1.978644822E-02-2.094222848E-02-2.210540282E-02-2.327513504E-02
-2.445043207E-02-2.563016793E-02-2.681306474E-02-2.799769033E-02-2.918244241E-02
-3.036555345E-02-3.154509651E-02-3.271896539E-02-3.388490113E-02-3.504049688E-02
-3.618316839E-02-3.731023167E-02-3.841885250E-02-3.950610092E-02-4.056896478E-02
-4.160435590E-02-4.260914151E-02-4.358016702E-02-4.451426943E-02-4.540832994E-02
-4.625924062E-02-4.706396943E-02-4.781956758E-02-4.852321813E-02-4.917214857E-02
-4.976378669E-02-5.029568627E-02-5.076549726E-02-5.117114048E-02-5.151059564E-02
-5.178207717E-02-5.198397331E-02-5.211484342E-02-5.217336504E-02-5.215857208E-02
-5.206946550E-02-5.190537745E-02-5.166575615E-02-5.135026542E-02-5.095874618E-02
-5.049116970E-02-4.994771478E-02-4.932876081E-02-4.863477478E-02-4.786637837E-02
-4.702454139E-02-4.611010036E-02-4.512417571E-02-4.406794292E-02-4.294263767E-02
-4.174978391E-02-4.049084809E-02-3.916716430E-02-3.778031694E-02-3.633186381E-02
-3.482330082E-02-3.325612819E-02-3.163174725E-02-2.995161348E-02-2.821706972E-02
-2.642943288E-02-2.459002676E-02-2.270019773E-02-2.076138763E-02-1.877508942E-02
-1.674291033E-02-1.466675306E-02-1.254892399E-02-1.039213311E-02-8.199567738E-03
-5.974787491E-03-3.722177153E-03-1.448723985E-03 8.406464454E-04 3.153295672E-03
 5.493675162E-03 7.860653898E-03 1.025275405E-02 1.266883615E-02 1.510779817E-02
 1.756857406E-02 2.005014666E-02 2.255154230E-02 2.507181914E-02 2.761007966E-02
 3.016548954E-02 3.273726599E-02 3.532472059E-02 3.792757644E-02 4.054326861E-02
 1.649041319E-02 1.551427894E-02 1.453899724E-02 1.356471461E-02 1.259144756E-02
 1.161928696E-02 1.064833206E-02 9.678650261E-03 8.710242903E-03 7.743068132E-03
 6.777084616E-03 5.812276298E-03 4.848643859E-03 3.886182771E-03 2.924866363E-03
 1.964711941E-03 1.006049645E-03 4.819794738E-05-9.153219394E-04-1.891321904E-03
-2.878887652E-03-3.875844207E-03-4.881231552E-03-5.894826862E-03-6.916821481E-03
-7.947591325E-03-8.987492022E-03-1.003673528E-02-1.109538097E-02-1.216339061E-02
-1.324066025E-02-1.432702549E-02-1.542225247E-02-1.652602642E-02-1.763794478E-02
-1.875750473E-02-1.988410918E-02-2.101705444E-02-2.215549733E-02-2.329848002E-02
-2.444490981E-02-2.559355603E-02-2.674303537E-02-2.789181217E-02-2.903820568E-02
-3.018036885E-02-3.131630071E-02-3.244386965E-02-3.356076019E-02-3.466454809E-02
-3.575267370E-02-3.682244074E-02-3.787107936E-02-3.889571548E-02-3.989340930E-02
-4.086117664E-02-4.179599784E-02-4.269484093E-02-4.355474284E-02-4.437265915E-02
-4.514570172E-02-4.587103906E-02-4.654588309E-02-4.716758557E-02-4.773362103E-02
-4.824160147E-02-4.868921985E-02-4.907444833E-02-4.939527281E-02-4.964995943E-02
-4.983689087E-02-4.995464554E-02-5.000191223E-02-4.997772783E-02-4.988108694E-02
-4.971132014E-02-4.946786817E-02-4.915038803E-02-4.875869654E-02-4.829275558E-02
-4.775271275E-02-4.713891555E-02-4.645181244E-02-4.569196814E-02-4.486025903E-02
-4.395754704E-02-4.298479382E-02-4.194318576E-02-4.083379048E-02-3.965799311E-02
-3.841722966E-02-3.711275015E-02-3.574590059E-02-3.431816360E-02-3.283091236E-02
-3.128552234E-02-2.968331118E-02-2.802557573E-02-2.631365175E-02-2.454878108E-02
-2.273226899E-02-2.086546764E-02-1.894985002E-02-1.698706124E-02-1.497889462E-02
-1.292739340E-02-1.083505068E-02-8.704883100E-03-6.540232351E-03-4.344935125E-03
-2.125048353E-03 1.128164375E-04 2.372512440E-03 4.660873155E-03 6.977717021E-03
 9.321322473E-03 1.169040736E-02 1.408384168E-02 1.650055020E-02 1.893949196E-02
 2.139966474E-02 2.388011033E-02 2.637991059E-02 2.889817672E-02 3.143404904E-02
 3.398670233E-02 3.655544149E-02 3.914002907E-02 4.173786020E-02 1.706923578E-02
 1.609778288E-02 1.512728646E-02 1.415798475E-02 1.318995707E-02 1.222328656E-02
 1.125799385E-02 1.029404088E-02 9.331382874E-03 8.369999727E-03 7.409897236E-03
 6.451079417E-03 5.493529148E-03 4.537231267E-03 3.582207944E-03 2.628519885E-03
 1.676307381E-03 7.259297642E-04-2.244987877E-04-1.183094271E-03-2.153837174E-03
-3.134906670E-03-4.124478064E-03-5.121815806E-03-6.126785181E-03-7.139582645E-03
-8.160516395E-03-9.189837539E-03-1.022765460E-02-1.127393134E-02-1.232853592E-02
-1.339127423E-02-1.446188841E-02-1.554004562E-02-1.662532399E-02-1.771722218E-02
-1.881514406E-02-1.991837040E-02-2.102608319E-02-2.213734449E-02-2.325109436E-02
-2.436613729E-02-2.548113801E-02-2.659463083E-02-2.770499962E-02-2.881047705E-02
-2.990917925E-02-3.099904741E-02-3.207789856E-02-3.314343796E-02-3.419320949E-02
-3.522468051E-02-3.623520615E-02-3.722205670E-02-3.818243607E-02-3.911349967E-02
-4.001236299E-02-4.087615147E-02-4.170198222E-02-4.248697571E-02-4.322832594E-02
-4.392332980E-02-4.456925894E-02-4.516357402E-02-4.570381433E-02-4.618764059E-02
-4.661282436E-02-4.697736562E-02-4.727928304E-02-4.751689100E-02-4.768857726E-02
-4.779293730E-02-4.782868001E-02-4.779484485E-02-4.769042233E-02-4.751474162E-02
-4.726723548E-02-4.694755106E-02-4.655547686E-02-4.609096365E-02-4.555412177E-02
-4.494525690E-02-4.426479490E-02-4.351324452E-02-4.269135664E-02-4.180003502E-02
-4.084008316E-02-3.981262957E-02-3.871866996E-02-3.755939173E-02-3.633615374E-02
-3.505019247E-02-3.370263086E-02-3.229482517E-02-3.082807810E-02-2.930362733E-02
-2.772274222E-02-2.608660817E-02-2.439649926E-02-2.265368425E-02-2.085943821E-02
-1.901517265E-02-1.712241699E-02-1.518293438E-02-1.319874511E-02-1.117214248E-02
-9.105823309E-03-7.002931461E-03-4.866994820E-03-2.703076831E-03-5.181249316E-04
 1.687556431E-03 3.922185568E-03 6.187110465E-03 8.480587235E-03 1.080118702E-02
 1.314766082E-02 1.551882351E-02 1.791358983E-02 2.033094954E-02 2.276992739E-02
 2.522957937E-02 2.770900125E-02 3.020732683E-02 3.272371640E-02 3.525733242E-02
 3.780744223E-02 4.037379668E-02 4.295374501E-02 1.766274396E-02 1.669622166E-02
 1.573090089E-02 1.476705052E-02 1.380466994E-02 1.284372267E-02 1.188416332E-02
 1.092596530E-02 9.969136810E-03 9.013690797E-03 8.059617408E-03 7.106886143E-03
 6.155495839E-03 5.205515408E-03 4.257058076E-03 3.310199964E-03 2.364932216E-03
 1.421358786E-03 4.796017689E-04-4.635887476E-04-1.416265463E-03-2.380310212E-03
-3.353560195E-03-4.334504667E-03-5.322555296E-03-6.317608972E-03-7.319834570E-03
-8.329469776E-03-9.346665574E-03-1.037142562E-02-1.140361975E-02-1.244302842E-02
-1.348936745E-02-1.454227960E-02-1.560134223E-02-1.666604708E-02-1.773577616E-02
-1.880982695E-02-1.988739106E-02-2.096755191E-02-2.204927310E-02-2.313139124E-02
-2.421262634E-02-2.529156440E-02-2.636664619E-02-2.743620583E-02-2.849842422E-02
-2.955134066E-02-3.059290105E-02-3.162089361E-02-3.263300666E-02-3.362683073E-02
-3.459985059E-02-3.554947282E-02-3.647304268E-02-3.736784686E-02-3.823113329E-02
-3.906019218E-02-3.985220069E-02-4.060445715E-02-4.131426231E-02-4.197898666E-02
-4.259602342E-02-4.316291551E-02-4.367728595E-02-4.413683508E-02-4.453943841E-02
-4.488310914E-02-4.516592195E-02-4.538623279E-02-4.554244700E-02-4.563317413E-02
-4.565715084E-02-4.561341895E-02-4.550096683E-02-4.531912223E-02-4.506730933E-02
-4.474516214E-02-4.435243793E-02-4.388907360E-02-4.335513705E-02-4.275088532E-02
-4.207671326E-02-4.133307341E-02-4.052059460E-02-3.964017991E-02-3.869252300E-02
-3.767862229E-02-3.659947313E-02-3.545604800E-02-3.424958840E-02-3.298130794E-02
-3.165222596E-02-3.026348751E-02-2.881634842E-02-2.731196220E-02-2.575150743E-02
-2.413616427E-02-2.246710413E-02-2.074564824E-02-1.897311337E-02-1.715095593E-02
-1.528083169E-02-1.336461775E-02-1.140454567E-02-9.403212373E-03-7.363517420E-03
-5.288621919E-03-3.182898569E-03-1.053064730E-03 1.098009454E-03 3.277770285E-03
 5.489236161E-03 7.730944425E-03 1.000139921E-02 1.229934815E-02 1.462355152E-02
 1.697280956E-02 1.934599612E-02 2.174208142E-02 2.416011360E-02 2.659917719E-02
 2.905838235E-02 3.153687536E-02 3.403383591E-02 3.654845233E-02 3.907999483E-02
 4.162819693E-02 4.419032250E-02 1.827117004E-02 1.731007199E-02 1.635036269E-02
 1.539222409E-02 1.443555977E-02 1.348033090E-02 1.252654639E-02 1.157422672E-02
 1.062337423E-02 9.673953617E-03 8.725940572E-03 7.779374157E-03 6.834381146E-03
 5.891090614E-03 4.949567033E-03 4.009795591E-03 3.071719377E-03 2.135283590E-03
 1.200684040E-03 2.677884768E-04-6.677739356E-04-1.613263322E-03-2.569185902E-03
-3.533327994E-03-4.504389258E-03-5.481866019E-03-6.465665551E-03-7.455907097E-03
-8.452743566E-03-9.456228749E-03-1.046627034E-02-1.148264781E-02-1.250504863E-02
-1.353310821E-02-1.456638945E-02-1.560435861E-02-1.664640907E-02-1.769183965E-02
-1.873985344E-02-1.978954885E-02-2.083990881E-02-2.188981178E-02-2.293801873E-02
-2.398315463E-02-2.502374227E-02-2.605817871E-02-2.708470826E-02-2.810149139E-02
-2.910655149E-02-3.009778360E-02-3.107300555E-02-3.202991615E-02-3.296612915E-02
-3.387918207E-02-3.476654913E-02-3.562564548E-02-3.645387310E-02-3.724861481E-02
-3.800719696E-02-3.872702277E-02-3.940554255E-02-4.004017616E-02-4.062846031E-02
-4.116801109E-02-4.165654071E-02-4.209179899E-02-4.247176676E-02-4.279446962E-02
-4.305805547E-02-4.326091335E-02-4.340147906E-02-4.347837382E-02-4.349036765E-02
-4.343650473E-02-4.331577295E-02-4.312749849E-02-4.287109627E-02-4.254618399E-02
-4.215248617E-02-4.168992250E-02-4.115851438E-02-4.055846607E-02-3.989013085E-02
-3.915390727E-02-3.835031877E-02-3.748019887E-02-3.654420390E-02-3.554315898E-02
-3.447805458E-02-3.334970433E-02-3.215919096E-02-3.090767233E-02-2.959615521E-02
-2.822557705E-02-2.679711103E-02-2.531188428E-02-2.377098997E-02-2.217561102E-02
-2.052691010E-02-1.882618588E-02-1.707488637E-02-1.527453433E-02-1.342691856E-02
-1.153410107E-02-9.598505489E-03-7.622948942E-03-5.610442917E-03-3.564775386E-03
-1.492055499E-03 6.033197731E-04 2.727157510E-03 4.883901284E-03 7.072547575E-03
 9.291446692E-03 1.153932522E-02 1.381498676E-02 1.611723720E-02 1.844490138E-02
 2.079684674E-02 2.317200448E-02 2.556939411E-02 2.798811569E-02 3.042730861E-02
 3.288613436E-02 3.536378373E-02 3.785946060E-02 4.037246384E-02 4.290255264E-02
 4.544692465E-02 1.889510641E-02 1.793970570E-02 1.698568912E-02 1.603323367E-02
 1.508228859E-02 1.413287468E-02 1.318500906E-02 1.223866262E-02 1.129379294E-02
 1.035040449E-02 9.408608954E-03 8.468567438E-03 7.530403780E-03 6.594145877E-03
 5.659760431E-03 4.727191749E-03 3.796392259E-03 2.867336506E-03 1.940079872E-03
 1.014994709E-03 9.158223438E-05-8.355150290E-04-1.772507666E-03-2.718951696E-03
-3.672698300E-03-4.632601275E-03-5.598193050E-03-6.569360725E-03-7.546163256E-03
-8.528667769E-03-9.516833356E-03-1.051047064E-02-1.150928268E-02-1.251288278E-02
-1.352080125E-02-1.453251066E-02-1.554740000E-02-1.656477275E-02-1.758384036E-02
-1.860370966E-02-1.962339419E-02-2.064180507E-02-2.165772832E-02-2.266985021E-02
-2.367675707E-02-2.467688193E-02-2.566857264E-02-2.665006965E-02-2.761946606E-02
-2.857478552E-02-2.951393802E-02-3.043473795E-02-3.133491732E-02-3.221214020E-02
-3.306400043E-02-3.388803691E-02-3.468181352E-02-3.544276567E-02-3.616841015E-02
-3.685623956E-02-3.750382398E-02-3.810867412E-02-3.866844898E-02-3.918084582E-02
-3.964365845E-02-4.005471120E-02-4.041207212E-02-4.071378958E-02-4.095809419E-02
-4.114340116E-02-4.126818797E-02-4.133108640E-02-4.133090320E-02-4.126668487E-02
-4.113742043E-02-4.094243426E-02-4.068113137E-02-4.035311037E-02-3.995806269E-02
-3.949588687E-02-3.896655552E-02-3.837021803E-02-3.770717638E-02-3.697777814E-02
-3.618245759E-02-3.532192364E-02-3.439684974E-02-3.340788217E-02-3.235594883E-02
-3.124180584E-02-3.006634201E-02-2.883063224E-02-2.753568509E-02-2.618234257E-02
-2.477161937E-02-2.330464634E-02-2.178249312E-02-2.020630717E-02-1.857733050E-02
-1.689685000E-02-1.516641192E-02-1.338770657E-02-1.156264408E-02-9.693514504E-03
-7.782914816E-03-5.833689511E-03-3.849345151E-03-1.835446146E-03 2.029370172E-04
 2.269835227E-03 4.370658101E-03 6.504999664E-03 8.671148421E-03 1.086774867E-02
 1.309353586E-02 1.534731428E-02 1.762794861E-02 1.993431492E-02 2.226530416E-02
 2.461984499E-02 2.699692184E-02 2.939559925E-02 3.181502354E-02 3.425438480E-02
 3.671289046E-02 3.918975393E-02 4.168428852E-02 4.419629102E-02 4.672292846E-02
 1.953461139E-02 1.858485677E-02 1.763650557E-02 1.668979838E-02 1.574470934E-02
 1.480121858E-02 1.385927573E-02 1.291885604E-02 1.198003236E-02 1.104297751E-02
 1.010786183E-02 9.174771972E-03 8.243702879E-03 7.314607119E-03 6.387421945E-03
 5.462101448E-03 4.538636367E-03 3.617076164E-03 2.697534400E-03 1.780238576E-03
 8.655944115E-04-4.754917102E-05-9.653108038E-04-1.892512521E-03-2.828144096E-03
-3.770204052E-03-4.717644009E-03-5.670003349E-03-6.627130314E-03-7.589011720E-03
-8.555621825E-03-9.526841352E-03-1.050240480E-02-1.148191410E-02-1.246490059E-02
-1.345082318E-02-1.443906898E-02-1.542894555E-02-1.641966517E-02-1.741035572E-02
-1.840005593E-02-1.938769222E-02-2.037209289E-02-2.135200627E-02-2.232603813E-02
-2.329270015E-02-2.425042296E-02-2.519749297E-02-2.613211295E-02-2.705239586E-02
-2.795634667E-02-2.884188860E-02-2.970686748E-02-3.054906021E-02-3.136617522E-02
-3.215589405E-02-3.291587605E-02-3.364368057E-02-3.433694991E-02-3.499331293E-02
-3.561040460E-02-3.618587285E-02-3.671747172E-02-3.720299407E-02-3.764029961E-02
-3.802731510E-02-3.836217159E-02-3.864295746E-02-3.886798657E-02-3.903569663E-02
-3.914461505E-02-3.919338454E-02-3.918085004E-02-3.910606031E-02-3.896800698E-02
-3.876601248E-02-3.849947133E-02-3.816796095E-02-3.777114053E-02-3.730888288E-02
-3.678111180E-02-3.618792103E-02-3.552955444E-02-3.480631048E-02-3.401854531E-02
-3.316682352E-02-3.225184193E-02-3.127410198E-02-3.023441115E-02-2.913353842E-02
-2.797218605E-02-2.675132312E-02-2.547194181E-02-2.413489264E-02-2.274102568E-02
-2.129145159E-02-1.978727563E-02-1.822963080E-02-1.661982237E-02-1.495923775E-02
-1.324945988E-02-1.149239172E-02-9.690138240E-03-7.845133177E-03-5.960047571E-03
-4.038051601E-03-2.084206416E-03-1.039074347E-04 1.905051417E-03 3.948867944E-03
 6.027820411E-03 8.140092184E-03 1.028424854E-02 1.245903196E-02 1.466319902E-02
 1.689554423E-02 1.915494290E-02 2.144032695E-02 2.375063632E-02 2.608482246E-02
 2.844187077E-02 3.082081543E-02 3.322076258E-02 3.564090051E-02 3.808046297E-02
 4.053868138E-02 4.301487973E-02 4.550887807E-02 4.801781299E-02 2.018927425E-02
 1.924520681E-02 1.830264095E-02 1.736180371E-02 1.642258948E-02 1.548494594E-02
 1.454890081E-02 1.361461352E-02 1.268228340E-02 1.175205918E-02 1.082397749E-02
 9.898009745E-03 8.974095609E-03 8.052169272E-03 7.132186529E-03 6.214144319E-03
 5.298112845E-03 4.384271172E-03 3.472847623E-03 2.563921877E-03 1.657486019E-03
 7.538090931E-04-1.485589084E-04-1.055850175E-03-1.971857778E-03-2.895332064E-03
-3.824396637E-03-4.758047979E-03-5.695803313E-03-6.637449564E-03-7.582907925E-03
-8.532074102E-03-9.484725110E-03-1.044051808E-02-1.139898982E-02-1.235959154E-02
-1.332170643E-02-1.428463564E-02-1.524760499E-02-1.620976229E-02-1.717015527E-02
-1.812773526E-02-1.908138769E-02-2.002987506E-02-2.097185350E-02-2.190591651E-02
-2.283053259E-02-2.374406441E-02-2.464481006E-02-2.553095505E-02-2.640060233E-02
-2.725177389E-02-2.808242400E-02-2.889043331E-02-2.967361947E-02-3.042981546E-02
-3.115672351E-02-3.185208648E-02-3.251362329E-02-3.313910826E-02-3.372623630E-02
-3.427279967E-02-3.477663413E-02-3.523563496E-02-3.564771819E-02-3.601093187E-02
-3.632344945E-02-3.658341796E-02-3.678922854E-02-3.693934076E-02-3.703233638E-02
-3.706687125E-02-3.704182835E-02-3.695625849E-02-3.680915744E-02-3.659984554E-02
-3.632770654E-02-3.599229530E-02-3.559324058E-02-3.513038490E-02-3.460360549E-02
-3.401294045E-02-3.335857203E-02-3.264074981E-02-3.185976060E-02-3.101603671E-02
-3.011025554E-02-2.914284398E-02-2.811445541E-02-2.702587161E-02-2.587768059E-02
-2.467071922E-02-2.340594575E-02-2.208425330E-02-2.070642720E-02-1.927349065E-02
-1.778661776E-02-1.624699139E-02-1.465594888E-02-1.301503555E-02-1.132593419E-02
-9.590696298E-03-7.811652913E-03-5.991246746E-03-4.132446229E-03-2.239860340E-03
-3.187864671E-04 1.631655165E-03 3.617744441E-03 5.640329809E-03 7.697693469E-03
 9.788388960E-03 1.191109691E-02 1.406454519E-02 1.624753344E-02 1.845888872E-02
 2.069747603E-02 2.296223594E-02 2.525216154E-02 2.756625160E-02 2.990351343E-02
 3.226298502E-02 3.464374715E-02 3.704494562E-02 3.946580381E-02 4.190557528E-02
 4.436360540E-02 4.683973409E-02 4.933106562E-02 2.085889968E-02 1.992065059E-02
 1.898391253E-02 1.804886263E-02 1.711542906E-02 1.618372534E-02 1.525396451E-02
 1.432634438E-02 1.340095897E-02 1.247780765E-02 1.155684395E-02 1.063799593E-02
 9.721197547E-03 8.806408100E-03 7.893636610E-03 6.982987508E-03 6.074711662E-03
 5.169069356E-03 4.266123103E-03 3.365727660E-03 2.467794549E-03 1.572548423E-03
 6.804451507E-04-2.102597517E-04-1.105742517E-03-2.009140954E-03-2.919117564E-03
-3.833866625E-03-4.752378268E-03-5.674140211E-03-6.598876205E-03-7.526405556E-03
-8.456544491E-03-9.389003917E-03-1.032336519E-02-1.125909794E-02-1.219557448E-02
-1.313209833E-02-1.406790894E-02-1.500215934E-02-1.593390908E-02-1.686215855E-02
-1.778580921E-02-1.870364670E-02-1.961440286E-02-2.051671181E-02-2.140908412E-02
-2.228997755E-02-2.315774952E-02-2.401066787E-02-2.484692353E-02-2.566463453E-02
-2.646185015E-02-2.723654852E-02-2.798667425E-02-2.871015252E-02-2.940477983E-02
-3.006843826E-02-3.069895231E-02-3.129419067E-02-3.185194955E-02-3.237014190E-02
-3.284668637E-02-3.327957437E-02-3.366678518E-02-3.400648613E-02-3.429688262E-02
-3.453619652E-02-3.472288754E-02-3.485543904E-02-3.493248706E-02-3.495270419E-02
-3.491501061E-02-3.481845883E-02-3.466205013E-02-3.444510290E-02-3.416699019E-02
-3.382724378E-02-3.342546428E-02-3.296146012E-02-3.243506624E-02-3.184626589E-02
-3.119517926E-02-3.048200701E-02-2.970697573E-02-2.887040914E-02-2.797291101E-02
-2.701490729E-02-2.599689246E-02-2.491961559E-02-2.378365184E-02-2.258968940E-02
-2.133864206E-02-2.003143936E-02-1.866891236E-02-1.725198160E-02-1.578187398E-02
-1.425987841E-02-1.268739623E-02-1.106610411E-02-9.397894206E-03-7.684875981E-03
-5.929444486E-03-4.134373358E-03-2.303921151E-03-4.432063400E-04 1.448031228E-03
 3.375894371E-03 5.341543247E-03 7.343244216E-03 9.379536489E-03 1.144919240E-02
 1.355095853E-02 1.568356853E-02 1.784582730E-02 2.003660693E-02 2.225480040E-02
 2.449933665E-02 2.676921622E-02 2.906348852E-02 3.138120662E-02 3.372142943E-02
 3.608324373E-02 3.846577490E-02 4.086820376E-02 4.328976509E-02 4.572982261E-02
 4.818824740E-02 5.066211616E-02 2.154335907E-02 2.061084474E-02 1.967980281E-02
 1.875052489E-02 1.782315670E-02 1.689792049E-02 1.597497705E-02 1.505436452E-02
 1.413605640E-02 1.321998991E-02 1.230608691E-02 1.139428203E-02 1.048454144E-02
 9.576895522E-03 8.671505036E-03 7.768697309E-03 6.868736200E-03 5.971601088E-03
 5.077099702E-03 4.185179272E-03 3.296000963E-03 2.409714754E-03 1.526516186E-03
 6.467715577E-04-2.313064869E-04-1.113624835E-03-2.003010811E-03-2.898145348E-03
-3.797250714E-03-4.699281892E-03-5.603648555E-03-6.510003784E-03-7.418094846E-03
-8.327653772E-03-9.238324133E-03-1.014961666E-02-1.106092902E-02-1.197157702E-02
-1.288079841E-02-1.378774589E-02-1.469151716E-02-1.559113505E-02-1.648550399E-02
-1.737347217E-02-1.825381728E-02-1.912519309E-02-1.998619084E-02-2.083532796E-02
-2.167102351E-02-2.249162488E-02-2.329540359E-02-2.408056760E-02-2.484525324E-02
-2.558753094E-02-2.630548251E-02-2.699706578E-02-2.766024050E-02-2.829296190E-02
-2.889319547E-02-2.945886021E-02-2.998788737E-02-3.047828281E-02-3.092805797E-02
-3.133528395E-02-3.169802218E-02-3.201454088E-02-3.228307614E-02-3.250193648E-02
-3.266963980E-02-3.278469850E-02-3.284579864E-02-3.285163396E-02-3.280116059E-02
-3.269343243E-02-3.252745761E-02-3.230255293E-02-3.201808135E-02-3.167355174E-02
-3.126853942E-02-3.080281630E-02-3.027618055E-02-2.968856235E-02-2.904002220E-02
-2.833071245E-02-2.756080874E-02-2.673055141E-02-2.584043250E-02-2.489092242E-02
-2.388238172E-02-2.281548120E-02-2.169085101E-02-2.050905551E-02-1.927095319E-02
-1.797749933E-02-1.662961997E-02-1.522821690E-02-1.377450918E-02-1.226992580E-02
-1.071600148E-02-9.114519778E-03-7.467530431E-03-5.777156656E-03-4.046049458E-03
-2.278348436E-03-4.787892390E-04 1.352695035E-03 3.221842717E-03 5.129994459E-03
 7.075496029E-03 9.056816098E-03 1.107267396E-02 1.312184657E-02 1.520315374E-02
 1.731540211E-02 1.945739913E-02 2.162802348E-02 2.382621220E-02 2.605091872E-02
 2.830113092E-02 3.057590455E-02 3.287434092E-02 3.519554333E-02 3.753861848E-02
 3.990269929E-02 4.228695078E-02 4.469056666E-02 4.711288585E-02 4.955379932E-02
 5.201037211E-02 2.224213782E-02 2.131526050E-02 2.039007265E-02 1.946704013E-02
 1.854632059E-02 1.762800060E-02 1.671208287E-02 1.579852194E-02 1.488723997E-02
 1.397815687E-02 1.307121047E-02 1.216637732E-02 1.126372250E-02 1.036349317E-02
 9.466069504E-03 8.571682062E-03 7.680202220E-03 6.791404404E-03 5.905284300E-03
 5.022053364E-03 4.141888768E-03 3.264843687E-03 2.390979751E-03 1.520582982E-03
 6.540575898E-04-2.103560686E-04-1.078204231E-03-1.952203917E-03-2.831161576E-03
-3.713269247E-03-4.597428830E-03-5.482990224E-03-6.369518267E-03-7.256679859E-03
-8.144125746E-03-9.031424493E-03-9.918036892E-03-1.080330868E-02-1.168647749E-02
-1.256671863E-02-1.344315503E-02-1.431480010E-02-1.518060288E-02-1.603946261E-02
-1.689016837E-02-1.773142722E-02-1.856189787E-02-1.938014059E-02-2.018464378E-02
-2.097382420E-02-2.174603298E-02-2.249955584E-02-2.323260913E-02-2.394337329E-02
-2.463001587E-02-2.529055906E-02-2.592310781E-02-2.652569004E-02-2.709638979E-02
-2.763318665E-02-2.813414491E-02-2.859734631E-02-2.902090289E-02-2.940294785E-02
-2.974164621E-02-3.003534241E-02-3.028230863E-02-3.048094526E-02-3.062981785E-02
-3.072747538E-02-3.077264750E-02-3.076405336E-02-3.070068364E-02-3.058159342E-02
-3.040579907E-02-3.017261655E-02-2.988139972E-02-2.953163558E-02-2.912287751E-02
-2.865486028E-02-2.812735107E-02-2.754023036E-02-2.689350385E-02-2.618727740E-02
-2.542168442E-02-2.459690355E-02-2.371330776E-02-2.277141056E-02-2.177149744E-02
-2.071413493E-02-1.960001253E-02-1.842965205E-02-1.720383837E-02-1.592354924E-02
-1.458980813E-02-1.320360821E-02-1.176613985E-02-1.027896763E-02-8.743797869E-03
-7.162469375E-03-5.537040408E-03-3.870073922E-03-2.165463830E-03-4.275906859E-04
 1.343782524E-03 3.154033093E-03 5.004330661E-03 6.893085410E-03 8.818870675E-03
 1.078041420E-02 1.277643245E-02 1.480569810E-02 1.686705702E-02 1.895939637E-02
 2.108158297E-02 2.323249200E-02 2.541106978E-02 2.761631265E-02 2.984722971E-02
 3.210286324E-02 3.438231991E-02 3.668474894E-02 3.900930020E-02 4.135512561E-02
 4.372139861E-02 4.610730108E-02 4.851213504E-02 5.093576755E-02 5.337523783E-02
 2.295482694E-02 2.203399719E-02 2.111523999E-02 2.019899619E-02 1.928523593E-02
 1.837392712E-02 1.746500870E-02 1.655839433E-02 1.565400381E-02 1.475178180E-02
 1.385172250E-02 1.295394496E-02 1.205879847E-02 1.116668405E-02 1.027774675E-02
 9.391755695E-03 8.508478306E-03 7.627986149E-03 6.750529573E-03 5.876272126E-03
 5.005251803E-03 4.137555723E-03 3.273371170E-03 2.412841723E-03 1.556150350E-03
 7.036061442E-04-1.462735878E-04-9.983839317E-04-1.855561810E-03-2.716928419E-03
-3.580665814E-03-4.445577460E-03-5.310929664E-03-6.176195871E-03-7.040946782E-03
-7.904764362E-03-8.767162524E-03-9.627534379E-03-1.048516698E-02-1.133927687E-02
-1.218897290E-02-1.303328860E-02-1.387122395E-02-1.470169247E-02-1.552350786E-02
-1.633544737E-02-1.713620409E-02-1.792439252E-02-1.869856342E-02-1.945719895E-02
-2.019872318E-02-2.092149337E-02-2.162380132E-02-2.230394961E-02-2.296012882E-02
-2.359049766E-02-2.419323681E-02-2.476648814E-02-2.530839970E-02-2.581704989E-02
-2.629061174E-02-2.672724020E-02-2.712514391E-02-2.748250937E-02-2.779761942E-02
-2.806887145E-02-2.829458390E-02-2.847324712E-02-2.860346501E-02-2.868383107E-02
-2.871311173E-02-2.869005541E-02-2.861368573E-02-2.848305905E-02-2.829720149E-02
-2.805542927E-02-2.775708870E-02-2.740164667E-02-2.698863861E-02-2.651776312E-02
-2.598876251E-02-2.540147241E-02-2.475585050E-02-2.405195966E-02-2.328989937E-02
-2.246980443E-02-2.159194813E-02-2.065684929E-02-1.966479648E-02-1.861624883E-02
-1.751191953E-02-1.635238436E-02-1.513835051E-02-1.387081747E-02-1.255089922E-02
-1.117974565E-02-9.758587934E-03-8.289043160E-03-6.772917132E-03-5.212099759E-03
-3.609098105E-03-1.967850997E-03-2.920632909E-04 1.419131098E-03 3.170480846E-03
 4.962842165E-03 6.794650814E-03 8.664476668E-03 1.057114122E-02 1.251345891E-02
 1.449018570E-02 1.650010131E-02 1.854205248E-02 2.061495537E-02 2.271775653E-02
 2.484937831E-02 2.700875935E-02 2.919490802E-02 3.140687496E-02 3.364372064E-02
 3.590453764E-02 3.818847965E-02 4.049474027E-02 4.282251345E-02 4.517099081E-02
 4.753936280E-02 4.992692426E-02 5.233351473E-02 5.475611340E-02 2.368187119E-02
 2.276769243E-02 2.185578891E-02 2.094650403E-02 2.003971354E-02 1.913532834E-02
 1.823326179E-02 1.733343691E-02 1.643580729E-02 1.554039763E-02 1.464741012E-02
 1.375728224E-02 1.287040004E-02 1.198677441E-02 1.110609930E-02 1.022817061E-02
 9.353145655E-03 8.481301333E-03 7.612771870E-03 6.747576296E-03 5.885816186E-03
 5.027717928E-03 4.173464208E-03 3.323103445E-03 2.476633652E-03 1.634231149E-03
 7.963338228E-04-3.804816263E-05-8.730187733E-04-1.711938645E-03-2.554306453E-03
-3.398287105E-03-4.242570167E-03-5.086306560E-03-5.928881027E-03-6.769783721E-03
-7.608508887E-03-8.444495579E-03-9.277116135E-03-1.010561940E-02-1.092913545E-02
-1.174674764E-02-1.255747367E-02-1.336022908E-02-1.415388707E-02-1.493726352E-02
-1.570908814E-02-1.646803177E-02-1.721269923E-02-1.794163798E-02-1.865333484E-02
-1.934621109E-02-2.001865217E-02-2.066903916E-02-2.129560003E-02-2.189663697E-02
-2.247037781E-02-2.301509021E-02-2.352895773E-02-2.401018182E-02-2.445701722E-02
-2.486769943E-02-2.524051898E-02-2.557372080E-02-2.586570240E-02-2.611489873E-02
-2.631968734E-02-2.647864065E-02-2.659039431E-02-2.665359295E-02-2.666703325E-02
-2.662949669E-02-2.654003800E-02-2.639771535E-02-2.620156624E-02-2.595090865E-02
-2.564508352E-02-2.528354016E-02-2.486580051E-02-2.439152937E-02-2.386045103E-02
-2.327236226E-02-2.262718088E-02-2.192493221E-02-2.116569024E-02-2.034956163E-02
-1.947674937E-02-1.854773788E-02-1.756288347E-02-1.652255748E-02-1.542745983E-02
-1.427828206E-02-1.307569034E-02-1.182070047E-02-1.051452163E-02-9.158464864E-03
-7.753857584E-03-6.302232259E-03-4.805507471E-03-3.266245011E-03-1.688272498E-03
-7.467121642E-05 1.576361572E-03 3.268935474E-03 5.003482587E-03 6.778336122E-03
 8.592119200E-03 1.044366432E-02 1.233180522E-02 1.425542335E-02 1.621336954E-02
 1.820445407E-02 2.022752527E-02 2.228149720E-02 2.436535066E-02 2.647808571E-02
 2.861867660E-02 3.078612133E-02 3.297948523E-02 3.519786874E-02 3.744037986E-02
 3.970615777E-02 4.199439968E-02 4.430434122E-02 4.663521497E-02 4.898622858E-02
 5.135668632E-02 5.374642901E-02 5.615238238E-02 2.442390501E-02 2.351662114E-02
 2.261164204E-02 2.170926045E-02 2.080929927E-02 1.991165993E-02 1.901627565E-02
 1.812311284E-02 1.723224346E-02 1.634398210E-02 1.545881703E-02 1.457707480E-02
 1.369861259E-02 1.282307941E-02 1.195034220E-02 1.108063619E-02 1.021424800E-02
 9.351271456E-03 8.491711852E-03 7.635697450E-03 6.783486692E-03 5.935271304E-03
 5.091090662E-03 4.250940343E-03 3.414861098E-03 2.583001576E-03 1.755723580E-03
 9.334902852E-04 1.156229368E-04-7.010287756E-04-1.520336979E-03-2.342258049E-03
-3.165059849E-03-3.987314215E-03-4.808052272E-03-5.626546360E-03-6.442175572E-03
-7.254374679E-03-8.062541035E-03-8.865961291E-03-9.663849523E-03-1.045534281E-02
-1.123946227E-02-1.201516041E-02-1.278135612E-02-1.353688597E-02-1.428052689E-02
-1.501099772E-02-1.572695676E-02-1.642700970E-02-1.710970137E-02-1.777351332E-02
-1.841693880E-02-1.903837418E-02-1.963615500E-02-2.020866474E-02-2.075421038E-02
-2.127114400E-02-2.175770490E-02-2.221221077E-02-2.263297962E-02-2.301833667E-02
-2.336663532E-02-2.367619404E-02-2.394550774E-02-2.417304155E-02-2.435724399E-02
-2.449675901E-02-2.459024993E-02-2.463641743E-02-2.463408250E-02-2.458206324E-02
-2.447944384E-02-2.432528518E-02-2.411863806E-02-2.385882410E-02-2.354518164E-02
-2.317714566E-02-2.275422971E-02-2.227606847E-02-2.174237556E-02-2.115291590E-02
-2.050757651E-02-1.980635241E-02-1.904930111E-02-1.823651546E-02-1.736815939E-02
-1.644465797E-02-1.546646820E-02-1.443391914E-02-1.334767638E-02-1.220855424E-02
-1.101726427E-02-9.774825519E-03-8.482527765E-03-7.141764434E-03-5.753946040E-03
-4.320719382E-03-2.844745873E-03-1.329797154E-03 2.218636287E-04 1.813234515E-03
 3.447261083E-03 5.124000620E-03 6.842013554E-03 8.599854643E-03 1.039627414E-02
 1.223015061E-02 1.410036251E-02 1.600582269E-02 1.794547680E-02 1.991821263E-02
 2.192289485E-02 2.395843656E-02 2.602381477E-02 2.811806947E-02 3.024024896E-02
 3.238937632E-02 3.456450517E-02 3.676475304E-02 3.898926619E-02 4.123719670E-02
 4.350772698E-02 4.580009551E-02 4.811357453E-02 5.044741142E-02 5.280092799E-02
 5.517398065E-02 5.756346231E-02 2.518097799E-02 2.428056803E-02 2.338240403E-02
 2.248674433E-02 2.159341588E-02 2.070234913E-02 1.981353738E-02 1.892712412E-02
 1.804354004E-02 1.716328519E-02 1.628656988E-02 1.541311423E-02 1.454255599E-02
 1.367486577E-02 1.281034077E-02 1.194925684E-02 1.109166347E-02 1.023755992E-02
 9.387110200E-03 8.540601647E-03 7.698226818E-03 6.860006698E-03 6.025915369E-03
 5.195978799E-03 4.370354285E-03 3.549342983E-03 2.733207272E-03 1.922118633E-03
 1.116375880E-03 3.158741481E-04-4.814947261E-04-1.279862810E-03-2.079829083E-03
-2.880015565E-03-3.678853872E-03-4.475203907E-03-5.268229132E-03-6.057238634E-03
-6.841553101E-03-7.620489206E-03-8.393331967E-03-9.159261346E-03-9.917345917E-03
-1.066660695E-02-1.140598434E-02-1.213434656E-02-1.285051261E-02-1.355324301E-02
-1.424124921E-02-1.491318753E-02-1.556765312E-02-1.620320642E-02-1.681841247E-02
-1.741168249E-02-1.798148726E-02-1.852624358E-02-1.904437064E-02-1.953425644E-02
-1.999423106E-02-2.042270467E-02-2.081805371E-02-2.117869268E-02-2.150302274E-02
-2.178945378E-02-2.203655512E-02-2.224282021E-02-2.240677704E-02-2.252713067E-02
-2.260256965E-02-2.263185373E-02-2.261382367E-02-2.254733728E-02-2.243150681E-02
-2.226539729E-02-2.204807492E-02-2.177886743E-02-2.145711381E-02-2.108223872E-02
-2.065375273E-02-2.017126564E-02-1.963448771E-02-1.904316045E-02-1.839714970E-02
-1.769642909E-02-1.694104904E-02-1.613110168E-02-1.526674013E-02-1.434833063E-02
-1.337642299E-02-1.235137393E-02-1.127381463E-02-1.014465580E-02-8.964733398E-03
-7.735030730E-03-6.456839086E-03-5.131624158E-03-3.761209511E-03-2.348190480E-03
-8.957355072E-04 5.948056163E-04 2.127142109E-03 3.703208086E-03 5.322478981E-03
 6.983631855E-03 8.685518100E-03 1.042695694E-02 1.220665644E-02 1.402346143E-02
 1.587632220E-02 1.776418547E-02 1.968604360E-02 2.164088649E-02 2.362763652E-02
 2.564521377E-02 2.769259205E-02 2.976880759E-02 3.187295405E-02 3.400412332E-02
 3.616138489E-02 3.834384440E-02 4.055066722E-02 4.278104185E-02 4.503416136E-02
 4.730924924E-02 4.960557991E-02 5.192243815E-02 5.425918566E-02 5.661570279E-02
 5.898885776E-02 2.595276891E-02 2.505906085E-02 2.416750563E-02 2.327836313E-02
 2.239149839E-02 2.150693233E-02 2.062491766E-02 1.974597276E-02 1.887056878E-02
 1.799875010E-02 1.713013914E-02 1.626440146E-02 1.540162507E-02 1.454215100E-02
 1.368622233E-02 1.283384755E-02 1.198502927E-02 1.113997328E-02 1.029899087E-02
 9.462266304E-03 8.629800353E-03 7.801548803E-03 6.977520668E-03 6.157865048E-03
 5.342913270E-03 4.532985428E-03 3.728191358E-03 2.928563652E-03 2.134341018E-03
 1.346006321E-03 5.638345166E-04-2.135187926E-04-9.897350735E-04-1.766273948E-03
-2.542335332E-03-3.316314232E-03-4.086916892E-03-4.853150602E-03-5.614182855E-03
-6.369282210E-03-7.117715611E-03-7.858678109E-03-8.591322607E-03-9.314732573E-03
-1.002789179E-02-1.072971952E-02-1.141907263E-02-1.209475381E-02-1.275551895E-02
-1.340007040E-02-1.402705050E-02-1.463511483E-02-1.522283838E-02-1.578871166E-02
-1.633129315E-02-1.684904563E-02-1.734048774E-02-1.780403115E-02-1.823811406E-02
-1.864121388E-02-1.901177174E-02-1.934828001E-02-1.964918121E-02-1.991298911E-02
-2.013832491E-02-2.032371349E-02-2.046776606E-02-2.056923900E-02-2.062684625E-02
-2.063940698E-02-2.060577925E-02-2.052486293E-02-2.039579741E-02-2.021765381E-02
-1.998951621E-02-1.971072134E-02-1.938061267E-02-1.899860928E-02-1.856422453E-02
-1.807704995E-02-1.753679928E-02-1.694320062E-02-1.629610842E-02-1.559548539E-02
-1.484138484E-02-1.403391039E-02-1.317322741E-02-1.225966702E-02-1.129384208E-02
-1.027620979E-02-9.207376800E-03-8.088290864E-03-6.919901279E-03-5.703150017E-03
-4.439439489E-03-3.130818144E-03-1.780111056E-03-3.896043956E-04 1.041018650E-03
 2.515328238E-03 4.034185111E-03 5.596579792E-03 7.201321929E-03 8.847358725E-03
 1.053368958E-02 1.225924980E-02 1.402281024E-02 1.582314731E-02 1.765922066E-02
 1.953004167E-02 2.143462495E-02 2.337202940E-02 2.534127556E-02 2.734132177E-02
 2.937114339E-02 3.142977068E-02 3.351629573E-02 3.562986051E-02 3.776959658E-02
 3.993461773E-02 4.212407821E-02 4.433718721E-02 4.657317232E-02 4.883126574E-02
 5.111072672E-02 5.341084135E-02 5.573100787E-02 5.807115232E-02 6.042812809E-02
 2.673873557E-02 2.585150445E-02 2.496635460E-02 2.408357419E-02 2.320317163E-02
 2.232551648E-02 2.145117571E-02 2.058054345E-02 1.971348150E-02 1.884955377E-02
 1.798849761E-02 1.713051282E-02 1.627596448E-02 1.542504530E-02 1.457772999E-02
 1.373403531E-02 1.289421140E-02 1.205858738E-02 1.122733127E-02 1.040042286E-02
 9.577801916E-03 8.759463139E-03 7.945550491E-03 7.136420147E-03 6.332429471E-03
 5.533688369E-03 4.740191616E-03 3.952121494E-03 3.169817803E-03 2.393574381E-03
 1.623727091E-03 8.606507203E-04 1.037358777E-04-6.491828812E-04-1.400945434E-03
-2.151366434E-03-2.899044522E-03-3.642492780E-03-4.380577803E-03-5.112372682E-03
-5.837013028E-03-6.553671041E-03-7.261529960E-03-7.959705813E-03-8.647249151E-03
-9.323143666E-03-9.986300191E-03-1.063557337E-02-1.126976139E-02-1.188760409E-02
-1.248780837E-02-1.306909515E-02-1.363003675E-02-1.416924554E-02-1.468531019E-02
-1.517677902E-02-1.564222280E-02-1.608010336E-02-1.648895777E-02-1.686731305E-02
-1.721368539E-02-1.752662743E-02-1.780462821E-02-1.804630341E-02-1.825031007E-02
-1.841521219E-02-1.853970234E-02-1.862257932E-02-1.866258597E-02-1.865859831E-02
-1.860949129E-02-1.851420873E-02-1.837191661E-02-1.818169470E-02-1.794264777E-02
-1.765412487E-02-1.731547840E-02-1.692612704E-02-1.648559316E-02-1.599345787E-02
-1.544944486E-02-1.485328006E-02-1.420481641E-02-1.350401736E-02-1.275094957E-02
-1.194574199E-02-1.108859299E-02-1.017983062E-02-9.220095866E-03-8.209976010E-03
-7.150037569E-03-6.041197868E-03-4.884567894E-03-3.681403364E-03-2.433801340E-03
-1.144402343E-03 1.852401784E-04 1.557575786E-03 2.974853385E-03 4.437315306E-03
 5.943676253E-03 7.492693209E-03 9.083404882E-03 1.071490169E-02 1.238622771E-02
 1.409639990E-02 1.584432160E-02 1.762876751E-02 1.944862143E-02 2.130293640E-02
 2.319077526E-02 2.511122038E-02 2.706338120E-02 2.904630113E-02 3.105897777E-02
 3.310044016E-02 3.516977103E-02 3.726611497E-02 3.938865732E-02 4.153656609E-02
 4.370899740E-02 4.590515078E-02 4.812427575E-02 5.036563705E-02 5.262850085E-02
 5.491213781E-02 5.721594784E-02 5.953989795E-02 6.188085058E-02 2.753826886E-02
 2.665732014E-02 2.577844826E-02 2.490214366E-02 2.402882484E-02 2.315905197E-02
 2.229308823E-02 2.143063426E-02 2.057123343E-02 1.971473515E-02 1.886142943E-02
 1.801168421E-02 1.716563220E-02 1.632322315E-02 1.548449949E-02 1.464975464E-02
 1.381932873E-02 1.299336717E-02 1.217182896E-02 1.135464023E-02 1.054178356E-02
 9.733399422E-03 8.929867552E-03 8.131580182E-03 7.338646818E-03 6.551014730E-03
 5.768833754E-03 4.992476460E-03 4.222261317E-03 3.458384463E-03 2.701059772E-03
 1.950625496E-03 1.207525419E-03 4.718186920E-04-2.575437633E-04-9.834804068E-04
-1.706730366E-03-2.426505741E-03-3.141401048E-03-3.850039054E-03-4.551304643E-03
-5.244250318E-03-5.927979512E-03-6.601595477E-03-7.264182670E-03-7.914775390E-03
-8.552350889E-03-9.175826043E-03-9.784053828E-03-1.037581906E-02-1.094991513E-02
-1.150506915E-02-1.203990546E-02-1.255312897E-02-1.304334836E-02-1.350921250E-02
-1.394930657E-02-1.436217422E-02-1.474642910E-02-1.510064229E-02-1.542340874E-02
-1.571332529E-02-1.596894140E-02-1.618896007E-02-1.637206466E-02-1.651686885E-02
-1.662214033E-02-1.668671262E-02-1.670936360E-02-1.668902130E-02-1.662457911E-02
-1.651502620E-02-1.635955520E-02-1.615725757E-02-1.590726197E-02-1.560893362E-02
-1.526163867E-02-1.486480120E-02-1.441795914E-02-1.392069195E-02-1.337273948E-02
-1.277383797E-02-1.212384950E-02-1.142275179E-02-1.067063638E-02-9.867670137E-03
-9.014094597E-03-8.110247977E-03-7.156741464E-03-6.154272768E-03-5.103445891E-03
-4.005317583E-03-2.861611782E-03-1.674298569E-03-4.450448347E-04 8.259574394E-04
 2.141713322E-03 3.503137580E-03 4.909856629E-03 6.360874662E-03 7.855029968E-03
 9.391220085E-03 1.096849092E-02 1.258598916E-02 1.424283670E-02 1.593811754E-02
 1.767085048E-02 1.943990456E-02 2.124410081E-02 2.308244257E-02 2.495405118E-02
 2.685803907E-02 2.879355251E-02 3.075973488E-02 3.275565067E-02 3.478033965E-02
 3.683288183E-02 3.891240912E-02 4.101811513E-02 4.314922407E-02 4.530493784E-02
 4.748445283E-02 4.968701087E-02 5.191189954E-02 5.415841553E-02 5.642583459E-02
 5.871354216E-02 6.102151200E-02 6.334661323E-02 2.835080853E-02 2.747607425E-02
 2.660375755E-02 2.573474932E-02 2.486950198E-02 2.400808485E-02 2.315008559E-02
 2.229506781E-02 2.144301440E-02 2.059428213E-02 1.974921899E-02 1.890789517E-02
 1.807024532E-02 1.723634879E-02 1.640653796E-02 1.558115668E-02 1.476032316E-02
 1.394397658E-02 1.313203171E-02 1.232446093E-02 1.152140271E-02 1.072325893E-02
 9.930453528E-03 9.143097492E-03 8.361095641E-03 7.584560622E-03 6.813880285E-03
 6.049405710E-03 5.291336640E-03 4.539873888E-03 3.795283160E-03 3.057828214E-03
 2.327788942E-03 1.605603597E-03 8.917249141E-04 1.858664061E-04-5.132780002E-04
-1.208182105E-03-1.898598857E-03-2.583400840E-03-3.261183883E-03-3.930656107E-03
-4.590724716E-03-5.240390307E-03-5.878691995E-03-6.504668217E-03-7.117333244E-03
-7.715654928E-03-8.298539476E-03-8.864848445E-03-9.413452340E-03-9.943072840E-03
-1.045244340E-02-1.094030425E-02-1.140531898E-02-1.184620627E-02-1.226156760E-02
-1.265004017E-02-1.301029107E-02-1.334094071E-02-1.364065588E-02-1.390806670E-02
-1.414179966E-02-1.434062544E-02-1.450324923E-02-1.462834437E-02-1.471474552E-02
-1.476131517E-02-1.476687314E-02-1.473039385E-02-1.465079210E-02-1.452710364E-02
-1.435854820E-02-1.414423260E-02-1.388331292E-02-1.357517481E-02-1.321920359E-02
-1.281483508E-02-1.236162990E-02-1.185917607E-02-1.130723618E-02-1.070557005E-02
-1.005405910E-02-9.352705325E-03-8.601627421E-03-7.801022684E-03-6.951155442E-03
-6.052379396E-03-5.105308602E-03-4.110868216E-03-3.070136396E-03-1.984673753E-03
-8.562109826E-04 3.143050857E-04 1.529417664E-03 2.790379587E-03 4.097307681E-03
 5.449388754E-03 6.845723698E-03 8.285572045E-03 9.768007231E-03 1.129192738E-02
 1.285632404E-02 1.446035941E-02 1.610324007E-02 1.778412327E-02 1.950211211E-02
 2.125620220E-02 2.304524696E-02 2.486815277E-02 2.672403352E-02 2.861205903E-02
 3.053139352E-02 3.248123823E-02 3.446075760E-02 3.646903879E-02 3.850516533E-02
 4.056826513E-02 4.265751656E-02 4.477215862E-02 4.691145037E-02 4.907462544E-02
 5.126091868E-02 5.346961225E-02 5.570002627E-02 5.795146483E-02 6.022331772E-02
 6.251554860E-02 6.482500817E-02 2.917600667E-02 2.830802021E-02 2.744321063E-02
 2.658241304E-02 2.572541482E-02 2.487171881E-02 2.402095568E-02 2.317324427E-02
 2.232898454E-02 2.148848301E-02 2.065175188E-02 1.981872108E-02 1.898951543E-02
 1.816450074E-02 1.734401682E-02 1.652815182E-02 1.571682657E-02 1.490994663E-02
 1.410747579E-02 1.330955183E-02 1.251659744E-02 1.172906529E-02 1.094706940E-02
 1.017047628E-02 9.399359049E-03 8.634115005E-03 7.875128233E-03 7.122600428E-03
 6.376710967E-03 5.637722247E-03 4.905909885E-03 4.181501078E-03 3.464752975E-03
 2.756058074E-03 2.055926114E-03 1.364898455E-03 6.831088707E-04 1.004326977E-05
-6.556738878E-04-1.315438045E-03-1.968596144E-03-2.614018825E-03-3.250363222E-03
-3.876337542E-03-4.490831418E-03-5.092802560E-03-5.681229654E-03-6.255085108E-03
-6.813301732E-03-7.354826742E-03-7.878553275E-03-8.383250965E-03-8.867764549E-03
-9.330850003E-03-9.771264356E-03-1.018775436E-02-1.057896866E-02-1.094362836E-02
-1.128043820E-02-1.158807848E-02-1.186527319E-02-1.211068212E-02-1.232302077E-02
-1.250110795E-02-1.264367058E-02-1.274944941E-02-1.281733746E-02-1.284622285E-02
-1.283497344E-02-1.278260491E-02-1.268805744E-02-1.255041455E-02-1.236892415E-02
-1.214271268E-02-1.187096777E-02-1.155310032E-02-1.118852093E-02-1.077668426E-02
-1.031718088E-02-9.809617258E-03-9.253782478E-03-8.649466388E-03-7.996568358E-03
-7.295105884E-03-6.545212748E-03-5.747124481E-03-4.901181696E-03-4.007893340E-03
-3.068215878E-03-2.083566236E-03-1.055167240E-03 1.608798190E-05 1.131605411E-03
 2.292951060E-03 3.500628010E-03 4.754264744E-03 6.052934860E-03 7.395807110E-03
 8.782141991E-03 1.021128170E-02 1.168244487E-02 1.319458486E-02 1.474664846E-02
 1.633776050E-02 1.796718005E-02 1.963414770E-02 2.133784528E-02 2.307737089E-02
 2.485168687E-02 2.665966607E-02 2.850032670E-02 3.037286849E-02 3.227649972E-02
 3.421043803E-02 3.617392727E-02 3.816614494E-02 4.018620439E-02 4.223323316E-02
 4.430640378E-02 4.640493897E-02 4.852811918E-02 5.067523476E-02 5.284554948E-02
 5.503833575E-02 5.725291071E-02 5.948860204E-02 6.174482635E-02 6.402155354E-02
 6.631560652E-02 3.001442231E-02 2.915425132E-02 2.829768697E-02 2.744495698E-02
 2.659542271E-02 2.574880291E-02 2.490533987E-02 2.406545488E-02 2.322939524E-02
 2.239712503E-02 2.156858031E-02 2.074393644E-02 1.992358641E-02 1.910785825E-02
 1.829680883E-02 1.749034247E-02 1.668835733E-02 1.589081004E-02 1.509783890E-02
 1.430988601E-02 1.352743004E-02 1.275058933E-02 1.197919616E-02 1.121328267E-02
 1.045324930E-02 9.699512595E-03 8.952282411E-03 8.211717806E-03 7.478068700E-03
 6.751614779E-03 6.032572022E-03 5.321160755E-03 4.617742317E-03 3.922783606E-03
 3.236718715E-03 2.559887752E-03 1.892578094E-03 1.235207793E-03 5.880680867E-04
-4.896117892E-05-6.771891469E-04-1.297496668E-03-1.909028180E-03-2.510724394E-03
-3.101318053E-03-3.679508732E-03-4.244138965E-03-4.794105120E-03-5.328317595E-03
-5.845747845E-03-6.345257312E-03-6.825707714E-03-7.285997743E-03-7.724923644E-03
-8.141337182E-03-8.533996684E-03-8.901632416E-03-9.243033486E-03-9.556939926E-03
-9.842101194E-03-1.009728377E-02-1.032118382E-02-1.051260596E-02-1.067040251E-02
-1.079332629E-02-1.088018971E-02-1.092993636E-02-1.094147840E-02-1.091373696E-02
-1.084576480E-02-1.073653209E-02-1.058517157E-02-1.039096105E-02-1.015305130E-02
-9.870665623E-03-9.543244642E-03-9.170228957E-03-8.751096587E-03-8.285470536E-03
-7.772977811E-03-7.213426409E-03-6.606632270E-03-5.952515865E-03-5.251143438E-03
-4.502723808E-03-3.707668881E-03-2.866700660E-03-1.980683905E-03-1.050493190E-03
-7.718357633E-05 9.402846063E-04 2.003807517E-03 3.113704397E-03 4.269705404E-03
 5.471205185E-03 6.717602476E-03 8.008181407E-03 9.342223186E-03 1.071901717E-02
 1.213789786E-02 1.359819675E-02 1.509899250E-02 1.663922143E-02 1.821794080E-02
 1.983440767E-02 2.148793792E-02 2.317779368E-02 2.490316173E-02 2.666311957E-02
 2.845660352E-02 3.028254479E-02 3.214008022E-02 3.402846827E-02 3.594695372E-02
 3.789480656E-02 3.987129861E-02 4.187561790E-02 4.390690818E-02 4.596433987E-02
 4.804712692E-02 5.015453457E-02 5.228588067E-02 5.444048386E-02 5.661763774E-02
 5.881664785E-02 6.103684119E-02 6.327765849E-02 6.553909754E-02 6.781796923E-02
 3.086726348E-02 3.001535610E-02 2.916661312E-02 2.832109139E-02 2.747852235E-02
 2.663922158E-02 2.580361414E-02 2.497187879E-02 2.414394209E-02 2.331975756E-02
 2.249955310E-02 2.168374207E-02 2.087263334E-02 2.006625279E-02 1.926449028E-02
 1.846723807E-02 1.767444689E-02 1.688625658E-02 1.610312735E-02 1.532556130E-02
 1.455368213E-02 1.378729182E-02 1.302638091E-02 1.227134706E-02 1.152263742E-02
 1.078047569E-02 1.004500268E-02 9.316451589E-03 8.595106661E-03 7.881181671E-03
 7.174856472E-03 6.476448491E-03 5.786433438E-03 5.105291195E-03 4.433390331E-03
 3.770911601E-03 3.118021569E-03 2.475231845E-03 1.843286318E-03 1.222720844E-03
 6.136466387E-04 1.613086134E-05-5.704834823E-04-1.147061677E-03-1.712724696E-03
-2.266451769E-03-2.807064090E-03-3.333267374E-03-3.843844127E-03-4.337670231E-03
-4.813557746E-03-5.270421836E-03-5.707142891E-03-6.122578117E-03-6.515626479E-03
-6.885069118E-03-7.229727992E-03-7.548443237E-03-7.839998829E-03-8.103215165E-03
-8.336893025E-03-8.539781637E-03-8.710765713E-03-8.848723470E-03-8.952442210E-03
-9.020806752E-03-9.052805323E-03-9.047374311E-03-9.003492510E-03-8.920246077E-03
-8.796639908E-03-8.631857017E-03-8.425206118E-03-8.175865510E-03-7.883095738E-03
-7.546367263E-03-7.165150031E-03-6.738945026E-03-6.267408060E-03-5.750198294E-03
-5.187166861E-03-4.578192937E-03-3.923292874E-03-3.222763188E-03-2.477110595E-03
-1.686921497E-03-8.527930874E-04 2.462470536E-05 9.467071031E-04 1.914588408E-03
 2.928440621E-03 3.988514025E-03 5.094389383E-03 6.245321219E-03 7.440710951E-03
 8.680129811E-03 9.962984760E-03 1.128858806E-02 1.265625090E-02 1.406530610E-02
 1.551514070E-02 1.700498484E-02 1.853382293E-02 2.010065441E-02 2.170467843E-02
 2.334524906E-02 2.502170947E-02 2.673333431E-02 2.847929662E-02 3.025864462E-02
 3.207031260E-02 3.391332328E-02 3.578691858E-02 3.769039536E-02 3.962303793E-02
 4.158416286E-02 4.357305699E-02 4.558892048E-02 4.763093064E-02 4.969829874E-02
 5.179027756E-02 5.390617288E-02 5.604533612E-02 5.820711255E-02 6.039082199E-02
 6.259577865E-02 6.482142545E-02 6.706778756E-02 6.933168234E-02 3.173479286E-02
 3.089039413E-02 3.004864922E-02 2.921003008E-02 2.837481438E-02 2.754338740E-02
 2.671586057E-02 2.589213482E-02 2.507219163E-02 2.425631046E-02 2.344491809E-02
 2.263829738E-02 2.183644490E-02 2.103923822E-02 2.024656483E-02 1.945837064E-02
 1.867479802E-02 1.789632395E-02 1.712347160E-02 1.635637084E-02 1.559479712E-02
 1.483869944E-02 1.408846714E-02 1.334457529E-02 1.260726657E-02 1.187666658E-02
 1.115298798E-02 1.043651744E-02 9.727475558E-03 9.026010948E-03 8.332386899E-03
 7.647066442E-03 6.970559894E-03 6.303288108E-03 5.645475536E-03 4.997176828E-03
 4.358707734E-03 3.730745434E-03 3.113878354E-03 2.508518205E-03 1.915207819E-03
 1.334551507E-03 7.668811398E-04 2.124524615E-04-3.287089360E-04-8.575237115E-04
-1.373347389E-03-1.874996203E-03-2.361497082E-03-2.831614581E-03-3.284076743E-03
-3.717716309E-03-4.131343961E-03-4.523857244E-03-4.894133511E-03-5.240982657E-03
-5.563292184E-03-5.859931668E-03-6.129735381E-03-6.371582343E-03-6.584301199E-03
-6.766712787E-03-6.917768585E-03-7.036369496E-03-7.121348595E-03-7.171661340E-03
-7.186336274E-03-7.164336801E-03-7.104701708E-03-7.006546751E-03-6.868915664E-03
-6.691041769E-03-6.472264700E-03-6.211792353E-03-5.908924578E-03-5.563169073E-03
-5.174038949E-03-4.741076680E-03-4.264001262E-03-3.742572427E-03-3.176810213E-03
-2.566808462E-03-1.912733100E-03-1.214751975E-03-4.734046486E-04 3.111953416E-04
 1.140703922E-03 2.015648741E-03 2.936306264E-03 3.902782777E-03 4.914666732E-03
 5.971661527E-03 7.073447792E-03 8.219448763E-03 9.409051273E-03 1.064183950E-02
 1.191731908E-02 1.323484338E-02 1.459375399E-02 1.599339682E-02 1.743316846E-02
 1.891242629E-02 2.043026663E-02 2.198566901E-02 2.357774862E-02 2.520584206E-02
 2.686935787E-02 2.856765221E-02 3.029999388E-02 3.206553388E-02 3.386329096E-02
 3.569223148E-02 3.755149082E-02 3.944038848E-02 4.135824975E-02 4.330440153E-02
 4.527819741E-02 4.727893078E-02 4.930581741E-02 5.135806989E-02 5.343493796E-02
 5.553571113E-02 5.765973362E-02 5.980638775E-02 6.197504059E-02 6.416501459E-02
 6.637573999E-02 6.860724969E-02 7.085636882E-02 3.261575938E-02 3.177810684E-02
 3.094326429E-02 3.011204423E-02 2.928470342E-02 2.846127174E-02 2.764163910E-02
 2.682582525E-02 2.601415693E-02 2.520706753E-02 2.440480838E-02 2.360734887E-02
 2.281455659E-02 2.202631520E-02 2.124256670E-02 2.046345685E-02 1.968947815E-02
 1.892117260E-02 1.815867689E-02 1.740174349E-02 1.665028055E-02 1.590466393E-02
 1.516539338E-02 1.443273491E-02 1.370680264E-02 1.298778594E-02 1.227597031E-02
 1.157158921E-02 1.087477116E-02 1.018572176E-02 9.504875109E-03 8.832761144E-03
 8.169845600E-03 7.516417669E-03 6.872491865E-03 6.238191008E-03 5.614133680E-03
 5.001026798E-03 4.399283692E-03 3.809257190E-03 3.231465007E-03 2.666512879E-03
 2.115052067E-03 1.577697049E-03 1.054828560E-03 5.467214327E-04 5.400592225E-05
-4.232296267E-04-8.853096800E-04-1.331171167E-03-1.759602802E-03-2.169612877E-03
-2.560041718E-03-2.929747308E-03-3.277522204E-03-3.602177512E-03-3.902607054E-03
-4.177682929E-03-4.426281489E-03-4.647310416E-03-4.839616683E-03-5.002100344E-03
-5.133760075E-03-5.233515686E-03-5.300254024E-03-5.332995918E-03-5.330806389E-03
-5.292681398E-03-5.217720165E-03-5.105066313E-03-4.953810594E-03-4.763242736E-03
-4.532741634E-03-4.261557889E-03-3.949050736E-03-3.594808324E-03-3.198449056E-03
-2.759626934E-03-2.278217011E-03-1.754072376E-03-1.187097439E-03-5.774879708E-04
 7.473396975E-05 7.708409913E-04 1.511589809E-03 2.297051283E-03 3.127540843E-03
 4.003152451E-03 4.923762359E-03 5.889154416E-03 6.898940396E-03 7.952880304E-03
 9.050762615E-03 1.019209334E-02 1.137623577E-02 1.260272216E-02 1.387114953E-02
 1.518093516E-02 1.653145030E-02 1.792206459E-02 1.935217226E-02 2.082120322E-02
 2.232839886E-02 2.387277553E-02 2.545338154E-02 2.706947961E-02 2.872050407E-02
 3.040588673E-02 3.212498823E-02 3.387705464E-02 3.566121044E-02 3.747645890E-02
 3.932183219E-02 4.119658087E-02 4.310007453E-02 4.503166501E-02 4.699072241E-02
 4.897662535E-02 5.098866998E-02 5.302609209E-02 5.508813994E-02 5.717409910E-02
 5.928329429E-02 6.141510666E-02 6.356894351E-02 6.574416910E-02 6.794021738E-02
 7.015711140E-02 7.239167067E-02 3.350897640E-02 3.267826013E-02 3.185085463E-02
 3.102749151E-02 3.020804789E-02 2.939239574E-02 2.858060538E-02 2.777304472E-02
 2.697014677E-02 2.617212744E-02 2.537893133E-02 2.459041829E-02 2.380646888E-02
 2.302702205E-02 2.225222775E-02 2.148259277E-02 2.071867582E-02 1.996062088E-02
 1.920816080E-02 1.846116412E-02 1.771998846E-02 1.698515458E-02 1.625695534E-02
 1.553549761E-02 1.482094590E-02 1.411358015E-02 1.341364935E-02 1.272127382E-02
 1.203660496E-02 1.136003107E-02 1.069208987E-02 1.003328498E-02 9.383974448E-03
 8.744202120E-03 8.113924100E-03 7.493591637E-03 6.883996865E-03 6.285667638E-03
 5.698897149E-03 5.124102520E-03 4.561852610E-03 4.012746544E-03 3.477356769E-03
 2.956161958E-03 2.449663384E-03 1.958592137E-03 1.483667424E-03 1.025343054E-03
 5.841070507E-04 1.608138568E-04-2.439940945E-04-6.303244541E-04-9.973850495E-04
-1.344003294E-03-1.668959559E-03-1.971208527E-03-2.249721572E-03-2.503359767E-03
-2.730998589E-03-2.931527654E-03-3.103802485E-03-3.246791448E-03-3.359514423E-03
-3.440901879E-03-3.489894196E-03-3.505568314E-03-3.487024726E-03-3.433302681E-03
-3.343563062E-03-3.216983914E-03-3.052725841E-03-2.850159875E-03-2.608733669E-03
-2.327784981E-03-2.006774298E-03-1.645309196E-03-1.242978681E-03-7.994935201E-04
-3.148526060E-04 2.112932027E-04 7.801155684E-04 1.392205123E-03 2.047900364E-03
 2.747630204E-03 3.491637817E-03 4.279915203E-03 5.112305630E-03 5.988704052E-03
 6.909067571E-03 7.873313397E-03 8.881120681E-03 9.932202973E-03 1.102639679E-02
 1.216328799E-02 1.334225544E-02 1.456276011E-02 1.582444566E-02 1.712681602E-02
 1.846927402E-02 1.985121747E-02 2.127204745E-02 2.273121450E-02 2.422809356E-02
 2.576179981E-02 2.733135526E-02 2.893592656E-02 3.057491773E-02 3.224781592E-02
 3.395406044E-02 3.569299977E-02 3.746385213E-02 3.926571438E-02 4.109759949E-02
 4.295863373E-02 4.484816585E-02 4.676559570E-02 4.871030513E-02 5.068170436E-02
 5.267918412E-02 5.470204436E-02 5.674954513E-02 5.882096945E-02 6.091563622E-02
 6.303290515E-02 6.517218889E-02 6.733289387E-02 6.951449026E-02 7.171700269E-02
 7.393723065E-02 3.441448621E-02 3.359130502E-02 3.277169709E-02 3.195612261E-02
 3.114434883E-02 3.033648166E-02 2.953292788E-02 2.873411365E-02 2.794021683E-02
 2.715115980E-02 2.636679679E-02 2.558700580E-02 2.481172348E-02 2.404110468E-02
 2.327566930E-02 2.251599085E-02 2.176222091E-02 2.101407578E-02 2.027138610E-02
 1.953448692E-02 1.880391615E-02 1.807999605E-02 1.736283069E-02 1.665255951E-02
 1.594945231E-02 1.525377302E-02 1.456564541E-02 1.388517467E-02 1.321268970E-02
 1.254872258E-02 1.189380712E-02 1.124836199E-02 1.061251020E-02 9.986107146E-03
 9.369371256E-03 8.763090752E-03 8.167952772E-03 7.584256924E-03 7.012308647E-03
 6.452628025E-03 5.905816539E-03 5.372466707E-03 4.853076284E-03 4.348033303E-03
 3.857852377E-03 3.383271105E-03 2.924957708E-03 2.483514057E-03 2.059748914E-03
 1.654434893E-03 1.268213358E-03 9.016539317E-04 5.554625107E-04 2.305431295E-04
-7.219774083E-05-3.522608369E-04-6.090050126E-04-8.413667945E-04-1.048203249E-03
-1.228384534E-03-1.380822839E-03-1.504573393E-03-1.598682362E-03-1.662099624E-03
-1.693817238E-03-1.692961057E-03-1.658675206E-03-1.590049829E-03-1.486287407E-03
-1.346585349E-03-1.170172583E-03-9.564904825E-04-7.050332786E-04-4.152108194E-04
-8.654000106E-05 2.816431417E-04 6.902687804E-04 1.139986138E-03 1.631111675E-03
 2.163973542E-03 2.739058596E-03 3.356878383E-03 4.017895345E-03 4.722229798E-03
 5.469865395E-03 6.260754524E-03 7.094807523E-03 7.971935527E-03 8.892111038E-03
 9.855310410E-03 1.086128668E-02 1.190970097E-02 1.300039975E-02 1.413305896E-02
 1.530710246E-02 1.652193357E-02 1.777718132E-02 1.907244381E-02 2.040716662E-02
 2.178077528E-02 2.319268960E-02 2.464235836E-02 2.612924426E-02 2.765259882E-02
 2.921147123E-02 3.080495543E-02 3.243236881E-02 3.409321378E-02 3.578699849E-02
 3.751316174E-02 3.927102156E-02 4.105977004E-02 4.287848203E-02 4.472621118E-02
 4.660219504E-02 4.850585167E-02 5.043660162E-02 5.239386084E-02 5.437707253E-02
 5.638563021E-02 5.841884090E-02 6.047599191E-02 6.255639957E-02 6.465941480E-02
 6.678442873E-02 6.893085942E-02 7.109822031E-02 7.328656770E-02 7.549269082E-02
 3.533279004E-02 3.451737526E-02 3.370543258E-02 3.289742398E-02 3.209339027E-02
 3.129374730E-02 3.049891269E-02 2.970902555E-02 2.892398822E-02 2.814365087E-02
 2.736789007E-02 2.659664144E-02 2.583006548E-02 2.506869323E-02 2.431311057E-02
 2.356347724E-02 2.281949643E-02 2.208096304E-02 2.134818548E-02 2.062171449E-02
 1.990190348E-02 1.918885844E-02 1.848269482E-02 1.778366748E-02 1.709205262E-02
 1.640798734E-02 1.573154132E-02 1.506297593E-02 1.440280314E-02 1.375157929E-02
 1.310976994E-02 1.247759882E-02 1.185490191E-02 1.124166140E-02 1.063854555E-02
 1.004638734E-02 9.465585414E-03 8.896354005E-03 8.339116545E-03 7.794457643E-03
 7.262983901E-03 6.745247348E-03 6.241633860E-03 5.752507471E-03 5.278493859E-03
 4.820338120E-03 4.378596968E-03 3.953869747E-03 3.546953322E-03 3.158580129E-03
 2.789462031E-03 2.440334587E-03 2.111908369E-03 1.805035552E-03 1.520567134E-03
 1.259172911E-03 1.021494014E-03 8.083743472E-04 6.208389095E-04 4.599084158E-04
 3.264624298E-04 2.212619222E-04 1.451562765E-04 9.912988077E-05 8.413831342E-05
 1.010028244E-04 1.505164663E-04 2.335532630E-04 3.509404059E-04 5.035399716E-04
 6.921446135E-04 9.173697151E-04 1.179842870E-03 1.480313458E-03 1.819387751E-03
 2.197588090E-03 2.615618973E-03 3.074203134E-03 3.573713760E-03 4.114367533E-03
 4.696370609E-03 5.320166794E-03 5.986264222E-03 6.694835851E-03 7.445863599E-03
 8.239280002E-03 9.074994384E-03 9.952910439E-03 1.087299370E-02 1.183524830E-02
 1.283951224E-02 1.388542843E-02 1.497281706E-02 1.610143928E-02 1.727078244E-02
 1.848022550E-02 1.972933448E-02 2.101778158E-02 2.234507542E-02 2.371066766E-02
 2.511400362E-02 2.655453403E-02 2.803175496E-02 2.954505327E-02 3.109356447E-02
 3.267635186E-02 3.429262806E-02 3.594185439E-02 3.762358493E-02 3.933733192E-02
 4.108251970E-02 4.285843007E-02 4.466423051E-02 4.649899000E-02 4.836183233E-02
 5.025210508E-02 5.216926870E-02 5.411276274E-02 5.608203921E-02 5.807656454E-02
 6.009572995E-02 6.213885392E-02 6.420525268E-02 6.629427491E-02 6.840529912E-02
 7.053772373E-02 7.269107982E-02 7.486546850E-02 7.705769428E-02 3.626396752E-02
 3.545609134E-02 3.465162572E-02 3.385132203E-02 3.305550165E-02 3.226454545E-02
 3.147855841E-02 3.069742628E-02 2.992099693E-02 2.914914547E-02 2.838180623E-02
 2.761914554E-02 2.686170522E-02 2.611008279E-02 2.536444617E-02 2.462448743E-02
 2.388996744E-02 2.316116510E-02 2.243864017E-02 2.172277786E-02 2.101369039E-02
 2.031147117E-02 1.961635599E-02 1.892863004E-02 1.824845074E-02 1.757586428E-02
 1.691106182E-02 1.625451991E-02 1.560680878E-02 1.496843060E-02 1.433970372E-02
 1.372052086E-02 1.311067975E-02 1.251062303E-02 1.192125821E-02 1.134315978E-02
 1.077651218E-02 1.022161139E-02 9.678996663E-03 9.149274750E-03 8.633035313E-03
 8.130727518E-03 7.642635220E-03 7.169200156E-03 6.711166910E-03 6.269199606E-03
 5.843775980E-03 5.435563781E-03 5.045348274E-03 4.673824395E-03 4.321667064E-03
 3.989525934E-03 3.678134495E-03 3.388375835E-03 3.121088403E-03 2.876938971E-03
 2.656515438E-03 2.460645940E-03 2.290403023E-03 2.146764915E-03 2.030472166E-03
 1.942188034E-03 1.882710313E-03 1.853011412E-03 1.854044323E-03 1.886576293E-03
 1.951313478E-03 2.049081766E-03 2.180722533E-03 2.347105383E-03 2.548974457E-03
 2.786917609E-03 3.061572643E-03 3.373696620E-03 3.723870958E-03 4.112524868E-03
 4.540281158E-03 5.007875499E-03 5.515634788E-03 6.063678336E-03 6.652194861E-03
 7.281655467E-03 7.952622641E-03 8.665298320E-03 9.419644834E-03 1.021557008E-02
 1.105296678E-02 1.193172357E-02 1.285179431E-02 1.381319948E-02 1.481585721E-02
 1.585943009E-02 1.694368798E-02 1.806845803E-02 1.923330379E-02 2.043761508E-02
 2.168087916E-02 2.296279463E-02 2.428295206E-02 2.564083244E-02 2.703590783E-02
 2.846764224E-02 2.993553314E-02 3.143906739E-02 3.297750659E-02 3.454993325E-02
 3.615548382E-02 3.779352301E-02 3.946361114E-02 4.116532196E-02 4.289816443E-02
 4.466152708E-02 4.645466309E-02 4.827671697E-02 5.012677658E-02 5.200406022E-02
 5.390800614E-02 5.583809844E-02 5.779379924E-02 5.977459513E-02 6.177996437E-02
 6.380929540E-02 6.586192262E-02 6.793719251E-02 7.003448136E-02 7.215317086E-02
 7.429277655E-02 7.645342417E-02 7.863194968E-02 3.720792028E-02 3.640744652E-02
 3.561067621E-02 3.481857397E-02 3.403139350E-02 3.324919233E-02 3.247184732E-02
 3.169920598E-02 3.093114950E-02 3.016761872E-02 2.940877209E-02 2.865514253E-02
 2.790733471E-02 2.716554563E-02 2.642947646E-02 2.569884823E-02 2.497389214E-02
 2.425516677E-02 2.354309796E-02 2.283781433E-02 2.213938849E-02 2.144802882E-02
 2.076402186E-02 2.008755494E-02 1.941867079E-02 1.875749102E-02 1.810443637E-02
 1.746007954E-02 1.682494822E-02 1.619943121E-02 1.558354372E-02 1.497699366E-02
 1.437992925E-02 1.379321118E-02 1.321761907E-02 1.265340386E-02 1.210073929E-02
 1.156007513E-02 1.103200390E-02 1.051712943E-02 1.001597843E-02 9.528854191E-03
 9.056030038E-03 8.598109788E-03 8.155860013E-03 7.729799347E-03 7.320415231E-03
 6.928453661E-03 6.554663916E-03 6.199701879E-03 5.864194150E-03 5.548760559E-03
 5.254177638E-03 4.981336200E-03 4.731016524E-03 4.503734826E-03 4.300011445E-03
 4.120781793E-03 3.967191816E-03 3.840147698E-03 3.740278790E-03 3.668196447E-03
 3.624679839E-03 3.610720376E-03 3.627270509E-03 3.675021057E-03 3.754595938E-03
 3.866788744E-03 4.012449360E-03 4.192426388E-03 4.407392959E-03 4.657886211E-03
 4.944517778E-03 5.267999594E-03 5.628844512E-03 6.027446655E-03 6.464455746E-03
 6.940642761E-03 7.456311148E-03 8.011493532E-03 8.606322642E-03 9.241279333E-03
 9.916979657E-03 1.063366011E-02 1.139126158E-02 1.218966518E-02 1.302874994E-02
 1.390839094E-02 1.482852462E-02 1.578917697E-02 1.679033048E-02 1.783170208E-02
 1.891300769E-02 2.003410706E-02 2.119464835E-02 2.239405929E-02 2.363176739E-02
 2.490743965E-02 2.622074792E-02 2.757121617E-02 2.895834107E-02 3.038160861E-02
 3.184051511E-02 3.333459401E-02 3.486323846E-02 3.642560571E-02 3.802080093E-02
 3.964807966E-02 4.130695205E-02 4.299702740E-02 4.471788050E-02 4.646900516E-02
 4.824974510E-02 5.005933089E-02 5.189689231E-02 5.376156572E-02 5.565268091E-02
 5.756973506E-02 5.951222480E-02 6.147964036E-02 6.347149854E-02 6.548727706E-02
 6.752636422E-02 6.958811653E-02 7.167190817E-02 7.377711777E-02 7.590324079E-02
 7.805039501E-02 8.021543427E-02 3.816260485E-02 3.736978060E-02 3.658115213E-02
 3.579765586E-02 3.501917283E-02 3.424553538E-02 3.347659529E-02 3.271223305E-02
 3.195237450E-02 3.119717151E-02 3.044719361E-02 2.970308906E-02 2.896506767E-02
 2.823278415E-02 2.750589811E-02 2.678462237E-02 2.606954480E-02 2.536113278E-02
 2.465951282E-02 2.396473145E-02 2.327697527E-02 2.259653855E-02 2.192363907E-02
 2.125831004E-02 2.060060534E-02 1.995088535E-02 1.930972393E-02 1.867767637E-02
 1.805519062E-02 1.744242104E-02 1.683903697E-02 1.624489556E-02 1.566072308E-02
 1.508747211E-02 1.452554414E-02 1.397502911E-02 1.343624431E-02 1.290975202E-02
 1.239615912E-02 1.189604625E-02 1.140980921E-02 1.093763225E-02 1.047989358E-02
 1.003735436E-02 9.610688441E-03 9.200289820E-03 8.806729595E-03 8.430795456E-03
 8.073184065E-03 7.734507929E-03 7.415342758E-03 7.116321957E-03 6.838268676E-03
 6.582063108E-03 6.348388888E-03 6.137607168E-03 5.950240612E-03 5.787370958E-03
 5.650165274E-03 5.539406193E-03 5.455619154E-03 5.399376428E-03 5.371452598E-03
 5.372867100E-03 5.404555244E-03 5.467112092E-03 5.561092369E-03 5.687277228E-03
 5.846527699E-03 6.039663640E-03 6.267292761E-03 6.529912440E-03 6.828116516E-03
 7.162580715E-03 7.533760672E-03 7.942013183E-03 8.388000977E-03 8.872529787E-03
 9.395892753E-03 9.958042483E-03 1.055904120E-02 1.119936611E-02 1.187968162E-02
 1.260027335E-02 1.336106820E-02 1.416192013E-02 1.500269414E-02 1.588325277E-02
 1.680351107E-02 1.776349260E-02 1.876322729E-02 1.980250827E-02 2.088101037E-02
 2.199859230E-02 2.315498857E-02 2.434968132E-02 2.558206825E-02 2.685174478E-02
 2.815844385E-02 2.950175012E-02 3.088118343E-02 3.229625517E-02 3.374646880E-02
 3.523136559E-02 3.675045130E-02 3.830299692E-02 3.988811616E-02 4.150498363E-02
 4.315300718E-02 4.483179864E-02 4.654098837E-02 4.828014788E-02 5.004873411E-02
 5.184605607E-02 5.367132348E-02 5.552366478E-02 5.740228320E-02 5.930661635E-02
 6.123620029E-02 6.319054447E-02 6.516916867E-02 6.717161489E-02 6.919735631E-02
 7.124578508E-02 7.331627685E-02 7.540820782E-02 7.752106860E-02 7.965495287E-02
 8.180671075E-02
 1.029999912E+00 1.036646114E+00 1.043006358E+00 1.049243954E+00 1.055368854E+00
 1.061391552E+00 1.067321392E+00 1.073168391E+00 1.078942716E+00 1.084654254E+00
 1.090313216E+00 1.095929732E+00 1.101513165E+00 1.107073872E+00 1.112622216E+00
 1.118167895E+00 1.123720835E+00 1.129291137E+00 1.134888775E+00 1.140523918E+00
 1.146206585E+00 1.151946772E+00 1.157754408E+00 1.163639558E+00 1.169612091E+00
 1.175681938E+00 1.181859524E+00 1.188154739E+00 1.194577522E+00 1.201137810E+00
 1.207845565E+00 1.214711027E+00 1.221744361E+00 1.228955140E+00 1.236353228E+00
 1.243949192E+00 1.251753094E+00 1.259774503E+00 1.268023610E+00 1.276510501E+00
 1.285245182E+00 1.294237519E+00 1.303497402E+00 1.313035438E+00 1.322861552E+00
 1.332985199E+00 1.343416355E+00 1.354165451E+00 1.365242701E+00 1.376657814E+00
 1.388420706E+00 1.400541468E+00 1.413030139E+00 1.425896683E+00 1.439151228E+00
 1.452803574E+00 1.466863810E+00 1.481342524E+00 1.496249317E+00 1.511593899E+00
 1.527386319E+00 1.543637010E+00 1.560356225E+00 1.577553238E+00 1.595238028E+00
 1.613420925E+00 1.632111844E+00 1.651321117E+00 1.671058772E+00 1.691334683E+00
 1.712158614E+00 1.733540360E+00 1.755490613E+00 1.778019436E+00 1.801136128E+00
 1.824851106E+00 1.849174660E+00 1.874116243E+00 1.899686042E+00 1.925894333E+00
 1.952750893E+00 1.980265843E+00 2.008449293E+00 2.037311048E+00 2.066861128E+00
 2.097109610E+00 2.128066540E+00 2.159742024E+00 2.192145892E+00 2.225288097E+00
 2.259178947E+00 2.293828296E+00 2.329246196E+00 2.365442807E+00 2.402427833E+00
 2.440211273E+00 2.478803169E+00 2.518213829E+00 2.558453382E+00 2.599531422E+00
 2.641457850E+00 2.684242843E+00 2.727897062E+00 2.772429930E+00 2.817851582E+00
 2.864171344E+00 2.911399944E+00 2.959547586E+00 3.008624049E+00 3.058639478E+00
 3.109603169E+00 3.161525714E+00 3.214416228E+00 3.268287266E+00 3.323158382E+00
 3.379046811E+00 3.435940772E+00 3.493771762E+00 3.552414663E+00 3.611727181E+00
 3.671622774E+00 3.732159013E+00 3.793623552E+00 3.856605036E+00 3.922039223E+00
 3.991227122E+00 4.065815492E+00 4.147732335E+00 4.239047575E+00
  300    5
 2.299999901E+00-1.094709844E-10 2.299922998E+00 8.747796429E-03 2.299693133E+00
 1.749365804E-02 2.299310744E+00 2.623569405E-02 2.298775336E+00 3.497197003E-02
 2.298086584E+00 4.370052427E-02 2.297244769E+00 5.241943972E-02 2.296249784E+00
 6.112676004E-02 2.295101345E+00 6.982048277E-02 2.293799734E+00 7.849868101E-02
 2.292344950E+00 8.715938192E-02 2.290736690E+00 9.580053134E-02 2.288975042E+00
 1.044201353E-01 2.287060319E+00 1.130162578E-01 2.284992027E+00 1.215867298E-01
 2.282769844E+00 1.301293763E-01 2.280393878E+00 1.386421231E-01 2.277864556E+00
 1.471230021E-01 2.275181981E+00 1.555699332E-01 2.272345667E+00 1.639805730E-01
 2.269355829E+00 1.723528132E-01 2.266211815E+00 1.806841268E-01 2.262914185E+00
 1.889724885E-01 2.259463081E+00 1.972156718E-01 2.255858140E+00 2.054111470E-01
 2.252099618E+00 2.135566550E-01 2.248187030E+00 2.216494656E-01 2.244121091E+00
 2.296875005E-01 2.239901677E+00 2.376681448E-01 2.235529179E+00 2.455890609E-01
 2.231003889E+00 2.534478157E-01 2.226325462E+00 2.612414487E-01 2.221493818E+00
 2.689670787E-01 2.216509335E+00 2.766220969E-01 2.211372852E+00 2.842042387E-01
 2.206084567E+00 2.917106681E-01 2.200644525E+00 2.991383078E-01 2.195053253E+00
 3.064844250E-01 2.189311285E+00 3.137462264E-01 2.183418997E+00 3.209206713E-01
 2.177376875E+00 3.280047278E-01 2.171185245E+00 3.349950622E-01 2.164845055E+00
 3.418889313E-01 2.158357151E+00 3.486834106E-01 2.151722093E+00 3.553751006E-01
 2.144940748E+00 3.619608543E-01 2.138014019E+00 3.684374452E-01 2.130943006E+00
 3.748018012E-01 2.123728752E+00 3.810506395E-01 2.116372114E+00 3.871802101E-01
 2.108874500E+00 3.931874636E-01 2.101237114E+00 3.990688612E-01 2.093461508E+00
 4.048213109E-01 2.085549113E+00 4.104413334E-01 2.077501119E+00 4.159247030E-01
 2.069319468E+00 4.212684939E-01 2.061006039E+00 4.264695084E-01 2.052562547E+00
 4.315239350E-01 2.043990722E+00 4.364276350E-01 2.035292815E+00 4.411775012E-01
 2.026471110E+00 4.457703223E-01 2.017527631E+00 4.502017373E-01 2.008464957E+00
 4.544687389E-01 1.999285724E+00 4.585682879E-01 1.989992292E+00 4.624958437E-01
 1.980587527E+00 4.662483190E-01 1.971074332E+00 4.698224062E-01 1.961455674E+00
 4.732145829E-01 1.951734606E+00 4.764210534E-01 1.941914322E+00 4.794379777E-01
 1.931998205E+00 4.822618272E-01 1.921989846E+00 4.848900415E-01 1.911892840E+00
 4.873191183E-01 1.901710928E+00 4.895457002E-01 1.891447976E+00 4.915658385E-01
 1.881108031E+00 4.933773181E-01 1.870695225E+00 4.949765964E-01 1.860213845E+00
 4.963604271E-01 1.849668251E+00 4.975267453E-01 1.839062995E+00 4.984719615E-01
 1.828402811E+00 4.991926408E-01 1.817692441E+00 4.996867478E-01 1.806936803E+00
 4.999516280E-01 1.796140876E+00 4.999851123E-01 1.785309948E+00 4.997840463E-01
 1.774449294E+00 4.993462795E-01 1.763564121E+00 4.986705152E-01 1.752660067E+00
 4.977540779E-01 1.741743001E+00 4.965942122E-01 1.730818416E+00 4.951901053E-01
 1.719891941E+00 4.935407448E-01 1.708969667E+00 4.916440724E-01 1.698057922E+00
 4.894979627E-01 1.687162636E+00 4.871018514E-01 1.676290030E+00 4.844547300E-01
 1.665446464E+00 4.815556353E-01 1.654638495E+00 4.784035523E-01 1.643872166E+00
 4.749988827E-01 1.633154144E+00 4.713409839E-01 1.622490911E+00 4.674299090E-01
 1.611889275E+00 4.632654020E-01 1.601356128E+00 4.588474055E-01 1.590898075E+00
 4.541766295E-01 1.580521763E+00 4.492539358E-01 1.570234057E+00 4.440800874E-01
 1.560041387E+00 4.386566923E-01 1.549950743E+00 4.329847708E-01 1.539969667E+00
 4.270649181E-01 1.530104458E+00 4.208995706E-01 1.520361914E+00 4.144906871E-01
 1.510748930E+00 4.078403161E-01 1.501272393E+00 4.009507192E-01 1.491938911E+00
 3.938246435E-01 1.482754949E+00 3.864651250E-01 1.473727642E+00 3.788747181E-01
 1.464863012E+00 3.710572034E-01 1.456168053E+00 3.630156106E-01 1.447649789E+00
 3.547531697E-01 1.439314058E+00 3.462742594E-01 1.431166990E+00 3.375831119E-01
 1.423214914E+00 3.286839345E-01 1.415464549E+00 3.195808230E-01 1.407920562E+00
 3.102794171E-01 1.400589204E+00 3.007843386E-01 1.393477425E+00 2.910999653E-01
 1.386589757E+00 2.812322977E-01 1.379931576E+00 2.711868753E-01 1.373508547E+00
 2.609691919E-01 1.367326224E+00 2.505849373E-01 1.361388498E+00 2.400407093E-01
 1.355700571E+00 2.293425218E-01 1.350267830E+00 2.184964446E-01 1.345093944E+00
 2.075093742E-01 1.340182946E+00 1.963880828E-01 1.335539468E+00 1.851392027E-01
 1.331166984E+00 1.737698598E-01 1.327069342E+00 1.622871111E-01 1.323250500E+00
 1.506980699E-01 1.319712206E+00 1.390105092E-01 1.316458400E+00 1.272316401E-01
 1.313492161E+00 1.153689914E-01 1.310815066E+00 1.034304455E-01 1.308429704E+00
 9.142369114E-02 1.306337681E+00 7.935662579E-02 1.304540785E+00 6.723713093E-02
 1.303041635E+00 5.507304718E-02 1.301840997E+00 4.287247732E-02 1.300939292E+00
 3.064352743E-02 1.300338083E+00 1.839424165E-02 1.300038182E+00 6.132759749E-03
 1.300038182E+00-6.132759968E-03 1.300338083E+00-1.839424187E-02 1.300939292E+00
-3.064352764E-02 1.301840997E+00-4.287247754E-02 1.303041636E+00-5.507304740E-02
 1.304540785E+00-6.723713115E-02 1.306337681E+00-7.935662600E-02 1.308429704E+00
-9.142369135E-02 1.310815066E+00-1.034304457E-01 1.313492162E+00-1.153689916E-01
 1.316458400E+00-1.272316403E-01 1.319712206E+00-1.390105094E-01 1.323250501E+00
-1.506980701E-01 1.327069342E+00-1.622871113E-01 1.331166985E+00-1.737698600E-01
 1.335539468E+00-1.851392029E-01 1.340182946E+00-1.963880830E-01 1.345093944E+00
-2.075093744E-01 1.350267830E+00-2.184964448E-01 1.355700571E+00-2.293425220E-01
 1.361388498E+00-2.400407094E-01 1.367326224E+00-2.505849375E-01 1.373508547E+00
-2.609691920E-01 1.379931576E+00-2.711868755E-01 1.386589757E+00-2.812322979E-01
 1.393477425E+00-2.910999654E-01 1.400589204E+00-3.007843388E-01 1.407920562E+00
-3.102794172E-01 1.415464549E+00-3.195808231E-01 1.423214914E+00-3.286839346E-01
 1.431166990E+00-3.375831121E-01 1.439314058E+00-3.462742595E-01 1.447649789E+00
-3.547531698E-01 1.456168053E+00-3.630156107E-01 1.464863012E+00-3.710572035E-01
 1.473727642E+00-3.788747183E-01 1.482754949E+00-3.864651251E-01 1.491938911E+00
-3.938246436E-01 1.501272393E+00-4.009507192E-01 1.510748930E+00-4.078403162E-01
 1.520361915E+00-4.144906872E-01 1.530104458E+00-4.208995707E-01 1.539969667E+00
-4.270649182E-01 1.549950744E+00-4.329847709E-01 1.560041388E+00-4.386566924E-01
 1.570234057E+00-4.440800874E-01 1.580521763E+00-4.492539358E-01 1.590898075E+00
-4.541766296E-01 1.601356128E+00-4.588474055E-01 1.611889275E+00-4.632654020E-01
 1.622490911E+00-4.674299090E-01 1.633154144E+00-4.713409840E-01 1.643872166E+00
-4.749988827E-01 1.654638495E+00-4.784035524E-01 1.665446464E+00-4.815556353E-01
 1.676290031E+00-4.844547300E-01 1.687162636E+00-4.871018515E-01 1.698057922E+00
-4.894979627E-01 1.708969667E+00-4.916440724E-01 1.719891941E+00-4.935407448E-01
 1.730818417E+00-4.951901053E-01 1.741743001E+00-4.965942122E-01 1.752660067E+00
-4.977540779E-01 1.763564121E+00-4.986705152E-01 1.774449294E+00-4.993462795E-01
 1.785309948E+00-4.997840463E-01 1.796140876E+00-4.999851123E-01 1.806936803E+00
-4.999516280E-01 1.817692441E+00-4.996867478E-01 1.828402811E+00-4.991926408E-01
 1.839062995E+00-4.984719615E-01 1.849668251E+00-4.975267453E-01 1.860213845E+00
-4.963604271E-01 1.870695225E+00-4.949765964E-01 1.881108031E+00-4.933773181E-01
 1.891447976E+00-4.915658385E-01 1.901710928E+00-4.895457002E-01 1.911892840E+00
-4.873191183E-01 1.921989846E+00-4.848900415E-01 1.931998205E+00-4.822618272E-01
 1.941914322E+00-4.794379777E-01 1.951734606E+00-4.764210534E-01 1.961455674E+00
-4.732145829E-01 1.971074332E+00-4.698224062E-01 1.980587527E+00-4.662483191E-01
 1.989992292E+00-4.624958438E-01 1.999285724E+00-4.585682880E-01 2.008464957E+00
-4.544687390E-01 2.017527631E+00-4.502017374E-01 2.026471110E+00-4.457703223E-01
 2.035292815E+00-4.411775012E-01 2.043990722E+00-4.364276350E-01 2.052562547E+00
-4.315239350E-01 2.061006039E+00-4.264695084E-01 2.069319468E+00-4.212684939E-01
 2.077501118E+00-4.159247030E-01 2.085549113E+00-4.104413334E-01 2.093461508E+00
-4.048213109E-01 2.101237114E+00-3.990688613E-01 2.108874500E+00-3.931874636E-01
 2.116372114E+00-3.871802102E-01 2.123728752E+00-3.810506395E-01 2.130943006E+00
-3.748018013E-01 2.138014018E+00-3.684374453E-01 2.144940748E+00-3.619608544E-01
 2.151722093E+00-3.553751007E-01 2.158357151E+00-3.486834107E-01 2.164845054E+00
-3.418889314E-01 2.171185245E+00-3.349950623E-01 2.177376875E+00-3.280047279E-01
 2.183418997E+00-3.209206714E-01 2.189311285E+00-3.137462266E-01 2.195053253E+00
-3.064844251E-01 2.200644525E+00-2.991383080E-01 2.206084567E+00-2.917106682E-01
 2.211372852E+00-2.842042388E-01 2.216509335E+00-2.766220970E-01 2.221493818E+00
-2.689670788E-01 2.226325462E+00-2.612414488E-01 2.231003889E+00-2.534478158E-01
 2.235529179E+00-2.455890611E-01 2.239901677E+00-2.376681449E-01 2.244121091E+00
-2.296875007E-01 2.248187030E+00-2.216494657E-01 2.252099618E+00-2.135566551E-01
 2.255858140E+00-2.054111471E-01 2.259463080E+00-1.972156720E-01 2.262914185E+00
-1.889724887E-01 2.266211815E+00-1.806841270E-01 2.269355829E+00-1.723528134E-01
 2.272345667E+00-1.639805732E-01 2.275181980E+00-1.555699334E-01 2.277864556E+00
-1.471230023E-01 2.280393878E+00-1.386421233E-01 2.282769843E+00-1.301293765E-01
 2.284992027E+00-1.215867300E-01 2.287060319E+00-1.130162580E-01 2.288975042E+00
-1.044201355E-01 2.290736690E+00-9.580053154E-02 2.292344949E+00-8.715938213E-02
 2.293799734E+00-7.849868122E-02 2.295101345E+00-6.982048299E-02 2.296249784E+00
-6.112676025E-02 2.297244769E+00-5.241943993E-02 2.298086584E+00-4.370052449E-02
 2.298775336E+00-3.497197025E-02 2.299310744E+00-2.623569427E-02 2.299693133E+00
-1.749365826E-02 2.299922998E+00-8.747796647E-03 2.299999901E+00-1.094710863E-10
 1.250013979E+00-5.249946162E-01 2.349987812E+00-5.249946162E-01 2.349987812E+00
 5.249946177E-01 1.250013979E+00 5.249946177E-01 1.250013979E+00-5.249946162E-01
 
    2.03113458E-02 abs(PSI-AXIS) --> [T M**2]    -9.87131406E-02
    1.04633870E+00 R OF MAGAXE --> [M]       1.88340966E+00
    4.18682410E-10 Z OF MAGAXE --> [M]       7.53628338E-10
   -6.08172135E-11 Z0 --> [M]      -1.09470984E-10
    1.80000000E+00 R0 [M] USED FOR CONVERTING TO MKSA
    1.50000000E+00 B0 [T] USED FOR CONVERTING TO MKSA
    1.00000000E+00 SIGN OF B0 IN EXPERIMENT (CHEASE ASSUMES 1.0) 
    1.41904766E-01 TOTAL CURRENT --> [A]     3.04895407E+05
    1.00000000E+00 SIGN OF IP IN EXPERIMENT (CHEASE ASSUMES 1.0) 
    1.00000070E+00 b/a
    1.02999991E+00 Q_ZERO, USING SIGNS OF IP AND B0, WOULD GIVE:     1.02999991E+00
    4.23904758E+00 Q_EDGE, USING SIGNS OF IP AND B0, WOULD GIVE:     4.23904758E+00
    1.41884712E+00 POLOIDAL BETA
    9.37932526E-03 BETA_EXP=<P>*2*MU0/B0**2
    1.12080098E+00 LI
    1.13423476E-02 PRESSURE ON AXIS --> [Pa]     2.03083952E+04  --> [10**19 M**-3 KEV]:     1.26769009E+01
    9.14460736E-03 BETA
    1.19544059E-02 BETA* (SQRT(<P**2>))
    2.46179177E-02 BETA-AXIS=2p0/(T0/Rmag)^2;      with Rmag->Rgeo(LCFS):    2.24857252E-02
   -2.03113458E-02 PSI-AXIS --> [T M**2]    -9.87131406E-02
   -1.27619950E-01 2*PI*PSI-AXIS -->        -6.20232955E-01
   -2.03113458E-02 IP_SIGN*PSI-AXIS --> [T M**2]    -9.87131406E-02
   -1.27619950E-01 IP_SIGN*2*PI*PSI-AXIS -->        -6.20232955E-01
    3.60000375E+00 ASPECT RATIO ; a/R=     2.77777489E-01
    1.52308722E+00 VOLUME ->     8.88264468E+00
    2.42406864E-01 AREA   ->     7.85398240E-01
    1.09662273E+01 SURFACE   ->     3.55305764E+01
    1.74532928E+00 LENGTH ->     3.14159270E+00
    7.22243434E-01 RMIN -> RMIN [m]     1.30003818E+00
    1.27777772E+00 RMAX -> RMAX [m]     2.29999990E+00
   -2.77769507E-01 ZMIN -> ZMIN [m]    -4.99985112E-01
    2.77769507E-01 ZMAX -> ZMAX [m]     4.99985112E-01
    1.00001058E+00 RGEOM -> RGEOM [m]     1.80001904E+00
    2.77767144E-01 MINOR RADIUS -> A [m]     4.99980860E-01
