      FROM CHEASE BUT COCOS=02 ,SI UNITS20260605   3 129 129
 1.514112972E+00 2.890583745E+00 1.800000000E+00 1.042942970E+00 3.102218024E-08
 1.948639990E+00 3.102218024E-08-3.536533340E-01 0.000000000E+00 1.500000000E+00
 1.799163933E+06-3.536533340E-01 0.000000000E+00 1.948639990E+00 0.000000000E+00
 3.102218024E-08 0.000000000E+00 0.000000000E+00 0.000000000E+00 0.000000000E+00
 2.634920559E+00 2.637219488E+00 2.639439247E+00 2.641581338E+00 2.643647326E+00
 2.645638832E+00 2.647557537E+00 2.649405179E+00 2.651183565E+00 2.652894555E+00
 2.654540071E+00 2.656122099E+00 2.657642690E+00 2.659103940E+00 2.660508029E+00
 2.661857148E+00 2.663153558E+00 2.664399593E+00 2.665597613E+00 2.666749978E+00
 2.667859123E+00 2.668927490E+00 2.669957558E+00 2.670951802E+00 2.671912677E+00
 2.672842657E+00 2.673744197E+00 2.674619723E+00 2.675471635E+00 2.676302284E+00
 2.677113968E+00 2.677908903E+00 2.678689261E+00 2.679457115E+00 2.680214427E+00
 2.680963097E+00 2.681704920E+00 2.682441545E+00 2.683174468E+00 2.683905107E+00
 2.684634750E+00 2.685364526E+00 2.686095409E+00 2.686828261E+00 2.687563748E+00
 2.688302434E+00 2.689044735E+00 2.689790883E+00 2.690541033E+00 2.691295163E+00
 2.692053087E+00 2.692814539E+00 2.693579118E+00 2.694346311E+00 2.695115514E+00
 2.695885978E+00 2.696656873E+00 2.697427329E+00 2.698196367E+00 2.698962948E+00
 2.699726008E+00 2.700484379E+00 2.701236887E+00 2.701982378E+00 2.702719588E+00
 2.703447279E+00 2.704164243E+00 2.704869247E+00 2.705561038E+00 2.706238413E+00
 2.706900184E+00 2.707545189E+00 2.708172319E+00 2.708780468E+00 2.709368562E+00
 2.709935590E+00 2.710480600E+00 2.711002643E+00 2.711500864E+00 2.711974437E+00
 2.712422569E+00 2.712844529E+00 2.713239661E+00 2.713607318E+00 2.713946930E+00
 2.714257965E+00 2.714539942E+00 2.714792418E+00 2.715014999E+00 2.715207349E+00
 2.715369157E+00 2.715500164E+00 2.715600127E+00 2.715668874E+00 2.715706241E+00
 2.715712120E+00 2.715686406E+00 2.715629059E+00 2.715540044E+00 2.715419363E+00
 2.715267040E+00 2.715083120E+00 2.714867684E+00 2.714620815E+00 2.714342639E+00
 2.714033273E+00 2.713692878E+00 2.713321613E+00 2.712919655E+00 2.712487203E+00
 2.712024457E+00 2.711531646E+00 2.711008976E+00 2.710456635E+00 2.709874964E+00
 2.709264753E+00 2.708626905E+00 2.707960949E+00 2.707263336E+00 2.706527096E+00
 2.705743905E+00 2.704908392E+00 2.704023755E+00 2.703107570E+00 2.702196675E+00
 2.701349656E+00 2.700644375E+00 2.700169547E+00 2.700000000E+00
 1.819584061E+05 1.791264124E+05 1.763166300E+05 1.735290593E+05 1.707637002E+05
 1.680205527E+05 1.652996171E+05 1.626008931E+05 1.599243811E+05 1.572700805E+05
 1.546379917E+05 1.520281148E+05 1.494404498E+05 1.468749962E+05 1.443317542E+05
 1.418107241E+05 1.393119058E+05 1.368352995E+05 1.343809044E+05 1.319487210E+05
 1.295387495E+05 1.271509895E+05 1.247854414E+05 1.224421050E+05 1.201209802E+05
 1.178220671E+05 1.155453657E+05 1.132908760E+05 1.110585983E+05 1.088485318E+05
 1.066606771E+05 1.044950345E+05 1.023516036E+05 1.002303844E+05 9.813137685E+04
 9.605458090E+04 9.399999662E+04 9.196762442E+04 8.995746379E+04 8.796951485E+04
 8.600377770E+04 8.406025255E+04 8.213893887E+04 8.023983651E+04 7.836294630E+04
 7.650826790E+04 7.467580114E+04 7.286554619E+04 7.107750250E+04 6.931167066E+04
 6.756805072E+04 6.584664251E+04 6.414744599E+04 6.247046105E+04 6.081568789E+04
 5.918312697E+04 5.757277730E+04 5.598463933E+04 5.441871290E+04 5.287499829E+04
 5.135349589E+04 4.985420466E+04 4.837712568E+04 4.692225788E+04 4.548960193E+04
 4.407915775E+04 4.269092525E+04 4.132490447E+04 3.998109499E+04 3.865949792E+04
 3.736011185E+04 3.608293812E+04 3.482797579E+04 3.359522575E+04 3.238468691E+04
 3.119636048E+04 3.003024462E+04 2.888634098E+04 2.776464886E+04 2.666516938E+04
 2.558790073E+04 2.453284458E+04 2.349999928E+04 2.248936624E+04 2.150094421E+04
 2.053473480E+04 1.959073614E+04 1.866894998E+04 1.776937504E+04 1.689201252E+04
 1.603686107E+04 1.520392164E+04 1.439319389E+04 1.360467805E+04 1.283837392E+04
 1.209428134E+04 1.137240094E+04 1.067273149E+04 9.995274268E+03 9.340027983E+03
 8.706994461E+03 8.096172192E+03 7.507562085E+03 6.941163544E+03 6.396976318E+03
 5.875001103E+03 5.375236955E+03 4.897685491E+03 4.442344731E+03 4.009216222E+03
 3.598299309E+03 3.209594092E+03 2.843101014E+03 2.498818845E+03 2.176749511E+03
 1.876891408E+03 1.599245258E+03 1.343811062E+03 1.110587734E+03 8.995768141E+02
 7.107767373E+02 5.441890053E+02 3.998129112E+02 2.776477721E+02 1.776952858E+02
 9.995383556E+01 4.442463644E+01 1.110690945E+01 0.000000000E+00
 2.231134540E+00 2.156330965E+00 2.083210762E+00 2.011385095E+00 1.940905536E+00
 1.871846717E+00 1.804261713E+00 1.738234422E+00 1.673833401E+00 1.611108425E+00
 1.550146947E+00 1.491017131E+00 1.433767085E+00 1.378489926E+00 1.325222338E+00
 1.274013931E+00 1.224940475E+00 1.178073538E+00 1.133419403E+00 1.090996530E+00
 1.050907868E+00 1.013120739E+00 9.777089740E-01 9.446191704E-01 9.138924628E-01
 8.855085543E-01 8.594682673E-01 8.357317821E-01 8.142802768E-01 7.950611172E-01
 7.780047128E-01 7.630698430E-01 7.501820305E-01 7.392379480E-01 7.301479163E-01
 7.228628942E-01 7.172427945E-01 7.131370374E-01 7.104418836E-01 7.090605209E-01
 7.088704184E-01 7.096775506E-01 7.113932241E-01 7.138571868E-01 7.168980291E-01
 7.204458258E-01 7.242989379E-01 7.283288148E-01 7.324603402E-01 7.364667329E-01
 7.402533958E-01 7.437337390E-01 7.467567368E-01 7.492368741E-01 7.510802852E-01
 7.521139839E-01 7.523445735E-01 7.516705911E-01 7.499887281E-01 7.473024855E-01
 7.435090658E-01 7.385586990E-01 7.324727862E-01 7.252110024E-01 7.166884684E-01
 7.069760959E-01 6.960721733E-01 6.839232731E-01 6.705689036E-01 6.560262185E-01
 6.403307879E-01 6.234946167E-01 6.055889940E-01 5.865670215E-01 5.665310924E-01
 5.455092443E-01 5.235554832E-01 5.006757807E-01 4.769947699E-01 4.524765922E-01
 4.272109319E-01 4.012450562E-01 3.746428865E-01 3.474079922E-01 3.196464783E-01
 2.913544241E-01 2.626226734E-01 2.334449198E-01 2.039268857E-01 1.740629905E-01
 1.439332487E-01 1.135342315E-01 8.293808680E-02 5.217143243E-02 2.127075256E-02
-9.734836001E-03-4.081733234E-02-7.192186301E-02-1.030566966E-01-1.341558490E-01
-1.652362480E-01-1.962323654E-01-2.271510306E-01-2.579537115E-01-2.886276067E-01
-3.191622889E-01-3.495137174E-01-3.797059770E-01-4.096856954E-01-4.394656722E-01
-4.690148746E-01-4.983278927E-01-5.274411430E-01-5.563240710E-01-5.846709681E-01
-6.120118002E-01-6.388077447E-01-6.673351433E-01-7.011240715E-01-7.429183872E-01
-7.922294881E-01-8.435365980E-01-8.855309804E-01-9.015056438E-01-8.709439738E-01
-7.727858887E-01-5.913160564E-01-3.244976646E-01 5.245075626E-16
-1.029021324E+06-1.020982054E+06-1.012942723E+06-1.004903508E+06-9.968644506E+05
-9.888252042E+05-9.807859894E+05-9.727465631E+05-9.647075229E+05-9.566683108E+05
-9.486290544E+05-9.405895650E+05-9.325505476E+05-9.245113182E+05-9.164721162E+05
-9.084328224E+05-9.003934285E+05-8.923543024E+05-8.843151932E+05-8.762760353E+05
-8.682367224E+05-8.601975662E+05-8.521581868E+05-8.441189854E+05-8.360796584E+05
-8.280405114E+05-8.200013520E+05-8.119621334E+05-8.039231440E+05-7.958838632E+05
-7.878444321E+05-7.798050668E+05-7.717659360E+05-7.637269246E+05-7.556875226E+05
-7.476482520E+05-7.396090206E+05-7.315699557E+05-7.235306599E+05-7.154911533E+05
-7.074521731E+05-6.994129302E+05-6.913735291E+05-6.833345879E+05-6.752953078E+05
-6.672557478E+05-6.592167514E+05-6.511777019E+05-6.431381535E+05-6.350992949E+05
-6.270597781E+05-6.190204782E+05-6.109816676E+05-6.029420166E+05-5.949029010E+05
-5.868636833E+05-5.788243292E+05-5.707855359E+05-5.627458623E+05-5.547068336E+05
-5.466674689E+05-5.386283066E+05-5.305891341E+05-5.225498101E+05-5.145108487E+05
-5.064712094E+05-4.984323732E+05-4.903929006E+05-4.823538608E+05-4.743144506E+05
-4.662753756E+05-4.582360543E+05-4.501967212E+05-4.421576155E+05-4.341181922E+05
-4.260792047E+05-4.180399869E+05-4.100008704E+05-4.019612434E+05-3.939222382E+05
-3.858829000E+05-3.778437551E+05-3.698045416E+05-3.617654047E+05-3.537260686E+05
-3.456868506E+05-3.376477478E+05-3.296083139E+05-3.215692233E+05-3.135297434E+05
-3.054908927E+05-2.974512938E+05-2.894123478E+05-2.813727723E+05-2.733339260E+05
-2.652942992E+05-2.572554295E+05-2.492160275E+05-2.411769650E+05-2.331377099E+05
-2.250981661E+05-2.170592585E+05-2.090195986E+05-2.009808816E+05-1.929413297E+05
-1.849024477E+05-1.768629798E+05-1.688237259E+05-1.607848152E+05-1.527451816E+05
-1.447063491E+05-1.366667087E+05-1.286277913E+05-1.205884628E+05-1.125489114E+05
-1.045100814E+05-9.647038871E+04-8.843159321E+04-8.039224144E+04-7.235298889E+04
-6.431405291E+04-5.627433151E+04-4.823567159E+04-4.019617279E+04-3.215688063E+04
-2.411788351E+04-1.607826277E+04-8.039605070E+03 0.000000000E+00
 3.927176733E-02 3.662059130E-02 3.407380677E-02 3.165002088E-02 2.934837464E-02
 2.717109393E-02 2.512068666E-02 2.319896935E-02 2.140696556E-02 1.974549394E-02
 1.821466664E-02 1.681404181E-02 1.554305563E-02 1.439969777E-02 1.338199951E-02
 1.248729901E-02 1.171280929E-02 1.105614634E-02 1.051432941E-02 1.008538795E-02
 9.767090131E-03 9.558118226E-03 9.457412569E-03 9.464673509E-03 9.579939005E-03
 9.803716839E-03 1.013691442E-02 1.058039270E-02 1.113522292E-02 1.180259561E-02
 1.258364809E-02 1.347927580E-02 1.449022251E-02 1.561730549E-02 1.686116741E-02
 1.822226540E-02 1.970119879E-02 2.129869473E-02 2.301499205E-02 2.485054145E-02
 2.680632271E-02 2.888288482E-02 3.108019525E-02 3.339885804E-02 3.583959073E-02
 3.840277320E-02 4.108864408E-02 4.389807107E-02 4.683215722E-02 4.989130311E-02
 5.307573371E-02 5.638593726E-02 5.982245990E-02 6.338585631E-02 6.707673527E-02
 7.089568560E-02 7.484309365E-02 7.891906210E-02 8.312364311E-02 8.745717217E-02
 9.192016537E-02 9.651307067E-02 1.012362543E-01 1.060901010E-01 1.110747688E-01
 1.161898897E-01 1.214348215E-01 1.268089110E-01 1.323119353E-01 1.379440809E-01
 1.437055458E-01 1.495962104E-01 1.556151470E-01 1.617609084E-01 1.680318528E-01
 1.744262388E-01 1.809427262E-01 1.875807959E-01 1.943401482E-01 2.012204701E-01
 2.082214318E-01 2.153423114E-01 2.225813387E-01 2.299361870E-01 2.374043524E-01
 2.449832000E-01 2.526699544E-01 2.604619762E-01 2.683574759E-01 2.763551646E-01
 2.844537754E-01 2.926519347E-01 3.009481765E-01 3.093410355E-01 3.178289799E-01
 3.264100999E-01 3.350821201E-01 3.438426508E-01 3.526892373E-01 3.616193772E-01
 3.706305379E-01 3.797201598E-01 3.888856575E-01 3.981245737E-01 4.074349065E-01
 4.168148635E-01 4.262626752E-01 4.357765907E-01 4.453548789E-01 4.549958307E-01
 4.646977705E-01 4.744590394E-01 4.842779742E-01 4.941529159E-01 5.040822512E-01
 5.140643882E-01 5.240977143E-01 5.341805922E-01 5.443114053E-01 5.544885866E-01
 5.647106458E-01 5.749761968E-01 5.852839161E-01 5.956325168E-01 6.060207181E-01
 6.164471470E-01 6.269106363E-01 6.374111412E-01 6.479429451E-01 3.864509936E-02
 3.590640376E-02 3.327033566E-02 3.075513305E-02 2.836013637E-02 2.608769008E-02
 2.394032064E-02 2.192009171E-02 2.002850800E-02 1.826630079E-02 1.663378587E-02
 1.513060039E-02 1.375577547E-02 1.250796801E-02 1.138472329E-02 1.038337523E-02
 9.500746690E-03 8.733611962E-03 8.078999304E-03 7.533792120E-03 7.095706123E-03
 6.762778323E-03 6.533827467E-03 6.408164154E-03 6.385919895E-03 6.467669833E-03
 6.654589351E-03 6.948187445E-03 7.350066794E-03 7.862004133E-03 8.485809324E-03
 9.223148225E-03 1.007540711E-02 1.104384146E-02 1.212960381E-02 1.333358719E-02
 1.465651762E-02 1.609919721E-02 1.766227536E-02 1.934612604E-02 2.115146801E-02
 2.307923384E-02 2.512969288E-02 2.730313158E-02 2.960028053E-02 3.202172173E-02
 3.456775035E-02 3.723888961E-02 4.003623277E-02 4.296052644E-02 4.601203744E-02
 4.919117640E-02 5.249850966E-02 5.593460344E-02 5.950007179E-02 6.319554923E-02
 6.702153684E-02 7.097825661E-02 7.506579159E-02 7.928440337E-02 8.363460813E-02
 8.811690089E-02 9.273167506E-02 9.747934367E-02 1.023601693E-01 1.073739205E-01
 1.125200200E-01 1.177978258E-01 1.232070395E-01 1.287478240E-01 1.344203983E-01
 1.402246985E-01 1.461598939E-01 1.522245780E-01 1.584171319E-01 1.647358239E-01
 1.711792898E-01 1.777469821E-01 1.844385836E-01 1.912537660E-01 1.981921762E-01
 2.052530291E-01 2.124344873E-01 2.197341823E-01 2.271495690E-01 2.346779613E-01
 2.423165381E-01 2.500627067E-01 2.579147579E-01 2.658713826E-01 2.739312541E-01
 2.820929258E-01 2.903548780E-01 2.987155915E-01 3.071734191E-01 3.157262667E-01
 3.243717566E-01 3.331074153E-01 3.419307059E-01 3.508390473E-01 3.598298285E-01
 3.689004059E-01 3.780481420E-01 3.872706751E-01 3.965660604E-01 4.059324531E-01
 4.153680235E-01 4.248709634E-01 4.344394845E-01 4.440718278E-01 4.537662639E-01
 4.635210670E-01 4.733345072E-01 4.832048833E-01 4.931305356E-01 5.031097971E-01
 5.131409719E-01 5.232223658E-01 5.333523270E-01 5.435292739E-01 5.537517263E-01
 5.640182878E-01 5.743276043E-01 5.846783432E-01 5.950691335E-01 6.054985749E-01
 6.159655479E-01 6.264700166E-01 6.370061854E-01 3.805834567E-02 3.523337194E-02
 3.250955688E-02 2.990477166E-02 2.741833104E-02 2.505272049E-02 2.281062067E-02
 2.069420386E-02 1.870524187E-02 1.684489357E-02 1.511352439E-02 1.351094244E-02
 1.203622249E-02 1.068782374E-02 9.463629741E-03 8.360595225E-03 7.375338656E-03
 6.504009192E-03 5.742934862E-03 5.088748777E-03 4.538322781E-03 4.089612394E-03
 3.740754189E-03 3.490358076E-03 3.337889229E-03 3.283805584E-03 3.329255777E-03
 3.476106676E-03 3.726603488E-03 4.083211749E-03 4.548536604E-03 5.125143834E-03
 5.815375254E-03 6.621267622E-03 7.544681332E-03 8.587214514E-03 9.749961772E-03
 1.103359653E-02 1.243903443E-02 1.396693271E-02 1.561787903E-02 1.739273805E-02
 1.929216370E-02 2.131634749E-02 2.346586611E-02 2.574145292E-02 2.814357725E-02
 3.067259191E-02 3.332936225E-02 3.611489485E-02 3.902963349E-02 4.207392645E-02
 4.524833238E-02 4.855344133E-02 5.198987083E-02 5.555828363E-02 5.925927315E-02
 6.309319256E-02 6.706018889E-02 7.116047324E-02 7.539454141E-02 7.976292885E-02
 8.426606792E-02 8.890439100E-02 9.367824854E-02 9.858755614E-02 1.036318156E-01
 1.088104116E-01 1.141229806E-01 1.195696545E-01 1.251506691E-01 1.308660123E-01
 1.367149535E-01 1.426961336E-01 1.488079613E-01 1.550487191E-01 1.614170217E-01
 1.679122928E-01 1.745341961E-01 1.812823877E-01 1.881564888E-01 1.951556483E-01
 2.022779642E-01 2.095210271E-01 2.168822506E-01 2.243588960E-01 2.319481016E-01
 2.396473410E-01 2.474549669E-01 2.553696394E-01 2.633899665E-01 2.715144269E-01
 2.797414481E-01 2.880694469E-01 2.964966295E-01 3.050207322E-01 3.136392805E-01
 3.223497140E-01 3.311494113E-01 3.400357104E-01 3.490059178E-01 3.580573057E-01
 3.671872214E-01 3.763934248E-01 3.856739682E-01 3.950269439E-01 4.044504611E-01
 4.139426502E-01 4.235016657E-01 4.331256965E-01 4.428129493E-01 4.525616258E-01
 4.623699368E-01 4.722361403E-01 4.821585098E-01 4.921352925E-01 5.021647175E-01
 5.122450447E-01 5.223745972E-01 5.325517929E-01 5.427751536E-01 5.530432554E-01
 5.633547041E-01 5.737080878E-01 5.841019703E-01 5.945349870E-01 6.050060286E-01
 6.155150555E-01 6.260561997E-01 3.751553027E-02 3.460543471E-02 3.179516639E-02
 2.910240990E-02 2.652641107E-02 2.406962307E-02 2.173487596E-02 1.952454946E-02
 1.744057538E-02 1.548442556E-02 1.365690449E-02 1.195796242E-02 1.038687143E-02
 8.942116873E-03 7.621476661E-03 6.422024969E-03 5.339935249E-03 4.371241466E-03
 3.512084571E-03 2.759333211E-03 2.108364655E-03 1.552904439E-03 1.089601712E-03
 7.178720358E-04 4.380439753E-04 2.511246945E-04 1.587993259E-04 1.633314832E-04
 2.674122565E-04 4.739563130E-04 7.859500503E-04 1.206306056E-03 1.737712602E-03
 2.382497785E-03 3.142563973E-03 4.019486196E-03 5.015270177E-03 6.132812541E-03
 7.373780260E-03 8.739324084E-03 1.023025322E-02 1.184699094E-02 1.359007043E-02
 1.545995547E-02 1.745706275E-02 1.958203354E-02 2.183544206E-02 2.421767399E-02
 2.672932889E-02 2.937146364E-02 3.214479939E-02 3.504970617E-02 3.808670185E-02
 4.125640541E-02 4.455944106E-02 4.799648541E-02 5.156820077E-02 5.527506798E-02
 5.911732938E-02 6.309518963E-02 6.720910186E-02 7.145963219E-02 7.584726155E-02
 8.037243727E-02 8.503558026E-02 8.983675604E-02 9.477556365E-02 9.985143178E-02
 1.050639497E-01 1.104132086E-01 1.158994563E-01 1.215227290E-01 1.272823977E-01
 1.331771588E-01 1.392054549E-01 1.453655879E-01 1.516561559E-01 1.580765528E-01
 1.646264223E-01 1.713054030E-01 1.781130882E-01 1.850485580E-01 1.921098492E-01
 1.992945128E-01 2.065999204E-01 2.140232799E-01 2.215616972E-01 2.292127302E-01
 2.369747721E-01 2.448464405E-01 2.528262711E-01 2.609126677E-01 2.691040041E-01
 2.773986168E-01 2.857945326E-01 2.942893415E-01 3.028804736E-01 3.115652785E-01
 3.203410477E-01 3.292050342E-01 3.381544555E-01 3.471865105E-01 3.562985942E-01
 3.654885587E-01 3.747544078E-01 3.840941653E-01 3.935058757E-01 4.029876054E-01
 4.125374517E-01 4.221535434E-01 4.318340124E-01 4.415769872E-01 4.513806306E-01
 4.612431445E-01 4.711627166E-01 4.811375041E-01 4.911656776E-01 5.012454620E-01
 5.113751693E-01 5.215532256E-01 5.317781306E-01 5.420484216E-01 5.523626338E-01
 5.627192655E-01 5.731168984E-01 5.835541902E-01 5.940300141E-01 6.045443312E-01
 6.150911989E-01 3.701286211E-02 3.401863672E-02 3.112287273E-02 2.834315593E-02
 2.567887158E-02 2.313241697E-02 2.070662546E-02 1.840404196E-02 1.622686821E-02
 1.417680348E-02 1.225499672E-02 1.046186409E-02 8.796909108E-03 7.258833258E-03
 5.845433516E-03 4.553628453E-03 3.380237040E-03 2.322323688E-03 1.373411429E-03
 5.236201293E-04-2.337178739E-04-9.118772124E-04-1.513717783E-03-2.032719781E-03
-2.462490955E-03-2.798144787E-03-3.035682470E-03-3.171847620E-03-3.204001131E-03
-3.130061512E-03-2.948433816E-03-2.657988322E-03-2.258057725E-03-1.748476745E-03
-1.129800649E-03-4.029738891E-04 4.347558014E-04 1.391976921E-03 2.471363710E-03
 3.673321129E-03 4.998496825E-03 6.449401665E-03 8.028742951E-03 9.737708796E-03
 1.157674790E-02 1.354587569E-02 1.564545513E-02 1.787601952E-02 2.023801001E-02
 2.273219261E-02 2.535947121E-02 2.812036902E-02 3.101539329E-02 3.404518186E-02
 3.721037791E-02 4.051166961E-02 4.394976813E-02 4.752526379E-02 5.123851397E-02
 5.508976320E-02 5.907941681E-02 6.320805933E-02 6.747622275E-02 7.188437295E-02
 7.643298620E-02 8.112227011E-02 8.595194027E-02 9.092148559E-02 9.603047103E-02
 1.012789391E-01 1.066671444E-01 1.121951683E-01 1.178624827E-01 1.236678484E-01
 1.296097488E-01 1.356865107E-01 1.418967202E-01 1.482397414E-01 1.547151962E-01
 1.613227045E-01 1.680618290E-01 1.749315788E-01 1.819299329E-01 1.890544041E-01
 1.963023219E-01 2.036708409E-01 2.111570453E-01 2.187585871E-01 2.264738807E-01
 2.343014905E-01 2.422398723E-01 2.502873566E-01 2.584422590E-01 2.667028131E-01
 2.750668486E-01 2.835318284E-01 2.920950861E-01 3.007538779E-01 3.095054057E-01
 3.183468332E-01 3.272752832E-01 3.362879085E-01 3.453822109E-01 3.545560608E-01
 3.638073942E-01 3.731341644E-01 3.825343468E-01 3.920059428E-01 4.015469902E-01
 4.111555449E-01 4.208296575E-01 4.305673919E-01 4.403668623E-01 4.502261900E-01
 4.601434648E-01 4.701167676E-01 4.801442225E-01 4.902240326E-01 5.003545156E-01
 5.105340852E-01 5.207612033E-01 5.310343454E-01 5.413519463E-01 5.517124893E-01
 5.621145892E-01 5.725568886E-01 5.830382430E-01 5.935586178E-01 6.041119902E-01
 3.654823837E-02 3.347070437E-02 3.049031086E-02 2.762445098E-02 2.487269328E-02
 2.223757108E-02 1.972193202E-02 1.732837395E-02 1.505928956E-02 1.291670803E-02
 1.090207996E-02 9.016216159E-03 7.259117681E-03 5.629746477E-03 4.126112619E-03
 2.746403872E-03 1.488051548E-03 3.398735052E-04-7.168122029E-04-1.708882289E-03
-2.635096519E-03-3.487222707E-03-4.257505360E-03-4.938379267E-03-5.523714714E-03
-6.008835875E-03-6.390192635E-03-6.665097012E-03-6.831518899E-03-6.887916948E-03
-6.833138943E-03-6.666334977E-03-6.386921929E-03-5.994577498E-03-5.489307615E-03
-4.871431164E-03-4.140852980E-03-3.296734436E-03-2.339980891E-03-1.273098846E-03
-9.737174804E-05 1.195830817E-03 2.615459605E-03 4.162513165E-03 5.837114139E-03
 7.642480170E-03 9.581034416E-03 1.165371525E-02 1.386067026E-02 1.620187770E-02
 1.867818919E-02 2.129032421E-02 2.403869602E-02 2.692389372E-02 2.994660590E-02
 3.310756020E-02 3.640750338E-02 3.984711577E-02 4.342688049E-02 4.714711932E-02
 5.100820957E-02 5.501073851E-02 5.915528548E-02 6.344234488E-02 6.787243429E-02
 7.244588739E-02 7.716255631E-02 8.202200579E-02 8.702380221E-02 9.216793474E-02
 9.745465924E-02 1.028841001E-01 1.084558271E-01 1.141686744E-01 1.200211740E-01
 1.260116840E-01 1.321387837E-01 1.384018074E-01 1.448003534E-01 1.513340215E-01
 1.580023412E-01 1.648042488E-01 1.717376694E-01 1.788000790E-01 1.859887645E-01
 1.933008290E-01 2.007333480E-01 2.082840704E-01 2.159514132E-01 2.237338775E-01
 2.316298319E-01 2.396375366E-01 2.477552397E-01 2.559810423E-01 2.643125778E-01
 2.727471934E-01 2.812821233E-01 2.899145275E-01 2.986415148E-01 3.074601535E-01
 3.163674760E-01 3.253606394E-01 3.344372534E-01 3.435951477E-01 3.528321814E-01
 3.621462342E-01 3.715352094E-01 3.809970426E-01 3.905297033E-01 4.001311628E-01
 4.097993910E-01 4.195323981E-01 4.293282282E-01 4.391849035E-01 4.491004182E-01
 4.590727937E-01 4.691001205E-01 4.791805977E-01 4.893125411E-01 4.994943295E-01
 5.097243695E-01 5.200010365E-01 5.303227119E-01 5.406879148E-01 5.510952536E-01
 5.615433466E-01 5.720310376E-01 5.825582931E-01 5.931190066E-01 3.612035055E-02
 3.295991389E-02 2.989551976E-02 2.694426433E-02 2.410571447E-02 2.138255681E-02
 1.877780406E-02 1.629415482E-02 1.393410695E-02 1.169992231E-02 9.593442761E-03
 7.615866011E-03 5.767595802E-03 4.048101002E-03 2.457032811E-03 9.931165612E-04
-3.621727649E-04-1.649246609E-03-2.883375640E-03-4.057776260E-03-5.159849666E-03
-6.178315317E-03-7.104966981E-03-7.934066015E-03-8.661466784E-03-9.284149579E-03
-9.799907249E-03-1.020709453E-02-1.050444340E-02-1.069090745E-02-1.076556269E-02
-1.072755402E-02-1.057605879E-02-1.031027499E-02-9.929421132E-03-9.432786531E-03
-8.819969057E-03-8.091052172E-03-7.246183440E-03-6.285969444E-03-5.211238516E-03
-4.021486141E-03-2.717096783E-03-1.301631330E-03 2.239716171E-04 1.872831747E-03
 3.652537171E-03 5.563458367E-03 7.607416428E-03 9.788124721E-03 1.210713874E-02
 1.456497602E-02 1.716146626E-02 1.989708009E-02 2.277251652E-02 2.578839620E-02
 2.894545208E-02 3.224446071E-02 3.568604657E-02 3.927063543E-02 4.299862145E-02
 4.687058302E-02 5.088714029E-02 5.504882699E-02 5.935618959E-02 6.380966840E-02
 6.840926798E-02 7.315464521E-02 7.804539320E-02 8.308145036E-02 8.826306863E-02
 9.359041188E-02 9.906314348E-02 1.046801808E-01 1.104401121E-01 1.163413342E-01
 1.223824258E-01 1.285626914E-01 1.348817042E-01 1.413390418E-01 1.479341977E-01
 1.546660349E-01 1.615324284E-01 1.685308190E-01 1.756584509E-01 1.829123780E-01
 1.902896832E-01 1.977882070E-01 2.054063521E-01 2.131425456E-01 2.209950642E-01
 2.289620989E-01 2.370418179E-01 2.452321543E-01 2.535305627E-01 2.619342781E-01
 2.704404323E-01 2.790460856E-01 2.877482496E-01 2.965438895E-01 3.054299647E-01
 3.144037039E-01 3.234627619E-01 3.326048978E-01 3.418278899E-01 3.511295395E-01
 3.605076757E-01 3.699601662E-01 3.794848970E-01 3.890797489E-01 3.987426208E-01
 4.084714631E-01 4.182642241E-01 4.281188172E-01 4.380331589E-01 4.480052240E-01
 4.580330864E-01 4.681149492E-01 4.782490993E-01 4.884338644E-01 4.986675579E-01
 5.089484673E-01 5.192750001E-01 5.296456791E-01 5.400590863E-01 5.505138235E-01
 5.610087197E-01 5.715437398E-01 5.821126884E-01 3.572807300E-02 3.248500191E-02
 2.933688208E-02 2.630069114E-02 2.337594450E-02 2.056528590E-02 1.787187074E-02
 1.529859624E-02 1.284814229E-02 1.052293619E-02 8.325117923E-03 6.256289392E-03
 4.317278516E-03 2.509338051E-03 8.324839454E-04-7.373272521E-04-2.251622009E-03
-3.722727148E-03-5.136644460E-03-6.476760847E-03-7.731537527E-03-8.893044105E-03
-9.955732500E-03-1.091586306E-02-1.177095467E-02-1.251939141E-02-1.316008639E-02
-1.369224742E-02-1.411521495E-02-1.442837837E-02-1.463109569E-02-1.472265811E-02
-1.470227152E-02-1.456905458E-02-1.432204019E-02-1.396018712E-02-1.348241692E-02
-1.288764977E-02-1.217479609E-02-1.134281166E-02-1.039090883E-02-9.319080791E-03
-8.127870366E-03-6.818303389E-03-5.391496703E-03-3.846897302E-03-2.186881074E-03
-4.152388882E-04 1.475147284E-03 3.498874558E-03 5.658044060E-03 7.953898700E-03
 1.039076993E-02 1.297034404E-02 1.569293776E-02 1.855849042E-02 2.156765819E-02
 2.472121098E-02 2.801977031E-02 3.146385497E-02 3.505395754E-02 3.879066011E-02
 4.267461836E-02 4.670641743E-02 5.088662741E-02 5.521577560E-02 5.969402431E-02
 6.432114030E-02 6.909676765E-02 7.402080454E-02 7.909349396E-02 8.431503562E-02
 8.968518056E-02 9.520293873E-02 1.008669639E-01 1.066756993E-01 1.126277300E-01
 1.187223314E-01 1.249590498E-01 1.313374384E-01 1.378569517E-01 1.445163799E-01
 1.513135515E-01 1.582458745E-01 1.653105500E-01 1.725045864E-01 1.798250921E-01
 1.872699867E-01 1.948376420E-01 2.025264013E-01 2.103344462E-01 2.182598977E-01
 2.263008258E-01 2.344549655E-01 2.427196150E-01 2.510918967E-01 2.595688357E-01
 2.681473897E-01 2.768244670E-01 2.855969275E-01 2.944616952E-01 3.034161032E-01
 3.124577791E-01 3.215843972E-01 3.307936515E-01 3.400832611E-01 3.494509799E-01
 3.588945971E-01 3.684119031E-01 3.780006890E-01 3.876587924E-01 3.973840773E-01
 4.071743779E-01 4.170275077E-01 4.269413222E-01 4.369137660E-01 4.469429138E-01
 4.570269500E-01 4.671641133E-01 4.773526471E-01 4.875907540E-01 4.978767221E-01
 5.082089734E-01 5.185860047E-01 5.290063779E-01 5.394686761E-01 5.499717108E-01
 5.605154395E-01 5.710935629E-01 3.536986522E-02 3.204475888E-02 2.881322250E-02
 2.569226539E-02 2.268161766E-02 1.978388423E-02 1.700218592E-02 1.433955181E-02
 1.179889437E-02 9.382896743E-03 7.093897358E-03 4.933793325E-03 2.905026754E-03
 1.009779722E-03-7.741342481E-04-2.506163239E-03-4.202153619E-03-5.843250051E-03
-7.410658761E-03-8.892014259E-03-1.027905990E-02-1.156637172E-02-1.275059765E-02
-1.382979818E-02-1.480292247E-02-1.566940890E-02-1.642895017E-02-1.708130395E-02
-1.762618752E-02-1.806320642E-02-1.839185331E-02-1.861148590E-02-1.872133427E-02
-1.872050141E-02-1.860798025E-02-1.838266138E-02-1.804333466E-02-1.758869076E-02
-1.701735160E-02-1.632788067E-02-1.551880694E-02-1.458869921E-02-1.353617608E-02
-1.235994034E-02-1.105916083E-02-9.634214752E-03-8.086175477E-03-6.416614785E-03
-4.626164567E-03-2.716148928E-03-6.913503705E-04 1.453021773E-03 3.733949967E-03
 6.154636836E-03 8.716538284E-03 1.142411357E-02 1.427910608E-02 1.728165028E-02
 2.043189478E-02 2.373041658E-02 2.717769081E-02 3.077423855E-02 3.452075275E-02
 3.841790532E-02 4.246629585E-02 4.666652532E-02 5.101891206E-02 5.552335053E-02
 6.017955804E-02 6.498741011E-02 6.994713671E-02 7.505896936E-02 8.032273994E-02
 8.573756000E-02 9.130215830E-02 9.701503369E-02 1.028747856E-01 1.088806609E-01
 1.150321774E-01 1.213288615E-01 1.277701258E-01 1.343546885E-01 1.410803365E-01
 1.479444466E-01 1.549441769E-01 1.620764955E-01 1.693385557E-01 1.767283366E-01
 1.842441635E-01 1.918842858E-01 1.996467898E-01 2.075297207E-01 2.155310256E-01
 2.236482278E-01 2.318784851E-01 2.402188048E-01 2.486661017E-01 2.572172264E-01
 2.658689759E-01 2.746181148E-01 2.834615917E-01 2.923968081E-01 3.014213202E-01
 3.105327095E-01 3.197285810E-01 3.290065688E-01 3.383643484E-01 3.477996140E-01
 3.573100537E-01 3.668933807E-01 3.765473580E-01 3.862697366E-01 3.960582314E-01
 4.059105766E-01 4.158245826E-01 4.257981836E-01 4.358294469E-01 4.459165122E-01
 4.560575424E-01 4.662506603E-01 4.764940310E-01 4.867859653E-01 4.971248623E-01
 5.075091935E-01 5.179375010E-01 5.284083463E-01 5.389205190E-01 5.494739503E-01
 5.600622246E-01 3.504387510E-02 3.163755080E-02 2.832325588E-02 2.511785074E-02
 2.202140721E-02 1.903674498E-02 1.616701083E-02 1.341523181E-02 1.078444639E-02
 8.277587029E-03 5.897211577E-03 3.646101604E-03 1.528618519E-03-4.677893219E-04
-2.405401392E-03-4.312779385E-03-6.170349586E-03-7.956109734E-03-9.656128309E-03
-1.126146822E-02-1.276656482E-02-1.416833417E-02-1.546529979E-02-1.665694810E-02
-1.774325602E-02-1.872437131E-02-1.960040161E-02-2.037134326E-02-2.103701956E-02
-2.159707412E-02-2.205095837E-02-2.239797403E-02-2.263727910E-02-2.276791777E-02
-2.278882369E-02-2.269884111E-02-2.249673187E-02-2.218118446E-02-2.175081289E-02
-2.120416090E-02-2.053969949E-02-1.975580558E-02-1.885078050E-02-1.782287858E-02
-1.667033736E-02-1.539147702E-02-1.398468695E-02-1.244866719E-02-1.078323833E-02
-8.989638988E-03-7.069722930E-03-5.024769542E-03-2.856414554E-03-5.699102704E-04
 1.840937283E-03 4.393153453E-03 7.089642259E-03 9.933178056E-03 1.292774549E-02
 1.607462983E-02 1.937350991E-02 2.282463867E-02 2.642868892E-02 3.018625226E-02
 3.409792658E-02 3.816440973E-02 4.238617876E-02 4.676327662E-02 5.129551962E-02
 5.598278567E-02 6.082528788E-02 6.582328495E-02 7.097668283E-02 7.628470194E-02
 8.174615638E-02 8.735961092E-02 9.312368831E-02 9.903760865E-02 1.051008590E-01
 1.113129363E-01 1.176732083E-01 1.241803232E-01 1.308320315E-01 1.376256809E-01
 1.445583871E-01 1.516270840E-01 1.588289882E-01 1.661621140E-01 1.736247251E-01
 1.812149672E-01 1.889308332E-01 1.967702820E-01 2.047311066E-01 2.128106225E-01
 2.210058550E-01 2.293136930E-01 2.377309371E-01 2.462543253E-01 2.548805367E-01
 2.636062653E-01 2.724285403E-01 2.813447541E-01 2.903523703E-01 2.994488733E-01
 3.086317740E-01 3.178986202E-01 3.272469967E-01 3.366744889E-01 3.461786859E-01
 3.557572282E-01 3.654077734E-01 3.751279424E-01 3.849153471E-01 3.947676593E-01
 4.046826644E-01 4.146582949E-01 4.246925802E-01 4.347835907E-01 4.449293700E-01
 4.551279611E-01 4.653775506E-01 4.756764332E-01 4.860229772E-01 4.964156321E-01
 5.068529168E-01 5.173333672E-01 5.278557335E-01 5.384199020E-01 5.490193398E-01
 3.474913766E-02 3.126176571E-02 2.786527893E-02 2.457607980E-02 2.139417713E-02
 1.832265419E-02 1.536489799E-02 1.252404401E-02 9.803164838E-03 7.205255055E-03
 4.733337561E-03 2.392158981E-03 1.791602886E-04-1.952788297E-03-4.057481122E-03
-6.121274268E-03-8.117643377E-03-1.002996036E-02-1.184802343E-02-1.356580531E-02
-1.518028959E-02-1.669038708E-02-1.809609211E-02-1.939786001E-02-2.059625640E-02
-2.169174188E-02-2.268456271E-02-2.357469310E-02-2.436187316E-02-2.504562001E-02
-2.562527290E-02-2.610000031E-02-2.646885074E-02-2.673076280E-02-2.688459550E-02
-2.692912839E-02-2.686307665E-02-2.668509624E-02-2.639378873E-02-2.598770000E-02
-2.546532537E-02-2.482510606E-02-2.406542184E-02-2.318458517E-02-2.218083018E-02
-2.105227773E-02-1.979697084E-02-1.841290621E-02-1.689810508E-02-1.525069010E-02
-1.346903711E-02-1.155267230E-02-9.502969050E-03-7.322047897E-03-5.011435456E-03
-2.574213484E-03-1.561001285E-05 2.676672696E-03 5.516158093E-03 8.504960968E-03
 1.164735525E-02 1.494618253E-02 1.840195554E-02 2.201449051E-02 2.578431017E-02
 2.971204735E-02 3.379822722E-02 3.804307213E-02 4.244654760E-02 4.700856870E-02
 5.172933664E-02 5.660913449E-02 6.164793479E-02 6.684507104E-02 7.219945358E-02
 7.770972486E-02 8.337454125E-02 8.919309811E-02 9.516484967E-02 1.012892603E-01
 1.075656502E-01 1.139926011E-01 1.205678317E-01 1.272886638E-01 1.341521718E-01
 1.411552646E-01 1.482952324E-01 1.555701011E-01 1.629780581E-01 1.705171364E-01
 1.781852368E-01 1.859802175E-01 1.938996821E-01 2.019407573E-01 2.101003360E-01
 2.183751851E-01 2.267619863E-01 2.352573573E-01 2.438578619E-01 2.525601706E-01
 2.613613896E-01 2.702588419E-01 2.792498864E-01 2.883319051E-01 2.975023114E-01
 3.067585622E-01 3.160981332E-01 3.255184945E-01 3.350171481E-01 3.445916415E-01
 3.542394997E-01 3.639582152E-01 3.737453181E-01 3.835984385E-01 3.935153555E-01
 4.034939746E-01 4.135322610E-01 4.236281733E-01 4.337796385E-01 4.439847062E-01
 4.542415553E-01 4.645484455E-01 4.749037201E-01 4.853058028E-01 4.957531853E-01
 5.062443618E-01 5.167780216E-01 5.273540035E-01 5.379656785E-01 3.448508110E-02
 3.091661755E-02 2.743794326E-02 2.406529485E-02 2.079849144E-02 1.764044387E-02
 1.459471248E-02 1.166469142E-02 8.853591906E-03 6.164471681E-03 3.601400888E-03
 1.168565345E-03-1.157184262E-03-3.446202557E-03-5.704801286E-03-7.904261671E-03
-1.002333772E-02-1.204966864E-02-1.397625881E-02-1.579986269E-02-1.751961646E-02
-1.913592822E-02-2.064972639E-02-2.206200109E-02-2.337352043E-02-2.458474418E-02
-2.569580175E-02-2.670651939E-02-2.761644275E-02-2.842491852E-02-2.913112324E-02
-2.973411725E-02-3.023284509E-02-3.062616941E-02-3.091287581E-02-3.109168926E-02
-3.116127397E-02-3.112023886E-02-3.096714130E-02-3.070049053E-02-3.031874799E-02
-2.982033713E-02-2.920364065E-02-2.846699805E-02-2.760870663E-02-2.662701445E-02
-2.552011237E-02-2.428611700E-02-2.292302791E-02-2.142871885E-02-1.980099058E-02
-1.803763128E-02-1.613650987E-02-1.409578342E-02-1.191499607E-02-9.595827414E-03
-7.140699947E-03-4.551094829E-03-1.832274779E-03 1.013126948E-03 4.003827865E-03
 7.147768445E-03 1.044726738E-02 1.390706756E-02 1.752881719E-02 2.131219509E-02
 2.525747607E-02 2.936497021E-02 3.363466388E-02 3.806652315E-02 4.266078541E-02
 4.741776298E-02 5.233749331E-02 5.741942773E-02 6.266258295E-02 6.806569161E-02
 7.362745514E-02 7.934704692E-02 8.522388611E-02 9.125740133E-02 9.744686262E-02
 1.037907893E-01 1.102868746E-01 1.169324167E-01 1.237244524E-01 1.306598756E-01
 1.377360531E-01 1.449509995E-01 1.523028109E-01 1.597894007E-01 1.674085761E-01
 1.751580746E-01 1.830352838E-01 1.910371613E-01 1.991604651E-01 2.074018351E-01
 2.157578291E-01 2.242249353E-01 2.327996170E-01 2.414785826E-01 2.502589491E-01
 2.591379388E-01 2.681127983E-01 2.771808015E-01 2.863392620E-01 2.955855315E-01
 3.049169619E-01 3.143309126E-01 3.238247979E-01 3.333960382E-01 3.430420119E-01
 3.527601046E-01 3.625477851E-01 3.724026642E-01 3.823225060E-01 3.923051570E-01
 4.023484793E-01 4.124502918E-01 4.226084964E-01 4.328211430E-01 4.430863744E-01
 4.534024202E-01 4.637675953E-01 4.741802938E-01 4.846389654E-01 4.951420386E-01
 5.056881360E-01 5.162770714E-01 5.269021319E-01 3.425059517E-02 3.060137310E-02
 2.704056438E-02 2.358438796E-02 2.023282214E-02 1.698865082E-02 1.385524918E-02
 1.083607656E-02 7.934535207E-03 5.154108385E-03 2.500499172E-03-3.044958820E-05
-2.493074234E-03-4.932861482E-03-7.326916951E-03-9.647256032E-03-1.187790835E-02
-1.401014202E-02-1.603999892E-02-1.796657444E-02-1.979059656E-02-2.151342797E-02
-2.313645702E-02-2.466078284E-02-2.608709571E-02-2.741564399E-02-2.864631135E-02
-2.977868868E-02-3.081215020E-02-3.174588529E-02-3.257896983E-02-3.331037470E-02
-3.393900507E-02-3.446368502E-02-3.488317149E-02-3.519615496E-02-3.540126347E-02
-3.549706510E-02-3.548206960E-02-3.535473273E-02-3.511345652E-02-3.475659415E-02
-3.428245998E-02-3.368932916E-02-3.297544119E-02-3.213901129E-02-3.117822665E-02
-3.009124873E-02-2.887621058E-02-2.753119483E-02-2.605422669E-02-2.444321121E-02
-2.269589958E-02-2.080993872E-02-1.878293242E-02-1.661251905E-02-1.429677400E-02
-1.183573395E-02-9.231433790E-03-6.486476097E-03-3.603330370E-03-5.888136444E-04
 2.563267893E-03 5.871272071E-03 9.338615946E-03 1.296955168E-02 1.676712362E-02
 2.073142894E-02 2.486188345E-02 2.915844364E-02 3.362122402E-02 3.825050981E-02
 4.304643932E-02 4.800859662E-02 5.313612054E-02 5.842785181E-02 6.388254904E-02
 6.949936628E-02 7.527768500E-02 8.121689449E-02 8.731621204E-02 9.357410073E-02
 9.998823447E-02 1.065558912E-01 1.132740740E-01 1.201396746E-01 1.271501305E-01
 1.343034232E-01 1.415975423E-01 1.490302776E-01 1.565993358E-01 1.643023081E-01
 1.721363564E-01 1.800982805E-01 1.881847004E-01 1.963921241E-01 2.047169776E-01
 2.131556164E-01 2.217044356E-01 2.303602085E-01 2.391199881E-01 2.479808793E-01
 2.569400103E-01 2.659945423E-01 2.751416829E-01 2.843786584E-01 2.937026901E-01
 3.031110382E-01 3.126010014E-01 3.221698454E-01 3.318148121E-01 3.415332036E-01
 3.513224516E-01 3.611801568E-01 3.711040324E-01 3.810918302E-01 3.911412642E-01
 4.012500834E-01 4.114161941E-01 4.216376115E-01 4.319124423E-01 4.422388846E-01
 4.526152207E-01 4.630398016E-01 4.735110096E-01 4.840271977E-01 4.945869428E-01
 5.051900517E-01 5.158297322E-01 3.404403132E-02 3.031472860E-02 2.667224057E-02
 2.313265829E-02 1.969624666E-02 1.636593614E-02 1.314507526E-02 1.003695293E-02
 7.044967855E-03 4.173482431E-03 1.427524486E-03-1.213390913E-03-3.820729341E-03
-6.397770095E-03-8.912882830E-03-1.134379713E-02-1.367876946E-02-1.591239984E-02
-1.804333595E-02-2.007243924E-02-2.200144702E-02-2.383216860E-02-2.556604595E-02
-2.720399473E-02-2.874641253E-02-3.019326396E-02-3.154416851E-02-3.279852030E-02
-3.395555710E-02-3.501441494E-02-3.597412501E-02-3.683365281E-02-3.759188299E-02
-3.824764017E-02-3.879967377E-02-3.924665885E-02-3.958720006E-02-3.981983014E-02
-3.994301684E-02-3.995516352E-02-3.985461448E-02-3.963965426E-02-3.930851693E-02
-3.885939191E-02-3.829042438E-02-3.759972171E-02-3.678536590E-02-3.584541611E-02
-3.477791920E-02-3.358091525E-02-3.225243474E-02-3.079050604E-02-2.919313232E-02
-2.745826962E-02-2.558375146E-02-2.356723803E-02-2.140625713E-02-1.909827859E-02
-1.664079008E-02-1.403205836E-02-1.127300160E-02-8.366152370E-03-5.314067627E-03
-2.122134479E-03 1.205583000E-03 4.688258293E-03 8.334427338E-03 1.214742324E-02
 1.613119809E-02 2.028643169E-02 2.461223403E-02 2.910869893E-02 3.377589866E-02
 3.861346210E-02 4.362069293E-02 4.879657808E-02 5.413995310E-02 5.964996047E-02
 6.532594075E-02 7.116723871E-02 7.717301670E-02 8.334168885E-02 8.967091681E-02
 9.615796189E-02 1.027997991E-01 1.095933310E-01 1.165360529E-01 1.236258915E-01
 1.308607144E-01 1.382381868E-01 1.457559033E-01 1.534112772E-01 1.612012523E-01
 1.691224729E-01 1.771714177E-01 1.853444561E-01 1.936378738E-01 2.020478992E-01
 2.105709126E-01 2.192037103E-01 2.279432366E-01 2.367864668E-01 2.457304042E-01
 2.547720940E-01 2.639086212E-01 2.731370703E-01 2.824545381E-01 2.918581777E-01
 3.013451349E-01 3.109125125E-01 3.205574418E-01 3.302771662E-01 3.400691014E-01
 3.499308093E-01 3.598599157E-01 3.698540266E-01 3.799107387E-01 3.900277987E-01
 4.002030823E-01 4.104345623E-01 4.207203100E-01 4.310584875E-01 4.414473327E-01
 4.518851262E-01 4.623701691E-01 4.729007589E-01 4.834754461E-01 4.940940428E-01
 5.047496920E-01 3.386430995E-02 3.005516435E-02 2.633152211E-02 2.270902964E-02
 1.918797160E-02 1.577147169E-02 1.246304429E-02 9.265974956E-03 6.183713570E-03
 3.221821886E-03 3.797700419E-04-2.386238801E-03-5.130705581E-03-7.831586983E-03
-1.045778471E-02-1.299238584E-02-1.542746106E-02-1.776053825E-02-1.999227767E-02
-2.212470746E-02-2.416005703E-02-2.610014803E-02-2.794618022E-02-2.969871690E-02
-3.135780670E-02-3.292313478E-02-3.439415334E-02-3.577015478E-02-3.705034194E-02
-3.823384252E-02-3.931972403E-02-4.030696146E-02-4.119446022E-02-4.198103733E-02
-4.266543248E-02-4.324630875E-02-4.372224458E-02-4.409174452E-02-4.435323475E-02
-4.450507208E-02-4.454554508E-02-4.447287923E-02-4.428523690E-02-4.398072831E-02
-4.355741273E-02-4.301330157E-02-4.234636825E-02-4.155455248E-02-4.063576874E-02
-3.958791668E-02-3.840888114E-02-3.709655581E-02-3.564884448E-02-3.406366834E-02
-3.233897039E-02-3.047269707E-02-2.846276350E-02-2.630694510E-02-2.400287262E-02
-2.154795893E-02-1.893951026E-02-1.617504921E-02-1.325373295E-02-1.017745254E-02
-6.949164668E-03-3.572628546E-03-5.544602766E-05 3.613358802E-03 7.449317375E-03
 1.145556442E-02 1.563658397E-02 1.999403093E-02 2.452699297E-02 2.923485105E-02
 3.411692770E-02 3.917226546E-02 4.439981214E-02 4.979873113E-02 5.536832528E-02
 6.110789360E-02 6.701654146E-02 7.309264186E-02 7.933385173E-02 8.573741999E-02
 9.230029989E-02 9.901941858E-02 1.058923084E-01 1.129168202E-01 1.200906848E-01
 1.274114425E-01 1.348765600E-01 1.424832399E-01 1.502282258E-01 1.581080041E-01
 1.661189062E-01 1.742571565E-01 1.825188914E-01 1.909002321E-01 1.993975897E-01
 2.080077035E-01 2.167273862E-01 2.255534752E-01 2.344828429E-01 2.435124106E-01
 2.526391181E-01 2.618599013E-01 2.711717419E-01 2.805716496E-01 2.900565915E-01
 2.996235267E-01 3.092695024E-01 3.189917301E-01 3.287875986E-01 3.386545904E-01
 3.485901929E-01 3.585918556E-01 3.686571507E-01 3.787837990E-01 3.889696283E-01
 3.992125711E-01 4.095106592E-01 4.198620079E-01 4.302647817E-01 4.407171741E-01
 4.512174222E-01 4.617637899E-01 4.723548141E-01 4.829903313E-01 4.936634088E-01
 3.371101269E-02 2.982189675E-02 2.601710338E-02 2.231203255E-02 1.870677543E-02
 1.520433519E-02 1.180832445E-02 8.522163501E-03 5.349682039E-03 2.297194205E-03
-6.454365860E-04-3.543623865E-03-6.415809547E-03-9.230040374E-03-1.196039132E-02
-1.459443272E-02-1.712757262E-02-1.955973433E-02-2.189298889E-02-2.412996404E-02
-2.627294215E-02-2.832346644E-02-3.028232108E-02-3.214968912E-02-3.392533209E-02
-3.560876914E-02-3.719938861E-02-3.869649980E-02-4.009933373E-02-4.140705647E-02
-4.261875186E-02-4.373342976E-02-4.474999289E-02-4.566726148E-02-4.648396208E-02
-4.719873159E-02-4.781012980E-02-4.831662587E-02-4.871661359E-02-4.900840450E-02
-4.919023649E-02-4.926027669E-02-4.921662496E-02-4.905731555E-02-4.878032854E-02
-4.838359022E-02-4.786497574E-02-4.722232161E-02-4.645342693E-02-4.555606306E-02
-4.452798250E-02-4.336691870E-02-4.207060923E-02-4.063679418E-02-3.906323804E-02
-3.734773668E-02-3.548812906E-02-3.348230354E-02-3.132819920E-02-2.902371692E-02
-2.656656246E-02-2.395433788E-02-2.118443443E-02-1.825402503E-02-1.516100036E-02
-1.190625730E-02-8.492520580E-03-4.922906029E-03-1.204901128E-03 2.662366848E-03
 6.699507047E-03 1.091138809E-02 1.530223620E-02 1.987401404E-02 2.462544414E-02
 2.955521112E-02 3.466222815E-02 3.994556325E-02 4.540448787E-02 5.103828010E-02
 5.684599449E-02 6.282597653E-02 6.897588657E-02 7.529296514E-02 8.177415062E-02
 8.841640677E-02 9.521727600E-02 1.021745125E-01 1.092856977E-01 1.165482440E-01
 1.239594692E-01 1.315163443E-01 1.392154268E-01 1.470530412E-01 1.550253646E-01
 1.631284674E-01 1.713583359E-01 1.797110222E-01 1.881829550E-01 1.967707571E-01
 2.054710922E-01 2.142806526E-01 2.231961747E-01 2.322144364E-01 2.413322142E-01
 2.505463029E-01 2.598535513E-01 2.692507869E-01 2.787347983E-01 2.883024304E-01
 2.979506755E-01 3.076767232E-01 3.174778928E-01 3.273515374E-01 3.372949648E-01
 3.473055594E-01 3.573808708E-01 3.675185683E-01 3.777164333E-01 3.879723544E-01
 3.982843134E-01 4.086503499E-01 4.190685342E-01 4.295369863E-01 4.400539050E-01
 4.506175342E-01 4.612264157E-01 4.718804023E-01 4.825724681E-01 3.358314875E-02
 2.961432892E-02 2.572837824E-02 2.194062514E-02 1.825128550E-02 1.466322660E-02
 1.117985707E-02 7.804669993E-03 4.542239655E-03 1.396927177E-03-1.655015587E-03
-4.681103553E-03-7.671482441E-03-1.059175753E-02-1.342168601E-02-1.615282668E-02
-1.878340623E-02-2.131514069E-02-2.375095135E-02-2.609359981E-02-2.834508605E-02
-3.050651885E-02-3.257825749E-02-3.456017710E-02-3.645189449E-02-3.825289420E-02
-3.996259763E-02-4.158036825E-02-4.310549520E-02-4.453717043E-02-4.587449742E-02
-4.711647867E-02-4.826203394E-02-4.930997032E-02-5.025900715E-02-5.110776924E-02
-5.185478350E-02-5.249849786E-02-5.303726536E-02-5.346935937E-02-5.379296927E-02
-5.400620630E-02-5.410710883E-02-5.409364247E-02-5.396370742E-02-5.371514719E-02
-5.334574700E-02-5.285324049E-02-5.223532044E-02-5.148964280E-02-5.061383579E-02
-4.960550064E-02-4.846222887E-02-4.718160511E-02-4.576121689E-02-4.419866887E-02
-4.249158936E-02-4.063765493E-02-3.863459550E-02-3.648024046E-02-3.417243577E-02
-3.170913032E-02-2.908827455E-02-2.630759540E-02-2.336458148E-02-2.025652642E-02
-1.698079580E-02-1.353684929E-02-9.926973476E-03-6.154658506E-03-2.226194071E-03
 1.853651755E-03 6.105092058E-03 1.053541478E-02 1.514840064E-02 1.994614879E-02
 2.492727573E-02 3.009020481E-02 3.543399317E-02 4.095776319E-02 4.666052361E-02
 5.254063545E-02 5.859577947E-02 6.482319728E-02 7.121981957E-02 7.778265152E-02
 8.450921586E-02 9.139714928E-02 9.844387400E-02 1.056466668E-01 1.130026712E-01
 1.205086216E-01 1.281608947E-01 1.359556478E-01 1.438888967E-01 1.519565469E-01
 1.601544436E-01 1.684786168E-01 1.769254427E-01 1.854913948E-01 1.941729761E-01
 2.029667257E-01 2.118692342E-01 2.208771106E-01 2.299869616E-01 2.391954450E-01
 2.484992336E-01 2.578949505E-01 2.673792333E-01 2.769488438E-01 2.866007444E-01
 2.963320685E-01 3.061400155E-01 3.160217508E-01 3.259744645E-01 3.359955158E-01
 3.460824005E-01 3.562327348E-01 3.664442505E-01 3.767147827E-01 3.870422346E-01
 3.974245448E-01 4.078596995E-01 4.183457738E-01 4.288809427E-01 4.394634492E-01
 4.500918322E-01 4.607659439E-01 4.714786589E-01 3.347917268E-02 2.943124778E-02
 2.546452528E-02 2.159419076E-02 1.782066926E-02 1.414695004E-02 1.057636130E-02
 7.112360044E-03 3.760373024E-03 5.203248012E-04-2.648038268E-03-5.795404487E-03
-8.895885196E-03-1.191711022E-02-1.484380790E-02-1.767101037E-02-2.039922188E-02
-2.303136122E-02-2.557070466E-02-2.801980374E-02-3.038019278E-02-3.265251353E-02
-3.483680179E-02-3.693277911E-02-3.894004488E-02-4.085814520E-02-4.268656593E-02
-4.442472069E-02-4.607193069E-02-4.762741419E-02-4.909027938E-02-5.045953872E-02
-5.173409745E-02-5.291277556E-02-5.399427765E-02-5.497721410E-02-5.586010013E-02
-5.664134602E-02-5.731927759E-02-5.789212499E-02-5.835803120E-02-5.871505443E-02
-5.896117094E-02-5.909428079E-02-5.911220793E-02-5.901271143E-02-5.879348771E-02
-5.845217332E-02-5.798635617E-02-5.739357884E-02-5.667134706E-02-5.581713966E-02
-5.482840645E-02-5.370259165E-02-5.243712900E-02-5.102945962E-02-4.947703615E-02
-4.777733580E-02-4.592787204E-02-4.392623425E-02-4.177004460E-02-3.945700080E-02
-3.698498636E-02-3.435194898E-02-3.155585189E-02-2.859463727E-02-2.546611537E-02
-2.216770653E-02-1.869665775E-02-1.505148775E-02-1.123388466E-02-7.247131117E-03
-3.096873898E-03 1.208923394E-03 5.687560847E-03 1.034893479E-02 1.519662805E-02
 2.023281663E-02 2.545634374E-02 3.086553358E-02 3.645915381E-02 4.223546760E-02
 4.819219316E-02 5.432661065E-02 6.063565920E-02 6.711638413E-02 7.376625826E-02
 8.058277830E-02 8.756320022E-02 9.470465284E-02 1.020040766E-01 1.094579787E-01
 1.170625513E-01 1.248137795E-01 1.327075083E-01 1.407394715E-01 1.489053951E-01
 1.572012987E-01 1.656234319E-01 1.741680979E-01 1.828316292E-01 1.916104049E-01
 2.005008470E-01 2.094993753E-01 2.186024342E-01 2.278065164E-01 2.371080781E-01
 2.465035493E-01 2.559894508E-01 2.655624939E-01 2.752195976E-01 2.849577854E-01
 2.947740722E-01 3.046654522E-01 3.146290743E-01 3.246622439E-01 3.347623956E-01
 3.449270898E-01 3.551540001E-01 3.654408800E-01 3.757855244E-01 3.861857764E-01
 3.966395695E-01 4.071449501E-01 4.177000887E-01 4.283032204E-01 4.389528646E-01
 4.496488616E-01 4.603839717E-01 3.339748428E-02 2.927108513E-02 2.522418102E-02
 2.127169149E-02 1.741417789E-02 1.365475798E-02 9.996837102E-03 6.444068993E-03
 3.002642489E-03-3.336440850E-04-3.621452352E-03-6.884298214E-03-1.008880475E-02
-1.320749895E-02-1.622939975E-02-1.915245228E-02-2.197887903E-02-2.471227882E-02
-2.735587835E-02-2.991180294E-02-3.238107855E-02-3.476396961E-02-3.706033870E-02
-3.926989550E-02-4.139230922E-02-4.342720307E-02-4.537412040E-02-4.723250346E-02
-4.900169340E-02-5.068092587E-02-5.226932759E-02-5.376591417E-02-5.516960152E-02
-5.647919152E-02-5.769339648E-02-5.881080969E-02-5.982992280E-02-6.074913136E-02
-6.156672030E-02-6.228088317E-02-6.288971746E-02-6.339122652E-02-6.378332715E-02
-6.406385102E-02-6.423055021E-02-6.428109864E-02-6.421310374E-02-6.402410886E-02
-6.371159560E-02-6.327299668E-02-6.270569875E-02-6.200705262E-02-6.117437696E-02
-6.020497123E-02-5.909612278E-02-5.784511438E-02-5.644923762E-02-5.490579624E-02
-5.321212542E-02-5.136560014E-02-4.936365531E-02-4.720373168E-02-4.488342991E-02
-4.240044757E-02-3.975253918E-02-3.693762803E-02-3.395384244E-02-3.079924688E-02
-2.747184668E-02-2.396947979E-02-2.028951303E-02-1.642971182E-02-1.239109533E-02
-8.177093210E-03-3.793250380E-03 7.512870704E-04 5.470632379E-03 1.037651864E-02
 1.547260485E-02 2.076113528E-02 2.624079936E-02 3.190911482E-02 3.776363610E-02
 4.380157372E-02 5.001989647E-02 5.641570227E-02 6.298639237E-02 6.972930260E-02
 7.664151638E-02 8.371999733E-02 9.096145697E-02 9.836218874E-02 1.059181943E-01
 1.136252781E-01 1.214791031E-01 1.294752322E-01 1.376093070E-01 1.458772858E-01
 1.542752477E-01 1.627993078E-01 1.714456187E-01 1.802103865E-01 1.890898355E-01
 1.980801900E-01 2.071777289E-01 2.163787293E-01 2.256794168E-01 2.350760632E-01
 2.445651087E-01 2.541432252E-01 2.638072345E-01 2.735539836E-01 2.833802738E-01
 2.932830251E-01 3.032593314E-01 3.133064284E-01 3.234216880E-01 3.336026064E-01
 3.438467725E-01 3.541518237E-01 3.645154472E-01 3.749354243E-01 3.854096539E-01
 3.959361733E-01 4.065131423E-01 4.171387707E-01 4.278115468E-01 4.385312782E-01
 4.492906066E-01 3.333727579E-02 2.913251604E-02 2.500583317E-02 2.097170954E-02
 1.703062556E-02 1.318572559E-02 9.440516087E-03 5.799058296E-03 2.267168861E-03
-1.169243219E-03-4.574155721E-03-7.946678426E-03-1.125090990E-02-1.446483371E-02
-1.758122239E-02-2.060037826E-02-2.352571674E-02-2.636107631E-02-2.910934979E-02
-3.177214129E-02-3.435003697E-02-3.684307668E-02-3.925110002E-02-4.157388954E-02
-4.381119563E-02-4.596270390E-02-4.802799593E-02-5.000653904E-02-5.189769331E-02
-5.370071336E-02-5.541474461E-02-5.703881773E-02-5.857184855E-02-6.001264752E-02
-6.135990383E-02-6.261221209E-02-6.376804446E-02-6.482576298E-02-6.578363205E-02
-6.663980105E-02-6.739232044E-02-6.803914353E-02-6.857812434E-02-6.900702679E-02
-6.932352782E-02-6.952522101E-02-6.960962085E-02-6.957417578E-02-6.941626489E-02
-6.913320609E-02-6.872226769E-02-6.818067403E-02-6.750561567E-02-6.669424807E-02
-6.574371513E-02-6.465114470E-02-6.341366652E-02-6.202841727E-02-6.049255435E-02
-5.880326473E-02-5.695780504E-02-5.495342446E-02-5.278747242E-02-5.045742902E-02
-4.796079690E-02-4.529518338E-02-4.245842039E-02-3.944845404E-02-3.626339086E-02
-3.290156730E-02-2.936125863E-02-2.564043274E-02-2.173659502E-02-1.764759735E-02
-1.337422818E-02-8.919550317E-03-4.288903588E-03 5.077873243E-04 5.482105045E-03
 1.064685818E-02 1.600580117E-02 2.156048064E-02 2.730844989E-02 3.324622269E-02
 3.937058040E-02 4.567855045E-02 5.216745590E-02 5.883446986E-02 6.567650323E-02
 7.269033508E-02 7.987243349E-02 8.721888367E-02 9.472549003E-02 1.023878665E-01
 1.102014833E-01 1.181617403E-01 1.262642174E-01 1.345047316E-01 1.428791648E-01
 1.513834312E-01 1.600134934E-01 1.687653582E-01 1.776350294E-01 1.866185419E-01
 1.957119682E-01 2.049113308E-01 2.142126481E-01 2.236120735E-01 2.331059967E-01
 2.426910074E-01 2.523637615E-01 2.621208684E-01 2.719590026E-01 2.818750239E-01
 2.918659493E-01 3.019289430E-01 3.120613062E-01 3.222604459E-01 3.325238270E-01
 3.428489664E-01 3.532334783E-01 3.636751030E-01 3.741717249E-01 3.847213664E-01
 3.953221591E-01 4.059722739E-01 4.166701460E-01 4.274155462E-01 4.382010153E-01
 3.329834689E-02 2.901506267E-02 2.480850757E-02 2.069291685E-02 1.666863598E-02
 1.273860833E-02 8.906356832E-03 5.176451709E-03 1.552848302E-03-1.987789621E-03
-5.505442430E-03-8.982453000E-03-1.238339357E-02-1.569121051E-02-1.890191805E-02
-2.201765828E-02-2.504255772E-02-2.798034761E-02-3.083343575E-02-3.360291764E-02
-3.628907748E-02-3.889188362E-02-4.141124903E-02-4.384705538E-02-4.619911510E-02
-4.846714971E-02-5.065077725E-02-5.274949774E-02-5.476269420E-02-5.668964278E-02
-5.852950586E-02-6.028133033E-02-6.194404177E-02-6.351644651E-02-6.499723925E-02
-6.638498564E-02-6.767815130E-02-6.887507685E-02-6.997398293E-02-7.097298976E-02
-7.187009973E-02-7.266320779E-02-7.335011047E-02-7.392850104E-02-7.439597900E-02
-7.475005532E-02-7.498815283E-02-7.510761776E-02-7.510572405E-02-7.497967666E-02
-7.472662510E-02-7.434366685E-02-7.382785722E-02-7.317621577E-02-7.238573428E-02
-7.145339058E-02-7.037615431E-02-6.915100002E-02-6.777491022E-02-6.624489632E-02
-6.455801631E-02-6.271135852E-02-6.070204154E-02-5.852734180E-02-5.618456836E-02
-5.367108312E-02-5.098443377E-02-4.812229998E-02-4.508244808E-02-4.186295294E-02
-3.846209138E-02-3.487819176E-02-3.110957952E-02-2.715474243E-02-2.301186945E-02
-1.867874375E-02-1.415553142E-02-9.445223957E-03-4.553606324E-03 5.088696860E-04
 5.752889541E-03 1.119095921E-02 1.682617880E-02 2.265884332E-02 2.868553639E-02
 3.490262218E-02 4.130709105E-02 4.789585431E-02 5.466567240E-02 6.161313331E-02
 6.873446640E-02 7.602554473E-02 8.348196692E-02 9.109914446E-02 9.887234880E-02
 1.067968337E-01 1.148680861E-01 1.230817246E-01 1.314334112E-01 1.399188468E-01
 1.485337877E-01 1.572740076E-01 1.661352835E-01 1.751134466E-01 1.842043071E-01
 1.934036301E-01 2.027072690E-01 2.121112997E-01 2.216120431E-01 2.312059354E-01
 2.408893876E-01 2.506588183E-01 2.605108278E-01 2.704421919E-01 2.804498461E-01
 2.905308758E-01 3.006824876E-01 3.109019565E-01 3.211866127E-01 3.315338875E-01
 3.419413468E-01 3.524067094E-01 3.629278407E-01 3.735027301E-01 3.841294652E-01
 3.948061552E-01 4.055311794E-01 4.163042923E-01 4.271179452E-01 3.327984155E-02
 2.891829549E-02 2.463186572E-02 2.043465602E-02 1.632714605E-02 1.231217062E-02
 8.393149016E-03 4.575076235E-03 8.589881679E-04-2.788294228E-03-6.414749538E-03
-9.992184024E-03-1.348773479E-02-1.688872671E-02-2.019390755E-02-2.340677702E-02
-2.653175504E-02-2.957222923E-02-3.253006367E-02-3.540595787E-02-3.820004613E-02
-4.091234186E-02-4.354285907E-02-4.609156378E-02-4.855831785E-02-5.094287592E-02
-5.324488698E-02-5.546389117E-02-5.759930501E-02-5.965042374E-02-6.161643087E-02
-6.349638696E-02-6.528923021E-02-6.699377034E-02-6.860869363E-02-7.013256779E-02
-7.156382334E-02-7.290078350E-02-7.414164495E-02-7.528447426E-02-7.632723232E-02
-7.726776204E-02-7.810378975E-02-7.883294081E-02-7.945273506E-02-7.996059430E-02
-8.035384864E-02-8.062973843E-02-8.078542734E-02-8.081800796E-02-8.072450412E-02
-8.050188289E-02-8.014706075E-02-7.965691653E-02-7.902829223E-02-7.825801517E-02
-7.734289444E-02-7.627973851E-02-7.506536169E-02-7.369660031E-02-7.217031857E-02
-7.048344419E-02-6.863289186E-02-6.661571744E-02-6.442905420E-02-6.207005292E-02
-5.953601431E-02-5.682440954E-02-5.393274311E-02-5.085877602E-02-4.760046894E-02
-4.415585977E-02-4.052314241E-02-3.670095962E-02-3.268824392E-02-2.848373654E-02
-2.408568182E-02-1.949201388E-02-1.470299290E-02-9.721844885E-03-4.554781037E-03
 7.873324795E-04 6.315353834E-03 1.203993302E-02 1.796350860E-02 2.408563653E-02
 3.040266631E-02 3.691077027E-02 4.360633288E-02 5.048568014E-02 5.754484628E-02
 6.477949398E-02 7.218500865E-02 7.975658572E-02 8.748929456E-02 9.537825816E-02
 1.034187954E-01 1.116062928E-01 1.199361739E-01 1.284039130E-01 1.370050286E-01
 1.457350362E-01 1.545894871E-01 1.635639553E-01 1.726539546E-01 1.818550287E-01
 1.911629128E-01 2.005736164E-01 2.100833221E-01 2.196882254E-01 2.293844846E-01
 2.391684145E-01 2.490365232E-01 2.589854937E-01 2.690121730E-01 2.791135455E-01
 2.892866768E-01 2.995286925E-01 3.098368229E-01 3.202084414E-01 3.306410856E-01
 3.411324497E-01 3.516803606E-01 3.622827572E-01 3.729376591E-01 3.836431130E-01
 3.943974661E-01 4.052004567E-01 4.160444210E-01 3.328049202E-02 2.884112067E-02
 2.447517659E-02 2.019649240E-02 1.600566764E-02 1.190561477E-02 7.899846438E-03
 3.993794501E-03 1.848850831E-04-3.570093764E-03-7.302015406E-03-1.097676398E-02
-1.456549805E-02-1.805937538E-02-2.145935658E-02-2.476985438E-02-2.799526870E-02
-3.113849598E-02-3.420089769E-02-3.718291338E-02-4.008466928E-02-4.290628302E-02
-4.564785969E-02-4.830942345E-02-5.089088267E-02-5.339203519E-02-5.581256969E-02
-5.815205916E-02-6.040995726E-02-6.258559071E-02-6.467815958E-02-6.668674342E-02
-6.861029027E-02-7.044761925E-02-7.219741246E-02-7.385822311E-02-7.542847885E-02
-7.690646161E-02-7.829033769E-02-7.957814539E-02-8.076778333E-02-8.185703662E-02
-8.284357377E-02-8.372493906E-02-8.449856958E-02-8.516179588E-02-8.571184684E-02
-8.614585761E-02-8.646087397E-02-8.665386815E-02-8.672173516E-02-8.666130261E-02
-8.646934601E-02-8.614259647E-02-8.567774941E-02-8.507146645E-02-8.432039646E-02
-8.342118140E-02-8.237046866E-02-8.116491409E-02-7.980120503E-02-7.827608621E-02
-7.658630346E-02-7.472868264E-02-7.270018396E-02-7.049777065E-02-6.811850983E-02
-6.555966348E-02-6.281853010E-02-5.989260832E-02-5.677962399E-02-5.347735483E-02
-4.998365652E-02-4.629678950E-02-4.241549971E-02-3.833863460E-02-3.406507779E-02
-2.959380235E-02-2.492356588E-02-2.005279300E-02-1.498199515E-02-9.714610159E-03
-4.257542267E-03 1.377676471E-03 7.203137983E-03 1.322722603E-02 1.945215577E-02
 2.587643623E-02 3.249549351E-02 3.930501633E-02 4.630067219E-02 5.347788684E-02
 6.083184991E-02 6.835753803E-02 7.604981881E-02 8.390366232E-02 9.191414967E-02
 1.000764084E-01 1.083856075E-01 1.168369732E-01 1.254257476E-01 1.341471796E-01
 1.429965670E-01 1.519691664E-01 1.610602069E-01 1.702650624E-01 1.795793854E-01
 1.889990647E-01 1.985200520E-01 2.081382435E-01 2.178496429E-01 2.276504613E-01
 2.375371017E-01 2.475061472E-01 2.575543354E-01 2.676785007E-01 2.778755433E-01
 2.881424720E-01 2.984764488E-01 3.088748104E-01 3.193350632E-01 3.298548570E-01
 3.404319602E-01 3.510642361E-01 3.617496378E-01 3.724861756E-01 3.832721610E-01
 3.941072689E-01 4.049837059E-01 3.329937241E-02 2.878242338E-02 2.433727997E-02
 1.997746116E-02 1.570354893E-02 1.151844003E-02 7.425825765E-03 3.431636243E-03
-4.706039091E-04-4.333077332E-03-8.167501095E-03-1.193723269E-02-1.561823560E-02
-1.920497396E-02-2.270014854E-02-2.610869286E-02-2.943473836E-02-3.268065358E-02
-3.584739999E-02-3.893529624E-02-4.194455063E-02-4.487539055E-02-4.772800285E-02
-5.050245493E-02-5.319870391E-02-5.581659702E-02-5.835587084E-02-6.081613915E-02
-6.319688721E-02-6.549747363E-02-6.771712862E-02-6.985494720E-02-7.190989289E-02
-7.388078881E-02-7.576632217E-02-7.756503421E-02-7.927533077E-02-8.089548441E-02
-8.242361293E-02-8.385770951E-02-8.519563686E-02-8.643511088E-02-8.757372403E-02
-8.860895069E-02-8.953813742E-02-9.035851496E-02-9.106720711E-02-9.166123534E-02
-9.213752541E-02-9.249291525E-02-9.272416299E-02-9.282795374E-02-9.280091608E-02
-9.263962492E-02-9.234061271E-02-9.190037661E-02-9.131540127E-02-9.058215597E-02
-8.969711136E-02-8.865674848E-02-8.745757771E-02-8.609614396E-02-8.456904420E-02
-8.287288775E-02-8.100444478E-02-7.896051229E-02-7.673794531E-02-7.433378876E-02
-7.174516575E-02-6.896932886E-02-6.600379362E-02-6.284613164E-02-5.949395547E-02
-5.594521686E-02-5.219834198E-02-4.825183819E-02-4.410434451E-02-3.975484985E-02
-3.520266566E-02-3.044727582E-02-2.548792481E-02-2.032344535E-02-1.495476198E-02
-9.385814642E-03-3.624517065E-03 2.317523463E-03 8.454402135E-03 1.479165624E-02
 2.133047258E-02 2.806799718E-02 3.499877115E-02 4.211767024E-02 4.941956757E-02
 5.689922233E-02 6.455131470E-02 7.237059997E-02 8.035187932E-02 8.848999527E-02
 9.677984403E-02 1.052163663E-01 1.137944986E-01 1.225092170E-01 1.313554987E-01
 1.403282584E-01 1.494224905E-01 1.586334487E-01 1.679566795E-01 1.773878542E-01
 1.869225998E-01 1.965565873E-01 2.062856975E-01 2.161060226E-01 2.260138526E-01
 2.360056508E-01 2.460779951E-01 2.562275374E-01 2.664510419E-01 2.767454366E-01
 2.871078370E-01 2.975355412E-01 3.080260037E-01 3.185768073E-01 3.291856362E-01
 3.398502825E-01 3.505686590E-01 3.613387294E-01 3.721587188E-01 3.830282280E-01
 3.939393729E-01 3.333558957E-02 2.874138118E-02 2.421725353E-02 1.977650194E-02
 1.541974483E-02 1.114981445E-02 6.970526695E-03 2.887608796E-03-1.109817443E-03
-5.077617644E-03-9.011592935E-03-1.287466134E-02-1.664740983E-02-2.032715208E-02
-2.391790329E-02-2.742479748E-02-3.085154552E-02-3.420000577E-02-3.747087301E-02
-4.066447662E-02-4.378113685E-02-4.682117978E-02-4.978485239E-02-5.267227996E-02
-5.548347060E-02-5.821832598E-02-6.087663042E-02-6.345804641E-02-6.596209839E-02
-6.838817625E-02-7.073553887E-02-7.300330853E-02-7.519046157E-02-7.729583189E-02
-7.931810436E-02-8.125581995E-02-8.310736353E-02-8.487097708E-02-8.654476038E-02
-8.812664969E-02-8.961444706E-02-9.100582028E-02-9.229828544E-02-9.348922321E-02
-9.457589214E-02-9.555542106E-02-9.642481731E-02-9.718098034E-02-9.782070713E-02
-9.834069319E-02-9.873754957E-02-9.900781350E-02-9.914795178E-02-9.915437066E-02
-9.902343180E-02-9.875146725E-02-9.833477684E-02-9.776965075E-02-9.705237937E-02
-9.617926481E-02-9.514662604E-02-9.395082255E-02-9.258828252E-02-9.105542560E-02
-8.934881101E-02-8.746508400E-02-8.540090711E-02-8.315311070E-02-8.071865983E-02
-7.809458316E-02-7.527819532E-02-7.226688505E-02-6.905805956E-02-6.564940937E-02
-6.203911886E-02-5.822546078E-02-5.420676012E-02-4.998163519E-02-4.554911939E-02
-4.090865516E-02-3.606000067E-02-3.100309869E-02-2.573762364E-02-2.026278412E-02
-1.458002991E-02-8.694070363E-03-2.614230055E-03 3.648802584E-03 1.011010301E-02
 1.677268165E-02 2.363607273E-02 3.069556480E-02 3.794502222E-02 4.537871623E-02
 5.299105609E-02 6.077653287E-02 6.872964816E-02 7.684493908E-02 8.511700038E-02
 9.354044144E-02 1.021098818E-01 1.108199786E-01 1.196653278E-01 1.286405330E-01
 1.377404127E-01 1.469601140E-01 1.562949832E-01 1.657403608E-01 1.752915684E-01
 1.849441209E-01 1.946937644E-01 2.045364626E-01 2.144683732E-01 2.244857892E-01
 2.345850871E-01 2.447627609E-01 2.550154796E-01 2.653401134E-01 2.757337302E-01
 2.861935679E-01 2.967170038E-01 3.073015272E-01 3.179447457E-01 3.286444058E-01
 3.393983624E-01 3.502044786E-01 3.610608963E-01 3.719671699E-01 3.829153285E-01
 3.338791215E-02 2.871695285E-02 2.411425062E-02 1.959281898E-02 1.515336041E-02
 1.079876504E-02 6.533034430E-03 2.360947088E-03-1.733263091E-03-5.803914863E-03
-9.834921813E-03-1.379013395E-02-1.765435845E-02-2.142733218E-02-2.511399878E-02
-2.871943170E-02-3.224684551E-02-3.569767482E-02-3.907247952E-02-4.237167056E-02
-4.559569747E-02-4.874496515E-02-5.181977482E-02-5.482031372E-02-5.774665256E-02
-6.059875452E-02-6.337645434E-02-6.607946003E-02-6.870734373E-02-7.125953616E-02
-7.373532645E-02-7.613386106E-02-7.845414027E-02-8.069500736E-02-8.285515138E-02
-8.493310331E-02-8.692724089E-02-8.883577464E-02-9.065676402E-02-9.238811651E-02
-9.402756733E-02-9.557270704E-02-9.702098669E-02-9.836970089E-02-9.961599781E-02
-1.007568966E-01-1.017892868E-01-1.027099343E-01-1.035154942E-01-1.042025146E-01
-1.047674465E-01-1.052066639E-01-1.055164606E-01-1.056930632E-01-1.057326545E-01
-1.056313777E-01-1.053853421E-01-1.049906507E-01-1.044434018E-01-1.037397028E-01
-1.028756834E-01-1.018475147E-01-1.006514238E-01-9.928367375E-02-9.774059867E-02
-9.601868682E-02-9.411442952E-02-9.202445024E-02-8.974555708E-02-8.727458770E-02
-8.460866075E-02-8.174500666E-02-7.868085560E-02-7.541366514E-02-7.194140266E-02
-6.826215757E-02-6.437402173E-02-6.027535281E-02-5.596488728E-02-5.144169270E-02
-4.670521837E-02-4.175536982E-02-3.659235636E-02-3.121645059E-02-2.562759650E-02
-1.982542881E-02-1.381231653E-02-7.594630140E-03-1.183742978E-03 5.413696787E-03
 1.221091850E-02 1.920902224E-02 2.640506207E-02 3.379289883E-02 4.136615921E-02
 4.911882716E-02 5.704506454E-02 6.513910167E-02 7.339519307E-02 8.180758269E-02
 9.037055282E-02 9.907836200E-02 1.079252165E-01 1.169054713E-01 1.260138134E-01
 1.352452095E-01 1.445946814E-01 1.540571900E-01 1.636278479E-01 1.733020136E-01
 1.830752872E-01 1.929434851E-01 2.029025820E-01 2.129486495E-01 2.230778818E-01
 2.332866602E-01 2.435715829E-01 2.539294618E-01 2.643572947E-01 2.748522308E-01
 2.854115438E-01 2.960326401E-01 3.067130750E-01 3.174505228E-01 3.282427263E-01
 3.390874633E-01 3.499828174E-01 3.609282950E-01 3.719158674E-01 3.345522521E-02
 2.870798478E-02 2.402717131E-02 1.942546895E-02 1.490361245E-02 1.046452710E-02
 6.112477869E-03 1.850929992E-03-2.340906158E-03-6.512198444E-03-1.063821079E-02
-1.468471795E-02-1.864030970E-02-2.250674401E-02-2.628958266E-02-2.999363795E-02
-3.362161251E-02-3.717462223E-02-4.065321578E-02-4.405792795E-02-4.738931501E-02
-5.064785377E-02-5.383391432E-02-5.694774545E-02-5.998948809E-02-6.295916728E-02
-6.585668237E-02-6.868178593E-02-7.143409948E-02-7.411310028E-02-7.671811815E-02
-7.924832790E-02-8.170274853E-02-8.408024233E-02-8.637950337E-02-8.859905812E-02
-9.073726605E-02-9.279232249E-02-9.476224332E-02-9.664488388E-02-9.843793681E-02
-1.001389138E-01-1.017451710E-01-1.032539183E-01-1.046622040E-01-1.059669202E-01
-1.071648221E-01-1.082525381E-01-1.092265714E-01-1.100833072E-01-1.108190287E-01
-1.114299265E-01-1.119121078E-01-1.122616093E-01-1.124744175E-01-1.125464690E-01
-1.124736766E-01-1.122519337E-01-1.118771318E-01-1.113451755E-01-1.106519949E-01
-1.097935554E-01-1.087658794E-01-1.075650677E-01-1.061872396E-01-1.046286974E-01
-1.028857825E-01-1.009549240E-01-9.883275748E-02-9.651596953E-02-9.400148281E-02
-9.128639232E-02-8.836777916E-02-8.524289977E-02-8.190952404E-02-7.836559242E-02
-7.460900365E-02-7.063790144E-02-6.645080460E-02-6.204652934E-02-5.742423076E-02
-5.258346043E-02-4.752410581E-02-4.224637616E-02-3.675078151E-02-3.103796068E-02
-2.510845982E-02-1.896295494E-02-1.260493448E-02-6.042581234E-03 7.101769565E-04
 7.654729474E-03 1.479776920E-02 2.213899376E-02 2.967364999E-02 3.739471630E-02
 4.529567507E-02 5.337033043E-02 6.161255971E-02 7.001623547E-02 7.857523799E-02
 8.728337095E-02 9.613450135E-02 1.051227993E-01 1.142427868E-01 1.234891186E-01
 1.328563841E-01 1.423392567E-01 1.519326623E-01 1.616317933E-01 1.714320841E-01
 1.813291536E-01 1.913187336E-01 2.013966852E-01 2.115590697E-01 2.218021824E-01
 2.321225504E-01 2.425169042E-01 2.529821396E-01 2.635152909E-01 2.741135419E-01
 2.847742377E-01 2.954948446E-01 3.062729146E-01 3.171061035E-01 3.279921247E-01
 3.389290082E-01 3.499162468E-01 3.609457792E-01 3.353687537E-02 2.871361623E-02
 2.395503213E-02 1.927344271E-02 1.466954390E-02 1.014626498E-02 5.708113073E-03
 1.356949708E-03-2.932876671E-03-7.202853358E-03-1.142220841E-02-1.555938116E-02
-1.960633374E-02-2.356644982E-02-2.744561145E-02-3.124826276E-02-3.497663933E-02
-3.863165059E-02-4.221391574E-02-4.572410191E-02-4.916286263E-02-5.253074342E-02
-5.582818479E-02-5.905551893E-02-6.221295568E-02-6.530058623E-02-6.831837073E-02
-7.126612527E-02-7.414352278E-02-7.695009117E-02-7.968520223E-02-8.234807004E-02
-8.493773831E-02-8.745308123E-02-8.989280506E-02-9.225543684E-02-9.453932151E-02
-9.674262675E-02-9.886334227E-02-1.008992654E-01-1.028480228E-01-1.047070672E-01
-1.064736618E-01-1.081449030E-01-1.097177311E-01-1.111889196E-01-1.125550782E-01
-1.138126763E-01-1.149580569E-01-1.159874320E-01-1.168968984E-01-1.176824510E-01
-1.183399928E-01-1.188653572E-01-1.192543124E-01-1.195025760E-01-1.196058406E-01
-1.195597761E-01-1.193600530E-01-1.190023565E-01-1.184823970E-01-1.177959260E-01
-1.169387575E-01-1.159067934E-01-1.146959644E-01-1.133023540E-01-1.117221628E-01
-1.099516367E-01-1.079872239E-01-1.058254883E-01-1.034631590E-01-1.008972111E-01
-9.812460207E-02-9.514242012E-02-9.194825785E-02-8.853994154E-02-8.491521584E-02
-8.107204633E-02-7.700877717E-02-7.272402703E-02-6.821674397E-02-6.348625432E-02
-5.853213924E-02-5.335421927E-02-4.795267499E-02-4.232814675E-02-3.648189985E-02
-3.041541666E-02-2.412974502E-02-1.762641247E-02-1.091026453E-02-3.991361453E-03
 3.114581592E-03 1.041509468E-02 1.791150962E-02 2.560157637E-02 3.347895346E-02
 4.153644412E-02 4.976728427E-02 5.816492067E-02 6.672276128E-02 7.543417528E-02
 8.429276500E-02 9.329252933E-02 1.024276967E-01 1.116924627E-01 1.210810296E-01
 1.305878399E-01 1.402076284E-01 1.499354006E-01 1.597663760E-01 1.696959070E-01
 1.797194834E-01 1.898328095E-01 2.000318423E-01 2.103127915E-01 2.206720890E-01
 2.311063485E-01 2.416123377E-01 2.521869936E-01 2.628274266E-01 2.735308741E-01
 2.842946711E-01 2.951162798E-01 3.059932867E-01 3.169233545E-01 3.279044976E-01
 3.389362078E-01 3.500103864E-01 3.363243902E-02 2.873337511E-02 2.389721150E-02
 1.913597396E-02 1.445032467E-02 9.843141990E-03 5.319119795E-03 8.783606769E-04
-3.509371727E-03-7.876276986E-03-1.218763796E-02-1.641501191E-02-2.055333990E-02
-2.460729663E-02-2.858285304E-02-3.248399412E-02-3.631255743E-02-4.006939035E-02
-4.375522577E-02-4.737084842E-02-5.091699374E-02-5.439429112E-02-5.780326349E-02
-6.114432229E-02-6.441775573E-02-6.762373089E-02-7.076226967E-02-7.383325669E-02
-7.683642736E-02-7.977136806E-02-8.263749431E-02-8.543405795E-02-8.816013871E-02
-9.081463175E-02-9.339624898E-02-9.590352013E-02-9.833478450E-02-1.006881827E-01
-1.029616662E-01-1.051529929E-01-1.072597155E-01-1.092792034E-01-1.112086409E-01
-1.130450145E-01-1.147851319E-01-1.164256333E-01-1.179629851E-01-1.193934902E-01
-1.207133110E-01-1.219184707E-01-1.230048652E-01-1.239682796E-01-1.248043957E-01
-1.255088212E-01-1.260770903E-01-1.265046837E-01-1.267870525E-01-1.269196260E-01
-1.268978330E-01-1.267171174E-01-1.263729551E-01-1.258608692E-01-1.251764495E-01
-1.243153666E-01-1.232733804E-01-1.220463347E-01-1.206302716E-01-1.190212644E-01
-1.172155705E-01-1.152096344E-01-1.130000022E-01-1.105835341E-01-1.079570856E-01
-1.051176074E-01-1.020625337E-01-9.878960768E-02-9.529646034E-02-9.158091843E-02
-8.764119412E-02-8.347575240E-02-7.908338789E-02-7.446326127E-02-6.961472922E-02
-6.453735441E-02-5.923101411E-02-5.369600563E-02-4.793330787E-02-4.194445703E-02
-3.573134538E-02-2.929586031E-02-2.263940486E-02-1.576464933E-02-8.678510490E-03
-1.394381770E-03 6.075045889E-03 1.373778600E-02 2.159291310E-02 2.963534837E-02
 3.785759125E-02 4.625224361E-02 5.481210378E-02 6.353019100E-02 7.239990885E-02
 8.141498467E-02 9.056918152E-02 9.985620210E-02 1.092699519E-01 1.188046497E-01
 1.284548185E-01 1.382152280E-01 1.480808052E-01 1.580466250E-01 1.681079922E-01
 1.782604854E-01 1.884999587E-01 1.988225103E-01 2.092244383E-01 2.197022137E-01
 2.302524979E-01 2.408721394E-01 2.515581204E-01 2.623075389E-01 2.731176363E-01
 2.839858017E-01 2.949095765E-01 3.058866091E-01 3.169149027E-01 3.279939324E-01
 3.391155522E-01 3.374075995E-02 2.876658243E-02 2.385326474E-02 1.901259604E-02
 1.424537271E-02 9.554506869E-03 4.944838661E-03 4.145950825E-04-4.070695189E-03
-8.532923567E-03-1.293513078E-02-1.725234918E-02-2.148208889E-02-2.562996812E-02
-2.970187337E-02-3.370132036E-02-3.762984933E-02-4.148831624E-02-4.527759673E-02
-4.899859921E-02-5.265213316E-02-5.623891763E-02-5.975956108E-02-6.321456534E-02
-6.660429852E-02-6.992900498E-02-7.318879154E-02-7.638360946E-02-7.951326398E-02
-8.257740001E-02-8.557549193E-02-8.850682853E-02-9.137052526E-02-9.416550805E-02
-9.689050624E-02-9.954404876E-02-1.021244647E-01-1.046298792E-01-1.070582029E-01
-1.094071426E-01-1.116741941E-01-1.138566350E-01-1.159515468E-01-1.179558137E-01
-1.198661139E-01-1.216789352E-01-1.233905820E-01-1.249971821E-01-1.264947095E-01
-1.278789845E-01-1.291456824E-01-1.302903597E-01-1.313084648E-01-1.321953554E-01
-1.329463137E-01-1.335565643E-01-1.340212949E-01-1.343356719E-01-1.344948642E-01
-1.344940527E-01-1.343284606E-01-1.339933608E-01-1.334840958E-01-1.327961010E-01
-1.319249333E-01-1.308662058E-01-1.296157576E-01-1.281695043E-01-1.265235108E-01
-1.246740820E-01-1.226176039E-01-1.203508125E-01-1.178704771E-01-1.151734377E-01
-1.122569861E-01-1.091188068E-01-1.057564555E-01-1.021676579E-01-9.835053750E-02
-9.430345292E-02-9.002509966E-02-8.551452268E-02-8.077090413E-02-7.579361598E-02
-7.058233130E-02-6.513715640E-02-5.945877904E-02-5.354833233E-02-4.740741674E-02
-4.103815797E-02-3.444296399E-02-2.762399917E-02-2.058319109E-02-1.332502088E-02
-5.860006907E-03 1.794176444E-03 9.635770355E-03 1.766591627E-02 2.588201823E-02
 3.427692165E-02 4.284245976E-02 5.157116825E-02 6.045619065E-02 6.949081457E-02
 7.866822229E-02 8.798172469E-02 9.742495789E-02 1.069918995E-01 1.166768114E-01
 1.264741416E-01 1.363785004E-01 1.463847439E-01 1.564880258E-01 1.666838012E-01
 1.769677939E-01 1.873359484E-01 1.977844041E-01 2.083095140E-01 2.189078332E-01
 2.295760595E-01 2.403110285E-01 2.511097401E-01 2.619693608E-01 2.728872400E-01
 2.838609043E-01 2.948879839E-01 3.059664538E-01 3.170957477E-01 3.282676807E-01
 3.386016229E-02 2.881178116E-02 2.382213667E-02 1.890266792E-02 1.405424367E-02
 9.279891500E-03 4.584739244E-03-3.476660803E-05-4.617050778E-03-9.173203726E-03
-1.366532260E-02-1.807204707E-02-2.239315097E-02-2.663495425E-02-3.080307689E-02
-3.490057191E-02-3.892880113E-02-4.288870281E-02-4.678129221E-02-5.060757444E-02
-5.436846607E-02-5.806478293E-02-6.169721616E-02-6.526635856E-02-6.877267196E-02
-7.221648949E-02-7.559799964E-02-7.891723521E-02-8.217407820E-02-8.536823294E-02
-8.849923254E-02-9.156642101E-02-9.456895368E-02-9.750578749E-02-1.003756717E-01
-1.031771457E-01-1.059085300E-01-1.085679255E-01-1.111532125E-01-1.136620405E-01
-1.160918393E-01-1.184398099E-01-1.207029219E-01-1.228779330E-01-1.249613914E-01
-1.269496330E-01-1.288387889E-01-1.306247933E-01-1.323034097E-01-1.338702488E-01
-1.353207545E-01-1.366502327E-01-1.378538773E-01-1.389267821E-01-1.398639531E-01
-1.406603410E-01-1.413108484E-01-1.418103590E-01-1.421537571E-01-1.423359440E-01
-1.423518634E-01-1.421965178E-01-1.418649868E-01-1.413524569E-01-1.406542330E-01
-1.397657214E-01-1.386825100E-01-1.374003597E-01-1.359151387E-01-1.342229762E-01
-1.323201283E-01-1.302031821E-01-1.278688321E-01-1.253138257E-01-1.225353244E-01
-1.195309700E-01-1.162982761E-01-1.128349004E-01-1.091389177E-01-1.052086261E-01
-1.010426768E-01-9.664005158E-02-9.199981020E-02-8.712119692E-02-8.200374876E-02
-7.664745969E-02-7.105282036E-02-6.522071263E-02-5.915242367E-02-5.284966699E-02
-4.631454663E-02-3.954964697E-02-3.255805374E-02-2.534263265E-02-1.790648168E-02
-1.025654308E-02-2.406816215E-03 5.624079163E-03 1.383993954E-02 2.223835475E-02
 3.081340562E-02 3.955723100E-02 4.846224113E-02 5.752102463E-02 6.672626166E-02
 7.607093796E-02 8.554841251E-02 9.515237078E-02 1.048767202E-01 1.147155480E-01
 1.246632053E-01 1.347143676E-01 1.448640402E-01 1.551075256E-01 1.654403712E-01
 1.758583446E-01 1.863574526E-01 1.969339206E-01 2.075841291E-01 2.183046228E-01
 2.290921343E-01 2.399435891E-01 2.508561183E-01 2.618270525E-01 2.728538926E-01
 2.839342291E-01 2.950659899E-01 3.062485792E-01 3.174738028E-01 3.398962778E-02
 2.886767622E-02 2.380245145E-02 1.880496504E-02 1.387604346E-02 9.018733960E-03
 4.238350940E-03-4.703117065E-04-5.148748969E-03-9.797454367E-03-1.437866341E-02
-1.887463718E-02-2.328703029E-02-2.762260108E-02-3.188667147E-02-3.608190586E-02
-4.020953701E-02-4.427062602E-02-4.826633575E-02-5.219777345E-02-5.606595156E-02
-5.987178024E-02-6.361607083E-02-6.729950620E-02-7.092264456E-02-7.448590930E-02
-7.798958414E-02-8.143378624E-02-8.481847553E-02-8.814343734E-02-9.140826132E-02
-9.461235384E-02-9.775491735E-02-1.008349478E-01-1.038512142E-01-1.068022670E-01
-1.096864265E-01-1.125017714E-01-1.152461434E-01-1.179171450E-01-1.205121295E-01
-1.230282115E-01-1.254622598E-01-1.278108975E-01-1.300705207E-01-1.322373039E-01
-1.343072025E-01-1.362759524E-01-1.381390863E-01-1.398919782E-01-1.415298327E-01
-1.430476912E-01-1.444404737E-01-1.457029903E-01-1.468299547E-01-1.478160185E-01
-1.486557857E-01-1.493438349E-01-1.498747438E-01-1.502431173E-01-1.504435943E-01
-1.504708917E-01-1.503198073E-01-1.499852453E-01-1.494622445E-01-1.487459945E-01
-1.478318091E-01-1.467152664E-01-1.453920347E-01-1.438580386E-01-1.421094160E-01
-1.401425741E-01-1.379541384E-01-1.355407688E-01-1.328995030E-01-1.300279451E-01
-1.269235917E-01-1.235840582E-01-1.200074038E-01-1.161919067E-01-1.121362252E-01
-1.078393268E-01-1.033002030E-01-9.851804002E-02-9.349231310E-02-8.822296682E-02
-8.271035827E-02-7.695521307E-02-7.095862759E-02-6.472200558E-02-5.824701582E-02
-5.153587552E-02-4.459164680E-02-3.741794473E-02-3.001838160E-02-2.239607484E-02
-1.455579436E-02-6.508948750E-03 1.724362235E-03 1.013627382E-02 1.872562471E-02
 2.748908985E-02 3.641906269E-02 4.550709826E-02 5.474531051E-02 6.412636973E-02
 7.364331783E-02 8.328945001E-02 9.305826219E-02 1.029435350E-01 1.129394033E-01
 1.230403648E-01 1.332412457E-01 1.435371461E-01 1.539234153E-01 1.643956706E-01
 1.749497653E-01 1.855817261E-01 1.962877740E-01 2.070643458E-01 2.179081024E-01
 2.288159358E-01 2.397849512E-01 2.508124439E-01 2.618958629E-01 2.730327523E-01
 2.842210165E-01 2.954600405E-01 3.067416165E-01 3.412892290E-02 2.893381907E-02
 2.379347363E-02 1.871852213E-02 1.370974572E-02 8.770142019E-03 3.904889366E-03
-8.929993032E-04-5.666128812E-03-1.040599609E-02-1.507556803E-02-1.966046998E-02
-2.416398567E-02-2.859312002E-02-3.295278741E-02-3.724531937E-02-4.147197426E-02
-4.563396527E-02-4.973254806E-02-5.376893965E-02-5.774426597E-02-6.165954587E-02
-6.551569200E-02-6.931349687E-02-7.305363569E-02-7.673661933E-02-8.036283052E-02
-8.393247992E-02-8.744561753E-02-9.090210578E-02-9.430161028E-02-9.764360295E-02
-1.009273358E-01-1.041518437E-01-1.073159301E-01-1.104181523E-01-1.134568303E-01
-1.164300311E-01-1.193355592E-01-1.221709576E-01-1.249335121E-01-1.276202379E-01
-1.302278931E-01-1.327529721E-01-1.351917113E-01-1.375401029E-01-1.397939079E-01
-1.419486611E-01-1.439996648E-01-1.459420263E-01-1.477706936E-01-1.494804311E-01
-1.510658669E-01-1.525215116E-01-1.538417729E-01-1.550209815E-01-1.560534271E-01
-1.569333656E-01-1.576550529E-01-1.582127734E-01-1.586008538E-01-1.588136987E-01
-1.588458042E-01-1.586917814E-01-1.583463899E-01-1.578045589E-01-1.570613415E-01
-1.561120729E-01-1.549522264E-01-1.535775074E-01-1.519839100E-01-1.501676383E-01
-1.481252402E-01-1.458532813E-01-1.433486757E-01-1.406089793E-01-1.376316858E-01
-1.344143826E-01-1.309551355E-01-1.272522339E-01-1.233043869E-01-1.191105892E-01
-1.146698158E-01-1.099812632E-01-1.050444242E-01-9.985925583E-02-9.442605912E-02
-8.874548770E-02-8.281851060E-02-7.664628613E-02-7.023020745E-02-6.357229787E-02
-5.667525047E-02-4.954224032E-02-4.217699294E-02-3.458375275E-02-2.676666767E-02
-1.872996910E-02-1.048188989E-02-2.038722188E-03 6.578070755E-03 1.536839702E-02
 2.432846537E-02 3.345114173E-02 4.272804885E-02 5.215125973E-02 6.171336415E-02
 7.140720231E-02 8.122591143E-02 9.116301246E-02 1.012124271E-01 1.113684425E-01
 1.216256523E-01 1.319789344E-01 1.424234655E-01 1.529546783E-01 1.635682039E-01
 1.742599030E-01 1.850258847E-01 1.958625179E-01 2.067664281E-01 2.177344719E-01
 2.287637064E-01 2.398513660E-01 2.509948571E-01 2.621917038E-01 2.734397854E-01
 2.847384220E-01 2.960793871E-01 3.427762447E-02 2.900994818E-02 2.379499042E-02
 1.864303506E-02 1.355487541E-02 8.533506826E-03 3.583745229E-03-1.303258346E-03
-6.169487573E-03-1.099911413E-02-1.575631451E-02-2.042979660E-02-2.502416986E-02
-2.954649873E-02-3.400130827E-02-3.839068678E-02-4.271592561E-02-4.697839232E-02
-5.117950441E-02-5.532058410E-02-5.940283853E-02-6.342741194E-02-6.739533222E-02
-7.130750818E-02-7.516471516E-02-7.896758935E-02-8.271661889E-02-8.641210633E-02
-9.005419453E-02-9.364283658E-02-9.717777674E-02-1.006585558E-01-1.040844912E-01
-1.074546544E-01-1.107678828E-01-1.140227543E-01-1.172175879E-01-1.203504314E-01
-1.234190552E-01-1.264209491E-01-1.293533159E-01-1.322130772E-01-1.349968678E-01
-1.377010412E-01-1.403216724E-01-1.428545659E-01-1.452952668E-01-1.476390819E-01
-1.498810861E-01-1.520161156E-01-1.540388291E-01-1.559437096E-01-1.577250712E-01
-1.593771130E-01-1.608939197E-01-1.622694948E-01-1.634977926E-01-1.645727394E-01
-1.654882537E-01-1.662382896E-01-1.668168502E-01-1.672180086E-01-1.674359542E-01
-1.674649933E-01-1.672995821E-01-1.669343562E-01-1.663641301E-01-1.655839379E-01
-1.645890583E-01-1.633749591E-01-1.619374440E-01-1.602725098E-01-1.583765918E-01
-1.562461455E-01-1.538779526E-01-1.512694930E-01-1.484182560E-01-1.453218010E-01
-1.419782058E-01-1.383857894E-01-1.345433409E-01-1.304499101E-01-1.261045013E-01
-1.215063821E-01-1.166551411E-01-1.115508039E-01-1.061937061E-01-1.005845159E-01
-9.472412782E-02-8.861351705E-02-8.225394784E-02-7.564737655E-02-6.879623398E-02
-6.170328755E-02-5.437178285E-02-4.680571223E-02-3.900992933E-02-3.098971742E-02
-2.274965870E-02-1.429527788E-02-5.639821000E-03 3.192822827E-03 1.219299936E-02
 2.135644083E-02 3.067801785E-02 4.014961234E-02 4.976300127E-02 5.951053804E-02
 6.938505926E-02 7.937983709E-02 8.948854481E-02 9.970520116E-02 1.100241499E-01
 1.204400683E-01 1.309479125E-01 1.415428704E-01 1.522203999E-01 1.629762476E-01
 1.738064580E-01 1.847073579E-01 1.956755257E-01 2.067077545E-01 2.178010372E-01
 2.289525707E-01 2.401597380E-01 2.514200197E-01 2.627312261E-01 2.740926201E-01
 2.854960123E-01 3.443473083E-02 2.909534501E-02 2.380652472E-02 1.857819962E-02
 1.341122079E-02 8.308615090E-03 3.274723680E-03-1.701093517E-03-6.658958214E-03
-1.157709276E-02-1.642118380E-02-2.118275363E-02-2.586755632E-02-3.048260577E-02
-3.503199927E-02-3.951763894E-02-4.394094159E-02-4.830343406E-02-5.260662828E-02
-5.685196727E-02-6.104081934E-02-6.517443378E-02-6.925393374E-02-7.328036167E-02
-7.725460867E-02-8.117742999E-02-8.504941590E-02-8.887099730E-02-9.264240750E-02
-9.636369196E-02-1.000346788E-01-1.036549891E-01-1.072239991E-01-1.107408336E-01
-1.142043652E-01-1.176131926E-01-1.209656356E-01-1.242597272E-01-1.274931955E-01
-1.306634705E-01-1.337676762E-01-1.368026266E-01-1.397648273E-01-1.426504834E-01
-1.454554934E-01-1.481754653E-01-1.508057261E-01-1.533413316E-01-1.557770961E-01
-1.581075989E-01-1.603271862E-01-1.624300399E-01-1.644101594E-01-1.662614131E-01
-1.679775541E-01-1.695522494E-01-1.709791133E-01-1.722517308E-01-1.733636834E-01
-1.743085903E-01-1.750801174E-01-1.756720161E-01-1.760781532E-01-1.762925224E-01
-1.763092748E-01-1.761227476E-01-1.757274917E-01-1.751182329E-01-1.742900265E-01
-1.732380900E-01-1.719579822E-01-1.704455069E-01-1.686969231E-01-1.667085530E-01
-1.644770257E-01-1.619996995E-01-1.592740419E-01-1.562975638E-01-1.530683413E-01
-1.495847218E-01-1.458455819E-01-1.418500352E-01-1.375971494E-01-1.330863097E-01
-1.283172667E-01-1.232901667E-01-1.180054709E-01-1.124639397E-01-1.066664431E-01
-1.006138720E-01-9.430754011E-02-8.774937985E-02-8.094161792E-02-7.388674651E-02
-6.658773473E-02-5.904823638E-02-5.127278532E-02-4.326666215E-02-3.503530737E-02
-2.658362259E-02-1.791660286E-02-9.045012260E-03 9.797065313E-06 9.226353118E-03
 1.860005813E-02 2.812642987E-02 3.779761318E-02 4.760538466E-02 5.754215724E-02
 6.760091352E-02 7.777502613E-02 8.805823085E-02 9.844463638E-02 1.089286576E-01
 1.195049846E-01 1.301686248E-01 1.409149218E-01 1.517395573E-01 1.626385229E-01
 1.736080837E-01 1.846447402E-01 1.957452227E-01 2.069064891E-01 2.181257014E-01
 2.294001763E-01 2.407273302E-01 2.521049443E-01 2.635322686E-01 2.750011851E-01
 3.459878183E-02 2.918885951E-02 2.382719811E-02 1.852336455E-02 1.327830743E-02
 8.095124694E-03 2.977627250E-03-2.086483485E-03-7.134522658E-03-1.213995653E-02
-1.707024058E-02-2.191941363E-02-2.669410811E-02-3.140119651E-02-3.604444423E-02
-4.062567703E-02-4.514642172E-02-4.960833076E-02-5.401305926E-02-5.836217888E-02
-6.265715472E-02-6.689937304E-02-7.109012619E-02-7.523055587E-02-7.932166207E-02
-8.336433591E-02-8.735928276E-02-9.130704593E-02-9.520796877E-02-9.906220940E-02
-1.028696742E-01-1.066300659E-01-1.103428277E-01-1.140071385E-01-1.176219110E-01
-1.211857699E-01-1.246970271E-01-1.281536968E-01-1.315534707E-01-1.348937122E-01
-1.381714603E-01-1.413834154E-01-1.445259405E-01-1.475950741E-01-1.505865328E-01
-1.534957123E-01-1.563177051E-01-1.590473152E-01-1.616790711E-01-1.642072622E-01
-1.666259457E-01-1.689289664E-01-1.711100113E-01-1.731626047E-01-1.750801662E-01
-1.768560211E-01-1.784834439E-01-1.799556791E-01-1.812659791E-01-1.824076273E-01
-1.833739648E-01-1.841584276E-01-1.847545586E-01-1.851560519E-01-1.853567550E-01
-1.853507080E-01-1.851321701E-01-1.846955949E-01-1.840357543E-01-1.831476210E-01
-1.820264728E-01-1.806679151E-01-1.790679580E-01-1.772227667E-01-1.751287856E-01
-1.727831895E-01-1.701833854E-01-1.673267968E-01-1.642114593E-01-1.608357219E-01
-1.571985294E-01-1.532990426E-01-1.491364074E-01-1.447101494E-01-1.400202223E-01
-1.350669433E-01-1.298509733E-01-1.243732223E-01-1.186345919E-01-1.126360348E-01
-1.063790682E-01-9.986563355E-02-9.309782953E-02-8.607800187E-02-7.880899839E-02
-7.129437553E-02-6.353838481E-02-5.554555183E-02-4.732068446E-02-3.886949427E-02
-3.019831717E-02-2.131289309E-02-1.222117600E-02-2.941338943E-03 6.497795563E-03
 1.608796507E-02 2.582394197E-02 3.569886034E-02 4.570482192E-02 5.583427368E-02
 6.608025810E-02 7.643624527E-02 8.689603477E-02 9.745375523E-02 1.081039093E-01
 1.188413905E-01 1.296614727E-01 1.405597701E-01 1.515321936E-01 1.625749207E-01
 1.736843933E-01 1.848573036E-01 1.960905526E-01 2.073812239E-01 2.187265861E-01
 2.301240465E-01 2.415713942E-01 2.530678772E-01 2.646054674E-01 3.476825552E-02
 2.928901062E-02 2.385574882E-02 1.847758659E-02 1.315547175E-02 7.892551319E-03
 2.692093532E-03-2.459624705E-03-7.596331058E-03-1.268776226E-02-1.770339627E-02
-2.263955044E-02-2.750351962E-02-3.230192967E-02-3.703821259E-02-4.171418303E-02
-4.633156070E-02-5.089216388E-02-5.539774685E-02-5.984998158E-02-6.425048746E-02
-6.860078888E-02-7.290227875E-02-7.715624925E-02-8.136387095E-02-8.552612728E-02
-8.964384227E-02-9.371768897E-02-9.774812381E-02-1.017354007E-01-1.056795390E-01
-1.095803250E-01-1.134372623E-01-1.172495885E-01-1.210162605E-01-1.247359160E-01
-1.284068718E-01-1.320271160E-01-1.355942954E-01-1.391057010E-01-1.425582701E-01
-1.459485802E-01-1.492728526E-01-1.525269441E-01-1.557063613E-01-1.588062772E-01
-1.618215331E-01-1.647466601E-01-1.675759035E-01-1.703032377E-01-1.729224074E-01
-1.754269363E-01-1.778101677E-01-1.800652980E-01-1.821854031E-01-1.841634754E-01
-1.859924556E-01-1.876652637E-01-1.891748305E-01-1.905141240E-01-1.916761817E-01
-1.926541345E-01-1.934412341E-01-1.940308841E-01-1.944166472E-01-1.945922806E-01
-1.945517535E-01-1.942892707E-01-1.937992810E-01-1.930765262E-01-1.921159924E-01
-1.909130475E-01-1.894633953E-01-1.877630240E-01-1.858081449E-01-1.835956779E-01
-1.811229137E-01-1.783871287E-01-1.753862536E-01-1.721185861E-01-1.685830876E-01
-1.647789162E-01-1.607052816E-01-1.563618418E-01-1.517487608E-01-1.468665639E-01
-1.417161550E-01-1.362986198E-01-1.306149604E-01-1.246663807E-01-1.184546761E-01
-1.119818560E-01-1.052500059E-01-9.826149357E-02-9.101921878E-02-8.352675753E-02
-7.578799354E-02-6.780678844E-02-5.958750061E-02-5.113564412E-02-4.245773932E-02
-3.356070530E-02-2.445081446E-02-1.513480254E-02-5.628597281E-03 4.038423322E-03
 1.384995101E-02 2.379966189E-02 3.388195920E-02 4.408919981E-02 5.441388090E-02
 6.484909196E-02 7.538833971E-02 8.602556073E-02 9.675514261E-02 1.075718974E-01
 1.184710127E-01 1.294480019E-01 1.404986849E-01 1.516191823E-01 1.628058854E-01
 1.740554056E-01 1.853645721E-01 1.967304415E-01 2.081502873E-01 2.196215324E-01
 2.311419845E-01 2.427108984E-01 2.543203545E-01 3.494235223E-02 2.939486733E-02
 2.389108768E-02 1.843972845E-02 1.304173970E-02 7.700228365E-03 2.417783042E-03
-2.820607826E-03-8.044509070E-03-1.322067565E-02-1.832069203E-02-2.334296174E-02
-2.829533404E-02-3.318415759E-02-3.801256676E-02-4.278239372E-02-4.749551074E-02
-5.215387757E-02-5.675941188E-02-6.131395191E-02-6.581923002E-02-7.027687403E-02
-7.468843929E-02-7.905536186E-02-8.337891280E-02-8.766023653E-02-9.190032079E-02
-9.609992240E-02-1.002596182E-01-1.043797767E-01-1.084605183E-01-1.125017064E-01
-1.165029375E-01-1.204634977E-01-1.243823782E-01-1.282582306E-01-1.320893696E-01
-1.358737571E-01-1.396089867E-01-1.432922621E-01-1.469204142E-01-1.504898854E-01
-1.539967196E-01-1.574365816E-01-1.608047654E-01-1.640961898E-01-1.673054312E-01
-1.704267324E-01-1.734540303E-01-1.763809857E-01-1.792010068E-01-1.819072929E-01
-1.844928472E-01-1.869505343E-01-1.892730942E-01-1.914532013E-01-1.934834781E-01
-1.953565417E-01-1.970650278E-01-1.986016166E-01-1.999590741E-01-2.011302635E-01
-2.021081804E-01-2.028859647E-01-2.034569325E-01-2.038145796E-01-2.039526239E-01
-2.038650184E-01-2.035459178E-01-2.029898242E-01-2.021914345E-01-2.011458380E-01
-1.998484088E-01-1.982949266E-01-1.964813156E-01-1.944041727E-01-1.920605979E-01
-1.894476448E-01-1.865630546E-01-1.834049953E-01-1.799723560E-01-1.762642097E-01
-1.722797764E-01-1.680188037E-01-1.634816298E-01-1.586689931E-01-1.535820380E-01
-1.482220195E-01-1.425901293E-01-1.366879890E-01-1.305176894E-01-1.240813917E-01
-1.173813349E-01-1.104200965E-01-1.032008262E-01-9.572707523E-02-8.800226214E-02
-8.002991101E-02-7.181442072E-02-6.336106944E-02-5.467568432E-02-4.576477954E-02
-3.663573809E-02-2.729586339E-02-1.775179170E-02-8.016879489E-03 1.881111590E-03
 1.191748832E-02 2.208417291E-02 3.237640848E-02 4.278678429E-02 5.330784537E-02
 6.393286909E-02 7.465568363E-02 8.547057805E-02 9.637225484E-02 1.073557827E-01
 1.184165847E-01 1.295504201E-01 1.407533347E-01 1.520216287E-01 1.633518630E-01
 1.747408600E-01 1.861856905E-01 1.976836494E-01 2.092321894E-01 2.208291465E-01
 2.324737774E-01 2.441582827E-01 3.512007229E-02 2.950569918E-02 2.393267577E-02
 1.840928037E-02 1.293650155E-02 7.517470352E-03 2.154129880E-03-3.169661021E-03
-8.479051973E-03-1.373857938E-02-1.892198005E-02-2.402945179E-02-2.906919423E-02
-3.404727241E-02-3.896664454E-02-4.382923955E-02-4.863707111E-02-5.339221321E-02
-5.809670392E-02-6.275251423E-02-6.736154465E-02-7.192560863E-02-7.644638526E-02
-8.092541222E-02-8.536412769E-02-8.976382078E-02-9.412557354E-02-9.845030951E-02
-1.027387507E-01-1.069913361E-01-1.112082964E-01-1.153895838E-01-1.195348654E-01
-1.236434848E-01-1.277144797E-01-1.317464972E-01-1.357378472E-01-1.396864558E-01
-1.435898422E-01-1.474451215E-01-1.512489925E-01-1.549977402E-01-1.586872267E-01
-1.623129053E-01-1.658698237E-01-1.693526305E-01-1.727556150E-01-1.760727178E-01
-1.792975488E-01-1.824234369E-01-1.854434567E-01-1.883504650E-01-1.911371413E-01
-1.937960113E-01-1.963195110E-01-1.987000004E-01-2.009298184E-01-2.030013107E-01
-2.049068534E-01-2.066388851E-01-2.081899446E-01-2.095526773E-01-2.107198643E-01
-2.116844407E-01-2.124395169E-01-2.129783825E-01-2.132945352E-01-2.133816883E-01
-2.132337799E-01-2.128450419E-01-2.122099157E-01-2.113231787E-01-2.101798952E-01
-2.087755784E-01-2.071058242E-01-2.051668489E-01-2.029554787E-01-2.004684633E-01
-1.977032545E-01-1.946577891E-01-1.913307677E-01-1.877210664E-01-1.838278132E-01
-1.796507698E-01-1.751903652E-01-1.704474997E-01-1.654234959E-01-1.601197465E-01
-1.545377373E-01-1.486795641E-01-1.425476233E-01-1.361443340E-01-1.294722798E-01
-1.225344599E-01-1.153343586E-01-1.078753710E-01-1.001606533E-01-9.219389614E-02
-8.397961295E-02-7.552275127E-02-6.682864771E-02-5.790332307E-02-4.875370636E-02
-3.938762281E-02-2.981304426E-02-2.003700897E-02-1.007078425E-02 5.972196187E-05
 1.032288089E-02 2.070827535E-02 3.121132577E-02 4.182510061E-02 5.254255242E-02
 6.335733873E-02 7.426362199E-02 8.525597570E-02 9.632937749E-02 1.074791763E-01
 1.187010316E-01 1.299909095E-01 1.413450846E-01 1.527601278E-01 1.642328834E-01
 1.757604530E-01 1.873401676E-01 1.989695136E-01 2.106463503E-01 2.223699275E-01
 2.341325834E-01 3.530036714E-02 2.962047857E-02 2.397962591E-02 1.838562054E-02
 1.283942830E-02 7.344138837E-03 1.901041131E-03-3.506877830E-03-8.900096034E-03
-1.424149107E-02-1.950701582E-02-2.469852480E-02-2.982447491E-02-3.489059425E-02
-3.989965457E-02-4.485370062E-02-4.975494194E-02-5.460561672E-02-5.940788566E-02
-6.416383482E-02-6.887549307E-02-7.354480884E-02-7.817362640E-02-8.276368269E-02
-8.731654829E-02-9.183360670E-02-9.631610472E-02-1.007651040E-01-1.051814060E-01
-1.095656124E-01-1.139180659E-01-1.182387669E-01-1.225274662E-01-1.267835569E-01
-1.310060971E-01-1.351937525E-01-1.393448167E-01-1.434571488E-01-1.475281841E-01
-1.515549293E-01-1.555339407E-01-1.594613264E-01-1.633327381E-01-1.671433856E-01
-1.708880432E-01-1.745610834E-01-1.781564828E-01-1.816678414E-01-1.850884440E-01
-1.884112732E-01-1.916290596E-01-1.947343210E-01-1.977194099E-01-2.005765490E-01
-2.032978650E-01-2.058754522E-01-2.083013968E-01-2.105678106E-01-2.126668640E-01
-2.145908103E-01-2.163320107E-01-2.178829590E-01-2.192362854E-01-2.203847819E-01
-2.213214115E-01-2.220393191E-01-2.225318306E-01-2.227924895E-01-2.228150544E-01
-2.225934911E-01-2.221220355E-01-2.213951524E-01-2.204076257E-01-2.191546406E-01
-2.176314497E-01-2.158338508E-01-2.137583118E-01-2.114012015E-01-2.087595795E-01
-2.058310429E-01-2.026139665E-01-1.991068949E-01-1.953087252E-01-1.912191201E-01
-1.868384725E-01-1.821677225E-01-1.772082466E-01-1.719615229E-01-1.664294009E-01
-1.606143805E-01-1.545191762E-01-1.481465969E-01-1.414997390E-01-1.345822003E-01
-1.273976899E-01-1.199494951E-01-1.122410429E-01-1.042764635E-01-9.606024533E-02
-8.759707115E-02-7.889208495E-02-6.995108416E-02-6.078046392E-02-5.138731294E-02
-4.177968074E-02-3.196621798E-02-2.195473749E-02-1.175523452E-02-1.392255541E-03
 9.097746612E-03 1.970181634E-02 3.041535623E-02 4.123209684E-02 5.214539932E-02
 6.314923137E-02 7.423807858E-02 8.540682088E-02 9.665069911E-02 1.079653206E-01
 1.193466496E-01 1.307909821E-01 1.422949215E-01 1.538553538E-01 1.654694207E-01
 1.771344866E-01 1.888480695E-01 2.006080496E-01 2.124136151E-01 2.242572051E-01
 3.548271195E-02 2.973857521E-02 2.403121266E-02 1.836798780E-02 1.274983626E-02
 7.179764677E-03 1.658384956E-03-3.832039107E-03-9.307296484E-03-1.472910376E-02
-2.007553053E-02-2.534981137E-02-3.056054726E-02-3.571320627E-02-4.081049912E-02
-4.585460099E-02-5.084784544E-02-5.579258765E-02-6.069115371E-02-6.554580962E-02
-7.035872930E-02-7.513198209E-02-7.986754324E-02-8.456728368E-02-8.923292927E-02
-9.386606682E-02-9.846808051E-02-1.030401104E-01-1.075831091E-01-1.120977989E-01
-1.165845745E-01-1.210435795E-01-1.254746274E-01-1.298771202E-01-1.342501518E-01
-1.385923785E-01-1.429020505E-01-1.471769743E-01-1.514144753E-01-1.556114294E-01
-1.597642225E-01-1.638687530E-01-1.679204412E-01-1.719142230E-01-1.758445908E-01
-1.797056005E-01-1.834908761E-01-1.871936876E-01-1.908069633E-01-1.943233294E-01
-1.977351765E-01-2.010346868E-01-2.042138925E-01-2.072647293E-01-2.101790689E-01
-2.129487559E-01-2.155656651E-01-2.180217395E-01-2.203090016E-01-2.224195769E-01
-2.243457240E-01-2.260798475E-01-2.276145031E-01-2.289424115E-01-2.300564636E-01
-2.309497231E-01-2.316154257E-01-2.320469904E-01-2.322380379E-01-2.321823519E-01
-2.318739852E-01-2.313071298E-01-2.304763047E-01-2.293763381E-01-2.280021528E-01
-2.263491053E-01-2.244132377E-01-2.221904778E-01-2.196774014E-01-2.168711584E-01
-2.137696581E-01-2.103709741E-01-2.066736101E-01-2.026769865E-01-1.983812930E-01
-1.937873216E-01-1.888963303E-01-1.837098095E-01-1.782299166E-01-1.724594257E-01
-1.664013692E-01-1.600590447E-01-1.534362059E-01-1.465370096E-01-1.393652720E-01
-1.319246115E-01-1.242191783E-01-1.162534476E-01-1.080319245E-01-9.955934669E-02
-9.084090401E-02-8.188216715E-02-7.268911742E-02-6.326834524E-02-5.362726983E-02
-4.377436831E-02-3.371902983E-02-2.346998813E-02-1.303668523E-02-2.442623743E-03
 8.273377117E-03 1.909520295E-02 3.001810702E-02 4.103645590E-02 5.214402128E-02
 6.333509863E-02 7.460448617E-02 8.594740527E-02 9.735948009E-02 1.088367088E-01
 1.203754338E-01 1.319723077E-01 1.436242590E-01 1.553284677E-01 1.670823345E-01
 1.788833760E-01 1.907294173E-01 2.026195749E-01 2.145464898E-01 3.566679525E-02
 2.985975217E-02 2.408720228E-02 1.835609457E-02 1.266736210E-02 7.023933384E-03
 1.425784763E-03-4.145347543E-03-9.700618656E-03-1.520105888E-02-2.062686393E-02
-2.598249639E-02-3.127657901E-02-3.651424965E-02-4.169814519E-02-4.683061514E-02
-5.191419364E-02-5.695139638E-02-6.194466742E-02-6.689638481E-02-7.180887742E-02
-7.668440399E-02-8.152510490E-02-8.633297574E-02-9.110986972E-02-9.585750056E-02
-1.005773901E-01-1.052708707E-01-1.099390291E-01-1.145826375E-01-1.192022136E-01
-1.237979871E-01-1.283697792E-01-1.329170933E-01-1.374390161E-01-1.419341524E-01
-1.464007180E-01-1.508364192E-01-1.552384658E-01-1.596035882E-01-1.639279507E-01
-1.682072266E-01-1.724365716E-01-1.766106292E-01-1.807235696E-01-1.847690925E-01
-1.887404704E-01-1.926306137E-01-1.964320747E-01-2.001371339E-01-2.037378262E-01
-2.072260188E-01-2.105934478E-01-2.138317762E-01-2.169326526E-01-2.198877435E-01
-2.226887615E-01-2.253275212E-01-2.277959695E-01-2.300861811E-01-2.321903831E-01
-2.341009689E-01-2.358104998E-01-2.373117009E-01-2.385974652E-01-2.396608508E-01
-2.404950787E-01-2.410935171E-01-2.414497012E-01-2.415573187E-01-2.414102497E-01
-2.410024964E-01-2.403283288E-01-2.393822298E-01-2.381588252E-01-2.366530239E-01
-2.348604014E-01-2.327764100E-01-2.303970735E-01-2.277190068E-01-2.247395301E-01
-2.214561143E-01-2.178667138E-01-2.139703495E-01-2.097667973E-01-2.052564792E-01
-2.004403348E-01-1.953197581E-01-1.898970052E-01-1.841749783E-01-1.781570027E-01
-1.718468688E-01-1.652490014E-01-1.583678650E-01-1.512075916E-01-1.437726678E-01
-1.360679425E-01-1.280982214E-01-1.198683602E-01-1.113834754E-01-1.026488328E-01
-9.366983598E-02-8.445225982E-02-7.500246662E-02-6.532752635E-02-5.543539671E-02
-4.533510593E-02-3.503660872E-02-2.454919290E-02-1.388202299E-02-3.058094567E-03
 7.881906252E-03 1.891917100E-02 3.004896934E-02 4.126620855E-02 5.256506550E-02
 6.394028055E-02 7.538711614E-02 8.690124901E-02 9.847873598E-02 1.101159734E-01
 1.218096629E-01 1.335567839E-01 1.453545352E-01 1.572002885E-01 1.690915490E-01
 1.810261583E-01 1.930032149E-01 2.050155979E-01 3.585159689E-02 2.998336729E-02
 2.414728728E-02 1.834986553E-02 1.259203940E-02 6.876696443E-03 1.203268645E-03
-4.446797951E-03-1.008009420E-02-1.565732401E-02-2.116076905E-02-2.659598268E-02
-3.197157920E-02-3.729244002E-02-4.256119685E-02-4.778032698E-02-5.295246871E-02
-5.808025811E-02-6.316632061E-02-6.821322833E-02-7.322345954E-02-7.819938900E-02
-8.314328913E-02-8.805734006E-02-9.294357499E-02-9.780383217E-02-1.026397479E-01
-1.074527642E-01-1.122440760E-01-1.170146171E-01-1.217650227E-01-1.264955279E-01
-1.312060250E-01-1.358960488E-01-1.405646288E-01-1.452104001E-01-1.498314816E-01
-1.544254410E-01-1.589893657E-01-1.635197739E-01-1.680126141E-01-1.724633089E-01
-1.768667019E-01-1.812171079E-01-1.855083406E-01-1.897337367E-01-1.938861900E-01
-1.979582302E-01-2.019420288E-01-2.058295144E-01-2.096123798E-01-2.132821893E-01
-2.168304099E-01-2.202484807E-01-2.235278580E-01-2.266600738E-01-2.296367594E-01
-2.324496678E-01-2.350907291E-01-2.375520444E-01-2.398258862E-01-2.419047145E-01
-2.437811691E-01-2.454480662E-01-2.468983757E-01-2.481252278E-01-2.491218932E-01
-2.498817683E-01-2.503983715E-01-2.506653663E-01-2.506764969E-01-2.504256560E-01
-2.499068850E-01-2.491143807E-01-2.480425068E-01-2.466857403E-01-2.450391838E-01
-2.430978074E-01-2.408570493E-01-2.383129318E-01-2.354620952E-01-2.323012983E-01
-2.288278264E-01-2.250401465E-01-2.209373893E-01-2.165193857E-01-2.117865567E-01
-2.067400060E-01-2.013818200E-01-1.957148654E-01-1.897426364E-01-1.834693503E-01
-1.768998060E-01-1.700386609E-01-1.628908274E-01-1.554617038E-01-1.477567237E-01
-1.397813091E-01-1.315410362E-01-1.230414478E-01-1.142879556E-01-1.052860824E-01
-9.604169585E-02-8.656113473E-02-7.685137016E-02-6.692002682E-02-5.677540326E-02
-4.642673329E-02-3.588434103E-02-2.515813106E-02-1.425752554E-02-3.205793210E-03
 7.954549919E-03 1.920319096E-02 3.053577389E-02 4.194775233E-02 5.343384504E-02
 6.498932810E-02 7.660995383E-02 8.829184373E-02 1.000314625E-01 1.118255586E-01
 1.236711111E-01 1.355653237E-01 1.475056010E-01 1.594894937E-01 1.715148559E-01
 1.835807181E-01 1.956802247E-01 3.603560073E-02 3.010810363E-02 2.421041040E-02
 1.834857099E-02 1.252350938E-02 6.738040627E-03 9.910836817E-04-4.735996139E-03
-1.044531707E-02-1.609750626E-02-2.167683533E-02-2.718978757E-02-3.264491568E-02
-3.804688574E-02-4.339838513E-02-4.870206801E-02-5.396072499E-02-5.917712547E-02
-6.435399965E-02-6.949402236E-02-7.459981723E-02-7.967396026E-02-8.471891198E-02
-8.973697758E-02-9.473030066E-02-9.970087560E-02-1.046505183E-01-1.095807923E-01
-1.144929802E-01-1.193880916E-01-1.242668248E-01-1.291295217E-01-1.339761535E-01
-1.388061955E-01-1.436186713E-01-1.484121651E-01-1.531846526E-01-1.579336319E-01
-1.626559837E-01-1.673479845E-01-1.720053443E-01-1.766231768E-01-1.811960053E-01
-1.857177759E-01-1.901819269E-01-1.945814023E-01-1.989086989E-01-2.031559477E-01
-2.073149453E-01-2.113772698E-01-2.153342887E-01-2.191772942E-01-2.228975105E-01
-2.264861968E-01-2.299346793E-01-2.332344011E-01-2.363769707E-01-2.393541693E-01
-2.421579715E-01-2.447805769E-01-2.472143815E-01-2.494519838E-01-2.514861819E-01
-2.533099478E-01-2.549164079E-01-2.562988319E-01-2.574506048E-01-2.583652240E-01
-2.590362678E-01-2.594573936E-01-2.596223231E-01-2.595248857E-01-2.591589333E-01
-2.585184560E-01-2.575975784E-01-2.563903961E-01-2.548915623E-01-2.530955865E-01
-2.509973234E-01-2.485921807E-01-2.458760706E-01-2.428449635E-01-2.394954208E-01
-2.358252044E-01-2.318325966E-01-2.275166524E-01-2.228770740E-01-2.179144132E-01
-2.126303453E-01-2.070275049E-01-2.011093112E-01-1.948801611E-01-1.883448172E-01
-1.815083523E-01-1.743765320E-01-1.669554073E-01-1.592511513E-01-1.512701519E-01
-1.430187169E-01-1.345028373E-01-1.257284093E-01-1.167014584E-01-1.074282320E-01
-9.791531278E-02-8.816958781E-02-7.819830222E-02-6.800927312E-02-5.761111275E-02
-4.701350701E-02-3.622734178E-02-2.526314681E-02-1.413085866E-02-2.854945578E-03
 8.520272529E-03 1.997472656E-02 3.150486387E-02 4.310659664E-02 5.477517547E-02
 6.650640173E-02 7.829648588E-02 9.014193176E-02 1.020395178E-01 1.139862722E-01
 1.259794510E-01 1.380164801E-01 1.500949125E-01 1.622126380E-01 1.743687144E-01
 1.865566572E-01 3.621765178E-02 3.023276887E-02 2.427539935E-02 1.835114048E-02
 1.246088625E-02 6.607337448E-03 7.889203574E-04-5.012893829E-03-1.079592632E-02
-1.652097732E-02-2.217423936E-02-2.776297821E-02-3.329560267E-02-3.877656073E-02
-4.420860114E-02-4.959455449E-02-5.493737148E-02-6.023998053E-02-6.550527082E-02
-7.073607225E-02-7.593514585E-02-8.110516974E-02-8.624871132E-02-9.136823872E-02
-9.646609923E-02-1.015444383E-01-1.066051620E-01-1.116499366E-01-1.166801973E-01
-1.216970659E-01-1.267012828E-01-1.316932108E-01-1.366728156E-01-1.416395986E-01
-1.465925965E-01-1.515302457E-01-1.564504125E-01-1.613504371E-01-1.662269526E-01
-1.710760453E-01-1.758931017E-01-1.806728942E-01-1.854095820E-01-1.900967364E-01
-1.947273991E-01-1.992940801E-01-2.037888740E-01-2.082035083E-01-2.125294223E-01
-2.167578372E-01-2.208798341E-01-2.248864547E-01-2.287687308E-01-2.325177856E-01
-2.361248787E-01-2.395814295E-01-2.428790779E-01-2.460096985E-01-2.489653982E-01
-2.517385307E-01-2.543216918E-01-2.567076850E-01-2.588895309E-01-2.608604230E-01
-2.626137065E-01-2.641428494E-01-2.654414176E-01-2.665030570E-01-2.673214626E-01
-2.678903615E-01-2.682035091E-01-2.682546934E-01-2.680376750E-01-2.675463007E-01
-2.667744751E-01-2.657159920E-01-2.643650975E-01-2.627158820E-01-2.607626526E-01
-2.585002169E-01-2.559237575E-01-2.530284227E-01-2.498100601E-01-2.462655776E-01
-2.423922940E-01-2.381883544E-01-2.336525274E-01-2.287845970E-01-2.235856367E-01
-2.180577291E-01-2.122039745E-01-2.060284391E-01-1.995357457E-01-1.927314383E-01
-1.856217222E-01-1.782132585E-01-1.705132065E-01-1.625288149E-01-1.542670074E-01
-1.457345573E-01-1.369382745E-01-1.278850163E-01-1.185816816E-01-1.090350893E-01
-9.925206790E-02-8.923972304E-02-7.900568232E-02-6.855825489E-02-5.790656734E-02
-4.706085309E-02-3.603258981E-02-2.483281516E-02-1.347210152E-02-1.977141325E-03
 9.606249043E-03 2.126004928E-02 3.298164145E-02 4.476729534E-02 5.661276458E-02
 6.851429536E-02 8.046847003E-02 9.247213254E-02 1.045223377E-01 1.166163591E-01
 1.287516961E-01 1.409260218E-01 1.531373818E-01 1.653849706E-01 1.776627257E-01
 3.639705864E-02 3.035678168E-02 2.434170872E-02 1.835701382E-02 1.240358901E-02
 6.484028389E-03 5.963185893E-04-5.277791457E-03-1.113203562E-02-1.692759089E-02
-2.265248946E-02-2.831468074E-02-3.392242919E-02-3.948002065E-02-4.499027812E-02
-5.045615649E-02-5.588071799E-02-6.126702021E-02-6.661811278E-02-7.193699185E-02
-7.722658310E-02-8.248972703E-02-8.772914807E-02-9.294743902E-02-9.814703352E-02
-1.033301746E-01-1.084989330E-01-1.136551469E-01-1.188003292E-01-1.239356404E-01
-1.290619022E-01-1.341795573E-01-1.392885578E-01-1.443883433E-01-1.494778475E-01
-1.545554279E-01-1.596188685E-01-1.646652549E-01-1.696909860E-01-1.746918731E-01
-1.796629496E-01-1.845986754E-01-1.894927800E-01-1.943384373E-01-1.991282441E-01
-2.038542922E-01-2.085082756E-01-2.130815146E-01-2.175650890E-01-2.219498987E-01
-2.262267683E-01-2.303865227E-01-2.344200570E-01-2.383184199E-01-2.420728482E-01
-2.456748084E-01-2.491160409E-01-2.523885691E-01-2.554846998E-01-2.583970138E-01
-2.611183516E-01-2.636417895E-01-2.659606243E-01-2.680683242E-01-2.699584965E-01
-2.716248634E-01-2.730612185E-01-2.742613988E-01-2.752192639E-01-2.759286670E-01
-2.763834433E-01-2.765773757E-01-2.765042150E-01-2.761577119E-01-2.755315919E-01
-2.746194362E-01-2.734151343E-01-2.719124153E-01-2.701050979E-01-2.679874323E-01
-2.655539081E-01-2.627988717E-01-2.597175079E-01-2.563057504E-01-2.525599472E-01
-2.484772210E-01-2.440552434E-01-2.392929308E-01-2.341905484E-01-2.287492793E-01
-2.229715611E-01-2.168607632E-01-2.104213714E-01-2.036588985E-01-1.965797525E-01
-1.891913055E-01-1.815014187E-01-1.735178500E-01-1.652483858E-01-1.567009893E-01
-1.478836784E-01-1.388043260E-01-1.294704082E-01-1.198891105E-01-1.100675867E-01
-1.000131746E-01-8.973353115E-02-7.923681518E-02-6.853183893E-02-5.762823760E-02
-4.653676708E-02-3.526944907E-02-2.383766694E-02-1.225299961E-02-5.457866017E-04
 1.123798702E-02 2.308378303E-02 3.498979549E-02 4.695252141E-02 5.896815390E-02
 7.103329656E-02 8.314484580E-02 9.529996925E-02 1.074961019E-01 1.197309541E-01
 1.320024320E-01 1.443087661E-01 1.566492355E-01 1.690181393E-01 3.657235448E-02
 3.047906258E-02 2.440867106E-02 1.836589456E-02 1.235158783E-02 6.368230658E-03
 4.134584982E-04-5.530506303E-03-1.145349900E-02-1.731718195E-02-2.311131513E-02
-2.884443708E-02-3.452467426E-02-4.015620432E-02-4.574196179E-02-5.128505055E-02
-5.678866511E-02-6.225598983E-02-6.769018297E-02-7.309435232E-02-7.847155239E-02
-8.382478575E-02-8.915694411E-02-9.447077603E-02-9.976886681E-02-1.050536005E-01
-1.103271341E-01-1.155913512E-01-1.208478339E-01-1.260978767E-01-1.313423825E-01
-1.365817640E-01-1.418159408E-01-1.470443570E-01-1.522658704E-01-1.574786711E-01
-1.626803118E-01-1.678676762E-01-1.730369683E-01-1.781836341E-01-1.833023496E-01
-1.883871913E-01-1.934314617E-01-1.984279354E-01-2.033687256E-01-2.082455224E-01
-2.130495889E-01-2.177718717E-01-2.224031023E-01-2.269339021E-01-2.313548649E-01
-2.356566596E-01-2.398300950E-01-2.438661903E-01-2.477562223E-01-2.514917731E-01
-2.550647459E-01-2.584673710E-01-2.616922016E-01-2.647321015E-01-2.675802168E-01
-2.702299360E-01-2.726748693E-01-2.749088023E-01-2.769256438E-01-2.787193989E-01
-2.802841263E-01-2.816138928E-01-2.827027548E-01-2.835447260E-01-2.841337511E-01
-2.844636816E-01-2.845282991E-01-2.843212842E-01-2.838362474E-01-2.830666389E-01
-2.820060458E-01-2.806479010E-01-2.789856104E-01-2.770129272E-01-2.747237104E-01
-2.721115767E-01-2.691711081E-01-2.658972239E-01-2.622853589E-01-2.583314902E-01
-2.540322037E-01-2.493855343E-01-2.443905888E-01-2.390474972E-01-2.333576364E-01
-2.273236260E-01-2.209493425E-01-2.142399198E-01-2.072019654E-01-1.998431119E-01
-1.921712892E-01-1.841948689E-01-1.759228195E-01-1.673644438E-01-1.585289339E-01
-1.494249812E-01-1.400608578E-01-1.304445919E-01-1.205840681E-01-1.104870971E-01
-1.001615721E-01-8.961561955E-02-7.885784506E-02-6.789754054E-02-5.674486801E-02
-4.541117534E-02-3.390902894E-02-2.224997459E-02-1.044724151E-02 1.463601016E-03
 1.343896996E-02 2.546833913E-02 3.755039288E-02 4.968182012E-02 6.185926703E-02
 7.407984464E-02 8.634099287E-02 9.864040878E-02 1.109760065E-01 1.233458539E-01
 1.357482827E-01 1.481825804E-01 1.606434004E-01 3.674217422E-02 3.059822454E-02
 2.447497064E-02 1.837666688E-02 1.230410692E-02 6.259621390E-03 2.404975420E-04
-5.770481796E-03-1.175953262E-02-1.768887757E-02-2.354983392E-02-2.935138779E-02
-3.510147993E-02-4.080419186E-02-4.646258561E-02-5.207992724E-02-5.765956192E-02
-6.320482060E-02-6.871900144E-02-7.420534946E-02-7.966705252E-02-8.510722364E-02
-9.052885944E-02-9.593482255E-02-1.013278432E-01-1.067104542E-01-1.120849371E-01
-1.174532920E-01-1.228171934E-01-1.281779455E-01-1.335364193E-01-1.388930375E-01
-1.442477682E-01-1.495999785E-01-1.549483591E-01-1.602909695E-01-1.656252085E-01
-1.709476875E-01-1.762542414E-01-1.815399802E-01-1.867992827E-01-1.920257738E-01
-1.972123120E-01-2.023512282E-01-2.074341920E-01-2.124524898E-01-2.173969346E-01
-2.222581338E-01-2.270265107E-01-2.316924401E-01-2.362463288E-01-2.406787408E-01
-2.449804438E-01-2.491424849E-01-2.531562581E-01-2.570135050E-01-2.607063457E-01
-2.642272656E-01-2.675691187E-01-2.707250853E-01-2.736886536E-01-2.764535639E-01
-2.790137680E-01-2.813633891E-01-2.834966637E-01-2.854079031E-01-2.870914495E-01
-2.885416246E-01-2.897527061E-01-2.907188870E-01-2.914342536E-01-2.918927742E-01
-2.920882763E-01-2.920144259E-01-2.916647692E-01-2.910326838E-01-2.901115146E-01
-2.888944657E-01-2.873746092E-01-2.855452696E-01-2.833997526E-01-2.809310690E-01
-2.781332148E-01-2.750001766E-01-2.715265273E-01-2.677070418E-01-2.635374012E-01
-2.590146516E-01-2.541365183E-01-2.489019491E-01-2.433111634E-01-2.373657023E-01
-2.310684888E-01-2.244242897E-01-2.174393981E-01-2.101208374E-01-2.024765962E-01
-1.945158848E-01-1.862487788E-01-1.776855459E-01-1.688361903E-01-1.597104718E-01
-1.503179291E-01-1.406677657E-01-1.307688114E-01-1.206295317E-01-1.102582160E-01
-9.966320934E-02-8.885313102E-02-7.783710149E-02-6.662493554E-02-5.522731687E-02
-4.365615106E-02-3.192445738E-02-2.004385563E-02-8.030538554E-03 4.073176141E-03
 1.622924338E-02 2.843187221E-02 4.067997252E-02 5.297066953E-02 6.530128183E-02
 7.766947621E-02 9.007312352E-02 1.025102569E-01 1.149790505E-01 1.274779571E-01
 1.400063399E-01 1.525592746E-01 3.690620161E-02 3.071382722E-02 2.454004237E-02
 1.838866702E-02 1.226043754E-02 6.157527833E-03 7.690987223E-05-5.998006184E-03
-1.205008160E-02-1.804218358E-02-2.396710256E-02-2.983422417E-02-3.565132310E-02
-4.142239107E-02-4.715056968E-02-5.283922758E-02-5.849181456E-02-6.411179587E-02
-6.970262303E-02-7.526769852E-02-8.081036111E-02-8.633386491E-02-9.184134188E-02
-9.733577860E-02-1.028200019E-01-1.082966242E-01-1.137680036E-01-1.192362377E-01
-1.247030979E-01-1.301699484E-01-1.356377045E-01-1.411067825E-01-1.465770345E-01
-1.520476799E-01-1.575173233E-01-1.629839111E-01-1.684445668E-01-1.738955926E-01
-1.793325659E-01-1.847502500E-01-1.901425443E-01-1.955026196E-01-2.008229802E-01
-2.060954821E-01-2.113113362E-01-2.164614078E-01-2.215361342E-01-2.265258122E-01
-2.314205513E-01-2.362105316E-01-2.408860335E-01-2.454375656E-01-2.498559069E-01
-2.541321978E-01-2.582579899E-01-2.622252295E-01-2.660263021E-01-2.696539971E-01
-2.731014961E-01-2.763623361E-01-2.794303622E-01-2.822996850E-01-2.849646174E-01
-2.874196374E-01-2.896593180E-01-2.916782862E-01-2.934711753E-01-2.950325757E-01
-2.963569939E-01-2.974388233E-01-2.982723198E-01-2.988515690E-01-2.991704719E-01
-2.992227394E-01-2.990018977E-01-2.985012795E-01-2.977140507E-01-2.966332507E-01
-2.952516956E-01-2.935623497E-01-2.915580411E-01-2.892313416E-01-2.865756238E-01
-2.835841336E-01-2.802505498E-01-2.765686124E-01-2.725332904E-01-2.681403329E-01
-2.633862228E-01-2.582686548E-01-2.527865549E-01-2.469401003E-01-2.407314169E-01
-2.341644730E-01-2.272442594E-01-2.199771759E-01-2.123714801E-01-2.044369213E-01
-1.961839320E-01-1.876232523E-01-1.787659169E-01-1.696230845E-01-1.602056897E-01
-1.505241892E-01-1.405884453E-01-1.304078385E-01-1.199913933E-01-1.093479479E-01
-9.848635300E-02-8.741567043E-02-7.614542340E-02-6.468589165E-02-5.304836609E-02
-4.124557909E-02-2.929110710E-02-1.719676795E-02-4.983702738E-03 7.299136836E-03
 1.962413113E-02 3.198955060E-02 4.439412779E-02 5.683530233E-02 6.931084820E-02
 8.181880391E-02 9.435739046E-02 1.069249687E-01 1.195201574E-01 1.321424091E-01
 1.447872227E-01 3.706457635E-02 3.082601333E-02 2.460402955E-02 1.840203559E-02
 1.222071032E-02 6.062076546E-03-7.716664572E-05-6.212985993E-03-1.232508888E-02
-1.837702520E-02-2.436293532E-02-3.029252302E-02-3.617340624E-02-4.200954038E-02
-4.780419526E-02-5.356087840E-02-5.928316054E-02-6.497460445E-02-7.063874721E-02
-7.627908370E-02-8.189906271E-02-8.750208201E-02-9.309142870E-02-9.867023378E-02
-1.042414447E-01-1.098077859E-01-1.153717073E-01-1.209353612E-01-1.265005426E-01
-1.320686218E-01-1.376405200E-01-1.432166520E-01-1.487968227E-01-1.543801799E-01
-1.599651664E-01-1.655494423E-01-1.711298469E-01-1.767024718E-01-1.822625785E-01
-1.878044747E-01-1.933216671E-01-1.988069577E-01-2.042523459E-01-2.096491685E-01
-2.149882967E-01-2.202601927E-01-2.254549156E-01-2.305624583E-01-2.355727065E-01
-2.404756988E-01-2.452616003E-01-2.499209212E-01-2.544445159E-01-2.588236624E-01
-2.630501069E-01-2.671160582E-01-2.710141892E-01-2.747376233E-01-2.782798985E-01
-2.816349234E-01-2.847969160E-01-2.877603609E-01-2.905199432E-01-2.930704859E-01
-2.954069089E-01-2.975241549E-01-2.994171461E-01-3.010807382E-01-3.025096765E-01
-3.036985640E-01-3.046418275E-01-3.053336869E-01-3.057681453E-01-3.059389783E-01
-3.058397287E-01-3.054637111E-01-3.048039737E-01-3.038534412E-01-3.026047438E-01
-3.010505534E-01-2.991832864E-01-2.969952432E-01-2.944791513E-01-2.916277171E-01
-2.884336587E-01-2.848900671E-01-2.809911216E-01-2.767312530E-01-2.721058443E-01
-2.671113461E-01-2.617451562E-01-2.560064480E-01-2.498963094E-01-2.434169161E-01
-2.365720685E-01-2.293678636E-01-2.218123817E-01-2.139148775E-01-2.056856606E-01
-1.971361246E-01-1.882784080E-01-1.791249002E-01-1.696877438E-01-1.599786688E-01
-1.500088735E-01-1.397889545E-01-1.293289237E-01-1.186382820E-01-1.077262132E-01
-9.660192357E-02-8.527494797E-02-7.375548057E-02-6.205456135E-02-5.018428576E-02
-3.815812357E-02-2.598964374E-02-1.369127122E-02-1.292277818E-03 1.115603524E-02
 2.363921156E-02 3.615722487E-02 4.870838160E-02 6.129061278E-02 7.390217090E-02
 8.654149252E-02 9.920712636E-02 1.118978310E-01 1.246130870E-01 1.373487751E-01
 3.721713905E-02 3.093475094E-02 2.466702349E-02 1.841697381E-02 1.218522017E-02
 5.973633890E-03-2.213099292E-04-6.414890668E-03-1.258392895E-02-1.869269633E-02
-2.473657408E-02-3.072551787E-02-3.666697691E-02-4.256487092E-02-4.842258254E-02
-5.424374258E-02-6.003204749E-02-6.579119058E-02-7.152484182E-02-7.723662939E-02
-8.293012192E-02-8.860880554E-02-9.427604149E-02-9.993503654E-02-1.055888313E-01
-1.112402753E-01-1.168919376E-01-1.225460485E-01-1.282044514E-01-1.338685422E-01
-1.395392151E-01-1.452168103E-01-1.509010277E-01-1.565908822E-01-1.622846674E-01
-1.679798562E-01-1.736730679E-01-1.793600461E-01-1.850355997E-01-1.906936509E-01
-1.963273855E-01-2.019291341E-01-2.074903943E-01-2.130021465E-01-2.184548565E-01
-2.238385007E-01-2.291428886E-01-2.343577726E-01-2.394728266E-01-2.444779656E-01
-2.493633325E-01-2.541194862E-01-2.587373736E-01-2.632084655E-01-2.675247439E-01
-2.716786970E-01-2.756633197E-01-2.794720913E-01-2.830989120E-01-2.865380652E-01
-2.897841480E-01-2.928320188E-01-2.956767278E-01-2.983134465E-01-3.007374164E-01
-3.029438919E-01-3.049280833E-01-3.066851064E-01-3.082099398E-01-3.094973913E-01
-3.105420599E-01-3.113383143E-01-3.118802753E-01-3.121617948E-01-3.121764492E-01
-3.119175650E-01-3.113781282E-01-3.105509853E-01-3.094286382E-01-3.080035299E-01
-3.062677272E-01-3.042133845E-01-3.018326401E-01-2.991177243E-01-2.960605487E-01
-2.926538528E-01-2.888907286E-01-2.847646666E-01-2.802700215E-01-2.754017925E-01
-2.701563596E-01-2.645318806E-01-2.585274642E-01-2.521438008E-01-2.453840133E-01
-2.382533842E-01-2.307586949E-01-2.229084543E-01-2.147130300E-01-2.061842685E-01
-1.973349177E-01-1.881781766E-01-1.787274121E-01-1.689957971E-01-1.589959958E-01
-1.487399060E-01-1.382385726E-01-1.275023673E-01-1.165412129E-01-1.053648888E-01
-9.398323829E-02-8.240640490E-02-7.064506363E-02-5.871071058E-02-4.661604785E-02
-3.437522587E-02-2.200166548E-02-9.510810831E-03 3.056281731E-03 1.565736526E-02
 2.828748926E-02 4.094713515E-02 5.363463189E-02 6.634836655E-02 7.908693106E-02
 9.184898814E-02 1.046333885E-01 1.174396486E-01 1.302640998E-01 3.736309853E-02
 3.103946774E-02 2.472863326E-02 1.843323486E-02 1.215384579E-02 5.892195457E-03
-3.554144172E-04-6.603432285E-03-1.282612541E-02-1.898851778E-02-2.508713256E-02
-3.113212903E-02-3.713079223E-02-4.308701883E-02-4.900429653E-02-5.488636471E-02
-6.073702503E-02-6.656007771E-02-7.235930234E-02-7.813844105E-02-8.390118252E-02
-8.965113850E-02-9.539179754E-02-1.011264861E-01-1.068583356E-01-1.125902416E-01
-1.183247992E-01-1.240642556E-01-1.298104878E-01-1.355649459E-01-1.413285349E-01
-1.471015398E-01-1.528835688E-01-1.586734887E-01-1.644693800E-01-1.702684683E-01
-1.760670780E-01-1.818606395E-01-1.876436457E-01-1.934096723E-01-1.991514117E-01
-2.048606742E-01-2.105285876E-01-2.161457816E-01-2.217022645E-01-2.271876802E-01
-2.325916229E-01-2.379035236E-01-2.431129382E-01-2.482097521E-01-2.531841031E-01
-2.580266152E-01-2.627284017E-01-2.672811512E-01-2.716770891E-01-2.759090186E-01
-2.799702779E-01-2.838546890E-01-2.875565280E-01-2.910704522E-01-2.943914336E-01
-2.975146872E-01-3.004356116E-01-3.031497198E-01-3.056525657E-01-3.079396953E-01
-3.100065926E-01-3.118486233E-01-3.134609884E-01-3.148386960E-01-3.159765181E-01
-3.168689730E-01-3.175102988E-01-3.178944322E-01-3.180150118E-01-3.178653821E-01
-3.174385170E-01-3.167272100E-01-3.157238792E-01-3.144208005E-01-3.128097648E-01
-3.108828148E-01-3.086316578E-01-3.060479583E-01-3.031232478E-01-2.998497738E-01
-2.962197002E-01-2.922257703E-01-2.878611598E-01-2.831199247E-01-2.779976301E-01
-2.724905418E-01-2.665962768E-01-2.603147360E-01-2.536478057E-01-2.465989708E-01
-2.391738505E-01-2.313804132E-01-2.232286793E-01-2.147302350E-01-2.058980549E-01
-1.967461197E-01-1.872889276E-01-1.775409335E-01-1.675160682E-01-1.572275666E-01
-1.466878798E-01-1.359087090E-01-1.249010244E-01-1.136752111E-01-1.022413136E-01
-9.060940920E-02-7.878999665E-02-6.679435405E-02-5.463478717E-02-4.232499392E-02
-2.987972675E-02-1.731217246E-02-4.644460184E-03 8.071732797E-03 2.081257686E-02
 3.357828465E-02 4.636855862E-02 5.918187263E-02 7.201694718E-02 8.487262714E-02
 9.774793463E-02 1.106425031E-01 1.235531480E-01 3.750109872E-02 3.113900939E-02
 2.478791482E-02 1.845009306E-02 1.212607685E-02 5.817448360E-03-4.796300786E-04
-6.778649340E-03-1.305160268E-02-1.926425581E-02-2.541416763E-02-3.151166660E-02
-3.756389796E-02-4.357476349E-02-4.954786402E-02-5.548704588E-02-6.139620447E-02
-6.727923147E-02-7.314000042E-02-7.898235110E-02-8.481007124E-02-9.062687269E-02
-9.643634369E-02-1.022419052E-01-1.080467761E-01-1.138539375E-01-1.196660717E-01
-1.254854920E-01-1.313140861E-01-1.371532533E-01-1.430038156E-01-1.488659551E-01
-1.547391933E-01-1.606223075E-01-1.665132034E-01-1.724088646E-01-1.783053220E-01
-1.841976545E-01-1.900799810E-01-1.959454611E-01-2.017863726E-01-2.075941744E-01
-2.133596188E-01-2.190728373E-01-2.247234359E-01-2.303008412E-01-2.357944112E-01
-2.411933462E-01-2.464871556E-01-2.516656656E-01-2.567190320E-01-2.616380445E-01
-2.664139955E-01-2.710387875E-01-2.755049379E-01-2.798055669E-01-2.839343424E-01
-2.878854470E-01-2.916535200E-01-2.952335815E-01-2.986209590E-01-3.018112129E-01
-3.048000768E-01-3.075833748E-01-3.101569606E-01-3.125166554E-01-3.146581944E-01
-3.165771809E-01-3.182690261E-01-3.197289257E-01-3.209518208E-01-3.219323713E-01
-3.226649320E-01-3.231435403E-01-3.233619031E-01-3.233133910E-01-3.229910014E-01
-3.223874923E-01-3.214952279E-01-3.203063732E-01-3.188125467E-01-3.170056049E-01
-3.148770189E-01-3.124178840E-01-3.096196827E-01-3.064738978E-01-3.029721568E-01
-2.991063610E-01-2.948688437E-01-2.902531112E-01-2.852530994E-01-2.798637758E-01
-2.740820592E-01-2.679064277E-01-2.613368688E-01-2.543755882E-01-2.470272525E-01
-2.392987426E-01-2.311991163E-01-2.227395743E-01-2.139331777E-01-2.047943397E-01
-1.953381949E-01-1.855801974E-01-1.755357100E-01-1.652196173E-01-1.546459361E-01
-1.438275979E-01-1.327764645E-01-1.215035820E-01-1.100195400E-01-9.833480076E-02
-8.646001074E-02-7.440633780E-02-6.218577320E-02-4.981145194E-02-3.729799323E-02
-2.466003669E-02-1.191220686E-02 9.102698038E-04 1.375902883E-02 2.662735378E-02
 3.951666478E-02 5.242595233E-02 6.535411060E-02 7.830020009E-02 9.126342466E-02
 1.042434956E-01 1.172376416E-01 3.762975991E-02 3.123211932E-02 2.484377364E-02
 1.846665399E-02 1.210124525E-02 5.748969468E-03-5.941351636E-04-6.940544502E-03
-1.326022985E-02-1.951965981E-02-2.571731384E-02-3.186365201E-02-3.796569377E-02
-4.402735607E-02-5.005234545E-02-5.604460855E-02-6.200813352E-02-6.794690708E-02
-7.386490176E-02-7.976605848E-02-8.565426108E-02-9.153330540E-02-9.740685907E-02
-1.032784171E-01-1.091512651E-01-1.150284412E-01-1.209126797E-01-1.268063313E-01
-1.327112938E-01-1.386289576E-01-1.445601338E-01-1.505049571E-01-1.564628140E-01
-1.624322682E-01-1.684109741E-01-1.743956474E-01-1.803820805E-01-1.863650845E-01
-1.923384273E-01-1.982948683E-01-2.042262628E-01-2.101236673E-01-2.159774172E-01
-2.217772787E-01-2.275126229E-01-2.331726102E-01-2.387462782E-01-2.442227004E-01
-2.495913813E-01-2.548421515E-01-2.599652289E-01-2.649515689E-01-2.697926183E-01
-2.744805650E-01-2.790082289E-01-2.833690203E-01-2.875569519E-01-2.915665526E-01
-2.953928052E-01-2.990310774E-01-3.024770294E-01-3.057265522E-01-3.087756850E-01
-3.116205458E-01-3.142572621E-01-3.166819104E-01-3.188904625E-01-3.208787328E-01
-3.226423307E-01-3.241766288E-01-3.254767246E-01-3.265374142E-01-3.273531695E-01
-3.279181214E-01-3.282260534E-01-3.282703795E-01-3.280441345E-01-3.275400548E-01
-3.267504716E-01-3.256674717E-01-3.242826243E-01-3.225875311E-01-3.205734695E-01
-3.182312786E-01-3.155521889E-01-3.125271663E-01-3.091473181E-01-3.054038361E-01
-3.012887338E-01-2.967942230E-01-2.919132222E-01-2.866401854E-01-2.809706031E-01
-2.749012903E-01-2.684310820E-01-2.615610052E-01-2.542942136E-01-2.466363181E-01
-2.385954825E-01-2.301822877E-01-2.214093238E-01-2.122909439E-01-2.028428861E-01
-1.930817080E-01-1.830240801E-01-1.726861443E-01-1.620831354E-01-1.512292592E-01
-1.401376735E-01-1.288205380E-01-1.172892399E-01-1.055547234E-01-9.362784659E-02
-8.151973366E-02-6.924214984E-02-5.680785361E-02-4.423095300E-02-3.152683716E-02
-1.870962722E-02-5.799842494E-03 7.151890498E-03 2.011946319E-02 3.310364161E-02
 4.610502539E-02 5.912261792E-02 7.215556770E-02 8.520317727E-02 9.826517244E-02
 1.113391672E-01 3.774837404E-02 3.131808999E-02 2.489553954E-02 1.848232688E-02
 1.207887933E-02 5.686449902E-03-6.990365361E-04-7.089044383E-03-1.345177172E-02
-1.975434093E-02-2.599604009E-02-3.218742730E-02-3.833540961E-02-4.444392617E-02
-5.051677764E-02-5.655799736E-02-6.257165655E-02-6.856182781E-02-7.453257196E-02
-8.048791815E-02-8.643183990E-02-9.236821924E-02-9.830080715E-02-1.042331790E-01
-1.101686913E-01-1.161104326E-01-1.220611661E-01-1.280232569E-01-1.339985966E-01
-1.399885395E-01-1.459938377E-01-1.520145487E-01-1.580499375E-01-1.640984078E-01
-1.701574524E-01-1.762235805E-01-1.822922732E-01-1.883579566E-01-1.944140000E-01
-2.004527937E-01-2.064658859E-01-2.124440036E-01-2.183771131E-01-2.242546190E-01
-2.300655987E-01-2.357989526E-01-2.414435546E-01-2.469884744E-01-2.524231402E-01
-2.577373490E-01-2.629214376E-01-2.679665688E-01-2.728644103E-01-2.776073799E-01
-2.821885739E-01-2.866017148E-01-2.908411757E-01-2.949017843E-01-2.987788600E-01
-3.024680819E-01-3.059654323E-01-3.092671000E-01-3.123694080E-01-3.152687404E-01
-3.179614775E-01-3.204439257E-01-3.227122706E-01-3.247625225E-01-3.265904728E-01
-3.281916538E-01-3.295613078E-01-3.306943597E-01-3.315853918E-01-3.322286287E-01
-3.326179226E-01-3.327467428E-01-3.326081750E-01-3.321949467E-01-3.314993722E-01
-3.305134664E-01-3.292288420E-01-3.276368831E-01-3.257285681E-01-3.234948426E-01
-3.209264537E-01-3.180140822E-01-3.147482783E-01-3.111200664E-01-3.071205045E-01
-3.027410693E-01-2.979743399E-01-2.928134638E-01-2.872526858E-01-2.812879112E-01
-2.749166953E-01-2.681385670E-01-2.609554007E-01-2.533716410E-01-2.453942116E-01
-2.370326271E-01-2.282989956E-01-2.192076906E-01-2.097747375E-01-2.000171253E-01
-1.899522874E-01-1.795975968E-01-1.689697960E-01-1.580846013E-01-1.469565363E-01
-1.355989126E-01-1.240239744E-01-1.122432423E-01-1.002679146E-01-8.810924148E-02
-7.577891250E-02-6.328939476E-02-5.065427004E-02-3.788863296E-02-2.500776115E-02
-1.202696617E-02 1.018593009E-03 1.408093949E-02 2.715540496E-02 4.024409144E-02
 5.334630266E-02 6.646126880E-02 7.958842291E-02 9.272755762E-02 1.058767001E-01
 3.785683221E-02 3.139682097E-02 2.494312140E-02 1.849703544E-02 1.205893495E-02
 5.629913703E-03-7.941978463E-04-7.223894220E-03-1.362584786E-02-1.996778993E-02
-2.624971491E-02-3.248224885E-02-3.867219360E-02-4.482351018E-02-5.094008152E-02
-5.702601682E-02-6.308546245E-02-6.912256926E-02-7.514147972E-02-8.114630428E-02
-8.714109404E-02-9.312980588E-02-9.911626163E-02-1.051041029E-01-1.110967422E-01
-1.170973127E-01-1.231086111E-01-1.291330243E-01-1.351724499E-01-1.412282178E-01
-1.473010128E-01-1.533907893E-01-1.594966832E-01-1.656169260E-01-1.717487915E-01
-1.778885502E-01-1.840314124E-01-1.901715069E-01-1.963019196E-01-2.024147351E-01
-2.085011037E-01-2.145513319E-01-2.205550197E-01-2.265013027E-01-2.323790894E-01
-2.381771132E-01-2.438840901E-01-2.494889767E-01-2.549811704E-01-2.603505611E-01
-2.655876877E-01-2.706838150E-01-2.756308073E-01-2.804213070E-01-2.850487805E-01
-2.895071981E-01-2.937912298E-01-2.978960056E-01-3.018171860E-01-3.055507218E-01
-3.090928864E-01-3.124401328E-01-3.155890460E-01-3.185362523E-01-3.212783548E-01
-3.238118706E-01-3.261331751E-01-3.282384567E-01-3.301236670E-01-3.317844868E-01
-3.332162895E-01-3.344141161E-01-3.353726524E-01-3.360862110E-01-3.365487173E-01
-3.367536941E-01-3.366942751E-01-3.363632006E-01-3.357527896E-01-3.348549855E-01
-3.336614310E-01-3.321633942E-01-3.303516829E-01-3.282171620E-01-3.257503297E-01
-3.229414878E-01-3.197810853E-01-3.162594974E-01-3.123672887E-01-3.080957044E-01
-3.034362396E-01-2.983812415E-01-2.929242230E-01-2.870598903E-01-2.807846126E-01
-2.740968030E-01-2.669969837E-01-2.594881457E-01-2.515761315E-01-2.432696567E-01
-2.345800473E-01-2.255209905E-01-2.161083183E-01-2.063594542E-01-1.962927024E-01
-1.859265874E-01-1.752791824E-01-1.643675643E-01-1.532075611E-01-1.418136688E-01
-1.301991295E-01-1.183761841E-01-1.063564275E-01-9.415125663E-02-8.177230743E-02
-6.923184270E-02-5.654312230E-02-4.372083308E-02-3.078090797E-02-1.773801875E-02
-4.614787409E-03 8.535988082E-03 2.169530807E-02 3.486513361E-02 4.804600719E-02
 6.123727216E-02 7.443846685E-02 8.764945702E-02 1.008686475E-01 3.795517743E-02
 3.146829303E-02 2.498644976E-02 1.851068143E-02 1.204131124E-02 5.579285714E-03
-8.796402671E-04-7.345041706E-03-1.378228972E-02-2.015968812E-02-2.647785690E-02
-3.274747606E-02-3.897525371E-02-4.516517162E-02-5.132118478E-02-5.744746856E-02
-6.354823502E-02-6.962770235E-02-7.569008133E-02-8.173955274E-02-8.778023655E-02
-9.381615477E-02-9.985119149E-02-1.058890461E-01-1.119331821E-01-1.179867709E-01
-1.240526312E-01-1.301331576E-01-1.362302391E-01-1.423451734E-01-1.484785797E-01
-1.546303189E-01-1.607994120E-01-1.669839501E-01-1.731810203E-01-1.793866556E-01
-1.855957972E-01-1.918022804E-01-1.979988604E-01-2.041772770E-01-2.103283552E-01
-2.164421108E-01-2.225079139E-01-2.285146833E-01-2.344510425E-01-2.403054951E-01
-2.460666274E-01-2.517233938E-01-2.572652989E-01-2.626823299E-01-2.679650871E-01
-2.731049481E-01-2.780940597E-01-2.829253500E-01-2.875924979E-01-2.920897302E-01
-2.964119861E-01-3.005547444E-01-3.045138889E-01-3.082856426E-01-3.118665557E-01
-3.152533180E-01-3.184427414E-01-3.214316626E-01-3.242168879E-01-3.267951183E-01
-3.291628995E-01-3.313165776E-01-3.332522462E-01-3.349657163E-01-3.364524804E-01
-3.377076850E-01-3.387261100E-01-3.395021491E-01-3.400297956E-01-3.403026328E-01
-3.403138296E-01-3.400561555E-01-3.395219535E-01-3.387031237E-01-3.375912818E-01
-3.361775808E-01-3.344529273E-01-3.324079003E-01-3.300328252E-01-3.273178929E-01
-3.242531570E-01-3.208286983E-01-3.170348770E-01-3.128621391E-01-3.083015590E-01
-3.033447978E-01-2.979844544E-01-2.922144563E-01-2.860301077E-01-2.794285168E-01
-2.724091515E-01-2.649739940E-01-2.571275758E-01-2.488772975E-01-2.402335746E-01
-2.312096130E-01-2.218210935E-01-2.120856242E-01-2.020220246E-01-1.916496645E-01
-1.809877365E-01-1.700546069E-01-1.588673639E-01-1.474416268E-01-1.357915922E-01
-1.239302508E-01-1.118697575E-01-9.962186544E-02-8.719835546E-02-7.461146319E-02
-6.187426340E-02-4.900105937E-02-3.600766879E-02-2.290960691E-02-9.724223912E-03
 3.506767682E-03 1.674443916E-02 2.998873106E-02 4.324187995E-02 5.650333093E-02
 6.977267827E-02 8.304983785E-02 9.633354786E-02 3.804372972E-02 3.153284763E-02
 2.502586300E-02 1.852357441E-02 1.202626790E-02 5.534760542E-03-9.552435056E-04
-7.452441655E-03-1.392108888E-02-2.033001652E-02-2.668039364E-02-3.298294483E-02
-3.924430232E-02-4.546847388E-02-5.165948236E-02-5.782156581E-02-6.395899860E-02
-7.007606382E-02-7.617703751E-02-8.226616272E-02-8.834761808E-02-9.442548113E-02
-1.005036871E-01-1.065859815E-01-1.126758664E-01-1.187765408E-01-1.248908383E-01
-1.310211552E-01-1.371693661E-01-1.433367366E-01-1.495238309E-01-1.557304224E-01
-1.619554077E-01-1.681967264E-01-1.744512877E-01-1.807149082E-01-1.869822829E-01
-1.932469876E-01-1.995015120E-01-2.057373176E-01-2.119449385E-01-2.181141093E-01
-2.242339264E-01-2.302930362E-01-2.362798550E-01-2.421827969E-01-2.479904504E-01
-2.536917838E-01-2.592762528E-01-2.647338722E-01-2.700553552E-01-2.752323024E-01
-2.802571664E-01-2.851230589E-01-2.898237989E-01-2.943539384E-01-2.987086815E-01
-3.028837549E-01-3.068752232E-01-3.106796244E-01-3.142936923E-01-3.177143364E-01
-3.209385827E-01-3.239634492E-01-3.267859164E-01-3.294028436E-01-3.318109299E-01
-3.340066555E-01-3.359862396E-01-3.377456070E-01-3.392803553E-01-3.405857239E-01
-3.416565775E-01-3.424873828E-01-3.430721975E-01-3.434046568E-01-3.434779690E-01
-3.432849323E-01-3.428179089E-01-3.420687929E-01-3.410291879E-01-3.396901730E-01
-3.380426264E-01-3.360770404E-01-3.337835841E-01-3.311522469E-01-3.281729511E-01
-3.248355320E-01-3.211299090E-01-3.170462321E-01-3.125749775E-01-3.077073630E-01
-3.024352779E-01-2.967516946E-01-2.906512176E-01-2.841300996E-01-2.771865165E-01
-2.698211854E-01-2.620376119E-01-2.538422738E-01-2.452447036E-01-2.362573996E-01
-2.268956386E-01-2.171769742E-01-2.071205388E-01-1.967462884E-01-1.860742639E-01
-1.751239017E-01-1.639135040E-01-1.524599051E-01-1.407783826E-01-1.288828069E-01
-1.167859670E-01-1.044999920E-01-9.203682391E-02-7.940868252E-02-6.662847954E-02
-5.371020268E-02-4.066933080E-02-2.752212473E-02-1.428410437E-02-9.848971933E-04
 1.232331282E-02 2.563519119E-02 3.895372053E-02 5.227867795E-02 6.560970999E-02
 7.894675800E-02 9.228885778E-02 3.812192426E-02 3.159014239E-02 2.506123746E-02
 1.853579646E-02 1.201407027E-02 5.496757603E-03-1.020471430E-03-7.545496739E-03
-1.404162140E-02-2.047814158E-02-2.685669380E-02-3.318803500E-02-3.947873372E-02
-4.573282332E-02-5.195438497E-02-5.814771008E-02-6.431712609E-02-7.046697066E-02
-7.660157503E-02-8.272523754E-02-8.884219121E-02-9.495656545E-02-1.010723431E-01
-1.071933124E-01-1.133230121E-01-1.194646696E-01-1.256211335E-01-1.317947966E-01
-1.379875128E-01-1.442005086E-01-1.504342895E-01-1.566885448E-01-1.629620551E-01
-1.692526144E-01-1.755569648E-01-1.818707371E-01-1.881884207E-01-1.945033586E-01
-2.008077841E-01-2.070928950E-01-2.133489627E-01-2.195654729E-01-2.257313014E-01
-2.318349249E-01-2.378646396E-01-2.438087631E-01-2.496558244E-01-2.553947329E-01
-2.610149268E-01-2.665065408E-01-2.718605103E-01-2.770686112E-01-2.821234202E-01
-2.870182076E-01-2.917469893E-01-2.963046234E-01-3.006865763E-01-3.048887176E-01
-3.089073544E-01-3.127392192E-01-3.163812712E-01-3.198305488E-01-3.230842872E-01
-3.261396726E-01-3.289938081E-01-3.316437060E-01-3.340861956E-01-3.363178691E-01
-3.383350547E-01-3.401337758E-01-3.417097194E-01-3.430582070E-01-3.441741755E-01
-3.450521572E-01-3.456862664E-01-3.460701873E-01-3.461971677E-01-3.460600235E-01
-3.456511332E-01-3.449624236E-01-3.439854406E-01-3.427113226E-01-3.411308453E-01
-3.392343756E-01-3.370120100E-01-3.344537240E-01-3.315491487E-01-3.282879894E-01
-3.246598209E-01-3.206545565E-01-3.162622597E-01-3.114735375E-01-3.062799382E-01
-3.006737847E-01-2.946487019E-01-2.882001013E-01-2.813253982E-01-2.740243412E-01
-2.662994083E-01-2.581561238E-01-2.496031366E-01-2.406521718E-01-2.313179128E-01
-2.216176359E-01-2.115706194E-01-2.011973457E-01-1.905186683E-01-1.795550264E-01
-1.683258013E-01-1.568488942E-01-1.451405578E-01-1.332154771E-01-1.210870518E-01
-1.087678158E-01-9.626992158E-02-8.360562694E-02-7.078774578E-02-5.783004789E-02
-4.474769395E-02-3.155717967E-02-1.827386039E-02-4.920293175E-03 8.451110471E-03
 2.182349623E-02 3.519983673E-02 4.858099773E-02 6.196664672E-02 7.535671672E-02
 8.875050811E-02 3.818855699E-02 3.163910852E-02 2.509165560E-02 1.854660060E-02
 1.200416149E-02 5.464932029E-03-1.075442757E-03-7.624123181E-03-1.414362003E-02
-2.060362222E-02-2.700615358E-02-3.336199515E-02-3.967766443E-02-4.595722002E-02
-5.220479417E-02-5.842472446E-02-6.462138341E-02-7.079915436E-02-7.696241409E-02
-8.311550469E-02-8.926270052E-02-9.540817014E-02-1.015559333E-01-1.077098111E-01
-1.138733691E-01-1.200498539E-01-1.262421231E-01-1.324525662E-01-1.386830190E-01
-1.449346761E-01-1.512079945E-01-1.575025941E-01-1.638171635E-01-1.701493788E-01
-1.764958328E-01-1.828519809E-01-1.892121173E-01-1.955693750E-01-2.019157664E-01
-2.082422632E-01-2.145389115E-01-2.207949959E-01-2.269992264E-01-2.331399385E-01
-2.392053018E-01-2.451835340E-01-2.510631139E-01-2.568329578E-01-2.624825718E-01
-2.680022060E-01-2.733829236E-01-2.786166053E-01-2.836959292E-01-2.886143619E-01
-2.933661746E-01-2.979464055E-01-3.023507001E-01-3.065751043E-01-3.106160815E-01
-3.144705793E-01-3.181357363E-01-3.216087521E-01-3.248869539E-01-3.279677004E-01
-3.308482070E-01-3.335256030E-01-3.359968190E-01-3.382585536E-01-3.403072271E-01
-3.421389405E-01-3.437494575E-01-3.451341680E-01-3.462880719E-01-3.472057575E-01
-3.478813872E-01-3.483086879E-01-3.484809451E-01-3.483909906E-01-3.480312268E-01
-3.473936178E-01-3.464696545E-01-3.452504987E-01-3.437268376E-01-3.418889998E-01
-3.397271233E-01-3.372309553E-01-3.343900571E-01-3.311939583E-01-3.276320296E-01
-3.236938581E-01-3.193693684E-01-3.146486839E-01-3.095227651E-01-3.039835389E-01
-2.980240817E-01-2.916390902E-01-2.848252381E-01-2.775814185E-01-2.699091532E-01
-2.618129975E-01-2.533007600E-01-2.443835255E-01-2.350755201E-01-2.253937673E-01
-2.153575408E-01-2.049876168E-01-1.943054199E-01-1.833321756E-01-1.720881777E-01
-1.605922659E-01-1.488615740E-01-1.369115473E-01-1.247561831E-01-1.124084349E-01
-9.988070112E-02-8.718533201E-02-7.433510744E-02-6.134365662E-02-4.822588812E-02
-3.499822446E-02-2.167654873E-02-8.280103395E-03 5.145665146E-03 1.857041567E-02
 3.199643693E-02 4.542590952E-02 5.885851692E-02 7.229416647E-02 8.573238438E-02
 3.824265017E-02 3.167880549E-02 2.511623145E-02 1.855517748E-02 1.199583312E-02
 5.438703946E-03-1.120588013E-03-7.688618173E-03-1.422726388E-02-2.070652711E-02
-2.712873601E-02-3.350468498E-02-3.984084917E-02-4.614130822E-02-5.241023598E-02
-5.865200801E-02-6.487103446E-02-7.107173658E-02-7.725852855E-02-8.343578863E-02
-8.960782586E-02-9.577884175E-02-1.019528865E-01-1.081338079E-01-1.143251929E-01
-1.205303033E-01-1.267520031E-01-1.329926770E-01-1.392541433E-01-1.455375624E-01
-1.518433403E-01-1.581710308E-01-1.645192385E-01-1.708855366E-01-1.772663931E-01
-1.836571178E-01-1.900518426E-01-1.964435276E-01-2.028240092E-01-2.091840872E-01
-2.155136404E-01-2.218017892E-01-2.280370877E-01-2.342077360E-01-2.403018025E-01
-2.463074439E-01-2.522131117E-01-2.580077369E-01-2.636808832E-01-2.692228812E-01
-2.746248820E-01-2.798788722E-01-2.849776806E-01-2.899149644E-01-2.946851587E-01
-2.992834199E-01-3.037055202E-01-3.079476999E-01-3.120065879E-01-3.158792230E-01
-3.195629037E-01-3.230549885E-01-3.263528660E-01-3.294540362E-01-3.323558334E-01
-3.350554575E-01-3.375499253E-01-3.398360207E-01-3.419102311E-01-3.437687294E-01
-3.454073390E-01-3.468215070E-01-3.480062845E-01-3.489563048E-01-3.496657716E-01
-3.501284475E-01-3.503376469E-01-3.502862277E-01-3.499666054E-01-3.493707466E-01
-3.484901805E-01-3.473159950E-01-3.458388718E-01-3.440491644E-01-3.419369051E-01
-3.394917763E-01-3.367032282E-01-3.335606821E-01-3.300533921E-01-3.261706541E-01
-3.219021162E-01-3.172377645E-01-3.121682266E-01-3.066849670E-01-3.007805449E-01
-2.944490523E-01-2.876864946E-01-2.804911121E-01-2.728637508E-01-2.648082323E-01
-2.563316265E-01-2.474443731E-01-2.381602037E-01-2.284958385E-01-2.184704682E-01
-2.081050364E-01-1.974213780E-01-1.864413305E-01-1.751859357E-01-1.636748396E-01
-1.519259591E-01-1.399554302E-01-1.277778060E-01-1.154064418E-01-1.028539860E-01
-9.013290148E-02-7.725596586E-02-6.423671409E-02-5.108986531E-02-3.783167845E-02
-2.447856055E-02-1.104815641E-02 2.421435948E-03 1.588926090E-02 2.935628587E-02
 4.282560982E-02 5.629696506E-02 6.977024305E-02 8.324515299E-02 3.828405680E-02
 3.170905386E-02 2.513476165E-02 1.856131123E-02 1.198886969E-02 5.417874071E-03
-1.156075239E-03-7.739116422E-03-1.429264926E-02-2.078691107E-02-2.722445542E-02
-3.361608045E-02-3.996822601E-02-4.628498710E-02-5.257056863E-02-5.882937466E-02
-6.506584356E-02-7.128442529E-02-7.748956259E-02-8.368566193E-02-8.987705974E-02
-9.606798352E-02-1.022625071E-01-1.084644988E-01-1.146775622E-01-1.209049706E-01
-1.271495922E-01-1.334138083E-01-1.396994237E-01-1.460075727E-01-1.523386218E-01
-1.586920711E-01-1.650664567E-01-1.714592686E-01-1.778668762E-01-1.842844771E-01
-1.907060775E-01-1.971245010E-01-2.035314391E-01-2.099175419E-01-2.162725429E-01
-2.225854303E-01-2.288446416E-01-2.350382824E-01-2.411543535E-01-2.471809716E-01
-2.531065771E-01-2.589201220E-01-2.646112187E-01-2.701702588E-01-2.755884643E-01
-2.808579189E-01-2.859715713E-01-2.909232064E-01-2.957073791E-01-3.003193407E-01
-3.047549712E-01-3.090106705E-01-3.130832317E-01-3.169697677E-01-3.206676313E-01
-3.241743214E-01-3.274873520E-01-3.306042154E-01-3.335223761E-01-3.362391259E-01
-3.387515114E-01-3.410564095E-01-3.431503445E-01-3.450295446E-01-3.466898802E-01
-3.481268488E-01-3.493355345E-01-3.503106092E-01-3.510463089E-01-3.515364239E-01
-3.517742906E-01-3.517527912E-01-3.514643539E-01-3.509009403E-01-3.500540927E-01
-3.489148873E-01-3.474740261E-01-3.457218135E-01-3.436481995E-01-3.412428905E-01
-3.384952082E-01-3.353944524E-01-3.319298455E-01-3.280906030E-01-3.238660790E-01
-3.192460381E-01-3.142208450E-01-3.087816505E-01-3.029206886E-01-2.966316402E-01
-2.899099994E-01-2.827534491E-01-2.751622594E-01-2.671396615E-01-2.586921385E-01
-2.498295875E-01-2.405652983E-01-2.309157063E-01-2.208999078E-01-2.105389562E-01
-1.998549917E-01-1.888703210E-01-1.776065710E-01-1.660840285E-01-1.543212420E-01
-1.423349151E-01-1.301400659E-01-1.177503906E-01-1.051787502E-01-9.243770606E-02
-7.954004094E-02-6.649922148E-02-5.332982566E-02-4.004795546E-02-2.667035541E-02
-1.321379263E-02 2.890745569E-04 1.379044029E-02 2.728965734E-02 4.079027216E-02
 5.429208262E-02 6.779496925E-02 8.129877502E-02 3.831336683E-02 3.173040251E-02
 2.514775209E-02 1.856546271E-02 1.198368570E-02 5.402809776E-03-1.181582051E-03
-7.775328079E-03-1.433949683E-02-2.084448892E-02-2.729301231E-02-3.369586402E-02
-4.005945729E-02-4.638789721E-02-5.268541013E-02-5.895641985E-02-6.520538455E-02
-7.143677441E-02-7.765505252E-02-8.386464538E-02-9.006990883E-02-9.627508860E-02
-1.024842750E-01-1.087013506E-01-1.149299300E-01-1.211732936E-01-1.274343122E-01
-1.337153633E-01-1.400182411E-01-1.463440611E-01-1.526931615E-01-1.590650032E-01
-1.654580724E-01-1.718697973E-01-1.782964751E-01-1.847332209E-01-1.911739499E-01
-1.976113875E-01-2.040371227E-01-2.104417013E-01-2.168147565E-01-2.231451849E-01
-2.294213437E-01-2.356312734E-01-2.417629270E-01-2.478043937E-01-2.537441082E-01
-2.595710363E-01-2.652748169E-01-2.708458768E-01-2.762754927E-01-2.815558219E-01
-2.866798963E-01-2.916415881E-01-2.964355490E-01-3.010571278E-01-3.055022846E-01
-3.097674960E-01-3.138496561E-01-3.177459725E-01-3.214538598E-01-3.249708659E-01
-3.282945814E-01-3.314225713E-01-3.343523421E-01-3.370812256E-01-3.396063443E-01
-3.419245915E-01-3.440325310E-01-3.459264507E-01-3.476022426E-01-3.490554366E-01
-3.502811438E-01-3.512740631E-01-3.520284550E-01-3.525381291E-01-3.527964386E-01
-3.527962791E-01-3.525300823E-01-3.519898294E-01-3.511670567E-01-3.500528558E-01
-3.486379043E-01-3.469124737E-01-3.448665144E-01-3.424896788E-01-3.397712813E-01
-3.367005229E-01-3.332665376E-01-3.294584637E-01-3.252655724E-01-3.206774573E-01
-3.156842540E-01-3.102768811E-01-3.044473231E-01-2.981889611E-01-2.914969450E-01
-2.843685859E-01-2.768037552E-01-2.688052651E-01-2.603791815E-01-2.515350123E-01
-2.422857210E-01-2.326475140E-01-2.226393852E-01-2.122824242E-01-2.015989509E-01
-1.906115804E-01-1.793423426E-01-1.678119775E-01-1.560394901E-01-1.440420012E-01
-1.318348764E-01-1.194320738E-01-1.068466282E-01-9.409119166E-02-8.117856700E-02
-6.812218451E-02-5.493653302E-02-4.163760224E-02-2.824232294E-02-1.476698855E-02
-1.240815447E-03 1.228470229E-02 2.580719355E-02 3.933038491E-02 5.285417411E-02
 6.637843280E-02 7.990309627E-02 3.833118733E-02 3.174344302E-02 2.515577504E-02
 1.856818033E-02 1.198080090E-02 5.393996867E-03-1.196659120E-03-7.796828934E-03
-1.436738747E-02-2.087883115E-02-2.733395777E-02-3.374356256E-02-4.011404252E-02
-4.644950864E-02-5.275419985E-02-5.903255167E-02-6.528903412E-02-7.152812956E-02
-7.775431325E-02-8.397202372E-02-9.018562838E-02-9.639938382E-02-1.026173902E-01
-1.088435384E-01-1.150814497E-01-1.213344086E-01-1.276052869E-01-1.338964596E-01
-1.402097141E-01-1.465461541E-01-1.529061004E-01-1.592889904E-01-1.656932796E-01
-1.721163593E-01-1.785544823E-01-1.850027134E-01-1.914549117E-01-1.979037426E-01
-2.043407331E-01-2.107563672E-01-2.171402182E-01-2.234811275E-01-2.297674039E-01
-2.359870484E-01-2.421279856E-01-2.481782882E-01-2.541263870E-01-2.599612549E-01
-2.656725485E-01-2.712507224E-01-2.766870912E-01-2.819738586E-01-2.871041086E-01
-2.920717684E-01-2.968715450E-01-3.014988436E-01-3.059496783E-01-3.102205733E-01
-3.143084643E-01-3.182106013E-01-3.219244476E-01-3.254475931E-01-3.287776759E-01
-3.319123097E-01-3.348490117E-01-3.375851409E-01-3.401178560E-01-3.424440646E-01
-3.445603867E-01-3.464631121E-01-3.481481531E-01-3.496110564E-01-3.508469570E-01
-3.518505633E-01-3.526161527E-01-3.531375442E-01-3.534081012E-01-3.534207316E-01
-3.531678762E-01-3.526415143E-01-3.518331819E-01-3.507339760E-01-3.493345629E-01
-3.476252300E-01-3.455959017E-01-3.432361645E-01-3.405353501E-01-3.374826230E-01
-3.340670556E-01-3.302777217E-01-3.261038339E-01-3.215349084E-01-3.165609756E-01
-3.111728250E-01-3.053622867E-01-2.991225607E-01-2.924485859E-01-2.853374389E-01
-2.777887387E-01-2.698050348E-01-2.613921326E-01-2.525592988E-01-2.433192947E-01
-2.336881832E-01-2.236848879E-01-2.133305138E-01-2.026474841E-01-1.916585973E-01
-1.803861266E-01-1.688510885E-01-1.570727685E-01-1.450685459E-01-1.328540040E-01
-1.204432665E-01-1.078494791E-01-9.508535324E-02-8.216370720E-02-6.909795182E-02
-5.590252504E-02-4.259334648E-02-2.918742650E-02-1.570089610E-02-2.161183742E-03
 1.137903050E-02 2.491559493E-02 3.845235406E-02 5.198936368E-02 6.552648391E-02
 7.906370151E-02 3.833725363E-02 3.174791068E-02 2.515856470E-02 1.856919595E-02
 1.197994327E-02 5.391157233E-03-1.201592421E-03-7.803906923E-03-1.437659754E-02
-2.089019341E-02-2.734752252E-02-3.375937965E-02-4.013215655E-02-4.646996619E-02
-5.277705168E-02-5.905785246E-02-6.531684248E-02-7.155850813E-02-7.778732874E-02
-8.400774684E-02-9.022413367E-02-9.644074946E-02-1.026616976E-01-1.088908719E-01
-1.151318956E-01-1.213880546E-01-1.276622211E-01-1.339567693E-01-1.402734841E-01
-1.466134654E-01-1.529770279E-01-1.593636011E-01-1.657716305E-01-1.721984948E-01
-1.786404320E-01-1.850924902E-01-1.915485095E-01-1.980011355E-01-2.044418744E-01
-2.108611893E-01-2.172486335E-01-2.235930300E-01-2.298826714E-01-2.361055456E-01
-2.422495679E-01-2.483028054E-01-2.542536877E-01-2.600911904E-01-2.658049767E-01
-2.713855116E-01-2.768241230E-01-2.821130300E-01-2.872453334E-01-2.922149788E-01
-2.970166906E-01-3.016458918E-01-3.060986146E-01-3.103714007E-01-3.144611993E-01
-3.183652722E-01-3.220810985E-01-3.256062844E-01-3.289384830E-01-3.320753194E-01
-3.350143211E-01-3.377528617E-01-3.402881086E-01-3.426169775E-01-3.447360945E-01
-3.466417487E-01-3.483298694E-01-3.497960058E-01-3.510352999E-01-3.520424670E-01
-3.528117855E-01-3.533370781E-01-3.536117118E-01-3.536286028E-01-3.533801967E-01
-3.528584671E-01-3.520549482E-01-3.509607376E-01-3.495665056E-01-3.478625343E-01
-3.458387369E-01-3.434846997E-01-3.407897583E-01-3.377430599E-01-3.343336484E-01
-3.305505719E-01-3.263830183E-01-3.218204822E-01-3.168529666E-01-3.114712228E-01
-3.056670327E-01-2.994335387E-01-2.927656098E-01-2.856602424E-01-2.781169689E-01
-2.701382493E-01-2.617298001E-01-2.529008057E-01-2.436639574E-01-2.340352678E-01
-2.240336355E-01-2.136801690E-01-2.029973254E-01-1.920079642E-01-1.807344397E-01
-1.691978611E-01-1.574176082E-01-1.454111480E-01-1.331941378E-01-1.207807579E-01
-1.081841915E-01-9.541717076E-02-8.249251947E-02-6.942364232E-02-5.622496068E-02
-4.291237021E-02-2.950290175E-02-1.601265820E-02-2.468525502E-03 1.107663843E-02
 2.461791729E-02 3.815920237E-02 5.170062525E-02 6.524204054E-02 7.878345120E-02
 3.833130114E-02 3.174353868E-02 2.515585203E-02 1.856823807E-02 1.198083875E-02
 5.394013868E-03-1.196662530E-03-7.796845509E-03-1.436740952E-02-2.087885498E-02
-2.733398204E-02-3.374358678E-02-4.011406654E-02-4.644953245E-02-5.275422348E-02
-5.903257519E-02-6.528905760E-02-7.152815306E-02-7.775433684E-02-8.397204747E-02
-9.018565234E-02-9.639940808E-02-1.026174148E-01-1.088435635E-01-1.150814753E-01
-1.213344348E-01-1.276053138E-01-1.338964872E-01-1.402097426E-01-1.465461835E-01
-1.529061307E-01-1.592890216E-01-1.656933118E-01-1.721163924E-01-1.785545162E-01
-1.850027481E-01-1.914549469E-01-1.979037783E-01-2.043407691E-01-2.107564033E-01
-2.171402543E-01-2.234811635E-01-2.297674395E-01-2.359870835E-01-2.421280199E-01
-2.481783214E-01-2.541264187E-01-2.599612844E-01-2.656725753E-01-2.712507462E-01
-2.766871120E-01-2.819738764E-01-2.871041235E-01-2.920717805E-01-2.968715545E-01
-3.014988509E-01-3.059496838E-01-3.102205781E-01-3.143084694E-01-3.182106061E-01
-3.219244517E-01-3.254475961E-01-3.287776779E-01-3.319123104E-01-3.348490100E-01
-3.375851376E-01-3.401178536E-01-3.424440648E-01-3.445603886E-01-3.464631129E-01
-3.481481542E-01-3.496110571E-01-3.508469573E-01-3.518505637E-01-3.526161531E-01
-3.531375446E-01-3.534081014E-01-3.534207317E-01-3.531678760E-01-3.526415140E-01
-3.518331816E-01-3.507339757E-01-3.493345624E-01-3.476252293E-01-3.455959010E-01
-3.432361637E-01-3.405353492E-01-3.374826219E-01-3.340670544E-01-3.302777203E-01
-3.261038323E-01-3.215349066E-01-3.165609735E-01-3.111728228E-01-3.053622842E-01
-2.991225580E-01-2.924485830E-01-2.853374357E-01-2.777887353E-01-2.698050312E-01
-2.613921287E-01-2.525592948E-01-2.433192905E-01-2.336881787E-01-2.236848833E-01
-2.133305090E-01-2.026474791E-01-1.916585923E-01-1.803861215E-01-1.688510833E-01
-1.570727632E-01-1.450685405E-01-1.328539985E-01-1.204432611E-01-1.078494736E-01
-9.508534780E-02-8.216370183E-02-6.909794658E-02-5.590252001E-02-4.259334179E-02
-2.918742233E-02-1.570089278E-02-2.161181774E-03 1.137903071E-02 2.491559339E-02
 3.845235082E-02 5.198935881E-02 6.552647745E-02 7.906369350E-02 3.831360594E-02
 3.173060284E-02 2.514791278E-02 1.856558278E-02 1.198376412E-02 5.402844945E-03
-1.181589027E-03-7.775363068E-03-1.433954464E-02-2.084454199E-02-2.729306762E-02
-3.369592024E-02-4.005951379E-02-4.638795371E-02-5.268546648E-02-5.895647597E-02
-6.520544036E-02-7.143682987E-02-7.765510755E-02-8.386469994E-02-9.006996283E-02
-9.627514196E-02-1.024843277E-01-1.087014024E-01-1.149299809E-01-1.211733436E-01
-1.274343611E-01-1.337154109E-01-1.400182875E-01-1.463441061E-01-1.526932049E-01
-1.590650449E-01-1.654581120E-01-1.718698346E-01-1.782965098E-01-1.847332529E-01
-1.911739787E-01-1.976114130E-01-2.040371447E-01-2.104417197E-01-2.168147716E-01
-2.231451971E-01-2.294213537E-01-2.356312818E-01-2.417629350E-01-2.478044021E-01
-2.537441172E-01-2.595710454E-01-2.652748256E-01-2.708458839E-01-2.762754967E-01
-2.815558219E-01-2.866798920E-01-2.916415799E-01-2.964355378E-01-3.010571153E-01
-3.055022744E-01-3.097674924E-01-3.138496601E-01-3.177459796E-01-3.214538671E-01
-3.249708722E-01-3.282945846E-01-3.314225735E-01-3.343523423E-01-3.370812241E-01
-3.396063484E-01-3.419245964E-01-3.440325334E-01-3.459264505E-01-3.476022448E-01
-3.490554385E-01-3.502811444E-01-3.512740637E-01-3.520284557E-01-3.525381297E-01
-3.527964389E-01-3.527962786E-01-3.525300816E-01-3.519898288E-01-3.511670561E-01
-3.500528551E-01-3.486379034E-01-3.469124725E-01-3.448665131E-01-3.424896772E-01
-3.397712797E-01-3.367005211E-01-3.332665356E-01-3.294584615E-01-3.252655701E-01
-3.206774548E-01-3.156842512E-01-3.102768781E-01-3.044473197E-01-2.981889574E-01
-2.914969410E-01-2.843685816E-01-2.768037506E-01-2.688052602E-01-2.603791763E-01
-2.515350068E-01-2.422857151E-01-2.326475078E-01-2.226393787E-01-2.122824174E-01
-2.015989439E-01-1.906115731E-01-1.793423350E-01-1.678119697E-01-1.560394822E-01
-1.440419931E-01-1.318348681E-01-1.194320655E-01-1.068466198E-01-9.409118329E-02
-8.117855868E-02-6.812217633E-02-5.493652512E-02-4.163759477E-02-2.824231619E-02
-1.476698300E-02-1.240811867E-03 1.228470331E-02 2.580719196E-02 3.933038075E-02
 5.285416740E-02 6.637842357E-02 7.990308455E-02 3.828436087E-02 3.170930591E-02
 2.513496150E-02 1.856145876E-02 1.198896485E-02 5.417916294E-03-1.156083256E-03
-7.739156999E-03-1.429270395E-02-2.078697065E-02-2.722451610E-02-3.361614045E-02
-3.996828446E-02-4.628504353E-02-5.257062280E-02-5.882942642E-02-6.506589279E-02
-7.128447189E-02-7.748960647E-02-8.368570298E-02-8.987709788E-02-9.606801867E-02
-1.022625392E-01-1.084645278E-01-1.146775881E-01-1.209049933E-01-1.271496118E-01
-1.334138249E-01-1.396994375E-01-1.460075839E-01-1.523386304E-01-1.586920769E-01
-1.650664597E-01-1.714592687E-01-1.778668733E-01-1.842844712E-01-1.907060687E-01
-1.971244897E-01-2.035314257E-01-2.099175266E-01-2.162725255E-01-2.225854103E-01
-2.288446189E-01-2.350382576E-01-2.411543278E-01-2.471809471E-01-2.531065565E-01
-2.589201090E-01-2.646112167E-01-2.701702663E-01-2.755884760E-01-2.808579299E-01
-2.859715786E-01-2.909232090E-01-2.957073781E-01-3.003193405E-01-3.047549763E-01
-3.090106773E-01-3.130832340E-01-3.169697670E-01-3.206676341E-01-3.241743317E-01
-3.274873601E-01-3.306042175E-01-3.335223785E-01-3.362391239E-01-3.387515137E-01
-3.410564184E-01-3.431503508E-01-3.450295464E-01-3.466898820E-01-3.481268507E-01
-3.493355360E-01-3.503106103E-01-3.510463098E-01-3.515364245E-01-3.517742913E-01
-3.517527915E-01-3.514643535E-01-3.509009416E-01-3.500540920E-01-3.489148855E-01
-3.474740246E-01-3.457218123E-01-3.436481977E-01-3.412428883E-01-3.384952055E-01
-3.353944496E-01-3.319298424E-01-3.280905997E-01-3.238660757E-01-3.192460348E-01
-3.142208415E-01-3.087816467E-01-3.029206845E-01-2.966316359E-01-2.899099949E-01
-2.827534442E-01-2.751622543E-01-2.671396560E-01-2.586921327E-01-2.498295814E-01
-2.405652919E-01-2.309156995E-01-2.208999007E-01-2.105389489E-01-1.998549841E-01
-1.888703131E-01-1.776065629E-01-1.660840202E-01-1.543212335E-01-1.423349065E-01
-1.301400571E-01-1.177503817E-01-1.051787412E-01-9.243769703E-02-7.954003193E-02
-6.649921257E-02-5.332981695E-02-4.004794710E-02-2.667034765E-02-1.321378590E-02
 2.890795423E-04 1.379044301E-02 2.728965766E-02 4.079027002E-02 5.429207796E-02
 6.779496202E-02 8.129876517E-02 3.824289639E-02 3.167900368E-02 2.511638350E-02
 1.855528582E-02 1.199590038E-02 5.438732648E-03-1.120592867E-03-7.688641842E-03
-1.422729290E-02-2.070655541E-02-2.712876145E-02-3.350470677E-02-3.984086702E-02
-4.614132213E-02-5.241024605E-02-5.865201437E-02-6.487103722E-02-7.107173583E-02
-7.725852431E-02-8.343578092E-02-8.960781469E-02-9.577882718E-02-1.019528686E-01
-1.081337868E-01-1.143251687E-01-1.205302763E-01-1.267519736E-01-1.329926454E-01
-1.392541102E-01-1.455375283E-01-1.518433057E-01-1.581709957E-01-1.645192032E-01
-1.708855016E-01-1.772663591E-01-1.836570859E-01-1.900518144E-01-1.964435057E-01
-2.028239966E-01-2.091840851E-01-2.155136465E-01-2.218018005E-01-2.280371018E-01
-2.342077499E-01-2.403018130E-01-2.463074486E-01-2.522131110E-01-2.580077334E-01
-2.636808815E-01-2.692228871E-01-2.746248961E-01-2.798788865E-01-2.849776882E-01
-2.899149643E-01-2.946851580E-01-2.992834317E-01-3.037055422E-01-3.079477134E-01
-3.120065899E-01-3.158792232E-01-3.195629033E-01-3.230549869E-01-3.263528694E-01
-3.294540395E-01-3.323558456E-01-3.350554657E-01-3.375499280E-01-3.398360265E-01
-3.419102368E-01-3.437687329E-01-3.454073410E-01-3.468215089E-01-3.480062862E-01
-3.489563059E-01-3.496657724E-01-3.501284478E-01-3.503376462E-01-3.502862275E-01
-3.499666049E-01-3.493707479E-01-3.484901804E-01-3.473159936E-01-3.458388704E-01
-3.440491626E-01-3.419369022E-01-3.394917742E-01-3.367032251E-01-3.335606790E-01
-3.300533881E-01-3.261706492E-01-3.219021114E-01-3.172377595E-01-3.121682212E-01
-3.066849615E-01-3.007805396E-01-2.944490470E-01-2.876864892E-01-2.804911063E-01
-2.728637448E-01-2.648082259E-01-2.563316199E-01-2.474443662E-01-2.381601967E-01
-2.284958312E-01-2.184704607E-01-2.081050286E-01-1.974213700E-01-1.864413224E-01
-1.751859274E-01-1.636748311E-01-1.519259505E-01-1.399554214E-01-1.277777971E-01
-1.154064328E-01-1.028539770E-01-9.013289246E-02-7.725595687E-02-6.423670519E-02
-5.108985657E-02-3.783166994E-02-2.447855240E-02-1.104814887E-02 2.421442412E-03
 1.588926595E-02 2.935628933E-02 4.282561155E-02 5.629696492E-02 6.977024090E-02
 8.324514873E-02 3.818861164E-02 3.163914128E-02 2.509167109E-02 1.854660426E-02
 1.200415874E-02 5.464928515E-03-1.075441341E-03-7.624112822E-03-1.414360072E-02
-2.060359580E-02-2.700612176E-02-3.336195921E-02-3.967762526E-02-4.595717826E-02
-5.220475029E-02-5.842467886E-02-6.462133647E-02-7.079910648E-02-7.696236574E-02
-8.311545639E-02-8.926265270E-02-9.540812312E-02-1.015558875E-01-1.077097669E-01
-1.138733272E-01-1.200498151E-01-1.262420886E-01-1.324525373E-01-1.386829977E-01
-1.449346639E-01-1.512079909E-01-1.575025976E-01-1.638171723E-01-1.701493912E-01
-1.764958472E-01-1.828519960E-01-1.892121320E-01-1.955693880E-01-2.019157767E-01
-2.082422700E-01-2.145389149E-01-2.207949981E-01-2.269992315E-01-2.331399489E-01
-2.392053157E-01-2.451835479E-01-2.510631224E-01-2.568329588E-01-2.624825694E-01
-2.680022114E-01-2.733829483E-01-2.786166391E-01-2.836959514E-01-2.886143650E-01
-2.933661703E-01-2.979464094E-01-3.023506995E-01-3.065750976E-01-3.106160831E-01
-3.144705839E-01-3.181357443E-01-3.216087687E-01-3.248869663E-01-3.279677020E-01
-3.308482114E-01-3.335256075E-01-3.359968254E-01-3.382585598E-01-3.403072313E-01
-3.421389436E-01-3.437494598E-01-3.451341699E-01-3.462880736E-01-3.472057585E-01
-3.478813877E-01-3.483086875E-01-3.484809433E-01-3.483909924E-01-3.480312285E-01
-3.473936165E-01-3.464696516E-01-3.452504962E-01-3.437268359E-01-3.418889975E-01
-3.397271186E-01-3.372309523E-01-3.343900531E-01-3.311939552E-01-3.276320253E-01
-3.236938536E-01-3.193693634E-01-3.146486774E-01-3.095227576E-01-3.039835315E-01
-2.980240741E-01-2.916390823E-01-2.848252302E-01-2.775814106E-01-2.699091455E-01
-2.618129899E-01-2.533007524E-01-2.443835177E-01-2.350755121E-01-2.253937592E-01
-2.153575324E-01-2.049876083E-01-1.943054112E-01-1.833321667E-01-1.720881687E-01
-1.605922569E-01-1.488615649E-01-1.369115381E-01-1.247561739E-01-1.124084257E-01
-9.988069192E-02-8.718532284E-02-7.433509832E-02-6.134364757E-02-4.822587917E-02
-3.499821562E-02-2.167654002E-02-8.280094867E-03 5.145673325E-03 1.857042331E-02
 3.199644387E-02 4.542591558E-02 5.885852194E-02 7.229417030E-02 8.573238688E-02
 3.812176495E-02 3.158999946E-02 2.506111538E-02 1.853570017E-02 1.201400426E-02
 5.496726416E-03-1.020465573E-03-7.545462463E-03-1.404157166E-02-2.047808495E-02
-2.685663489E-02-3.318797637E-02-3.947867682E-02-4.573276908E-02-5.195433409E-02
-5.814766323E-02-6.431708399E-02-7.046693419E-02-7.660154529E-02-8.272521566E-02
-8.884217762E-02-9.495655956E-02-1.010723440E-01-1.071933190E-01-1.133230234E-01
-1.194646844E-01-1.256211507E-01-1.317948154E-01-1.379875324E-01-1.442005284E-01
-1.504343083E-01-1.566885613E-01-1.629620683E-01-1.692526239E-01-1.755569712E-01
-1.818707424E-01-1.881884269E-01-1.945033651E-01-2.008077901E-01-2.070929004E-01
-2.133489669E-01-2.195654743E-01-2.257313010E-01-2.318349281E-01-2.378646563E-01
-2.438087996E-01-2.496558680E-01-2.553947655E-01-2.610149387E-01-2.665065374E-01
-2.718605097E-01-2.770686182E-01-2.821234150E-01-2.870181897E-01-2.917469831E-01
-2.963046301E-01-3.006865802E-01-3.048887348E-01-3.089073782E-01-3.127392358E-01
-3.163812790E-01-3.198305555E-01-3.230842953E-01-3.261396735E-01-3.289938142E-01
-3.316437133E-01-3.340862007E-01-3.363178727E-01-3.383350579E-01-3.401337786E-01
-3.417097214E-01-3.430582082E-01-3.441741765E-01-3.450521577E-01-3.456862664E-01
-3.460701858E-01-3.461971671E-01-3.460600250E-01-3.456511256E-01-3.449624235E-01
-3.439854397E-01-3.427113201E-01-3.411308427E-01-3.392343730E-01-3.370120045E-01
-3.344537179E-01-3.315491440E-01-3.282879847E-01-3.246598154E-01-3.206545521E-01
-3.162622543E-01-3.114735313E-01-3.062799318E-01-3.006737771E-01-2.946486926E-01
-2.882000909E-01-2.813253877E-01-2.740243307E-01-2.662993976E-01-2.581561132E-01
-2.496031260E-01-2.406521614E-01-2.313179027E-01-2.216176261E-01-2.115706097E-01
-2.011973361E-01-1.905186588E-01-1.795550169E-01-1.683257916E-01-1.568488845E-01
-1.451405480E-01-1.332154671E-01-1.210870418E-01-1.087678059E-01-9.626991175E-02
-8.360561720E-02-7.078773612E-02-5.783003830E-02-4.474768443E-02-3.155717016E-02
-1.827385079E-02-4.920283330E-03 8.451120627E-03 2.182350658E-02 3.519984709E-02
 4.858100794E-02 6.196665661E-02 7.535672614E-02 8.875051693E-02 3.804347067E-02
 3.153263311E-02 2.502569379E-02 1.852345077E-02 1.202618931E-02 5.534726037E-03
-9.552380844E-04-7.452412239E-03-1.392105256E-02-2.032998264E-02-2.668036620E-02
-3.298292519E-02-3.924429051E-02-4.546846940E-02-5.165948452E-02-5.782157382E-02
-6.395901161E-02-7.007608096E-02-7.617705791E-02-8.226618554E-02-8.834764236E-02
-9.442550579E-02-1.005037111E-01-1.065860038E-01-1.126758861E-01-1.187765572E-01
-1.248908509E-01-1.310211640E-01-1.371693717E-01-1.433367399E-01-1.495238322E-01
-1.557304219E-01-1.619554056E-01-1.681967237E-01-1.744512860E-01-1.807149081E-01
-1.869822845E-01-1.932469923E-01-1.995015246E-01-2.057373457E-01-2.119449823E-01
-2.181141576E-01-2.242339674E-01-2.302930602E-01-2.362798610E-01-2.421827955E-01
-2.479904550E-01-2.536917887E-01-2.592762407E-01-2.647338436E-01-2.700553348E-01
-2.752323073E-01-2.802571706E-01-2.851230644E-01-2.898238312E-01-2.943539694E-01
-2.987087031E-01-3.028837710E-01-3.068752276E-01-3.106796295E-01-3.142937005E-01
-3.177143387E-01-3.209385920E-01-3.239634577E-01-3.267859192E-01-3.294028469E-01
-3.318109341E-01-3.340066586E-01-3.359862423E-01-3.377456093E-01-3.392803565E-01
-3.405857249E-01-3.416565780E-01-3.424873827E-01-3.430721975E-01-3.434046571E-01
-3.434779695E-01-3.432849344E-01-3.428179015E-01-3.420687887E-01-3.410291849E-01
-3.396901745E-01-3.380426291E-01-3.360770376E-01-3.337835800E-01-3.311522381E-01
-3.281729436E-01-3.248355241E-01-3.211299034E-01-3.170462256E-01-3.125749702E-01
-3.077073570E-01-3.024352715E-01-2.967516871E-01-2.906512095E-01-2.841300906E-01
-2.771865058E-01-2.698211731E-01-2.620375983E-01-2.538422598E-01-2.452446898E-01
-2.362573859E-01-2.268956251E-01-2.171769610E-01-2.071205259E-01-1.967462758E-01
-1.860742517E-01-1.751238900E-01-1.639134927E-01-1.524598942E-01-1.407783718E-01
-1.288827962E-01-1.167859564E-01-1.044999814E-01-9.203681341E-02-7.940867206E-02
-6.662846912E-02-5.371019231E-02-4.066932045E-02-2.752211429E-02-1.428409359E-02
-9.848856900E-04 1.232332527E-02 2.563520442E-02 3.895373437E-02 5.227869221E-02
 6.560972453E-02 7.894677266E-02 9.228887242E-02 3.795499992E-02 3.146816106E-02
 2.498635778E-02 1.851062279E-02 1.204127936E-02 5.579274169E-03-8.796389696E-04
-7.345038929E-03-1.378229325E-02-2.015969960E-02-2.647787521E-02-3.274749939E-02
-3.897528024E-02-4.516519971E-02-5.132121299E-02-5.744749567E-02-6.354826007E-02
-6.962772451E-02-7.569009989E-02-8.173956715E-02-8.778024650E-02-9.381616034E-02
-9.985119309E-02-1.058890442E-01-1.119331773E-01-1.179867639E-01-1.240526229E-01
-1.301331491E-01-1.362302321E-01-1.423451695E-01-1.484785795E-01-1.546303232E-01
-1.607994228E-01-1.669839716E-01-1.731810573E-01-1.793867042E-01-1.855958480E-01
-1.918023261E-01-1.979988953E-01-2.041772974E-01-2.103283620E-01-2.164421116E-01
-2.225079165E-01-2.285146803E-01-2.344510225E-01-2.403054581E-01-2.460665946E-01
-2.517233883E-01-2.572653049E-01-2.626823305E-01-2.679651022E-01-2.731049952E-01
-2.780940982E-01-2.829253768E-01-2.875925234E-01-2.920897370E-01-2.964119906E-01
-3.005547517E-01-3.045138907E-01-3.082856470E-01-3.118665683E-01-3.152533277E-01
-3.184427478E-01-3.214316704E-01-3.242168932E-01-3.267951221E-01-3.291629037E-01
-3.313165810E-01-3.332522492E-01-3.349657191E-01-3.364524815E-01-3.377076856E-01
-3.387261104E-01-3.395021488E-01-3.400297967E-01-3.403026351E-01-3.403138304E-01
-3.400561574E-01-3.395219573E-01-3.387031325E-01-3.375912886E-01-3.361775724E-01
-3.344529243E-01-3.324079043E-01-3.300328211E-01-3.273178876E-01-3.242531462E-01
-3.208286889E-01-3.170348677E-01-3.128621299E-01-3.083015517E-01-3.033447896E-01
-2.979844452E-01-2.922144487E-01-2.860301001E-01-2.794285083E-01-2.724091417E-01
-2.649739836E-01-2.571275640E-01-2.488772838E-01-2.402335590E-01-2.312095960E-01
-2.218210762E-01-2.120856072E-01-2.020220079E-01-1.916496482E-01-1.809877207E-01
-1.700545917E-01-1.588673490E-01-1.474416125E-01-1.357915785E-01-1.239302377E-01
-1.118697451E-01-9.962185341E-02-8.719834376E-02-7.461145173E-02-6.187425213E-02
-4.900104819E-02-3.600765759E-02-2.290959546E-02-9.724211725E-03 3.506781292E-03
 1.674445435E-02 2.998874760E-02 4.324189761E-02 5.650334952E-02 6.977269762E-02
 8.304985780E-02 9.633356827E-02 3.785682049E-02 3.139682456E-02 2.494313464E-02
 1.849705216E-02 1.205894985E-02 5.629922286E-03-7.941990361E-04-7.223906209E-03
-1.362586759E-02-1.996781301E-02-2.624973783E-02-3.248226922E-02-3.867220991E-02
-4.482352149E-02-5.094008732E-02-5.702601707E-02-6.308545782E-02-6.912256079E-02
-7.514146837E-02-8.114629105E-02-8.714107999E-02-9.312979222E-02-9.911624979E-02
-1.051040945E-01-1.110967385E-01-1.170973145E-01-1.231086195E-01-1.291330416E-01
-1.351724794E-01-1.412282611E-01-1.473010648E-01-1.533908429E-01-1.594967329E-01
-1.656169683E-01-1.717488231E-01-1.778885684E-01-1.840314182E-01-1.901715065E-01
-1.963019152E-01-2.024147213E-01-2.085010760E-01-2.145512910E-01-2.205549788E-01
-2.265012818E-01-2.323790889E-01-2.381771147E-01-2.438840933E-01-2.494890089E-01
-2.549812301E-01-2.603506073E-01-2.655877204E-01-2.706838491E-01-2.756308196E-01
-2.804213115E-01-2.850487842E-01-2.895072077E-01-2.937912286E-01-2.978960138E-01
-3.018172000E-01-3.055507325E-01-3.090928943E-01-3.124401419E-01-3.155890530E-01
-3.185362583E-01-3.212783597E-01-3.238118747E-01-3.261331789E-01-3.282384601E-01
-3.301236700E-01-3.317844888E-01-3.332162900E-01-3.344141154E-01-3.353726517E-01
-3.360862100E-01-3.365487156E-01-3.367536959E-01-3.366942763E-01-3.363632006E-01
-3.357527989E-01-3.348549876E-01-3.336614237E-01-3.321633844E-01-3.303516823E-01
-3.282171568E-01-3.257503335E-01-3.229414820E-01-3.197810794E-01-3.162594854E-01
-3.123672763E-01-3.080956931E-01-3.034362271E-01-2.983812320E-01-2.929242143E-01
-2.870598798E-01-2.807846012E-01-2.740967938E-01-2.669969750E-01-2.594881362E-01
-2.515761204E-01-2.432696448E-01-2.345800343E-01-2.255209757E-01-2.161083016E-01
-2.063594356E-01-1.962926824E-01-1.859265669E-01-1.752791625E-01-1.643675449E-01
-1.532075422E-01-1.418136506E-01-1.301991120E-01-1.183761672E-01-1.063564112E-01
-9.415124105E-02-8.177229260E-02-6.923182862E-02-5.654310886E-02-4.372082011E-02
-3.078089521E-02-1.773800576E-02-4.614773313E-03 8.536004202E-03 2.169532634E-02
 3.486515384E-02 4.804602917E-02 6.123729566E-02 7.443849164E-02 8.764948287E-02
 1.008686743E-01 3.774844853E-02 3.131815218E-02 2.489558790E-02 1.848236082E-02
 1.207889947E-02 5.686458058E-03-6.990370130E-04-7.089048232E-03-1.345177342E-02
-1.975433736E-02-2.599603082E-02-3.218741327E-02-3.833539217E-02-4.444390675E-02
-5.051675765E-02-5.655797818E-02-6.257163963E-02-6.856181468E-02-7.453256411E-02
-8.048791658E-02-8.643184542E-02-9.236823302E-02-9.830083109E-02-1.042332153E-01
-1.101687392E-01-1.161104874E-01-1.220612225E-01-1.280233105E-01-1.339986443E-01
-1.399885786E-01-1.459938650E-01-1.520145626E-01-1.580499398E-01-1.640984028E-01
-1.701574393E-01-1.762235571E-01-1.822922394E-01-1.883579140E-01-1.944139550E-01
-2.004527600E-01-2.064658718E-01-2.124440010E-01-2.183771137E-01-2.242546335E-01
-2.300656484E-01-2.357990219E-01-2.414436086E-01-2.469885149E-01-2.524231818E-01
-2.577373680E-01-2.629214407E-01-2.679665716E-01-2.728644136E-01-2.776073869E-01
-2.821885710E-01-2.866017287E-01-2.908411910E-01-2.949017945E-01-2.987788693E-01
-3.024680902E-01-3.059654369E-01-3.092671066E-01-3.123694148E-01-3.152687459E-01
-3.179614815E-01-3.204439291E-01-3.227122736E-01-3.247625249E-01-3.265904738E-01
-3.281916542E-01-3.295613071E-01-3.306943578E-01-3.315853904E-01-3.322286266E-01
-3.326179173E-01-3.327467399E-01-3.326081765E-01-3.321949431E-01-3.314993731E-01
-3.305134420E-01-3.292288344E-01-3.276368910E-01-3.257285519E-01-3.234948395E-01
-3.209264534E-01-3.180140877E-01-3.147482704E-01-3.111200603E-01-3.071204911E-01
-3.027410517E-01-2.979743261E-01-2.928134493E-01-2.872526710E-01-2.812879007E-01
-2.749166850E-01-2.681385538E-01-2.609553871E-01-2.533716302E-01-2.453942019E-01
-2.370326168E-01-2.282989836E-01-2.192076772E-01-2.097747235E-01-2.000171099E-01
-1.899522700E-01-1.795975773E-01-1.689697746E-01-1.580845786E-01-1.469565132E-01
-1.355988901E-01-1.240239524E-01-1.122432210E-01-1.002678940E-01-8.810922168E-02
-7.577889351E-02-6.328937662E-02-5.065425281E-02-3.788861663E-02-2.500774555E-02
-1.202695074E-02 1.018609355E-03 1.408095774E-02 2.715542548E-02 4.024411434E-02
 5.334632794E-02 6.646129634E-02 7.958845253E-02 9.272758909E-02 1.058767331E-01
 3.762978585E-02 3.123212632E-02 2.484376660E-02 1.846663992E-02 1.210123089E-02
 5.748960750E-03-5.941338856E-04-6.940533414E-03-1.326021230E-02-1.951963927E-02
-2.571729346E-02-3.186363448E-02-3.796568133E-02-4.402735034E-02-5.005234742E-02
-5.604461900E-02-6.200815338E-02-6.794693769E-02-7.386494404E-02-7.976611047E-02
-8.565431877E-02-9.153336472E-02-9.740691645E-02-1.032784695E-01-1.091513100E-01
-1.150284754E-01-1.209127012E-01-1.268063396E-01-1.327112910E-01-1.386289458E-01
-1.445601127E-01-1.505049265E-01-1.564627754E-01-1.624322236E-01-1.684109268E-01
-1.743956058E-01-1.803820538E-01-1.863650713E-01-1.923384241E-01-1.982948755E-01
-2.042262916E-01-2.101237296E-01-2.159774927E-01-2.217773406E-01-2.275126724E-01
-2.331726576E-01-2.387463037E-01-2.442227031E-01-2.495913847E-01-2.548421523E-01
-2.599652369E-01-2.649515704E-01-2.697926163E-01-2.744805827E-01-2.790082460E-01
-2.833690314E-01-2.875569605E-01-2.915665558E-01-2.953928140E-01-2.990310841E-01
-3.024770355E-01-3.057265585E-01-3.087756905E-01-3.116205493E-01-3.142572651E-01
-3.166819127E-01-3.188904642E-01-3.208787334E-01-3.226423307E-01-3.241766283E-01
-3.254767229E-01-3.265374118E-01-3.273531672E-01-3.279181218E-01-3.282260510E-01
-3.282703713E-01-3.280441364E-01-3.275400458E-01-3.267504632E-01-3.256674410E-01
-3.242826301E-01-3.225875406E-01-3.205734540E-01-3.182312754E-01-3.155521839E-01
-3.125271741E-01-3.091473244E-01-3.054038258E-01-3.012887279E-01-2.967942079E-01
-2.919131982E-01-2.866401684E-01-2.809705871E-01-2.749012714E-01-2.684310677E-01
-2.615609941E-01-2.542942009E-01-2.466363022E-01-2.385954670E-01-2.301822756E-01
-2.214093131E-01-2.122909328E-01-2.028428734E-01-1.930816937E-01-1.830240652E-01
-1.726861284E-01-1.620831176E-01-1.512292392E-01-1.401376513E-01-1.288205140E-01
-1.172892147E-01-1.055546979E-01-9.362782155E-02-8.151970932E-02-6.924212628E-02
-5.680783098E-02-4.423093147E-02-3.152681686E-02-1.870960823E-02-5.799824576E-03
 7.151908189E-03 2.011948170E-02 3.310366175E-02 4.610504777E-02 5.912264296E-02
 7.215559562E-02 8.520320811E-02 9.826520614E-02 1.113392036E-01 3.750102242E-02
 3.113893977E-02 2.478785602E-02 1.845004889E-02 1.212604919E-02 5.817436780E-03
-4.796291767E-04-6.778643921E-03-1.305160038E-02-1.926426085E-02-2.541418207E-02
-3.151169166E-02-3.756393447E-02-4.357481109E-02-4.954792008E-02-5.548710697E-02
-6.139626724E-02-6.727929286E-02-7.314005759E-02-7.898240113E-02-8.481011143E-02
-9.062690093E-02-9.643635877E-02-1.022419073E-01-1.080467669E-01-1.138539185E-01
-1.196660436E-01-1.254854556E-01-1.313140433E-01-1.371532060E-01-1.430037663E-01
-1.488659088E-01-1.547391572E-01-1.606222837E-01-1.665131917E-01-1.724088658E-01
-1.783053393E-01-1.841976965E-01-1.900800512E-01-1.959455407E-01-2.017864427E-01
-2.075942328E-01-2.133596701E-01-2.190728687E-01-2.247234421E-01-2.303008419E-01
-2.357944121E-01-2.411933473E-01-2.464871641E-01-2.516656620E-01-2.567190334E-01
-2.616380654E-01-2.664140147E-01-2.710388007E-01-2.755049492E-01-2.798055676E-01
-2.839343496E-01-2.878854546E-01-2.916535277E-01-2.952335889E-01-2.986209659E-01
-3.018112191E-01-3.048000805E-01-3.075833773E-01-3.101569615E-01-3.125166554E-01
-3.146581962E-01-3.165771811E-01-3.182690254E-01-3.197289247E-01-3.209518188E-01
-3.219323684E-01-3.226649263E-01-3.231435359E-01-3.233619000E-01-3.233133782E-01
-3.229910042E-01-3.223874781E-01-3.214952187E-01-3.203063540E-01-3.188125535E-01
-3.170055999E-01-3.148770214E-01-3.124178581E-01-3.096196820E-01-3.064738893E-01
-3.029721705E-01-2.991063658E-01-2.948688313E-01-2.902531060E-01-2.852530830E-01
-2.798637466E-01-2.740820383E-01-2.679064104E-01-2.613368474E-01-2.543755672E-01
-2.470272386E-01-2.392987305E-01-2.311991010E-01-2.227395559E-01-2.139331608E-01
-2.047943265E-01-1.953381834E-01-1.855801856E-01-1.755356968E-01-1.652196025E-01
-1.546459203E-01-1.438275814E-01-1.327764464E-01-1.215035617E-01-1.100195174E-01
-9.833477605E-02-8.645998439E-02-7.440631050E-02-6.218574572E-02-4.981142511E-02
-3.729796757E-02-2.466001272E-02-1.191218521E-02 9.102886587E-04 1.375904559E-02
 2.662736969E-02 3.951668100E-02 5.242596984E-02 6.535413023E-02 7.830022248E-02
 9.126345032E-02 1.042435249E-01 1.172376748E-01 3.736303262E-02 3.103942848E-02
 2.472861800E-02 1.843323789E-02 1.215385888E-02 5.892207815E-03-3.554153374E-04
-6.603453926E-03-1.282616616E-02-1.898857230E-02-2.508719536E-02-3.113219544E-02
-3.713085837E-02-4.308708134E-02-4.900435226E-02-5.488641096E-02-6.073705976E-02
-6.656009954E-02-7.235931061E-02-7.813843622E-02-8.390116612E-02-8.965111224E-02
-9.539176282E-02-1.011264444E-01-1.068582886E-01-1.125901912E-01-1.183247474E-01
-1.240642058E-01-1.298104447E-01-1.355649132E-01-1.413285137E-01-1.471015322E-01
-1.528835770E-01-1.586735159E-01-1.644694326E-01-1.702685438E-01-1.760671611E-01
-1.818607168E-01-1.876437119E-01-1.934097266E-01-1.991514471E-01-2.048606854E-01
-2.105285856E-01-2.161457807E-01-2.217022647E-01-2.271876855E-01-2.325916275E-01
-2.379035164E-01-2.431129434E-01-2.482097753E-01-2.531841248E-01-2.580266307E-01
-2.627284175E-01-2.672811578E-01-2.716770997E-01-2.759090229E-01-2.799702847E-01
-2.838546967E-01-2.875565347E-01-2.910704598E-01-2.943914400E-01-2.975146917E-01
-3.004356140E-01-3.031497193E-01-3.056525632E-01-3.079396949E-01-3.100065930E-01
-3.118486226E-01-3.134609866E-01-3.148386939E-01-3.159765152E-01-3.168689703E-01
-3.175102925E-01-3.178944252E-01-3.180150102E-01-3.178653674E-01-3.174385213E-01
-3.167271916E-01-3.157238754E-01-3.144207934E-01-3.128097526E-01-3.108828115E-01
-3.086316748E-01-3.060479354E-01-3.031232382E-01-2.998497704E-01-2.962196913E-01
-2.922257900E-01-2.878611616E-01-2.831199106E-01-2.779976258E-01-2.724905249E-01
-2.665962435E-01-2.603147097E-01-2.536477860E-01-2.465989478E-01-2.391738249E-01
-2.313803940E-01-2.232286657E-01-2.147302209E-01-2.058980368E-01-1.967460993E-01
-1.872889094E-01-1.775409194E-01-1.675160559E-01-1.572275542E-01-1.466878662E-01
-1.359086941E-01-1.249010083E-01-1.136751941E-01-1.022412951E-01-9.060938863E-02
-7.878997366E-02-6.679432872E-02-5.463475999E-02-4.232496576E-02-2.987969878E-02
-1.731214632E-02-4.644437958E-03 8.071749905E-03 2.081258976E-02 3.357829483E-02
 4.636856746E-02 5.918188134E-02 7.201695683E-02 8.487263869E-02 9.774794891E-02
 1.106425208E-01 1.235531697E-01 3.721723609E-02 3.093486726E-02 2.466714770E-02
 1.841708917E-02 1.218530974E-02 5.973682700E-03-2.213112164E-04-6.414931970E-03
-1.258398793E-02-1.869275726E-02-2.473662850E-02-3.072556120E-02-3.666700690E-02
-4.256488660E-02-4.842258379E-02-5.424373012E-02-6.003202314E-02-6.579115663E-02
-7.152480023E-02-7.723658185E-02-8.293007015E-02-8.860875129E-02-9.427598657E-02
-9.993498323E-02-1.055887828E-01-1.112402350E-01-1.168919077E-01-1.225460313E-01
-1.282044496E-01-1.338685578E-01-1.395392514E-01-1.452168713E-01-1.509011074E-01
-1.565909685E-01-1.622847504E-01-1.679799285E-01-1.736731251E-01-1.793600840E-01
-1.850356159E-01-1.906936503E-01-1.963273798E-01-2.019291326E-01-2.074903969E-01
-2.130021532E-01-2.184548563E-01-2.238384915E-01-2.291428981E-01-2.343577975E-01
-2.394728510E-01-2.444779823E-01-2.493633512E-01-2.541194963E-01-2.587373853E-01
-2.632084784E-01-2.675247541E-01-2.716787039E-01-2.756633262E-01-2.794720971E-01
-2.830989178E-01-2.865380699E-01-2.897841523E-01-2.928320213E-01-2.956767270E-01
-2.983134433E-01-3.007374129E-01-3.029438899E-01-3.049280818E-01-3.066851047E-01
-3.082099375E-01-3.094973880E-01-3.105420558E-01-3.113383118E-01-3.118802727E-01
-3.121617873E-01-3.121764496E-01-3.119175504E-01-3.113781345E-01-3.105509635E-01
-3.094286420E-01-3.080035307E-01-3.062676856E-01-3.042133855E-01-3.018326462E-01
-2.991177222E-01-2.960605102E-01-2.926538542E-01-2.888907184E-01-2.847646681E-01
-2.802700471E-01-2.754017907E-01-2.701563445E-01-2.645318772E-01-2.585274473E-01
-2.521437643E-01-2.453839802E-01-2.382533610E-01-2.307586711E-01-2.229084259E-01
-2.147130038E-01-2.061842511E-01-1.973349037E-01-1.881781600E-01-1.787273916E-01
-1.689957753E-01-1.589959768E-01-1.487398909E-01-1.382385594E-01-1.275023543E-01
-1.165411991E-01-1.053648738E-01-9.398322202E-02-8.240638740E-02-7.064504451E-02
-5.871068920E-02-4.661602392E-02-3.437519975E-02-2.200163843E-02-9.510785459E-03
 3.056301913E-03 1.565737875E-02 2.828749653E-02 4.094713746E-02 5.363463075E-02
 6.634836334E-02 7.908692713E-02 9.184898478E-02 1.046333868E-01 1.174396495E-01
 1.302641040E-01 3.706488611E-02 3.082629090E-02 2.460426374E-02 1.840221571E-02
 1.222082992E-02 6.062133464E-03-7.716628164E-05-6.213015731E-03-1.232511838E-02
-1.837704043E-02-2.436293290E-02-3.029250386E-02-3.617337363E-02-4.200949794E-02
-4.780414576E-02-5.356082394E-02-5.928310288E-02-6.497454524E-02-7.063868807E-02
-7.627902633E-02-8.189900917E-02-8.750203488E-02-9.309139060E-02-9.867020728E-02
-1.042414326E-01-1.098077905E-01-1.153717305E-01-1.209354058E-01-1.265006100E-01
-1.320687052E-01-1.376406094E-01-1.432167391E-01-1.487968994E-01-1.543802398E-01
-1.599652066E-01-1.655494624E-01-1.711298497E-01-1.767024633E-01-1.822625715E-01
-1.878044760E-01-1.933216727E-01-1.988069621E-01-2.042523412E-01-2.096491579E-01
-2.149883107E-01-2.202602186E-01-2.254549423E-01-2.305624754E-01-2.355727277E-01
-2.404757088E-01-2.452616036E-01-2.499209306E-01-2.544445235E-01-2.588236728E-01
-2.630501151E-01-2.671160637E-01-2.710141930E-01-2.747376273E-01-2.782799023E-01
-2.816349271E-01-2.847969185E-01-2.877603605E-01-2.905199412E-01-2.930704845E-01
-2.954069078E-01-2.975241529E-01-2.994171433E-01-3.010807346E-01-3.025096735E-01
-3.036985592E-01-3.046418212E-01-3.053336776E-01-3.057681374E-01-3.059389765E-01
-3.058397263E-01-3.054636957E-01-3.048039824E-01-3.038534168E-01-3.026047536E-01
-3.010505615E-01-2.991832322E-01-2.969952456E-01-2.944791491E-01-2.916277376E-01
-2.884336255E-01-2.848900458E-01-2.809911245E-01-2.767312372E-01-2.721058609E-01
-2.671113744E-01-2.617451504E-01-2.560064329E-01-2.498963068E-01-2.434168993E-01
-2.365720293E-01-2.293678232E-01-2.218123537E-01-2.139148522E-01-2.056856305E-01
-1.971360940E-01-1.882783847E-01-1.791248837E-01-1.696877282E-01-1.599786497E-01
-1.500088512E-01-1.397889318E-01-1.293289041E-01-1.186382660E-01-1.077261992E-01
-9.660190993E-02-8.527493377E-02-7.375546536E-02-6.205454481E-02-5.018426742E-02
-3.815810290E-02-2.598962045E-02-1.369124632E-02-1.292254389E-03 1.115605362E-02
 2.363922324E-02 3.615722923E-02 4.870837869E-02 6.129060325E-02 7.390215596E-02
 8.654147392E-02 9.920710601E-02 1.118978103E-01 1.246130674E-01 1.373487577E-01
 3.690655566E-02 3.071410586E-02 2.454024556E-02 1.838879959E-02 1.226050957E-02
 6.157553975E-03 7.691129700E-05-5.998000843E-03-1.205005596E-02-1.804213892E-02
-2.396704560E-02-2.983416063E-02-3.565125685E-02-4.142232451E-02-4.715050436E-02
-5.283916474E-02-5.849175539E-02-6.411174198E-02-6.970257685E-02-7.526766279E-02
-8.081033854E-02-8.633385812E-02-9.184135284E-02-9.733580904E-02-1.028200540E-01
-1.082966971E-01-1.137680904E-01-1.192363300E-01-1.247031881E-01-1.301700283E-01
-1.356377671E-01-1.411068251E-01-1.465770576E-01-1.520476861E-01-1.575173155E-01
-1.629838984E-01-1.684445629E-01-1.738955982E-01-1.793325717E-01-1.847502511E-01
-1.901425353E-01-1.955026094E-01-2.008229988E-01-2.060955085E-01-2.113113647E-01
-2.164614253E-01-2.215361584E-01-2.265258215E-01-2.314205500E-01-2.362105413E-01
-2.408860382E-01-2.454375712E-01-2.498559137E-01-2.541322056E-01-2.582579965E-01
-2.622252370E-01-2.660263066E-01-2.696539998E-01-2.731014987E-01-2.763623382E-01
-2.794303624E-01-2.822996845E-01-2.849646180E-01-2.874196380E-01-2.896593159E-01
-2.916782831E-01-2.934711710E-01-2.950325697E-01-2.963569876E-01-2.974388165E-01
-2.982723117E-01-2.988515577E-01-2.991704621E-01-2.992227373E-01-2.990018848E-01
-2.985012622E-01-2.977140617E-01-2.966332243E-01-2.952517086E-01-2.935623635E-01
-2.915579880E-01-2.892313352E-01-2.865756260E-01-2.835841557E-01-2.802505423E-01
-2.765685603E-01-2.725332887E-01-2.681403278E-01-2.633862078E-01-2.582686835E-01
-2.527865823E-01-2.469400913E-01-2.407314027E-01-2.341644708E-01-2.272442425E-01
-2.199771349E-01-2.123714341E-01-2.044368880E-01-1.961839042E-01-1.876232211E-01
-1.787658834E-01-1.696230551E-01-1.602056689E-01-1.505241726E-01-1.405884275E-01
-1.304078172E-01-1.199913698E-01-1.093479249E-01-9.848633299E-02-8.741565364E-02
-7.614540849E-02-6.468587729E-02-5.304835121E-02-4.124556281E-02-2.929108851E-02
-1.719674634E-02-4.983678700E-03 7.299160508E-03 1.962415143E-02 3.198956528E-02
 4.439413521E-02 5.683530144E-02 6.931083855E-02 8.181878566E-02 9.435736439E-02
 1.069249361E-01 1.195201200E-01 1.321423690E-01 1.447871822E-01 3.674236093E-02
 3.059832986E-02 2.447500825E-02 1.837665847E-02 1.230407712E-02 6.259594777E-03
 2.404970024E-04-5.770445174E-03-1.175946921E-02-1.768880277E-02-2.354975781E-02
-2.935131513E-02-3.510141238E-02-4.080413007E-02-4.646253093E-02-5.207988200E-02
-5.765952873E-02-6.320480207E-02-6.871899996E-02-7.420536673E-02-7.966709003E-02
-8.510728253E-02-9.052893723E-02-9.593491270E-02-1.013279382E-01-1.067105468E-01
-1.120850195E-01-1.174533571E-01-1.228172385E-01-1.281779715E-01-1.335364284E-01
-1.388930320E-01-1.442477524E-01-1.495999672E-01-1.549483609E-01-1.602909773E-01
-1.656252121E-01-1.709476848E-01-1.762542278E-01-1.815399725E-01-1.867993057E-01
-1.920258007E-01-1.972123419E-01-2.023512463E-01-2.074342185E-01-2.124524974E-01
-2.173969333E-01-2.222581456E-01-2.270265221E-01-2.316924519E-01-2.362463390E-01
-2.406787479E-01-2.449804492E-01-2.491424917E-01-2.531562646E-01-2.570135122E-01
-2.607063481E-01-2.642272673E-01-2.675691201E-01-2.707250858E-01-2.736886539E-01
-2.764535660E-01-2.790137660E-01-2.813633865E-01-2.834966601E-01-2.854078989E-01
-2.870914440E-01-2.885416188E-01-2.897526984E-01-2.907188779E-01-2.914342457E-01
-2.918927689E-01-2.920882608E-01-2.920144191E-01-2.916647443E-01-2.910326645E-01
-2.901115273E-01-2.888944376E-01-2.873746226E-01-2.855452870E-01-2.833997040E-01
-2.809310361E-01-2.781332189E-01-2.750001821E-01-2.715265462E-01-2.677069967E-01
-2.635373649E-01-2.590146564E-01-2.541365028E-01-2.489019442E-01-2.433112014E-01
-2.373657263E-01-2.310684779E-01-2.244242771E-01-2.174393957E-01-2.101208201E-01
-2.024765546E-01-1.945158354E-01-1.862487398E-01-1.776855144E-01-1.688361575E-01
-1.597104363E-01-1.503178957E-01-1.406677393E-01-1.307687917E-01-1.206295137E-01
-1.102581958E-01-9.966318641E-02-8.885310688E-02-7.783707841E-02-6.662491545E-02
-5.522729957E-02-4.365613512E-02-3.192444106E-02-2.004383702E-02-8.030515925E-03
 4.073202903E-03 1.622927207E-02 2.843189993E-02 4.067999643E-02 5.297068719E-02
 6.530129133E-02 7.766947616E-02 9.007311310E-02 1.025102358E-01 1.149790190E-01
 1.274779160E-01 1.400062907E-01 1.525592188E-01 3.657224577E-02 3.047891849E-02
 2.440851254E-02 1.836574520E-02 1.235146897E-02 6.368161877E-03 4.134541270E-04
-5.530455374E-03-1.145342499E-02-1.731710700E-02-2.311124782E-02-2.884438028E-02
-3.452462957E-02-4.015617356E-02-4.574194717E-02-5.128505419E-02-5.678868845E-02
-6.225603400E-02-6.769024807E-02-7.309443471E-02-7.847164582E-02-8.382488339E-02
-8.915703888E-02-9.447086063E-02-9.976893434E-02-1.050536481E-01-1.103271628E-01
-1.155913628E-01-1.208478307E-01-1.260978610E-01-1.313423651E-01-1.365817581E-01
-1.418159472E-01-1.470443643E-01-1.522658712E-01-1.574786641E-01-1.626802936E-01
-1.678676727E-01-1.730369948E-01-1.781836615E-01-1.833023805E-01-1.883872101E-01
-1.934314887E-01-1.984279411E-01-2.033687272E-01-2.082455334E-01-2.130495993E-01
-2.177718760E-01-2.224031086E-01-2.269339101E-01-2.313548727E-01-2.356566667E-01
-2.398300994E-01-2.438661934E-01-2.477562255E-01-2.514917766E-01-2.550647474E-01
-2.584673718E-01-2.616922023E-01-2.647321014E-01-2.675802172E-01-2.702299320E-01
-2.726748658E-01-2.749087980E-01-2.769256389E-01-2.787193938E-01-2.802841202E-01
-2.816138845E-01-2.827027455E-01-2.835447171E-01-2.841337397E-01-2.844636688E-01
-2.845282832E-01-2.843212826E-01-2.838362145E-01-2.830666185E-01-2.820060591E-01
-2.806478712E-01-2.789856220E-01-2.770129494E-01-2.747236679E-01-2.721115116E-01
-2.691711091E-01-2.658972272E-01-2.622853896E-01-2.583314728E-01-2.540321410E-01
-2.493855231E-01-2.443905879E-01-2.390474779E-01-2.333576494E-01-2.273236692E-01
-2.209493621E-01-2.142399086E-01-2.072019550E-01-1.998431088E-01-1.921712709E-01
-1.841948272E-01-1.759227679E-01-1.673643993E-01-1.585288975E-01-1.494249460E-01
-1.400608206E-01-1.304445556E-01-1.205840371E-01-1.104870734E-01-1.001615521E-01
-8.961559941E-02-7.885782283E-02-6.789751658E-02-5.674484400E-02-4.541115296E-02
-3.390900891E-02-2.224995533E-02-1.044721975E-02 1.463628451E-03 1.343900351E-02
 2.546837698E-02 3.755043246E-02 4.968185861E-02 6.185930154E-02 7.407987240E-02
 8.634101154E-02 9.864041666E-02 1.109760024E-01 1.233458372E-01 1.357482532E-01
 1.481825385E-01 1.606433467E-01 3.639670495E-02 3.035644973E-02 2.434141520E-02
 1.835677553E-02 1.240341906E-02 6.483937474E-03 5.963102674E-04-5.277742458E-03
-1.113197474E-02-1.692754176E-02-2.265245835E-02-2.831466907E-02-3.392243759E-02
-3.948004975E-02-4.499032857E-02-5.045622733E-02-5.588080477E-02-6.126711691E-02
-6.661821292E-02-7.193708863E-02-7.722666967E-02-8.248979681E-02-8.772919807E-02
-9.294747033E-02-9.814704753E-02-1.033301735E-01-1.084989188E-01-1.136551256E-01
-1.188003151E-01-1.239356405E-01-1.290619111E-01-1.341795628E-01-1.392885554E-01
-1.443883310E-01-1.494778262E-01-1.545554293E-01-1.596188972E-01-1.646652830E-01
-1.696910176E-01-1.746918920E-01-1.796629759E-01-1.845986815E-01-1.894927855E-01
-1.943384415E-01-1.991282514E-01-2.038542981E-01-2.085082850E-01-2.130815227E-01
-2.175650956E-01-2.219499048E-01-2.262267731E-01-2.303865291E-01-2.344200633E-01
-2.383184234E-01-2.420728506E-01-2.456748094E-01-2.491160413E-01-2.523885702E-01
-2.554846990E-01-2.583970112E-01-2.611183487E-01-2.636417843E-01-2.659606194E-01
-2.680683186E-01-2.699584908E-01-2.716248569E-01-2.730612077E-01-2.742613882E-01
-2.752192540E-01-2.759286579E-01-2.763834272E-01-2.765773592E-01-2.765042136E-01
-2.761577214E-01-2.755315554E-01-2.746194168E-01-2.734151472E-01-2.719123837E-01
-2.701051061E-01-2.679874620E-01-2.655538750E-01-2.627987891E-01-2.597174987E-01
-2.563057573E-01-2.525599703E-01-2.484772307E-01-2.440551879E-01-2.392928826E-01
-2.341905461E-01-2.287492680E-01-2.229715481E-01-2.168607924E-01-2.104214149E-01
-2.036589138E-01-1.965797425E-01-1.891912971E-01-1.815014142E-01-1.735178303E-01
-1.652483442E-01-1.567009364E-01-1.478836288E-01-1.388042845E-01-1.294703696E-01
-1.198890713E-01-1.100675481E-01-1.000131401E-01-8.973350286E-02-7.923679207E-02
-6.853181740E-02-5.762821524E-02-4.653674347E-02-3.526942508E-02-2.383764345E-02
-1.225297583E-02-5.457593670E-04 1.123802094E-02 2.308382447E-02 3.498984353E-02
 4.695257414E-02 5.896820884E-02 7.103335087E-02 8.314489647E-02 9.530001334E-02
 1.074961366E-01 1.197309771E-01 1.320024416E-01 1.443087613E-01 1.566492157E-01
 1.690181044E-01 3.621715854E-02 3.023234192E-02 2.427504863E-02 1.835087466E-02
 1.246070945E-02 6.607249260E-03 7.889104736E-04-5.012863941E-03-1.079590532E-02
-1.652098286E-02-2.217427146E-02-2.776303427E-02-3.329567905E-02-3.877665194E-02
-4.420870121E-02-4.959465718E-02-5.493747025E-02-6.024006899E-02-6.550534280E-02
-7.073612464E-02-7.593517962E-02-8.110518613E-02-8.624871225E-02-9.136822630E-02
-9.646607662E-02-1.015444174E-01-1.066051535E-01-1.116499415E-01-1.166802064E-01
-1.216970687E-01-1.267012762E-01-1.316931928E-01-1.366727937E-01-1.416396051E-01
-1.465926264E-01-1.515302746E-01-1.564504443E-01-1.613504558E-01-1.662269779E-01
-1.710760540E-01-1.758931085E-01-1.806728902E-01-1.854095900E-01-1.900967486E-01
-1.947274096E-01-1.992940874E-01-2.037888813E-01-2.082035149E-01-2.125294278E-01
-2.167578422E-01-2.208798393E-01-2.248864582E-01-2.287687320E-01-2.325177882E-01
-2.361248795E-01-2.395814293E-01-2.428790793E-01-2.460096974E-01-2.489653936E-01
-2.517385294E-01-2.543216861E-01-2.567076788E-01-2.588895245E-01-2.608604165E-01
-2.626136993E-01-2.641428403E-01-2.654414068E-01-2.665030453E-01-2.673214509E-01
-2.678903473E-01-2.682035020E-01-2.682546774E-01-2.680376781E-01-2.675463108E-01
-2.667744375E-01-2.657159770E-01-2.643651087E-01-2.627158483E-01-2.607626556E-01
-2.585002553E-01-2.559237350E-01-2.530283341E-01-2.498100300E-01-2.462655831E-01
-2.423923110E-01-2.381883809E-01-2.336524959E-01-2.287845300E-01-2.235856124E-01
-2.180577231E-01-2.122039574E-01-2.060284392E-01-1.995357848E-01-1.927314785E-01
-1.856217344E-01-1.782132508E-01-1.705131999E-01-1.625288086E-01-1.542669860E-01
-1.457345157E-01-1.369382211E-01-1.278849631E-01-1.185816351E-01-1.090350464E-01
-9.925202582E-02-8.923968224E-02-7.900564510E-02-6.855822308E-02-5.790654076E-02
-4.706082916E-02-3.603256624E-02-2.483279098E-02-1.347207618E-02-1.977113395E-03
 9.606281536E-03 2.126008780E-02 3.298168767E-02 4.476735009E-02 5.661282735E-02
 6.851436435E-02 8.046854258E-02 9.247220567E-02 1.045224083E-01 1.166164240E-01
 1.287517521E-01 1.409260662E-01 1.531374121E-01 1.653849850E-01 1.776627233E-01
 3.603508342E-02 3.010768637E-02 2.421009543E-02 1.834835620E-02 1.252338564E-02
 6.737990757E-03 9.910786488E-04-4.736002040E-03-1.044535800E-02-1.609758115E-02
-2.167693055E-02-2.718989215E-02-3.264502180E-02-3.804698691E-02-4.339847558E-02
-4.870214218E-02-5.396077976E-02-5.917716158E-02-6.435401829E-02-6.949402505E-02
-7.459980635E-02-7.967393787E-02-8.471888620E-02-8.973696057E-02-9.473029780E-02
-9.970088372E-02-1.046505263E-01-1.095807915E-01-1.144929682E-01-1.193880682E-01
-1.242668049E-01-1.291295331E-01-1.339761841E-01-1.388062251E-01-1.436187027E-01
-1.484121832E-01-1.531846769E-01-1.579336436E-01-1.626559893E-01-1.673479773E-01
-1.720053548E-01-1.766231891E-01-1.811960075E-01-1.857177806E-01-1.901819345E-01
-1.945814095E-01-1.989087054E-01-2.031559517E-01-2.073149498E-01-2.113772731E-01
-2.153342934E-01-2.191772954E-01-2.228975112E-01-2.264861971E-01-2.299346792E-01
-2.332344029E-01-2.363769697E-01-2.393541624E-01-2.421579695E-01-2.447805735E-01
-2.472143745E-01-2.494519764E-01-2.514861742E-01-2.533099391E-01-2.549163969E-01
-2.562988192E-01-2.574505925E-01-2.583652116E-01-2.590362542E-01-2.594573773E-01
-2.596223073E-01-2.595248546E-01-2.591589246E-01-2.585184496E-01-2.575975387E-01
-2.563903889E-01-2.548915710E-01-2.530955504E-01-2.509973196E-01-2.485922268E-01
-2.458760585E-01-2.428448730E-01-2.394953634E-01-2.358252001E-01-2.318326145E-01
-2.275166856E-01-2.228770659E-01-2.179143515E-01-2.126302915E-01-2.070274880E-01
-2.011092969E-01-1.948801475E-01-1.883448327E-01-1.815083959E-01-1.743765676E-01
-1.669554179E-01-1.592511465E-01-1.512701467E-01-1.430187085E-01-1.345028139E-01
-1.257283678E-01-1.167014050E-01-1.074281766E-01-9.791526188E-02-8.816954052E-02
-7.819825681E-02-6.800922997E-02-5.761107343E-02-4.701347280E-02-3.622731237E-02
-2.526312033E-02-1.413083246E-02-2.854917040E-03 8.520305438E-03 1.997476425E-02
 3.150490639E-02 4.310664483E-02 5.477523117E-02 6.650646718E-02 7.829656137E-02
 9.014201590E-02 1.020396080E-01 1.139863650E-01 1.259795432E-01 1.380165682E-01
 1.500949932E-01 1.622127079E-01 1.743687706E-01 1.865566974E-01 3.585120487E-02
 2.998309786E-02 2.414713003E-02 1.834980080E-02 1.259203929E-02 6.876723489E-03
 1.203277444E-03-4.446842367E-03-1.008018520E-02-1.565743350E-02-2.116087617E-02
-2.659607738E-02-3.197165631E-02-3.729249723E-02-4.256123517E-02-4.778034772E-02
-5.295247312E-02-5.808024853E-02-6.316629903E-02-6.821319955E-02-7.322343503E-02
-7.819937709E-02-8.314329111E-02-8.805734947E-02-9.294358057E-02-9.780382654E-02
-1.026397299E-01-1.074527365E-01-1.122440596E-01-1.170146328E-01-1.217650539E-01
-1.264955582E-01-1.312060554E-01-1.358960662E-01-1.405646520E-01-1.452104144E-01
-1.498314854E-01-1.544254355E-01-1.589893739E-01-1.635197817E-01-1.680126186E-01
-1.724633189E-01-1.768667099E-01-1.812171144E-01-1.855083456E-01-1.897337401E-01
-1.938861953E-01-1.979582351E-01-2.019420339E-01-2.058295159E-01-2.096123793E-01
-2.132821893E-01-2.168304099E-01-2.202484811E-01-2.235278604E-01-2.266600731E-01
-2.296367500E-01-2.324496625E-01-2.350907278E-01-2.375520388E-01-2.398258783E-01
-2.419047059E-01-2.437811596E-01-2.454480546E-01-2.468983665E-01-2.481252165E-01
-2.491218789E-01-2.498817546E-01-2.503983557E-01-2.506653447E-01-2.506764700E-01
-2.504256263E-01-2.499068732E-01-2.491143500E-01-2.480424608E-01-2.466857433E-01
-2.450391896E-01-2.430977690E-01-2.408570371E-01-2.383129837E-01-2.354620945E-01
-2.323012081E-01-2.288277466E-01-2.250401243E-01-2.209374048E-01-2.165194224E-01
-2.117865660E-01-2.067399599E-01-2.013817543E-01-1.957148282E-01-1.897426163E-01
-1.834693321E-01-1.768998032E-01-1.700386901E-01-1.628908713E-01-1.554617350E-01
-1.477567341E-01-1.397813073E-01-1.315410319E-01-1.230414371E-01-1.142879301E-01
-1.052860406E-01-9.604164269E-02-8.656107797E-02-7.685131566E-02-6.691997551E-02
-5.677535478E-02-4.642668835E-02-3.588430087E-02-2.515809629E-02-1.425749498E-02
-3.205763536E-03 7.954582701E-03 1.920322878E-02 3.053581689E-02 4.194780012E-02
 5.343389738E-02 6.498938548E-02 7.661001781E-02 8.829191680E-02 1.000315473E-01
 1.118256549E-01 1.236712167E-01 1.355654352E-01 1.475057146E-01 1.594896056E-01
 1.715149625E-01 1.835808157E-01 1.956803103E-01 3.566670775E-02 2.985978239E-02
 2.408731959E-02 1.835625433E-02 1.266751816E-02 7.024041985E-03 1.425809907E-03
-4.145407905E-03-9.700714079E-03-1.520114641E-02-2.062692811E-02-2.598253784E-02
-3.127660143E-02-3.651425547E-02-4.169813668E-02-4.683059442E-02-5.191416360E-02
-5.695136592E-02-6.194464655E-02-6.689637806E-02-7.180888309E-02-7.668441322E-02
-8.152510676E-02-8.633296426E-02-9.110984557E-02-9.585747049E-02-1.005773779E-01
-1.052708899E-01-1.099390609E-01-1.145826684E-01-1.192022427E-01-1.237980038E-01
-1.283698013E-01-1.329171097E-01-1.374390187E-01-1.419341487E-01-1.464007195E-01
-1.508364264E-01-1.552384766E-01-1.596035952E-01-1.639279530E-01-1.682072319E-01
-1.724365780E-01-1.766106356E-01-1.807235741E-01-1.847690936E-01-1.887404737E-01
-1.926306168E-01-1.964320772E-01-2.001371348E-01-2.037378256E-01-2.072260185E-01
-2.105934487E-01-2.138317792E-01-2.169326531E-01-2.198877336E-01-2.226887495E-01
-2.253275163E-01-2.277959650E-01-2.300861733E-01-2.321903740E-01-2.341009593E-01
-2.358104897E-01-2.373116904E-01-2.385974536E-01-2.396608371E-01-2.404950640E-01
-2.410935006E-01-2.414496823E-01-2.415573108E-01-2.414102328E-01-2.410024911E-01
-2.403283321E-01-2.393821792E-01-2.381587690E-01-2.366530379E-01-2.348604043E-01
-2.327763691E-01-2.303970522E-01-2.277190621E-01-2.247395441E-01-2.214560265E-01
-2.178666204E-01-2.139703053E-01-2.097668018E-01-2.052565200E-01-2.004403592E-01
-1.953197280E-01-1.898969416E-01-1.841749229E-01-1.781569687E-01-1.718468432E-01
-1.652489870E-01-1.583678758E-01-1.512076289E-01-1.437727093E-01-1.360679703E-01
-1.280982328E-01-1.198683614E-01-1.113834716E-01-1.026488198E-01-9.366980844E-02
-8.445221746E-02-7.500241362E-02-6.532746882E-02-5.543533985E-02-4.533505226E-02
-3.503655934E-02-2.454914917E-02-1.388198587E-02-3.058062802E-03 7.881936746E-03
 1.891920461E-02 3.004900877E-02 4.126625466E-02 5.256511792E-02 6.394033840E-02
 7.538717862E-02 8.690131597E-02 9.847880835E-02 1.101160534E-01 1.218097536E-01
 1.335568881E-01 1.453546522E-01 1.572004154E-01 1.690916820E-01 1.810262929E-01
 1.930033470E-01 2.050157240E-01 3.548304696E-02 2.973895442E-02 2.403159321E-02
 1.836832341E-02 1.275009053E-02 7.179912775E-03 1.658418799E-03-3.832086684E-03
-9.307353412E-03-1.472913646E-02-2.007553906E-02-2.534980289E-02-3.056052657E-02
-3.571317585E-02-4.081046456E-02-4.585457209E-02-5.084782913E-02-5.579258569E-02
-6.069116167E-02-6.554581722E-02-7.035872608E-02-7.513196408E-02-7.986751331E-02
-8.456725301E-02-8.923292153E-02-9.386608902E-02-9.846811304E-02-1.030401415E-01
-1.075831366E-01-1.120978148E-01-1.165845954E-01-1.210435977E-01-1.254746297E-01
-1.298771177E-01-1.342501464E-01-1.385923871E-01-1.429020623E-01-1.471769753E-01
-1.514144802E-01-1.556114371E-01-1.597642287E-01-1.638687572E-01-1.679204437E-01
-1.719142258E-01-1.758445957E-01-1.797056039E-01-1.834908792E-01-1.871936869E-01
-1.908069635E-01-1.943233291E-01-1.977351760E-01-2.010346878E-01-2.042138958E-01
-2.072647315E-01-2.101790622E-01-2.129487417E-01-2.155656539E-01-2.180217320E-01
-2.203089935E-01-2.224195674E-01-2.243457137E-01-2.260798364E-01-2.276144930E-01
-2.289424022E-01-2.300564515E-01-2.309497064E-01-2.316154095E-01-2.320469754E-01
-2.322380168E-01-2.321823364E-01-2.318739578E-01-2.313071370E-01-2.304763265E-01
-2.293762776E-01-2.280020858E-01-2.263491302E-01-2.244132378E-01-2.221904344E-01
-2.196773708E-01-2.168712151E-01-2.137696920E-01-2.103708903E-01-2.066735073E-01
-2.026769216E-01-1.983812782E-01-1.937873611E-01-1.888963722E-01-1.837097953E-01
-1.782298596E-01-1.724593632E-01-1.664013214E-01-1.600590070E-01-1.534361794E-01
-1.465370049E-01-1.393652952E-01-1.319246520E-01-1.242192165E-01-1.162534735E-01
-1.080319375E-01-9.955935057E-02-9.084090026E-02-8.188215198E-02-7.268908768E-02
-6.326830187E-02-5.362721674E-02-4.377431092E-02-3.371897348E-02-2.346993701E-02
-1.303664227E-02-2.442590257E-03 8.273403525E-03 1.909522735E-02 3.001813428E-02
 4.103648978E-02 5.214406408E-02 6.333515080E-02 7.460454674E-02 8.594747264E-02
 9.735955279E-02 1.088367860E-01 1.203755154E-01 1.319723952E-01 1.436243552E-01
 1.553285762E-01 1.670824583E-01 1.788835137E-01 1.907295657E-01 2.026197292E-01
 2.145466458E-01 3.530101837E-02 2.962106831E-02 2.398012246E-02 1.838599795E-02
 1.283967744E-02 7.344267122E-03 1.901070207E-03-3.506899395E-03-8.900105434E-03
-1.424147461E-02-1.950698405E-02-2.469848693E-02-2.982443949E-02-3.489056876E-02
-3.989964314E-02-4.485370267E-02-4.975495084E-02-5.460562103E-02-5.940787615E-02
-6.416380998E-02-6.887545826E-02-7.354477923E-02-7.817362302E-02-8.276370734E-02
-8.731658155E-02-9.183363782E-02-9.631613041E-02-1.007651191E-01-1.051814257E-01
-1.095656318E-01-1.139180688E-01-1.182387651E-01-1.225274568E-01-1.267835644E-01
-1.310061058E-01-1.351937566E-01-1.393448243E-01-1.434571520E-01-1.475281880E-01
-1.515549344E-01-1.555339457E-01-1.594613299E-01-1.633327418E-01-1.671433884E-01
-1.708880461E-01-1.745610861E-01-1.781564827E-01-1.816678413E-01-1.850884431E-01
-1.884112721E-01-1.916290604E-01-1.947343245E-01-1.977194133E-01-2.005765466E-01
-2.032978540E-01-2.058754386E-01-2.083013856E-01-2.105678008E-01-2.126668538E-01
-2.145907996E-01-2.163319992E-01-2.178829455E-01-2.192362730E-01-2.203847694E-01
-2.213213962E-01-2.220393026E-01-2.225318133E-01-2.227924669E-01-2.228150282E-01
-2.225934567E-01-2.221219883E-01-2.213951503E-01-2.204076520E-01-2.191545766E-01
-2.176313747E-01-2.158338858E-01-2.137583095E-01-2.114011556E-01-2.087595405E-01
-2.058310988E-01-2.026140227E-01-1.991068172E-01-1.953086149E-01-1.912190406E-01
-1.868384346E-01-1.821677511E-01-1.772083042E-01-1.719615271E-01-1.664293523E-01
-1.606143166E-01-1.545191198E-01-1.481465474E-01-1.414996982E-01-1.345821793E-01
-1.273976972E-01-1.199495273E-01-1.122410835E-01-1.042764990E-01-9.606027065E-02
-8.759708624E-02-7.889209082E-02-6.995107969E-02-6.078044587E-02-5.138728021E-02
-4.177963565E-02-3.196616541E-02-2.195468418E-02-1.175518815E-02-1.392221785E-03
 9.097767643E-03 1.970182922E-02 3.041536643E-02 4.123210947E-02 5.214541883E-02
 6.314926124E-02 7.423812093E-02 8.540687609E-02 9.665076569E-02 1.079653962E-01
 1.193467320E-01 1.307910696E-01 1.422950132E-01 1.538554501E-01 1.654695235E-01
 1.771345992E-01 1.888481959E-01 2.006081929E-01 2.124137733E-01 2.242573749E-01
 3.512079472E-02 2.950627411E-02 2.393310138E-02 1.840956606E-02 1.293666676E-02
 7.517542541E-03 2.154144320E-03-3.169658500E-03-8.479026006E-03-1.373853919E-02
-1.892194463E-02-2.402943000E-02-2.906918757E-02-3.404727760E-02-3.896665287E-02
-4.382923893E-02-4.863705442E-02-5.339218155E-02-5.809666549E-02-6.275248681E-02
-6.736154537E-02-7.192563537E-02-7.644641922E-02-8.092544300E-02-8.536415150E-02
-8.976383506E-02-9.412559198E-02-9.845032975E-02-1.027387548E-01-1.069913345E-01
-1.112082856E-01-1.153895878E-01-1.195348730E-01-1.236434932E-01-1.277144826E-01
-1.317464987E-01-1.357378532E-01-1.396864615E-01-1.435898456E-01-1.474451237E-01
-1.512489939E-01-1.549977402E-01-1.586872290E-01-1.623129091E-01-1.658698236E-01
-1.693526288E-01-1.727556147E-01-1.760727165E-01-1.792975469E-01-1.824234371E-01
-1.854434600E-01-1.883504691E-01-1.911371427E-01-1.937960049E-01-1.963194990E-01
-1.986999888E-01-2.009298078E-01-2.030013001E-01-2.049068420E-01-2.066388730E-01
-2.081899312E-01-2.095526616E-01-2.107198484E-01-2.116844267E-01-2.124394988E-01
-2.129783640E-01-2.132945166E-01-2.133816673E-01-2.132337707E-01-2.128450148E-01
-2.122098753E-01-2.113231680E-01-2.101799067E-01-2.087755119E-01-2.071057468E-01
-2.051668933E-01-2.029554743E-01-2.004684147E-01-1.977032085E-01-1.946578418E-01
-1.913308442E-01-1.877209975E-01-1.838276967E-01-1.796506808E-01-1.751903045E-01
-1.704475079E-01-1.654235590E-01-1.601197751E-01-1.545377010E-01-1.486795005E-01
-1.425475621E-01-1.361442776E-01-1.294722257E-01-1.225344208E-01-1.153343474E-01
-1.078753897E-01-1.001606904E-01-9.219393565E-02-8.397964690E-02-7.552277718E-02
-6.682866453E-02-5.790332918E-02-4.875369888E-02-3.938759973E-02-2.981300720E-02
-2.003696364E-02-1.007074021E-02 5.975414509E-05 1.032289628E-02 2.070827638E-02
 3.121131777E-02 4.182508903E-02 5.254254246E-02 6.335733532E-02 7.426362943E-02
 8.525599733E-02 9.632941537E-02 1.074792309E-01 1.187011013E-01 1.299909914E-01
 1.413451756E-01 1.527602252E-01 1.642329856E-01 1.757605593E-01 1.873402786E-01
 1.989696318E-01 2.106464796E-01 2.223700719E-01 2.341327465E-01 3.494290737E-02
 2.939525947E-02 2.389133553E-02 1.843986061E-02 1.304179016E-02 7.700233421E-03
 2.417779128E-03-2.820594039E-03-8.044480338E-03-1.322065444E-02-1.832068757E-02
-2.334296876E-02-2.829534009E-02-3.318415060E-02-3.801254231E-02-4.278235555E-02
-4.749546997E-02-5.215385298E-02-5.675941641E-02-6.131398044E-02-6.581926459E-02
-7.027690417E-02-7.468846120E-02-7.905537524E-02-8.337893006E-02-8.766025711E-02
-9.190032650E-02-9.609992048E-02-1.002596070E-01-1.043797755E-01-1.084605263E-01
-1.125017164E-01-1.165029378E-01-1.204635018E-01-1.243823825E-01-1.282582340E-01
-1.320893737E-01-1.358737613E-01-1.396089889E-01-1.432922647E-01-1.469204181E-01
-1.504898877E-01-1.539967205E-01-1.574365820E-01-1.608047630E-01-1.640961882E-01
-1.673054292E-01-1.704267297E-01-1.734540298E-01-1.763809887E-01-1.792010113E-01
-1.819072966E-01-1.844928458E-01-1.869505288E-01-1.892730860E-01-1.914531920E-01
-1.934834677E-01-1.953565303E-01-1.970650157E-01-1.986016027E-01-1.999590588E-01
-2.011302485E-01-2.021081647E-01-2.028859477E-01-2.034569146E-01-2.038145621E-01
-2.039526029E-01-2.038649926E-01-2.035459053E-01-2.029897999E-01-2.021914191E-01
-2.011458348E-01-1.998483960E-01-1.982948559E-01-1.964812422E-01-1.944042254E-01
-1.920605917E-01-1.894475936E-01-1.865630033E-01-1.834050427E-01-1.799724478E-01
-1.762641533E-01-1.722796551E-01-1.680187052E-01-1.634815501E-01-1.586689758E-01
-1.535820953E-01-1.482220754E-01-1.425901118E-01-1.366879281E-01-1.305176243E-01
-1.240813318E-01-1.173812724E-01-1.104200405E-01-1.032007939E-01-9.572707534E-02
-8.800228954E-02-8.002995002E-02-7.181445932E-02-6.336110315E-02-5.467571058E-02
-4.576479519E-02-3.663573933E-02-2.729584746E-02-1.775176068E-02-8.016842286E-03
 1.881141932E-03 1.191750240E-02 2.208416784E-02 3.237638626E-02 4.278675019E-02
 5.330780577E-02 6.393282981E-02 7.465564989E-02 8.547055473E-02 9.637224619E-02
 1.073557919E-01 1.184166140E-01 1.295504700E-01 1.407534041E-01 1.520217141E-01
 1.633519606E-01 1.747409664E-01 1.861858030E-01 1.976837663E-01 2.092323102E-01
 2.208292725E-01 2.324739115E-01 2.441584287E-01 3.476853343E-02 2.928915355E-02
 2.385578830E-02 1.847756309E-02 1.315542667E-02 7.892515986E-03 2.692082514E-03
-2.459616120E-03-7.596323634E-03-1.268776555E-02-1.770339774E-02-2.263953636E-02
-2.750348716E-02-3.230188548E-02-3.703817058E-02-4.171416153E-02-4.633156870E-02
-5.089219398E-02-5.539778188E-02-5.985001083E-02-6.425050744E-02-6.860080129E-02
-7.290229484E-02-7.715626976E-02-8.136387844E-02-8.552612509E-02-8.964383111E-02
-9.371768222E-02-9.774813060E-02-1.017354095E-01-1.056795422E-01-1.095803289E-01
-1.134372627E-01-1.172495926E-01-1.210162651E-01-1.247359185E-01-1.284068736E-01
-1.320271175E-01-1.355942964E-01-1.391057024E-01-1.425582718E-01-1.459485829E-01
-1.492728509E-01-1.525269424E-01-1.557063593E-01-1.588062744E-01-1.618215295E-01
-1.647466587E-01-1.675759062E-01-1.703032421E-01-1.729224120E-01-1.754269387E-01
-1.778101668E-01-1.800652934E-01-1.821853958E-01-1.841634653E-01-1.859924440E-01
-1.876652514E-01-1.891748179E-01-1.905141110E-01-1.916761663E-01-1.926541153E-01
-1.934412182E-01-1.940308649E-01-1.944166274E-01-1.945922603E-01-1.945517258E-01
-1.942892420E-01-1.937992481E-01-1.930764849E-01-1.921159918E-01-1.909130606E-01
-1.894633601E-01-1.877629474E-01-1.858080799E-01-1.835957377E-01-1.811229059E-01
-1.783870749E-01-1.753861983E-01-1.721186268E-01-1.685831897E-01-1.647788766E-01
-1.607051579E-01-1.563617331E-01-1.517486679E-01-1.468665209E-01-1.417161956E-01
-1.362986921E-01-1.306149684E-01-1.246663285E-01-1.184546078E-01-1.119817920E-01
-1.052499407E-01-9.826142523E-02-9.101916587E-02-8.352673525E-02-7.578800430E-02
-6.780682178E-02-5.958754059E-02-5.113568227E-02-4.245777133E-02-3.356072622E-02
-2.445081883E-02-1.513478738E-02-5.628567213E-03 4.038455263E-03 1.384997195E-02
 2.379966392E-02 3.388193892E-02 4.408915759E-02 5.441382080E-02 6.484902111E-02
 7.538826615E-02 8.602549091E-02 9.675508189E-02 1.075718506E-01 1.184709842E-01
 1.294479950E-01 1.404987017E-01 1.516192236E-01 1.628059503E-01 1.740554912E-01
 1.853646739E-01 1.967305551E-01 2.081504090E-01 2.196216597E-01 2.311421159E-01
 2.427110339E-01 2.543204954E-01 3.459876921E-02 2.918878104E-02 2.382709654E-02
 1.852327711E-02 1.327825248E-02 8.095102143E-03 2.977624310E-03-2.086481479E-03
-7.134516103E-03-1.213993564E-02-1.707020123E-02-2.191936416E-02-2.669406548E-02
-3.140117804E-02-3.604445539E-02-4.062570849E-02-4.514645697E-02-4.960835888E-02
-5.401307729E-02-5.836219020E-02-6.265716963E-02-6.689939311E-02-7.109013541E-02
-7.523055375E-02-7.932165105E-02-8.336432466E-02-8.735928706E-02-9.130705388E-02
-9.520797477E-02-9.906220900E-02-1.028696754E-01-1.066300699E-01-1.103428306E-01
-1.140071417E-01-1.176219141E-01-1.211857710E-01-1.246970278E-01-1.281536965E-01
-1.315534715E-01-1.348937150E-01-1.381714608E-01-1.413834130E-01-1.445259387E-01
-1.475950720E-01-1.505865296E-01-1.534957080E-01-1.563177028E-01-1.590473173E-01
-1.616790752E-01-1.642072664E-01-1.666259491E-01-1.689289659E-01-1.711100076E-01
-1.731625963E-01-1.750801555E-01-1.768560092E-01-1.784834311E-01-1.799556655E-01
-1.812659648E-01-1.824076137E-01-1.833739512E-01-1.841584100E-01-1.847545402E-01
-1.851560325E-01-1.853567364E-01-1.853506893E-01-1.851321466E-01-1.846955829E-01
-1.840357190E-01-1.831475685E-01-1.820264709E-01-1.806679398E-01-1.790679073E-01
-1.772226832E-01-1.751287315E-01-1.727832546E-01-1.701833762E-01-1.673267404E-01
-1.642114010E-01-1.608357551E-01-1.571986377E-01-1.532990242E-01-1.491362851E-01
-1.447100306E-01-1.400201217E-01-1.350668775E-01-1.298509898E-01-1.243732971E-01
-1.186346309E-01-1.126359996E-01-1.063790000E-01-9.986556437E-02-9.309776211E-02
-8.607792715E-02-7.880892860E-02-7.129433052E-02-6.353837413E-02-5.554557212E-02
-4.732072164E-02-3.886953333E-02-3.019834948E-02-2.131291072E-02-1.222117143E-02
-2.941311303E-03 6.497836763E-03 1.608800467E-02 2.582396702E-02 3.569886252E-02
 4.570479681E-02 5.583422043E-02 6.608017935E-02 7.643614706E-02 8.689592605E-02
 9.745364575E-02 1.081038064E-01 1.188413000E-01 1.296613994E-01 1.405597184E-01
 1.515321669E-01 1.625749213E-01 1.736844222E-01 1.848573602E-01 1.960906345E-01
 2.073813267E-01 2.187267046E-01 2.301241760E-01 2.415715312E-01 2.530680192E-01
 2.646056134E-01 3.443456779E-02 2.909521227E-02 2.380643818E-02 1.857816085E-02
 1.341121354E-02 8.308613318E-03 3.274718984E-03-1.701083704E-03-6.658921241E-03
-1.157704055E-02-1.642114020E-02-2.118273732E-02-2.586757019E-02-3.048263847E-02
-3.503203445E-02-3.951766568E-02-4.394095764E-02-4.830344417E-02-5.260664200E-02
-5.685198661E-02-6.104083008E-02-6.517443210E-02-6.925392279E-02-7.328034734E-02
-7.725460928E-02-8.117743761E-02-8.504942370E-02-8.887099636E-02-9.264240943E-02
-9.636369226E-02-1.000346816E-01-1.036549925E-01-1.072240009E-01-1.107408352E-01
-1.142043663E-01-1.176131946E-01-1.209656385E-01-1.242597288E-01-1.274931962E-01
-1.306634692E-01-1.337676735E-01-1.368026246E-01-1.397648250E-01-1.426504798E-01
-1.454554883E-01-1.481754619E-01-1.508057276E-01-1.533413354E-01-1.557770987E-01
-1.581075997E-01-1.603271830E-01-1.624300318E-01-1.644101488E-01-1.662614014E-01
-1.679775419E-01-1.695522368E-01-1.709791002E-01-1.722517152E-01-1.733636663E-01
-1.743085751E-01-1.750800985E-01-1.756719991E-01-1.760781331E-01-1.762925016E-01
-1.763092542E-01-1.761227212E-01-1.757274630E-01-1.751182217E-01-1.742899960E-01
-1.732380474E-01-1.719579776E-01-1.704455332E-01-1.686968626E-01-1.667084624E-01
-1.644769836E-01-1.619997684E-01-1.592740315E-01-1.562975047E-01-1.530682806E-01
-1.495847474E-01-1.458456934E-01-1.418500417E-01-1.375970332E-01-1.330861816E-01
-1.283171591E-01-1.232900820E-01-1.180054608E-01-1.124640053E-01-1.066665083E-01
-1.006138610E-01-9.430747852E-02-8.774930652E-02-8.094154568E-02-7.388666949E-02
-6.658765371E-02-5.904817188E-02-5.127275314E-02-4.326666499E-02-3.503533524E-02
-2.658365663E-02-1.791662538E-02-9.045009810E-03 9.830813515E-06 9.226412254E-03
 1.860012851E-02 2.812649586E-02 3.779766050E-02 4.760540327E-02 5.754214186E-02
 6.760086250E-02 7.777494099E-02 8.805811627E-02 9.844450012E-02 1.089285102E-01
 1.195048376E-01 1.301684867E-01 1.409147989E-01 1.517394546E-01 1.626384449E-01
 1.736080339E-01 1.846447210E-01 1.957452354E-01 2.069065334E-01 2.181257756E-01
 2.294002763E-01 2.407274506E-01 2.521050794E-01 2.635324138E-01 2.750013374E-01
 3.427752280E-02 2.900990941E-02 2.379498647E-02 1.864302373E-02 1.355483593E-02
 8.533450531E-03 3.583708901E-03-1.303242323E-03-6.169446750E-03-1.099909493E-02
-1.575632895E-02-2.042983063E-02-2.502420502E-02-2.954652387E-02-3.400132224E-02
-3.839069557E-02-4.271593811E-02-4.697841074E-02-5.117951633E-02-5.532058316E-02
-5.940282759E-02-6.342739567E-02-6.739532804E-02-7.130751457E-02-7.516472318E-02
-7.896759070E-02-8.271661923E-02-8.641210580E-02-9.005419746E-02-9.364283885E-02
-9.717777896E-02-1.006585576E-01-1.040844909E-01-1.074546532E-01-1.107678810E-01
-1.140227541E-01-1.172175883E-01-1.203504321E-01-1.234190539E-01-1.264209453E-01
-1.293533140E-01-1.322130749E-01-1.349968640E-01-1.377010355E-01-1.403216679E-01
-1.428545667E-01-1.452952702E-01-1.476390823E-01-1.498810820E-01-1.520161078E-01
-1.540388169E-01-1.559436962E-01-1.577250588E-01-1.593771010E-01-1.608939071E-01
-1.622694816E-01-1.634977791E-01-1.645727246E-01-1.654882368E-01-1.662382750E-01
-1.668168319E-01-1.672179895E-01-1.674359337E-01-1.674649728E-01-1.672995614E-01
-1.669343263E-01-1.663641015E-01-1.655839107E-01-1.645890200E-01-1.633749341E-01
-1.619374442E-01-1.602725275E-01-1.583765229E-01-1.562460483E-01-1.538779225E-01
-1.512695643E-01-1.484182447E-01-1.453217390E-01-1.419781426E-01-1.383858077E-01
-1.345434534E-01-1.304499429E-01-1.261043959E-01-1.215062460E-01-1.166550237E-01
-1.115507039E-01-1.061936707E-01-1.005845635E-01-9.472420464E-02-8.861353547E-02
-8.225390109E-02-7.564730309E-02-6.879615565E-02-6.170320605E-02-5.437169548E-02
-4.680563449E-02-3.900988069E-02-3.098970456E-02-2.274967220E-02-1.429529380E-02
-5.639811896E-03 3.192871464E-03 1.219308387E-02 2.135654881E-02 3.067813463E-02
 4.014972280E-02 4.976309032E-02 5.951059261E-02 6.938507177E-02 7.937980506E-02
 8.948846901E-02 9.970508523E-02 1.100240003E-01 1.204398943E-01 1.309477260E-01
 1.415426845E-01 1.522202248E-01 1.629760901E-01 1.738063233E-01 1.847072507E-01
 1.956754497E-01 2.067077123E-01 2.178010303E-01 2.289525991E-01 2.401598005E-01
 2.514201130E-01 2.627313448E-01 2.740927579E-01 2.854961642E-01 3.412892291E-02
 2.893378256E-02 2.379337901E-02 1.871837392E-02 1.370957972E-02 8.770010362E-03
 3.904832954E-03-8.929932317E-04-5.666129311E-03-1.040602649E-02-1.507560461E-02
-1.966049425E-02-2.416399739E-02-2.859312732E-02-3.295279873E-02-3.724533679E-02
-4.147198706E-02-4.563396530E-02-4.973253712E-02-5.376892206E-02-5.774425683E-02
-6.165955007E-02-6.551569992E-02-6.931350042E-02-7.305363286E-02-7.673661911E-02
-8.036283133E-02-8.393248187E-02-8.744561973E-02-9.090210682E-02-9.430161150E-02
-9.764360360E-02-1.009273365E-01-1.041518434E-01-1.073159295E-01-1.104181536E-01
-1.134568315E-01-1.164300282E-01-1.193355553E-01-1.221709553E-01-1.249335095E-01
-1.276202340E-01-1.302278869E-01-1.327529663E-01-1.351917112E-01-1.375401057E-01
-1.397939062E-01-1.419486519E-01-1.439996511E-01-1.459420120E-01-1.477706809E-01
-1.494804200E-01-1.510658553E-01-1.525214990E-01-1.538417594E-01-1.550209673E-01
-1.560534122E-01-1.569333500E-01-1.576550369E-01-1.582127547E-01-1.586008361E-01
-1.588136780E-01-1.588457828E-01-1.586917611E-01-1.583463674E-01-1.578045318E-01
-1.570613270E-01-1.561120373E-01-1.549521767E-01-1.535774948E-01-1.519839206E-01
-1.501676410E-01-1.481251628E-01-1.458531793E-01-1.433486570E-01-1.406090518E-01
-1.376316738E-01-1.344143178E-01-1.309550697E-01-1.272522455E-01-1.233044983E-01
-1.191106463E-01-1.146697253E-01-1.099811221E-01-1.050442954E-01-9.985914404E-02
-9.442600125E-02-8.874551270E-02-8.281858685E-02-7.664633431E-02-7.023018279E-02
-6.357223002E-02-5.667516735E-02-4.954215163E-02-4.217690159E-02-3.458366954E-02
-2.676661203E-02-1.872994643E-02-1.048188250E-02-2.038697003E-03 6.578140315E-03
 1.536851180E-02 2.432861434E-02 3.345131219E-02 4.272822680E-02 5.215143025E-02
 6.171351205E-02 7.140731286E-02 8.122597273E-02 9.116301920E-02 1.012123792E-01
 1.113683430E-01 1.216255067E-01 1.319787506E-01 1.424232542E-01 1.529544526E-01
 1.635679781E-01 1.742596892E-01 1.850256907E-01 1.958623490E-01 2.067662892E-01
 2.177343669E-01 2.287636381E-01 2.398513361E-01 2.509948661E-01 2.621917508E-01
 2.734398677E-01 2.847385349E-01 2.960795249E-01 3.398945245E-02 2.886741128E-02
 2.380213781E-02 1.880467378E-02 1.387584145E-02 9.018639537E-03 4.238332394E-03
-4.703133731E-04-5.148774054E-03-9.797481071E-03-1.437867520E-02-1.887464277E-02
-2.328704036E-02-2.762261760E-02-3.188668490E-02-3.608190706E-02-4.020952619E-02
-4.427060741E-02-4.826632213E-02-5.219777448E-02-5.606595916E-02-5.987178564E-02
-6.361606821E-02-6.729950549E-02-7.092264300E-02-7.448591110E-02-7.798958568E-02
-8.143378753E-02-8.481847619E-02-8.814343615E-02-9.140826015E-02-9.461235406E-02
-9.775491917E-02-1.008349486E-01-1.038512152E-01-1.068022662E-01-1.096864226E-01
-1.125017680E-01-1.152461405E-01-1.179171420E-01-1.205121256E-01-1.230282050E-01
-1.254622529E-01-1.278108966E-01-1.300705229E-01-1.322373002E-01-1.343071898E-01
-1.362759352E-01-1.381390711E-01-1.398919674E-01-1.415298236E-01-1.430476802E-01
-1.444404610E-01-1.457029770E-01-1.468299410E-01-1.478160028E-01-1.486557693E-01
-1.493438183E-01-1.498747269E-01-1.502430986E-01-1.504435749E-01-1.504708706E-01
-1.503197856E-01-1.499852236E-01-1.494622145E-01-1.487459642E-01-1.478317973E-01
-1.467152306E-01-1.453919833E-01-1.438580311E-01-1.421094361E-01-1.401425602E-01
-1.379540524E-01-1.355406649E-01-1.328994956E-01-1.300280177E-01-1.269235791E-01
-1.235839904E-01-1.200073353E-01-1.161919125E-01-1.121363338E-01-1.078394040E-01
-1.033001304E-01-9.851789799E-02-9.349217311E-02-8.822284479E-02-8.271028120E-02
-7.695521494E-02-7.095869442E-02-6.472207289E-02-5.824701678E-02-5.153581910E-02
-4.459156195E-02-3.741784881E-02-3.001828668E-02-2.239599475E-02-1.455574278E-02
-6.508918674E-03 1.724402205E-03 1.013635499E-02 1.872576171E-02 2.748927769E-02
 3.641928548E-02 4.550734206E-02 5.474556175E-02 6.412661348E-02 7.364353873E-02
 8.328963291E-02 9.305839280E-02 1.029436026E-01 1.129394046E-01 1.230403019E-01
 1.332411235E-01 1.435369717E-01 1.539231982E-01 1.643954225E-01 1.749495003E-01
 1.855814597E-01 1.962875203E-01 2.070641135E-01 2.179078973E-01 2.288157629E-01
 2.397848147E-01 2.508123468E-01 2.618958073E-01 2.730327388E-01 2.842210446E-01
 2.954601079E-01 3.067417201E-01 3.385968092E-02 2.881133260E-02 2.382180059E-02
 1.890248459E-02 1.405419360E-02 9.279915974E-03 4.584770411E-03-3.476463713E-05
-4.617065075E-03-9.173211796E-03-1.366533094E-02-1.807206247E-02-2.239316506E-02
-2.663495683E-02-3.080306648E-02-3.490055256E-02-3.892878383E-02-4.288869979E-02
-4.678129875E-02-5.060758094E-02-5.436846518E-02-5.806478006E-02-6.169721439E-02
-6.526635922E-02-6.877267302E-02-7.221649063E-02-7.559799994E-02-7.891723571E-02
-8.217407750E-02-8.536823122E-02-8.849922945E-02-9.156641933E-02-9.456895286E-02
-9.750578679E-02-1.003756693E-01-1.031771416E-01-1.059085266E-01-1.085679223E-01
-1.111532090E-01-1.136620365E-01-1.160918327E-01-1.184398021E-01-1.207029201E-01
-1.228779344E-01-1.249613859E-01-1.269496186E-01-1.288387724E-01-1.306247810E-01
-1.323034011E-01-1.338702395E-01-1.353207430E-01-1.366502201E-01-1.378538640E-01
-1.389267684E-01-1.398639390E-01-1.406603255E-01-1.413108327E-01-1.418103433E-01
-1.421537387E-01-1.423359257E-01-1.423518424E-01-1.421964962E-01-1.418649669E-01
-1.413524365E-01-1.406542022E-01-1.397656940E-01-1.386824875E-01-1.374003198E-01
-1.359150962E-01-1.342229722E-01-1.323201535E-01-1.302031528E-01-1.278687378E-01
-1.253137227E-01-1.225353275E-01-1.195310421E-01-1.162982629E-01-1.128348297E-01
-1.091388462E-01-1.052086268E-01-1.010427814E-01-9.664014380E-02-9.199975793E-02
-8.712105850E-02-8.200359881E-02-7.664732606E-02-7.105272665E-02-6.522069363E-02
-5.915247637E-02-5.284974144E-02-4.631457283E-02-3.954960548E-02-3.255797068E-02
-2.534253437E-02-1.790639123E-02-1.025647886E-02-2.406778248E-03 5.624115704E-03
 1.384000676E-02 2.223847765E-02 3.081359677E-02 3.955748730E-02 4.846254297E-02
 5.752135008E-02 6.672659552E-02 7.607126557E-02 8.554871821E-02 9.515263899E-02
 1.048769359E-01 1.147156974E-01 1.246632787E-01 1.347143636E-01 1.448639631E-01
 1.551073817E-01 1.654401691E-01 1.758580951E-01 1.863571684E-01 1.969336166E-01
 2.075838219E-01 2.183043281E-01 2.290918622E-01 2.399433461E-01 2.508559095E-01
 2.618268822E-01 2.728537642E-01 2.839341449E-01 2.950659508E-01 3.062485850E-01
 3.174738522E-01 3.374030305E-02 2.876632982E-02 2.385320008E-02 1.901265729E-02
 1.424547239E-02 9.554582767E-03 4.944873335E-03 4.145990370E-04-4.070703704E-03
-8.532937036E-03-1.293514478E-02-1.725235340E-02-2.148207920E-02-2.562994830E-02
-2.970185328E-02-3.370131283E-02-3.762985397E-02-4.148832361E-02-4.527759788E-02
-4.899859444E-02-5.265213092E-02-5.623891586E-02-5.975956195E-02-6.321456611E-02
-6.660429893E-02-6.992900476E-02-7.318879010E-02-7.638360854E-02-7.951326423E-02
-8.257739972E-02-8.557549054E-02-8.850682838E-02-9.137052539E-02-9.416550543E-02
-9.689050161E-02-9.954404550E-02-1.021244612E-01-1.046298752E-01-1.070581989E-01
-1.094071361E-01-1.116741856E-01-1.138566325E-01-1.159515474E-01-1.179558063E-01
-1.198660987E-01-1.216789214E-01-1.233905743E-01-1.249971760E-01-1.264946997E-01
-1.278789724E-01-1.291456698E-01-1.302903466E-01-1.313084511E-01-1.321953410E-01
-1.329462984E-01-1.335565468E-01-1.340212788E-01-1.343356528E-01-1.344948454E-01
-1.344940333E-01-1.343284390E-01-1.339933386E-01-1.334840744E-01-1.327960752E-01
-1.319249034E-01-1.308661900E-01-1.296157257E-01-1.281694564E-01-1.265234800E-01
-1.246740838E-01-1.226176294E-01-1.203507697E-01-1.178703752E-01-1.151733382E-01
-1.122569993E-01-1.091188781E-01-1.057564420E-01-1.021675842E-01-9.835046253E-02
-9.430344926E-02-9.002519937E-02-8.551462562E-02-8.077087367E-02-7.579348556E-02
-7.058217331E-02-6.513700908E-02-5.945867063E-02-5.354829648E-02-4.740745530E-02
-4.103823122E-02-3.444300725E-02-2.762397188E-02-2.058311558E-02-1.332493624E-02
-5.859946111E-03 1.794201726E-03 9.635779007E-03 1.766594016E-02 2.588208775E-02
 3.427706097E-02 4.284268348E-02 5.157147703E-02 6.045656671E-02 6.949122634E-02
 7.866864571E-02 8.798214413E-02 9.742535775E-02 1.069922636E-01 1.166771241E-01
 1.264743881E-01 1.363786673E-01 1.463848227E-01 1.564880169E-01 1.666837104E-01
 1.769676291E-01 1.873357196E-01 1.977841231E-01 2.083091944E-01 2.189074906E-01
 2.295757113E-01 2.403106919E-01 2.511094269E-01 2.619690783E-01 2.728869934E-01
 2.838606981E-01 2.948878219E-01 3.059663384E-01 3.170956803E-01 3.282676614E-01
 3.363238047E-02 2.873348126E-02 2.389738324E-02 1.913612507E-02 1.445042367E-02
 9.843196147E-03 5.319147358E-03 8.783671073E-04-3.509381949E-03-7.876283502E-03
-1.218762981E-02-1.641499175E-02-2.055331765E-02-2.460728465E-02-2.858285493E-02
-3.248400190E-02-3.631256057E-02-4.006938608E-02-4.375522249E-02-4.737084574E-02
-5.091699383E-02-5.439429136E-02-5.780326375E-02-6.114432192E-02-6.441775540E-02
-6.762372895E-02-7.076226681E-02-7.383325470E-02-7.683642787E-02-7.977136809E-02
-8.263749524E-02-8.543405813E-02-8.816013509E-02-9.081462674E-02-9.339624587E-02
-9.590351650E-02-9.833478008E-02-1.006881785E-01-1.029616600E-01-1.051529841E-01
-1.072597123E-01-1.092792030E-01-1.112086319E-01-1.130449990E-01-1.147851207E-01
-1.164256282E-01-1.179629788E-01-1.193934792E-01-1.207132986E-01-1.219184584E-01
-1.230048523E-01-1.239682661E-01-1.248043818E-01-1.255088056E-01-1.260770747E-01
-1.265046664E-01-1.267870372E-01-1.269196079E-01-1.268978143E-01-1.267170964E-01
-1.263729335E-01-1.258608487E-01-1.251764284E-01-1.243153349E-01-1.232733498E-01
-1.220463224E-01-1.206302353E-01-1.190212123E-01-1.172155500E-01-1.152096442E-01
-1.130000231E-01-1.105834796E-01-1.079569771E-01-1.051175139E-01-1.020625562E-01
-9.878967796E-02-9.529644663E-02-9.158084177E-02-8.764111542E-02-8.347574484E-02
-7.908348248E-02-7.446337189E-02-6.961472138E-02-6.453723541E-02-5.923085034E-02
-5.369584394E-02-4.793318635E-02-4.194440964E-02-3.573137343E-02-2.929592640E-02
-2.263944943E-02-1.576463139E-02-8.678455808E-03-1.394342400E-03 6.075040791E-03
 1.373774593E-02 2.159286845E-02 2.963533266E-02 3.785763506E-02 4.625237257E-02
 5.481233477E-02 6.353052841E-02 7.240034044E-02 8.141547873E-02 9.056969879E-02
 9.985671904E-02 1.092704527E-01 1.188051180E-01 1.284552377E-01 1.382155826E-01
 1.480810806E-01 1.580468085E-01 1.681080761E-01 1.782604718E-01 1.884998548E-01
 1.988223256E-01 2.092241837E-01 2.197019020E-01 2.302521436E-01 2.408717587E-01
 2.515577314E-01 2.623071597E-01 2.731172810E-01 2.839854782E-01 2.949092905E-01
 3.058863653E-01 3.169147050E-01 3.279937835E-01 3.391154539E-01 3.353712503E-02
 2.871383881E-02 2.395519432E-02 1.927354639E-02 1.466961820E-02 1.014632776E-02
 5.708155165E-03 1.356961379E-03-2.932875417E-03-7.202836628E-03-1.142218432E-02
-1.555936510E-02-1.960633228E-02-2.356645731E-02-2.744561652E-02-3.124826009E-02
-3.497663416E-02-3.863164737E-02-4.221391413E-02-4.572410207E-02-4.916286269E-02
-5.253074308E-02-5.582818393E-02-5.905551741E-02-6.221295421E-02-6.530058463E-02
-6.831836742E-02-7.126612251E-02-7.414352103E-02-7.695009025E-02-7.968520009E-02
-8.234806498E-02-8.493773330E-02-8.745307817E-02-8.989280130E-02-9.225543211E-02
-9.453931706E-02-9.674262094E-02-9.886333332E-02-1.008992616E-01-1.028480214E-01
-1.047070567E-01-1.064736466E-01-1.081448940E-01-1.097177264E-01-1.111889107E-01
-1.125550658E-01-1.138126647E-01-1.149580450E-01-1.159874191E-01-1.168968850E-01
-1.176824372E-01-1.183399785E-01-1.188653415E-01-1.192542968E-01-1.195025602E-01
-1.196058205E-01-1.195597575E-01-1.193600337E-01-1.190023347E-01-1.184823746E-01
-1.177959053E-01-1.169387351E-01-1.159067613E-01-1.146959385E-01-1.133023349E-01
-1.117221219E-01-1.099515868E-01-1.079872109E-01-1.058255063E-01-1.034631712E-01
-1.008971455E-01-9.812448819E-02-9.514233460E-02-9.194828893E-02-8.854001088E-02
-8.491520222E-02-8.107196695E-02-7.700869445E-02-7.272401590E-02-6.821683375E-02
-6.348637071E-02-5.853215364E-02-5.335411314E-02-4.795250698E-02-4.232797133E-02
-3.648176713E-02-3.041536407E-02-2.412976669E-02-1.762646284E-02-1.091028759E-02
-3.991339541E-03 3.114603399E-03 1.041506814E-02 1.791142464E-02 2.560145533E-02
 3.347883349E-02 4.153636368E-02 4.976727618E-02 5.816501242E-02 6.672297252E-02
 7.543451425E-02 8.429322524E-02 9.329308559E-02 1.024283049E-01 1.116930808E-01
 1.210816358E-01 1.305884181E-01 1.402081614E-01 1.499358719E-01 1.597667702E-01
 1.696962097E-01 1.797196823E-01 1.898328981E-01 2.000318241E-01 2.103126752E-01
 2.206718851E-01 2.311060690E-01 2.416119962E-01 2.521866053E-01 2.628270084E-01
 2.735304444E-01 2.842942491E-01 2.951158814E-01 3.059929211E-01 3.169230276E-01
 3.279042144E-01 3.389359725E-01 3.500102019E-01 3.345544750E-02 2.870813715E-02
 2.402729051E-02 1.942558611E-02 1.490372119E-02 1.046460182E-02 6.112505501E-03
 1.850931797E-03-2.340893175E-03-6.512178882E-03-1.063820490E-02-1.468472457E-02
-1.864031689E-02-2.250674349E-02-2.628957663E-02-2.999363401E-02-3.362160969E-02
-3.717462189E-02-4.065321552E-02-4.405792755E-02-4.738931412E-02-5.064785276E-02
-5.383391174E-02-5.694774275E-02-5.998948716E-02-6.295916673E-02-6.585668027E-02
-6.868178438E-02-7.143409807E-02-7.411309682E-02-7.671811270E-02-7.924832345E-02
-8.170274531E-02-8.408023840E-02-8.637949842E-02-8.859905342E-02-9.073726051E-02
-9.279231356E-02-9.476223892E-02-9.664488160E-02-9.843792534E-02-1.001388996E-01
-1.017451642E-01-1.032539132E-01-1.046621932E-01-1.059669080E-01-1.071648117E-01
-1.082525267E-01-1.092265587E-01-1.100832940E-01-1.108190150E-01-1.114299122E-01
-1.119120927E-01-1.122615919E-01-1.124744005E-01-1.125464539E-01-1.124736583E-01
-1.122519148E-01-1.118771110E-01-1.113451540E-01-1.106519734E-01-1.097935340E-01
-1.087658510E-01-1.075650360E-01-1.061872235E-01-1.046286699E-01-1.028857352E-01
-1.009548813E-01-9.883275138E-02-9.651599353E-02-9.400148378E-02-9.128631590E-02
-8.836766102E-02-8.524282366E-02-8.190956304E-02-7.836566111E-02-7.460899046E-02
-7.063781948E-02-6.645071749E-02-6.204651513E-02-5.742431695E-02-5.258358164E-02
-4.752413981E-02-4.224628101E-02-3.675060890E-02-3.103777410E-02-2.510832168E-02
-1.896290364E-02-1.260494422E-02-6.042589068E-03 7.102148601E-04 7.654789888E-03
 1.479778156E-02 2.213891759E-02 2.967349132E-02 3.739450832E-02 4.529546400E-02
 5.337016354E-02 6.161247565E-02 7.001626424E-02 7.857540236E-02 8.728368337E-02
 9.613496077E-02 1.051233881E-01 1.142434668E-01 1.234898359E-01 1.328570985E-01
 1.423399482E-01 1.519333140E-01 1.616323877E-01 1.714326046E-01 1.813295850E-01
 1.913190619E-01 2.013968987E-01 2.115591628E-01 2.218021598E-01 2.321224222E-01
 2.425166819E-01 2.529818361E-01 2.635149205E-01 2.741131206E-01 2.847737826E-01
 2.954943747E-01 3.062724498E-01 3.171056614E-01 3.279917159E-01 3.389286392E-01
 3.499159229E-01 3.609455044E-01 3.338807329E-02 2.871712420E-02 2.411442458E-02
 1.959296159E-02 1.515343582E-02 1.079876818E-02 6.533001824E-03 2.360928729E-03
-1.733255858E-03-5.803916164E-03-9.834930997E-03-1.379013618E-02-1.765435331E-02
-2.142732719E-02-2.511399538E-02-2.871943033E-02-3.224684523E-02-3.569767439E-02
-3.907247865E-02-4.237166930E-02-4.559569579E-02-4.874496285E-02-5.181977179E-02
-5.482031037E-02-5.774665186E-02-6.059875377E-02-6.337645462E-02-6.607946012E-02
-6.870734053E-02-7.125953084E-02-7.373532236E-02-7.613385757E-02-7.845413606E-02
-8.069500224E-02-8.285514643E-02-8.493309795E-02-8.692723209E-02-8.883576975E-02
-9.065676089E-02-9.238810444E-02-9.402755464E-02-9.557270205E-02-9.702098065E-02
-9.836968897E-02-9.961598644E-02-1.007568863E-01-1.017892753E-01-1.027099220E-01
-1.035154811E-01-1.042025010E-01-1.047674327E-01-1.052066485E-01-1.055164454E-01
-1.056930474E-01-1.057326387E-01-1.056313577E-01-1.053853239E-01-1.049906315E-01
-1.044433801E-01-1.037396807E-01-1.028756631E-01-1.018474939E-01-1.006513914E-01
-9.928364346E-02-9.774058625E-02-9.601865263E-02-9.411437775E-02-9.202441652E-02
-8.974555839E-02-8.727461492E-02-8.460864972E-02-8.174491973E-02-7.868073467E-02
-7.541359914E-02-7.194144882E-02-6.826222610E-02-6.437400937E-02-6.027526825E-02
-5.596479559E-02-5.144167694E-02-4.670530409E-02-4.175549558E-02-3.659240368E-02
-3.121635976E-02-2.562741863E-02-1.982524290E-02-1.381219283E-02-7.594585251E-03
-1.183714879E-03 5.413776419E-03 1.221105670E-02 1.920916243E-02 2.640511215E-02
 3.379280730E-02 4.136594397E-02 4.911853549E-02 5.704475432E-02 6.513883150E-02
 7.339501164E-02 8.180752471E-02 9.037064440E-02 9.907862002E-02 1.079256454E-01
 1.169060602E-01 1.260145334E-01 1.352460103E-01 1.445955031E-01 1.540579967E-01
 1.636286208E-01 1.733027353E-01 1.830759399E-01 1.929440523E-01 2.029030487E-01
 2.129490021E-01 2.230781090E-01 2.332867574E-01 2.435715562E-01 2.539293222E-01
 2.643570547E-01 2.748519041E-01 2.854111454E-01 2.960321865E-01 3.067125838E-01
 3.174500132E-01 3.282422188E-01 3.390869768E-01 3.499823644E-01 3.609278829E-01
 3.719155011E-01 3.333583050E-02 2.874159247E-02 2.421738619E-02 1.977652416E-02
 1.541967866E-02 1.114972327E-02 6.970471037E-03 2.887598226E-03-1.109818017E-03
-5.077622631E-03-9.011590515E-03-1.287465503E-02-1.664740574E-02-2.032714965E-02
-2.391790275E-02-2.742479703E-02-3.085154472E-02-3.420000455E-02-3.747087157E-02
-4.066447386E-02-4.378113429E-02-4.682117802E-02-4.978484936E-02-5.267227675E-02
-5.548346843E-02-5.821832543E-02-6.087662964E-02-6.345804227E-02-6.596209274E-02
-6.838817224E-02-7.073553497E-02-7.300330399E-02-7.519045635E-02-7.729582672E-02
-7.931809912E-02-8.125581137E-02-8.310735822E-02-8.487097321E-02-8.654474812E-02
-8.812663884E-02-8.961444312E-02-9.100581262E-02-9.229827293E-02-9.348921292E-02
-9.457588178E-02-9.555540924E-02-9.642480502E-02-9.718096752E-02-9.782069368E-02
-9.834067950E-02-9.873753555E-02-9.900779811E-02-9.914793476E-02-9.915435487E-02
-9.902341574E-02-9.875144880E-02-9.833475812E-02-9.776963035E-02-9.705235806E-02
-9.617924295E-02-9.514660528E-02-9.395079814E-02-9.258824938E-02-9.105540133E-02
-8.934879435E-02-8.746504374E-02-8.540085490E-02-8.315308581E-02-8.071866904E-02
-7.809461061E-02-7.527817215E-02-7.226678814E-02-6.905793758E-02-6.564935372E-02
-6.203917162E-02-5.822552990E-02-5.420674855E-02-4.998154733E-02-4.554902368E-02
-4.090864229E-02-3.606009159E-02-3.100322694E-02-2.573767103E-02-2.026268936E-02
-1.457986343E-02-8.693933414E-03-2.614171329E-03 3.648827754E-03 1.011018314E-02
 1.677285837E-02 2.363632342E-02 3.069581462E-02 3.794515853E-02 4.537865265E-02
 5.299081167E-02 6.077617045E-02 6.872923940E-02 7.684455550E-02 8.511670358E-02
 9.354027547E-02 1.021098768E-01 1.108201557E-01 1.196656970E-01 1.286410901E-01
 1.377411372E-01 1.469609654E-01 1.562959004E-01 1.657412824E-01 1.752924636E-01
 1.849449718E-01 1.946945527E-01 2.045371707E-01 2.144689847E-01 2.244862892E-01
 2.345854626E-01 2.447630011E-01 2.550155807E-01 2.653400828E-01 2.757335798E-01
 2.861933109E-01 2.967166546E-01 3.073011015E-01 3.179442605E-01 3.286438791E-01
 3.393978137E-01 3.502039286E-01 3.610603650E-01 3.719666721E-01 3.829148719E-01
 3.329957151E-02 2.878247694E-02 2.433719759E-02 1.997730566E-02 1.570341323E-02
 1.151838181E-02 7.425831174E-03 3.431651671E-03-4.706014110E-04-4.333072846E-03
-8.167495927E-03-1.193722952E-02-1.561823440E-02-1.920497350E-02-2.270014781E-02
-2.610869169E-02-2.943473688E-02-3.268065174E-02-3.584739708E-02-3.893529287E-02
-4.194454850E-02-4.487538955E-02-4.772800025E-02-5.050245245E-02-5.319870192E-02
-5.581659393E-02-5.835586506E-02-6.081613309E-02-6.319688323E-02-6.549746948E-02
-6.771712383E-02-6.985494190E-02-7.190988754E-02-7.388078364E-02-7.576631384E-02
-7.756502853E-02-7.927532628E-02-8.089547228E-02-8.242360385E-02-8.385770567E-02
-8.519562717E-02-8.643509867E-02-8.757371516E-02-8.860894024E-02-8.953812563E-02
-9.035850291E-02-9.106719441E-02-9.166122220E-02-9.213751187E-02-9.249290103E-02
-9.272414816E-02-9.282793768E-02-9.280089923E-02-9.263960971E-02-9.234059339E-02
-9.190035884E-02-9.131538227E-02-9.058213451E-02-8.969708961E-02-8.865672827E-02
-8.745755734E-02-8.609611420E-02-8.456901175E-02-8.287287212E-02-8.100442117E-02
-7.896046586E-02-7.673789653E-02-7.433377218E-02-7.174518278E-02-6.896935361E-02
-6.600375850E-02-6.284602553E-02-5.949383409E-02-5.594517141E-02-5.219840119E-02
-4.825190834E-02-4.410433194E-02-3.975475716E-02-3.520256952E-02-3.044727508E-02
-2.548802572E-02-2.032356320E-02-1.495478851E-02-9.385731924E-03-3.624435782E-03
 2.317510532E-03 8.454322845E-03 1.479161972E-02 2.133057464E-02 2.806825191E-02
 3.499913207E-02 4.211804596E-02 4.941982642E-02 5.689923699E-02 6.455107922E-02
 7.237018934E-02 8.035138160E-02 8.848949606E-02 9.677941946E-02 1.052160740E-01
 1.137943757E-01 1.225092888E-01 1.313557808E-01 1.403287532E-01 1.494231848E-01
 1.586343120E-01 1.679576600E-01 1.773888821E-01 1.869236169E-01 1.965575674E-01
 2.062866227E-01 2.161068744E-01 2.260146132E-01 2.360063042E-01 2.460785268E-01
 2.562279346E-01 2.664512943E-01 2.767455414E-01 2.871078024E-01 2.975353802E-01
 3.080257303E-01 3.185764364E-01 3.291851841E-01 3.398497665E-01 3.505680976E-01
 3.613381422E-01 3.721581267E-01 3.830276522E-01 3.939388290E-01 3.328040619E-02
 2.884091514E-02 2.447495711E-02 2.019636337E-02 1.600565481E-02 1.190565850E-02
 7.899877458E-03 3.993799358E-03 1.848858622E-04-3.570089638E-03-7.302013045E-03
-1.097676329E-02-1.456549750E-02-1.805937429E-02-2.145935514E-02-2.476985269E-02
-2.799526592E-02-3.113849309E-02-3.420089483E-02-3.718290972E-02-4.008466773E-02
-4.290628148E-02-4.564785892E-02-4.830942241E-02-5.089087883E-02-5.339202882E-02
-5.581256403E-02-5.815205551E-02-6.040995302E-02-6.258558574E-02-6.467815422E-02
-6.668673790E-02-6.861028512E-02-7.044761119E-02-7.219740647E-02-7.385821810E-02
-7.542846702E-02-7.690645396E-02-7.829033307E-02-7.957813409E-02-8.076777248E-02
-8.185702861E-02-8.284356287E-02-8.372492798E-02-8.449855794E-02-8.516178348E-02
-8.571183389E-02-8.614584429E-02-8.646086045E-02-8.665385307E-02-8.672172003E-02
-8.666128727E-02-8.646933091E-02-8.614257892E-02-8.567773097E-02-8.507144806E-02
-8.432037646E-02-8.342116034E-02-8.237044685E-02-8.116489405E-02-7.980118339E-02
-7.827605322E-02-7.658627411E-02-7.472867077E-02-7.270015308E-02-7.049771954E-02
-6.811846718E-02-6.555965512E-02-6.281855377E-02-5.989262758E-02-5.677957717E-02
-5.347724036E-02-4.998353698E-02-4.629675428E-02-4.241556578E-02-3.833870428E-02
-3.406505925E-02-2.959370453E-02-2.492347937E-02-2.005281315E-02-1.498209151E-02
-9.714679548E-03-4.257533997E-03 1.377682405E-03 7.203029916E-03 1.322699424E-02
 1.945189409E-02 2.587628871E-02 3.249557231E-02 3.930532076E-02 4.630113252E-02
 5.347839333E-02 6.083225573E-02 6.835768282E-02 7.604963942E-02 8.390323542E-02
 9.191358147E-02 1.000757998E-01 1.083850499E-01 1.168365401E-01 1.254254882E-01
 1.341471245E-01 1.429967369E-01 1.519695700E-01 1.610608386E-01 1.702659000E-01
 1.795803883E-01 1.890001704E-01 1.985211845E-01 2.081393519E-01 2.178507044E-01
 2.276514575E-01 2.375380139E-01 2.475069579E-01 2.575550286E-01 2.676790624E-01
 2.778759610E-01 2.881427360E-01 2.984765571E-01 3.088747722E-01 3.193348922E-01
 3.298545678E-01 3.404315683E-01 3.510637583E-01 3.617490918E-01 3.724855802E-01
 3.832715360E-01 3.941066359E-01 4.049830841E-01 3.327953483E-02 2.891808466E-02
 2.463180748E-02 2.043471316E-02 1.632721572E-02 1.231219442E-02 8.393139963E-03
 4.575067930E-03 8.589886238E-04-2.788292543E-03-6.414748888E-03-9.992182999E-03
-1.348773331E-02-1.688872502E-02-2.019390547E-02-2.340677381E-02-2.653175171E-02
-2.957222697E-02-3.253006096E-02-3.540595464E-02-3.820004376E-02-4.091234141E-02
-4.354285882E-02-4.609156018E-02-4.855831187E-02-5.094287108E-02-5.324488353E-02
-5.546388685E-02-5.759929992E-02-5.965041834E-02-6.161642518E-02-6.349638178E-02
-6.528922240E-02-6.699376408E-02-6.860868822E-02-7.013255640E-02-7.156381675E-02
-7.290077770E-02-7.414163300E-02-7.528446499E-02-7.632722392E-02-7.726775092E-02
-7.810377937E-02-7.883292943E-02-7.945272295E-02-7.996058165E-02-8.035383538E-02
-8.062972503E-02-8.078541367E-02-8.081799318E-02-8.072448701E-02-8.050186647E-02
-8.014704627E-02-7.965689779E-02-7.902827487E-02-7.825799649E-02-7.734287338E-02
-7.627971729E-02-7.506534134E-02-7.369658038E-02-7.217029257E-02-7.048341030E-02
-6.863286912E-02-6.661570306E-02-6.442901615E-02-6.207000007E-02-5.953597907E-02
-5.682440964E-02-5.393277144E-02-5.085878771E-02-4.760041077E-02-4.415573757E-02
-4.052302588E-02-3.670093596E-02-3.268831696E-02-2.848379986E-02-2.408565072E-02
-1.949191791E-02-1.470292971E-02-9.721867099E-03-4.554809715E-03 7.873703951E-04
 6.315398814E-03 1.203983489E-02 1.796319679E-02 2.408517398E-02 3.040219486E-02
 3.691046681E-02 4.360634019E-02 5.048599958E-02 5.754538716E-02 6.478012695E-02
 7.218557364E-02 7.975689831E-02 8.748922397E-02 9.537785661E-02 1.034181838E-01
 1.116055895E-01 1.199354859E-01 1.284033305E-01 1.370046171E-01 1.457348352E-01
 1.545895223E-01 1.635642415E-01 1.726544932E-01 1.818558058E-01 1.911638973E-01
 2.005747577E-01 2.100845477E-01 2.196894577E-01 2.293856808E-01 2.391695541E-01
 2.490375873E-01 2.589864635E-01 2.690130313E-01 2.791142766E-01 2.892872670E-01
 2.995291297E-01 3.098370978E-01 3.202085530E-01 3.306410438E-01 3.411322690E-01
 3.516800562E-01 3.622823451E-01 3.729371564E-01 3.836425378E-01 3.943968375E-01
 4.051997954E-01 4.160437457E-01 3.329822195E-02 2.901511052E-02 2.480861535E-02
 2.069297704E-02 1.666863037E-02 1.273858318E-02 8.906342600E-03 5.176450460E-03
 1.552850850E-03-1.987788204E-03-5.505440862E-03-8.982451129E-03-1.238339150E-02
-1.569120760E-02-1.890191462E-02-2.201765490E-02-2.504255471E-02-2.798034607E-02
-3.083343286E-02-3.360291485E-02-3.628907590E-02-3.889188201E-02-4.141124452E-02
-4.384704931E-02-4.619911066E-02-4.846714616E-02-5.065077277E-02-5.274949253E-02
-5.476268875E-02-5.668963696E-02-5.852950062E-02-6.028132276E-02-6.194403528E-02
-6.351644079E-02-6.499722834E-02-6.638497976E-02-6.767814428E-02-6.887506510E-02
-6.997397481E-02-7.097298044E-02-7.187008872E-02-7.266319744E-02-7.335009912E-02
-7.392848910E-02-7.439596652E-02-7.475004237E-02-7.498813956E-02-7.510760383E-02
-7.510570941E-02-7.497966174E-02-7.472660957E-02-7.434365204E-02-7.382783874E-02
-7.317619767E-02-7.238571636E-02-7.145337106E-02-7.037613362E-02-6.915097860E-02
-6.777489075E-02-6.624487648E-02-6.455798583E-02-6.271132613E-02-6.070202677E-02
-5.852732179E-02-5.618452358E-02-5.367103153E-02-5.098440654E-02-4.812230854E-02
-4.508247875E-02-4.186295627E-02-3.846202194E-02-3.487806172E-02-3.110946886E-02
-2.715473471E-02-2.301194737E-02-1.867879047E-02-1.415548805E-02-9.445149986E-03
-4.553566960E-03 5.089108959E-04 5.753014575E-03 1.119114759E-02 1.682628428E-02
 2.265867400E-02 2.868504518E-02 3.490193045E-02 4.130638928E-02 4.789535612E-02
 5.466555766E-02 6.161342704E-02 6.873506187E-02 7.602629203E-02 8.348269185E-02
 9.109964580E-02 9.887244258E-02 1.067965078E-01 1.148674667E-01 1.230809495E-01
 1.314326037E-01 1.399181138E-01 1.485332127E-01 1.572736447E-01 1.661351643E-01
 1.751135916E-01 1.842047249E-01 1.934043144E-01 2.027081976E-01 2.121124325E-01
 2.216133197E-01 2.312072750E-01 2.408907153E-01 2.506600991E-01 2.605120424E-01
 2.704433209E-01 2.804508710E-01 2.905317795E-01 3.006832548E-01 3.109025738E-01
 3.211870683E-01 3.315341728E-01 3.419414614E-01 3.524066642E-01 3.629276507E-01
 3.735024110E-01 3.841290334E-01 3.948056283E-01 4.055305757E-01 4.163036318E-01
 4.271172460E-01 3.333741886E-02 2.913261889E-02 2.500585051E-02 2.097167303E-02
 1.703059117E-02 1.318571311E-02 9.440518208E-03 5.799063864E-03 2.267172222E-03
-1.169241157E-03-4.574153438E-03-7.946675779E-03-1.125090633E-02-1.446483004E-02
-1.758121928E-02-2.060037475E-02-2.352571459E-02-2.636107397E-02-2.910934807E-02
-3.177213960E-02-3.435003364E-02-3.684307069E-02-3.925109357E-02-4.157388517E-02
-4.381119175E-02-4.596269919E-02-4.802799062E-02-5.000653351E-02-5.189768739E-02
-5.370070804E-02-5.541473725E-02-5.703881102E-02-5.857184261E-02-6.001263708E-02
-6.135989834E-02-6.261220403E-02-6.376803332E-02-6.482575543E-02-6.578362201E-02
-6.663979040E-02-6.739230992E-02-6.803913210E-02-6.857811255E-02-6.900701443E-02
-6.932351508E-02-6.952520802E-02-6.960960767E-02-6.957416122E-02-6.941625004E-02
-6.913319010E-02-6.872225248E-02-6.818065972E-02-6.750559748E-02-6.669423120E-02
-6.574369689E-02-6.465112418E-02-6.341364588E-02-6.202839688E-02-6.049253518E-02
-5.880324216E-02-5.695777163E-02-5.495339645E-02-5.278746170E-02-5.045740195E-02
-4.796074696E-02-4.529513561E-02-4.245840152E-02-3.944847022E-02-3.626342219E-02
-3.290156232E-02-2.936117566E-02-2.564029482E-02-2.173650008E-02-1.764761305E-02
-1.337429987E-02-8.919568716E-03-4.288867935E-03 5.078094964E-04 5.482132710E-03
 1.064700500E-02 1.600610378E-02 2.156083416E-02 2.730864596E-02 3.324602528E-02
 3.936993745E-02 4.567763517E-02 5.216651005E-02 5.883374481E-02 6.567621770E-02
 7.269055799E-02 7.987305127E-02 8.721972603E-02 9.472636726E-02 1.023885662E-01
 1.102017874E-01 1.181615459E-01 1.262636340E-01 1.345039154E-01 1.428782565E-01
 1.513825545E-01 1.600127499E-01 1.687648202E-01 1.776347392E-01 1.866185254E-01
 1.957122403E-01 2.049118930E-01 2.142134864E-01 2.236131574E-01 2.331072773E-01
 2.426924146E-01 2.523652083E-01 2.621222872E-01 2.719603647E-01 2.818763102E-01
 2.918671404E-01 3.019300205E-01 3.120622531E-01 3.222612474E-01 3.325244701E-01
 3.428494396E-01 3.532337734E-01 3.636752205E-01 3.741716764E-01 3.847211674E-01
 3.953218258E-01 4.059718231E-01 4.166695956E-01 4.274149155E-01 4.382003217E-01
 3.339753928E-02 2.927104931E-02 2.522412624E-02 2.127165987E-02 1.741417290E-02
 1.365476590E-02 9.996845480E-03 6.444073514E-03 3.002644890E-03-3.336417227E-04
-3.621449194E-03-6.884294204E-03-1.008880107E-02-1.320749588E-02-1.622939702E-02
-1.915244914E-02-2.197887635E-02-2.471227785E-02-2.735587753E-02-2.991179907E-02
-3.238107181E-02-3.476396316E-02-3.706033447E-02-3.926989132E-02-4.139230432E-02
-4.342719770E-02-4.537411478E-02-4.723249747E-02-4.900168798E-02-5.068091870E-02
-5.226932071E-02-5.376590806E-02-5.516959151E-02-5.647918617E-02-5.769338763E-02
-5.881079934E-02-5.982991544E-02-6.074912082E-02-6.156671024E-02-6.228087267E-02
-6.288970625E-02-6.339121495E-02-6.378331509E-02-6.406383849E-02-6.423053721E-02
-6.428108564E-02-6.421309039E-02-6.402409473E-02-6.371157961E-02-6.327298071E-02
-6.270568463E-02-6.200703401E-02-6.117435946E-02-6.020495386E-02-5.909610381E-02
-5.784509420E-02-5.644921684E-02-5.490577717E-02-5.321210674E-02-5.136557335E-02
-4.936362134E-02-4.720371070E-02-4.488341800E-02-4.240041288E-02-3.975248673E-02
-3.693758596E-02-3.395383174E-02-3.079927007E-02-2.747187846E-02-2.396946202E-02
-2.028940928E-02-1.642957580E-02-1.239103571E-02-8.177117577E-03-3.793269671E-03
 7.513097329E-04 5.470626403E-03 1.037646600E-02 1.547261859E-02 2.076138276E-02
 2.624127461E-02 3.190964167E-02 3.776394894E-02 4.380138791E-02 5.001913209E-02
 5.641457473E-02 6.298519516E-02 6.972832575E-02 7.664101780E-02 8.372010155E-02
 9.096205912E-02 9.836310065E-02 1.059192098E-01 1.136261741E-01 1.214796397E-01
 1.294752269E-01 1.376088121E-01 1.458764668E-01 1.542742650E-01 1.627983020E-01
 1.714447091E-01 1.802096649E-01 1.890893604E-01 1.980799945E-01 2.071778336E-01
 2.163791430E-01 2.256801337E-01 2.350770616E-01 2.445663499E-01 2.541446514E-01
 2.638087663E-01 2.735555311E-01 2.833817799E-01 2.932844654E-01 3.032606866E-01
 3.133076789E-01 3.234228156E-01 3.336035947E-01 3.438476068E-01 3.541524913E-01
 3.645159371E-01 3.749357287E-01 3.854097741E-01 3.959361215E-01 4.065129347E-01
 4.171384238E-01 4.278110777E-01 4.385307057E-01 4.492899476E-01 3.347910076E-02
 2.943119385E-02 2.546450545E-02 2.159419606E-02 1.782068257E-02 1.414695919E-02
 1.057636565E-02 7.112361587E-03 3.760373834E-03 5.203269186E-04-2.648034547E-03
-5.795400878E-03-8.895881662E-03-1.191710801E-02-1.484380476E-02-1.767100754E-02
-2.039922059E-02-2.303136033E-02-2.557070066E-02-2.801979716E-02-3.038018702E-02
-3.265250967E-02-3.483679746E-02-3.693277407E-02-3.894003948E-02-4.085813951E-02
-4.268655992E-02-4.442471513E-02-4.607192370E-02-4.762740715E-02-4.909027314E-02
-5.045952911E-02-5.173409208E-02-5.291276616E-02-5.399426810E-02-5.497720667E-02
-5.586008932E-02-5.664133678E-02-5.731926701E-02-5.789211444E-02-5.835801990E-02
-5.871504262E-02-5.896115869E-02-5.909426803E-02-5.911219497E-02-5.901269786E-02
-5.879347331E-02-5.845215908E-02-5.798634128E-02-5.739356451E-02-5.667133233E-02
-5.581712201E-02-5.482839016E-02-5.370257394E-02-5.243710911E-02-5.102943965E-02
-4.947701602E-02-4.777731745E-02-4.592785224E-02-4.392620350E-02-4.177001318E-02
-3.945698753E-02-3.698497000E-02-3.435190716E-02-3.155579968E-02-2.859460144E-02
-2.546611362E-02-2.216773936E-02-1.869668455E-02-1.505144123E-02-1.123376768E-02
-7.247034720E-03-3.096842455E-03 1.208977941E-03 5.687676297E-03 1.034900643E-02
 1.519656689E-02 2.023268488E-02 2.545633693E-02 3.086586872E-02 3.645979585E-02
 4.223617470E-02 4.819264490E-02 5.432647319E-02 6.063480681E-02 6.711506091E-02
 7.376480831E-02 8.058153181E-02 8.756245379E-02 9.470458847E-02 1.020046202E-01
 1.094589292E-01 1.170636849E-01 1.248148610E-01 1.327082853E-01 1.407397100E-01
 1.489050471E-01 1.572005224E-01 1.656224084E-01 1.741669852E-01 1.828305639E-01
 1.916094978E-01 2.005001763E-01 2.094989861E-01 2.186023530E-01 2.278067584E-01
 2.371086455E-01 2.465044289E-01 2.559906132E-01 2.655638922E-01 2.752211655E-01
 2.849594354E-01 2.947757156E-01 3.046670424E-01 3.146305900E-01 3.246636652E-01
 3.347637031E-01 3.449282655E-01 3.551550278E-01 3.654417456E-01 3.757862154E-01
 3.861862822E-01 3.966398828E-01 4.071450728E-01 4.177000339E-01 4.283030045E-01
 4.389525044E-01 4.496483753E-01 4.603833757E-01 3.358310770E-02 2.961432456E-02
 2.572839312E-02 2.194064069E-02 1.825129410E-02 1.466322960E-02 1.117985667E-02
 7.804668177E-03 4.542238246E-03 1.396928062E-03-1.655012218E-03-4.681100019E-03
-7.671479854E-03-1.059175442E-02-1.342168375E-02-1.615282517E-02-1.878340418E-02
-2.131513585E-02-2.375094485E-02-2.609359480E-02-2.834508253E-02-3.050651445E-02
-3.257825235E-02-3.456017170E-02-3.645188876E-02-3.825288823E-02-3.996259193E-02
-4.158036142E-02-4.310548804E-02-4.453716411E-02-4.587448818E-02-4.711647319E-02
-4.826202418E-02-4.930996153E-02-5.025899941E-02-5.110775847E-02-5.185477492E-02
-5.249848709E-02-5.303725531E-02-5.346934827E-02-5.379295762E-02-5.400619414E-02
-5.410709631E-02-5.409362978E-02-5.396369454E-02-5.371513314E-02-5.334573268E-02
-5.285322436E-02-5.223530500E-02-5.148962945E-02-5.061381745E-02-4.960548382E-02
-4.846221207E-02-4.718158673E-02-4.576119730E-02-4.419864889E-02-4.249157068E-02
-4.063763727E-02-3.863457247E-02-3.648020709E-02-3.417240969E-02-3.170912152E-02
-2.908825190E-02-2.630754798E-02-2.336453082E-02-2.025649831E-02-1.698080974E-02
-1.353688829E-02-9.926974804E-03-6.154596357E-03-2.226138399E-03 1.853668377E-03
 6.105172170E-03 1.053563505E-02 1.514867351E-02 1.994626162E-02 2.492715693E-02
 3.008999419E-02 3.543395994E-02 4.095817493E-02 4.666132670E-02 5.254152768E-02
 5.859638861E-02 6.482314145E-02 7.121891490E-02 7.778115385E-02 8.450751719E-02
 9.139562157E-02 9.844285081E-02 1.056463837E-01 1.130031097E-01 1.205095750E-01
 1.281621208E-01 1.359568983E-01 1.438899110E-01 1.519570608E-01 1.601543025E-01
 1.684779366E-01 1.769244189E-01 1.854902044E-01 1.941717728E-01 2.029656387E-01
 2.118683619E-01 2.208765160E-01 2.299866790E-01 2.391954956E-01 2.484996268E-01
 2.578956815E-01 2.673802815E-01 2.769501722E-01 2.866022983E-01 2.963337730E-01
 3.061417767E-01 3.160234857E-01 3.259761360E-01 3.359971039E-01 3.460838851E-01
 3.562340966E-01 3.664454721E-01 3.767158481E-01 3.870431300E-01 3.974252581E-01
 4.078602204E-01 4.183460955E-01 4.288810679E-01 4.394633914E-01 4.500916083E-01
 4.607655716E-01 4.714781541E-01 3.371102452E-02 2.982191735E-02 2.601711802E-02
 2.231203917E-02 1.870677594E-02 1.520433175E-02 1.180831909E-02 8.522157258E-03
 5.349678135E-03 2.297193879E-03-6.454337465E-04-3.543620796E-03-6.415806495E-03
-9.230038750E-03-1.196039020E-02-1.459442957E-02-1.712756666E-02-1.955972766E-02
-2.189298430E-02-2.412996057E-02-2.627293766E-02-2.832346125E-02-3.028231568E-02
-3.214968339E-02-3.392532621E-02-3.560876327E-02-3.719938193E-02-3.869649254E-02
-4.009932735E-02-4.140704758E-02-4.261874620E-02-4.373341981E-02-4.474998477E-02
-4.566725322E-02-4.648395179E-02-4.719872305E-02-4.781011915E-02-4.831661579E-02
-4.871660249E-02-4.900839300E-02-4.919022443E-02-4.926026431E-02-4.921661222E-02
-4.905730290E-02-4.878031544E-02-4.838357648E-02-4.786496088E-02-4.722230649E-02
-4.645341321E-02-4.555604752E-02-4.452796530E-02-4.336690296E-02-4.207059203E-02
-4.063677494E-02-3.906321877E-02-3.734771712E-02-3.548811150E-02-3.348228592E-02
-3.132817236E-02-2.902368378E-02-2.656654388E-02-2.395432926E-02-2.118440429E-02
-1.825397280E-02-1.516095388E-02-1.190624538E-02-8.492544483E-03-4.922918331E-03
-1.204885177E-03 2.662334165E-03 6.699400655E-03 1.091133543E-02 1.530241369E-02
 1.987441772E-02 2.462586564E-02 2.955535596E-02 3.466205020E-02 3.994527346E-02
 4.540442294E-02 5.103875787E-02 5.684695214E-02 6.282705691E-02 6.897666825E-02
 7.529302023E-02 8.177323123E-02 8.841476000E-02 9.521533755E-02 1.021726975E-01
 1.092843749E-01 1.165476974E-01 1.239597539E-01 1.315172602E-01 1.392167151E-01
 1.470544394E-01 1.550266029E-01 1.631292647E-01 1.713584611E-01 1.797104980E-01
 1.881819778E-01 1.967695247E-01 2.054697758E-01 2.142793989E-01 2.231951016E-01
 2.322136275E-01 2.413317175E-01 2.505461454E-01 2.598537490E-01 2.692513429E-01
 2.787357006E-01 2.883036512E-01 2.979521703E-01 3.076784296E-01 3.174797275E-01
 3.273534026E-01 3.372967872E-01 3.473073093E-01 3.573825286E-01 3.675201138E-01
 3.777178474E-01 3.879736200E-01 3.982854148E-01 4.086512737E-01 4.190692688E-01
 4.295375216E-01 4.400542347E-01 4.506176616E-01 4.612263550E-01 4.718801712E-01
 4.825720822E-01 3.386433195E-02 3.005517640E-02 2.633152581E-02 2.270902692E-02
 1.918796422E-02 1.577146124E-02 1.246303310E-02 9.265965945E-03 6.183706956E-03
 3.221821733E-03 3.797726796E-04-2.386236265E-03-5.130704440E-03-7.831586282E-03
-1.045778106E-02-1.299237917E-02-1.542745436E-02-1.776053391E-02-1.999227406E-02
-2.212470285E-02-2.416005181E-02-2.610014265E-02-2.794617451E-02-2.969871115E-02
-3.135780067E-02-3.292312825E-02-3.439414601E-02-3.577014836E-02-3.705033336E-02
-3.823383666E-02-3.931971402E-02-4.030695391E-02-4.119445123E-02-4.198102786E-02
-4.266542341E-02-4.324629835E-02-4.372223426E-02-4.409173341E-02-4.435322335E-02
-4.450506026E-02-4.454553289E-02-4.447286661E-02-4.428522419E-02-4.398071505E-02
-4.355739856E-02-4.301328765E-02-4.234635313E-02-4.155453790E-02-4.063575570E-02
-3.958789863E-02-3.840886494E-02-3.709653952E-02-3.564882661E-02-3.406364932E-02
-3.233895117E-02-3.047267878E-02-2.846274686E-02-2.630692548E-02-2.400284196E-02
-2.154792934E-02-1.893949994E-02-1.617503701E-02-1.325369345E-02-1.017740075E-02
-6.949132444E-03-3.572619336E-03-5.541924747E-05 3.613397771E-03 7.449270058E-03
 1.145535242E-02 1.563630634E-02 1.999394608E-02 2.452729173E-02 2.923543901E-02
 3.411748863E-02 3.917243464E-02 4.439957341E-02 4.979836179E-02 5.536822377E-02
 6.110842708E-02 6.701764656E-02 7.309391178E-02 7.933481813E-02 8.573761193E-02
 9.229940476E-02 9.901765167E-02 1.058901435E-01 1.129147168E-01 1.200890463E-01
 1.274105968E-01 1.348766412E-01 1.424840743E-01 1.502295414E-01 1.581095239E-01
 1.661203496E-01 1.742582341E-01 1.825193280E-01 1.908999268E-01 1.993967125E-01
 2.080064713E-01 2.167259880E-01 2.255520751E-01 2.344815776E-01 2.435113840E-01
 2.526383973E-01 2.618595222E-01 2.711717262E-01 2.805720077E-01 2.900573198E-01
 2.996246062E-01 3.092708981E-01 3.189933903E-01 3.287894532E-01 3.386565483E-01
 3.485921552E-01 3.585937621E-01 3.686589762E-01 3.787855238E-01 3.889712321E-01
 3.992140353E-01 4.095119668E-01 4.198631439E-01 4.302657329E-01 4.407179290E-01
 4.512179712E-01 4.617641272E-01 4.723549437E-01 4.829902684E-01 4.936631691E-01
 3.404403999E-02 3.031472834E-02 2.667223352E-02 2.313264630E-02 1.969623008E-02
 1.636591993E-02 1.314506079E-02 1.003694221E-02 7.044966417E-03 4.173483824E-03
 1.427528127E-03-1.213389300E-03-3.820728467E-03-6.397766168E-03-8.912876079E-03
-1.134379081E-02-1.367876540E-02-1.591239603E-02-1.804333121E-02-2.007243402E-02
-2.200144167E-02-2.383216292E-02-2.556604034E-02-2.720398854E-02-2.874640613E-02
-3.019325657E-02-3.154416208E-02-3.279851201E-02-3.395555105E-02-3.501440497E-02
-3.597411795E-02-3.683364308E-02-3.759187432E-02-3.824763054E-02-3.879966367E-02
-3.924664844E-02-3.958718925E-02-3.981981886E-02-3.994300522E-02-3.995515151E-02
-3.985460205E-02-3.963964172E-02-3.930850422E-02-3.885937818E-02-3.829041052E-02
-3.759970609E-02-3.678535064E-02-3.584540307E-02-3.477790282E-02-3.358089837E-02
-3.225241941E-02-3.079048926E-02-2.919311361E-02-2.745825092E-02-2.558373246E-02
-2.356722098E-02-2.140624103E-02-1.909825545E-02-1.664075697E-02-1.403203611E-02
-1.127299541E-02-8.366131346E-03-5.314028028E-03-2.122102775E-03 1.205617812E-03
 4.688341120E-03 8.334557544E-03 1.214748551E-02 1.613103068E-02 2.028602120E-02
 2.461180882E-02 2.910861810E-02 3.377633838E-02 3.861423602E-02 4.362138500E-02
 4.879676446E-02 5.413965210E-02 5.964951131E-02 6.532579820E-02 7.116781800E-02
 7.717426168E-02 8.334314833E-02 8.967207763E-02 9.615831366E-02 1.027989670E-01
 1.095914758E-01 1.165336790E-01 1.236235030E-01 1.308587501E-01 1.382370149E-01
 1.457557309E-01 1.534119826E-01 1.612025568E-01 1.691240841E-01 1.771730433E-01
 1.853458001E-01 1.936386366E-01 2.020478743E-01 2.105701959E-01 2.192025261E-01
 2.279417942E-01 2.367849473E-01 2.457289622E-01 2.547708531E-01 2.639076694E-01
 2.731364586E-01 2.824542943E-01 2.918583185E-01 3.013456645E-01 3.109134205E-01
 3.205587025E-01 3.302787375E-01 3.400709245E-01 3.499328065E-01 3.598619894E-01
 3.698560814E-01 3.799127264E-01 3.900296973E-01 4.002048715E-01 4.104362222E-01
 4.207218222E-01 4.310598356E-01 4.414485018E-01 4.518861034E-01 4.623709435E-01
 4.729013211E-01 4.834757906E-01 4.940941750E-01 5.047496252E-01 3.425059043E-02
 3.060136082E-02 2.704054585E-02 2.358436518E-02 2.023279977E-02 1.698862878E-02
 1.385523751E-02 1.083607478E-02 7.934536408E-03 5.154119036E-03 2.500511796E-03
-3.044512985E-05-2.493069978E-03-4.932855044E-03-7.326911450E-03-9.647252383E-03
-1.187790435E-02-1.401013717E-02-1.603999369E-02-1.796656909E-02-1.979059087E-02
-2.151342246E-02-2.313645066E-02-2.466077657E-02-2.608708830E-02-2.741563755E-02
-2.864630332E-02-2.977868245E-02-3.081214033E-02-3.174587860E-02-3.257895963E-02
-3.331036654E-02-3.393899510E-02-3.446367536E-02-3.488316100E-02-3.519614473E-02
-3.540125237E-02-3.549705361E-02-3.548205762E-02-3.535472042E-02-3.511344393E-02
-3.475658169E-02-3.428244695E-02-3.368931551E-02-3.297542700E-02-3.213899650E-02
-3.117821269E-02-3.009123549E-02-2.887619272E-02-2.753117910E-02-2.605421075E-02
-2.444319365E-02-2.269588092E-02-2.080992001E-02-1.878291425E-02-1.661250302E-02
-1.429675626E-02-1.183570607E-02-9.231403894E-03-6.486461036E-03-3.603317279E-03
-5.887965843E-04 2.563271871E-03 5.871289211E-03 9.338707095E-03 1.296975089E-02
 1.676734708E-02 2.073146803E-02 2.486155819E-02 2.915783198E-02 3.362067659E-02
 3.825046646E-02 4.304703736E-02 4.800955694E-02 5.313693518E-02 5.842804870E-02
 6.388218445E-02 6.949883707E-02 7.527749734E-02 8.121751009E-02 8.731758898E-02
 9.357574857E-02 9.998959727E-02 1.065564227E-01 1.132733414E-01 1.201377648E-01
 1.271475687E-01 1.343007573E-01 1.415952473E-01 1.490287579E-01 1.565988612E-01
 1.643028347E-01 1.721376081E-01 1.800999488E-01 1.881864815E-01 1.963937132E-01
 2.047180639E-01 2.131559278E-01 2.217039440E-01 2.303591260E-01 2.391185448E-01
 2.479792737E-01 2.569384140E-01 2.659930979E-01 2.751404989E-01 2.843778056E-01
 2.937022062E-01 3.031109456E-01 3.126013113E-01 3.221705556E-01 3.318159056E-01
 3.415346479E-01 3.513241977E-01 3.611821391E-01 3.711061659E-01 3.810940124E-01
 3.911434074E-01 4.012521497E-01 4.114181630E-01 4.216394627E-01 4.319141560E-01
 4.422404430E-01 4.526166074E-01 4.630410024E-01 4.735120118E-01 4.840279907E-01
 4.945875176E-01 5.051904037E-01 5.158298652E-01 3.448506347E-02 3.091659155E-02
 2.743791562E-02 2.406526642E-02 2.079846302E-02 1.764043309E-02 1.459470947E-02
 1.166469563E-02 8.853614878E-03 6.164502348E-03 3.601417175E-03 1.168567996E-03
-1.157179414E-03-3.446197807E-03-5.704798076E-03-7.904257625E-03-1.002333280E-02
-1.204966341E-02-1.397625342E-02-1.579985696E-02-1.751961099E-02-1.913592167E-02
-2.064972024E-02-2.206199363E-02-2.337351398E-02-2.458473637E-02-2.569579535E-02
-2.670650965E-02-2.761643625E-02-2.842490828E-02-2.913111535E-02-2.973410704E-02
-3.023283603E-02-3.062615873E-02-3.091286599E-02-3.109167828E-02-3.116126261E-02
-3.112022696E-02-3.096712911E-02-3.070047794E-02-3.031873540E-02-2.982032402E-02
-2.920362659E-02-2.846698427E-02-2.760869113E-02-2.662699949E-02-2.552009985E-02
-2.428609989E-02-2.292301123E-02-2.142870367E-02-1.980097394E-02-1.803761277E-02
-1.613649132E-02-1.409576475E-02-1.191497925E-02-9.595811331E-03-7.140678349E-03
-4.551067019E-03-1.832250496E-03 1.013154550E-03 4.003842369E-03 7.147739211E-03
 1.044722622E-02 1.390710255E-02 1.752900141E-02 2.131251881E-02 2.525776244E-02
 2.936493926E-02 3.363414957E-02 3.806571252E-02 4.266014352E-02 4.741778861E-02
 5.233826414E-02 5.742057341E-02 6.266351138E-02 6.806589273E-02 7.362702578E-02
 7.934643748E-02 8.522364959E-02 9.125804422E-02 9.744836331E-02 1.037926232E-01
 1.102884451E-01 1.169331450E-01 1.237238524E-01 1.306579467E-01 1.377333278E-01
 1.449480679E-01 1.523001848E-01 1.597875174E-01 1.674077590E-01 1.751583723E-01
 1.830364378E-01 1.910388493E-01 1.991623710E-01 2.074036446E-01 2.157592258E-01
 2.242256120E-01 2.327994146E-01 2.414776616E-01 2.502575536E-01 2.591362858E-01
 2.681110765E-01 2.771791713E-01 2.863378516E-01 2.955844327E-01 3.049162286E-01
 3.143305734E-01 3.238248705E-01 3.333965280E-01 3.430429101E-01 3.527613876E-01
 3.625494138E-01 3.724045833E-01 3.823246429E-01 3.923074194E-01 4.023507622E-01
 4.124525194E-01 4.226106386E-01 4.328231798E-01 4.430882852E-01 4.534041858E-01
 4.637691980E-01 4.741817177E-01 4.846401965E-01 4.951430647E-01 5.056889468E-01
 5.162776584E-01 5.269024900E-01 3.474910330E-02 3.126173198E-02 2.786524341E-02
 2.457605160E-02 2.139416843E-02 1.832264960E-02 1.536490978E-02 1.252408416E-02
 9.803214926E-03 7.205278257E-03 4.733332416E-03 2.392152241E-03 1.791631450E-04
-1.952784869E-03-4.057477148E-03-6.121269415E-03-8.117638206E-03-1.002995495E-02
-1.184801766E-02-1.356579987E-02-1.518028285E-02-1.669038104E-02-1.809608459E-02
-1.939785354E-02-2.059624876E-02-2.169173531E-02-2.268455309E-02-2.357468649E-02
-2.436186316E-02-2.504561227E-02-2.562526253E-02-2.609999181E-02-2.646884001E-02
-2.673075296E-02-2.688458450E-02-2.692911709E-02-2.686306494E-02-2.668508419E-02
-2.639377624E-02-2.598768747E-02-2.546531266E-02-2.482509237E-02-2.406540811E-02
-2.318457005E-02-2.218081503E-02-2.105226422E-02-1.979695686E-02-1.841288828E-02
-1.689808953E-02-1.525067419E-02-1.346901947E-02-1.155265364E-02-9.502950633E-03
-7.322029894E-03-5.011418832E-03-2.574195993E-03-1.559505905E-05 2.676686588E-03
 5.516199751E-03 8.505014422E-03 1.164734004E-02 1.494608940E-02 1.840189144E-02
 2.201457907E-02 2.578461205E-02 2.971249154E-02 3.379854115E-02 3.804292538E-02
 4.244582078E-02 4.700756764E-02 5.172863072E-02 5.660925819E-02 6.164889023E-02
 6.684639984E-02 7.220048695E-02 7.770992436E-02 8.337404605E-02 8.919240829E-02
 9.516456090E-02 1.012899219E-01 1.075672663E-01 1.139946179E-01 1.205696141E-01
 1.272896030E-01 1.341517340E-01 1.411533529E-01 1.482923711E-01 1.555669190E-01
 1.629751042E-01 1.705148798E-01 1.781840470E-01 1.859802362E-01 1.939006907E-01
 2.019424246E-01 2.101023330E-01 2.183771873E-01 2.267636712E-01 2.352583998E-01
 2.438580098E-01 2.525594763E-01 2.613600956E-01 2.702571858E-01 2.792480736E-01
 2.883301133E-01 2.975006873E-01 3.067572182E-01 3.160971434E-01 3.255178985E-01
 3.350169689E-01 3.445918914E-01 3.542401781E-01 3.639593070E-01 3.737467933E-01
 3.836002514E-01 3.935174443E-01 4.034962603E-01 4.135346444E-01 4.236305503E-01
 4.337819474E-01 4.439869219E-01 4.542436574E-01 4.645504138E-01 4.749055355E-01
 4.853074481E-01 4.957546449E-01 5.062456220E-01 5.167790707E-01 5.273548312E-01
 5.379662773E-01 3.504383434E-02 3.163750478E-02 2.832323132E-02 2.511784365E-02
 2.202140355E-02 1.903677058E-02 1.616707227E-02 1.341529794E-02 1.078446891E-02
 8.277567608E-03 5.897190448E-03 3.646101047E-03 1.528625039E-03-4.677850070E-04
-2.405396985E-03-4.312774498E-03-6.170344250E-03-7.956104034E-03-9.656122943E-03
-1.126146135E-02-1.276655889E-02-1.416832657E-02-1.546529327E-02-1.665694058E-02
-1.774324929E-02-1.872436184E-02-1.960039461E-02-2.037133355E-02-2.103701187E-02
-2.159706367E-02-2.205095005E-02-2.239796353E-02-2.263726902E-02-2.276790684E-02
-2.278881237E-02-2.269882952E-02-2.249671990E-02-2.218117208E-02-2.175080027E-02
-2.120414838E-02-2.053968628E-02-1.975579169E-02-1.885076634E-02-1.782286326E-02
-1.667032254E-02-1.539146439E-02-1.398466907E-02-1.244865052E-02-1.078322301E-02
-8.989622152E-03-7.069704432E-03-5.024751366E-03-2.856396576E-03-5.698909903E-04
 1.840958359E-03 4.393161420E-03 7.089627742E-03 9.933191245E-03 1.292782734E-02
 1.607468716E-02 1.937343251E-02 2.282448660E-02 2.642863380E-02 3.018642738E-02
 3.409836403E-02 3.816496020E-02 4.238647995E-02 4.676297129E-02 5.129456518E-02
 5.598160849E-02 6.082455029E-02 6.582353312E-02 7.097783227E-02 7.628621069E-02
 8.174728586E-02 8.735980336E-02 9.312312632E-02 9.903683834E-02 1.051005149E-01
 1.113136084E-01 1.176749310E-01 1.241825190E-01 1.308340284E-01 1.376268425E-01
 1.445581369E-01 1.516252269E-01 1.588260211E-01 1.661586997E-01 1.736214503E-01
 1.812123331E-01 1.889292495E-01 1.967699719E-01 2.047319197E-01 2.128122261E-01
 2.210079062E-01 2.293158571E-01 2.377328834E-01 2.462557221E-01 2.548810797E-01
 2.636058643E-01 2.724274067E-01 2.813431440E-01 2.903505065E-01 2.994469498E-01
 3.086299557E-01 3.178970388E-01 3.272457473E-01 3.366736282E-01 3.461782435E-01
 3.557572224E-01 3.654082111E-01 3.751288167E-01 3.849166365E-01 3.947693277E-01
 4.046846598E-01 4.146605494E-01 4.246950081E-01 4.347860874E-01 4.449318365E-01
 4.551303488E-01 4.653798373E-01 4.756785984E-01 4.860250008E-01 4.964174954E-01
 5.068546030E-01 5.173348611E-01 5.278570217E-01 5.384209728E-01 5.490201844E-01
 3.536981267E-02 3.204474105E-02 2.881321403E-02 2.569226750E-02 2.268166409E-02
 1.978397091E-02 1.700226168E-02 1.433956469E-02 1.179885658E-02 9.382864015E-03
 7.093898124E-03 4.933804897E-03 2.905032355E-03 1.009783531E-03-7.741297388E-04
-2.506158336E-03-4.202148267E-03-5.843244883E-03-7.410651889E-03-8.892008520E-03
-1.027905227E-02-1.156636518E-02-1.275059022E-02-1.382979130E-02-1.480291325E-02
-1.566940138E-02-1.642894074E-02-1.708129618E-02-1.762617721E-02-1.806319770E-02
-1.839184306E-02-1.861147558E-02-1.872132372E-02-1.872049016E-02-1.860796870E-02
-1.838264935E-02-1.804332233E-02-1.758867802E-02-1.701733889E-02-1.632786739E-02
-1.551879264E-02-1.458868523E-02-1.353616021E-02-1.235992484E-02-1.105914753E-02
-9.634199290E-03-8.086157207E-03-6.416599193E-03-4.626148726E-03-2.716131819E-03
-6.913326739E-04 1.453040030E-03 3.733970793E-03 6.154664560E-03 8.716559143E-03
 1.142409121E-02 1.427906479E-02 1.728169616E-02 2.043201801E-02 2.373043931E-02
 2.717753262E-02 3.077404691E-02 3.452074083E-02 3.841819639E-02 4.246687846E-02
 4.666715802E-02 5.101915686E-02 5.552284851E-02 6.017836820E-02 6.498607577E-02
 6.994640084E-02 7.505936545E-02 8.032409056E-02 8.573924473E-02 9.130337520E-02
 9.701521403E-02 1.028741559E-01 1.088798100E-01 1.150317751E-01 1.213295366E-01
 1.277719467E-01 1.343570586E-01 1.410825496E-01 1.479458395E-01 1.549441358E-01
 1.620747308E-01 1.693355152E-01 1.767247114E-01 1.842405783E-01 1.918812741E-01
 1.996447963E-01 2.075290361E-01 2.155315923E-01 2.236497222E-01 2.318805508E-01
 2.402210969E-01 2.486682806E-01 2.572189560E-01 2.658699252E-01 2.746180706E-01
 2.834606831E-01 2.923952979E-01 3.014194502E-01 3.105306901E-01 3.197265939E-01
 3.290047644E-01 3.383628421E-01 3.477984827E-01 3.573093390E-01 3.668931064E-01
 3.765475374E-01 3.862703706E-01 3.960593071E-01 4.059120664E-01 4.158264441E-01
 4.258003589E-01 4.358318619E-01 4.459190749E-01 4.560601447E-01 4.662532124E-01
 4.764964950E-01 4.867883206E-01 4.971270883E-01 5.075112704E-01 5.179394105E-01
 5.284100719E-01 5.389220459E-01 5.494752651E-01 5.600633171E-01 3.572806300E-02
 3.248498952E-02 2.933689590E-02 2.630076378E-02 2.337605785E-02 2.056536379E-02
 1.787186526E-02 1.529853820E-02 1.284810330E-02 1.052294284E-02 8.325134149E-03
 6.256295763E-03 4.317281722E-03 2.509342157E-03 8.324880406E-04-7.373213463E-04
-2.251617501E-03-3.722720617E-03-5.136639083E-03-6.476753356E-03-7.731531093E-03
-8.893036819E-03-9.955725534E-03-1.091585424E-02-1.177094664E-02-1.251938227E-02
-1.316007842E-02-1.369223760E-02-1.411520557E-02-1.442836840E-02-1.463108504E-02
-1.472264797E-02-1.470226041E-02-1.456904317E-02-1.432202815E-02-1.396017480E-02
-1.348240419E-02-1.288763702E-02-1.217478313E-02-1.134279766E-02-1.039089471E-02
-9.319065650E-03-8.127854953E-03-6.818288626E-03-5.391483383E-03-3.846879516E-03
-2.186864101E-03-4.152225259E-04 1.475163618E-03 3.498889119E-03 5.658061478E-03
 7.953919895E-03 1.039079910E-02 1.297038034E-02 1.569293936E-02 1.855842458E-02
 2.156761864E-02 2.472131735E-02 2.801991172E-02 3.146380434E-02 3.505371575E-02
 3.879045785E-02 4.267468366E-02 4.670684924E-02 5.088735566E-02 5.521645902E-02
 5.969416759E-02 6.432040917E-02 6.909534106E-02 7.401933567E-02 7.909279289E-02
 8.431559990E-02 8.968673756E-02 9.520479480E-02 1.008682597E-01 1.066758628E-01
 1.126270320E-01 1.187213998E-01 1.249585867E-01 1.313381091E-01 1.378588619E-01
 1.445189191E-01 1.513159812E-01 1.582475056E-01 1.653107360E-01 1.725029521E-01
 1.798220126E-01 1.872661746E-01 1.948337601E-01 2.025230156E-01 2.103320325E-01
 2.182588024E-01 2.263010956E-01 2.344563033E-01 2.427216534E-01 2.510942802E-01
 2.595712158E-01 2.681494241E-01 2.768258132E-01 2.855972964E-01 2.944610796E-01
 3.034147509E-01 3.124559523E-01 3.215823225E-01 3.307915270E-01 3.400812547E-01
 3.494492261E-01 3.588931937E-01 3.684109096E-01 3.780001362E-01 3.876586993E-01
 3.973844520E-01 4.071752153E-01 4.170287888E-01 4.269430136E-01 4.369158193E-01
 4.469452653E-01 4.570295198E-01 4.671668029E-01 4.773553473E-01 4.875933880E-01
 4.978792600E-01 5.082113950E-01 5.185882894E-01 5.290085061E-01 5.394706300E-01
 5.499734743E-01 5.605169977E-01 5.710949043E-01 3.612033529E-02 3.295994892E-02
 2.989562198E-02 2.694439968E-02 2.410578608E-02 2.138252607E-02 1.877772609E-02
 1.629411561E-02 1.393412309E-02 1.169994204E-02 9.593448721E-03 7.615868493E-03
 5.767599970E-03 4.048104333E-03 2.457037110E-03 9.931221232E-04-3.621654181E-04
-1.649242454E-03-2.883368816E-03-4.057770133E-03-5.159842667E-03-6.178308470E-03
-7.104958787E-03-7.934057718E-03-8.661458038E-03-9.284141250E-03-9.799898232E-03
-1.020708462E-02-1.050443392E-02-1.069089652E-02-1.076555280E-02-1.072754284E-02
-1.057604745E-02-1.031026318E-02-9.929408988E-03-9.432773980E-03-8.819956390E-03
-8.091039562E-03-7.246170107E-03-6.285955200E-03-5.211224516E-03-4.021470780E-03
-2.717081064E-03-1.301617325E-03 2.239835437E-04 1.872846348E-03 3.652555880E-03
 5.563477263E-03 7.607430047E-03 9.788137291E-03 1.210715930E-02 1.456500289E-02
 1.716150788E-02 1.989711491E-02 2.277247509E-02 2.578829155E-02 2.894545452E-02
 3.224463503E-02 3.568616451E-02 3.927048227E-02 4.299830852E-02 4.687040442E-02
 5.088731499E-02 5.504941885E-02 5.935705454E-02 6.381036527E-02 6.840926443E-02
 7.315365900E-02 7.804373433E-02 8.307987246E-02 8.826243435E-02 9.359116162E-02
 9.906491035E-02 1.046822030E-01 1.104414785E-01 1.163414766E-01 1.223816587E-01
 1.285616790E-01 1.348811780E-01 1.413397014E-01 1.479361885E-01 1.546687375E-01
 1.615350739E-01 1.685326935E-01 1.756588796E-01 1.829109100E-01 1.902866004E-01
 1.977842344E-01 2.054021900E-01 2.131387925E-01 2.209922255E-01 2.289605674E-01
 2.370417411E-01 2.452332860E-01 2.535325299E-01 2.619367141E-01 2.704429796E-01
 2.790483942E-01 2.877499732E-01 2.965446995E-01 3.054297081E-01 3.144025728E-01
 3.234610320E-01 3.326028132E-01 3.418256643E-01 3.511273578E-01 3.605056905E-01
 3.699584953E-01 3.794836203E-01 3.890789098E-01 3.987422437E-01 4.084715625E-01
 4.182648024E-01 4.281198634E-01 4.380346482E-01 4.480071172E-01 4.580353293E-01
 4.681174724E-01 4.782518172E-01 4.884366726E-01 4.986703495E-01 5.089511804E-01
 5.192776096E-01 5.296481647E-01 5.400614275E-01 5.505160012E-01 5.610107165E-01
 5.715455393E-01 5.821142779E-01 3.654830085E-02 3.347083960E-02 3.049045851E-02
 2.762450640E-02 2.487263294E-02 2.223747596E-02 1.972189812E-02 1.732840088E-02
 1.505931135E-02 1.291671270E-02 1.090208187E-02 9.016220479E-03 7.259119703E-03
 5.629750806E-03 4.126121792E-03 2.746404757E-03 1.488059148E-03 3.398787515E-04
-7.168067296E-04-1.708876448E-03-2.635089680E-03-3.487215749E-03-4.257497042E-03
-4.938371436E-03-5.523705902E-03-6.008827893E-03-6.390182487E-03-6.665088318E-03
-6.831508026E-03-6.887907264E-03-6.833127917E-03-6.666323701E-03-6.386910460E-03
-5.994565672E-03-5.489295617E-03-4.871418957E-03-4.140840657E-03-3.296721722E-03
-2.339966949E-03-1.273085590E-03-9.735870847E-05 1.195844716E-03 2.615480704E-03
 4.162526088E-03 5.837115665E-03 7.642497324E-03 9.581057075E-03 1.165373297E-02
 1.386067784E-02 1.620189311E-02 1.867821468E-02 2.129036136E-02 2.403874900E-02
 2.692390553E-02 2.994650539E-02 3.310744464E-02 3.640758411E-02 3.984734040E-02
 4.342692790E-02 4.714685144E-02 5.100785181E-02 5.501061990E-02 5.915559870E-02
 6.344310925E-02 6.787341712E-02 7.244655603E-02 7.716236194E-02 8.202074552E-02
 8.702192082E-02 9.216627562E-02 9.745412226E-02 1.028850501E-01 1.084578058E-01
 1.141708572E-01 1.200226029E-01 1.260118011E-01 1.321379468E-01 1.384007143E-01
 1.447997619E-01 1.513346636E-01 1.580044038E-01 1.648071085E-01 1.717405294E-01
 1.788022007E-01 1.859894492E-01 1.932995595E-01 2.007302981E-01 2.082799658E-01
 2.159469902E-01 2.237297667E-01 2.316265682E-01 2.396355521E-01 2.477547678E-01
 2.559819167E-01 2.643144282E-01 2.727496407E-01 2.812848015E-01 2.899170783E-01
 2.986435878E-01 3.074614012E-01 3.163676399E-01 3.253597974E-01 3.344356779E-01
 3.435931025E-01 3.528298960E-01 3.621439093E-01 3.715330150E-01 3.809951153E-01
 3.905281432E-01 4.001300320E-01 4.097987213E-01 4.195322094E-01 4.293285300E-01
 4.391856923E-01 4.491016775E-01 4.590744928E-01 4.691022145E-01 4.791830269E-01
 4.893152307E-01 4.994971882E-01 5.097272885E-01 5.200039151E-01 5.303255016E-01
 5.406905937E-01 5.510978011E-01 5.615457424E-01 5.720332631E-01 5.825603307E-01
 5.931208422E-01 3.701303832E-02 3.401878285E-02 3.112290153E-02 2.834306448E-02
 2.567876473E-02 2.313239339E-02 2.070666218E-02 1.840406423E-02 1.622687105E-02
 1.417680502E-02 1.225500129E-02 1.046186433E-02 8.796914179E-03 7.258845980E-03
 5.845428845E-03 4.553641917E-03 3.380236982E-03 2.322330546E-03 1.373416934E-03
 5.236277208E-04-2.337144314E-04-9.118674244E-04-1.513712947E-03-2.032709644E-03
-2.462485093E-03-2.798134320E-03-3.035674952E-03-3.171837491E-03-3.203991734E-03
-3.130051360E-03-2.948423046E-03-2.657977578E-03-2.258046372E-03-1.748465450E-03
-1.129788918E-03-4.029613876E-04 4.347685901E-04 1.391988946E-03 2.471377604E-03
 3.673330786E-03 4.998506129E-03 6.449421433E-03 8.028772262E-03 9.737701815E-03
 1.157675097E-02 1.354590078E-02 1.564547953E-02 1.787602990E-02 2.023801627E-02
 2.273221492E-02 2.535950312E-02 2.812042175E-02 3.101544730E-02 3.404514215E-02
 3.721021929E-02 4.051159062E-02 4.394994709E-02 4.752549818E-02 5.123844884E-02
 5.508938519E-02 5.907904940E-02 6.320803620E-02 6.747669948E-02 7.188531401E-02
 7.643405853E-02 8.112286597E-02 8.595151483E-02 9.091993998E-02 9.602838159E-02
 1.012772284E-01 1.066667333E-01 1.121963311E-01 1.178646742E-01 1.236701857E-01
 1.296112324E-01 1.356865989E-01 1.418958130E-01 1.482385675E-01 1.547145374E-01
 1.613233230E-01 1.680639549E-01 1.749345892E-01 1.819330052E-01 1.890567758E-01
 1.963032734E-01 2.036697983E-01 2.111540650E-01 2.187543811E-01 2.264692183E-01
 2.342970345E-01 2.422361872E-01 2.502849079E-01 2.584413493E-01 2.667033791E-01
 2.750685349E-01 2.835342443E-01 2.920978566E-01 3.007566369E-01 3.095077961E-01
 3.183485015E-01 3.272759124E-01 3.362874238E-01 3.453808517E-01 3.545541087E-01
 3.638050946E-01 3.731317333E-01 3.825319709E-01 3.920037764E-01 4.015451530E-01
 4.111541190E-01 4.208286888E-01 4.305669053E-01 4.403668732E-01 4.502267023E-01
 4.601444697E-01 4.701182427E-01 4.801461316E-01 4.902263255E-01 5.003571271E-01
 5.105369353E-01 5.207641949E-01 5.310373673E-01 5.413549080E-01 5.517153533E-01
 5.621173352E-01 5.725594958E-01 5.830406915E-01 5.935608888E-01 6.041140685E-01
 3.751567310E-02 3.460542474E-02 3.179504450E-02 2.910229911E-02 2.652640230E-02
 2.406966756E-02 2.173489722E-02 1.952455012E-02 1.744057689E-02 1.548443054E-02
 1.365690205E-02 1.195796963E-02 1.038688701E-02 8.942106060E-03 7.621497376E-03
 6.422019238E-03 5.339943246E-03 4.371248503E-03 3.512090722E-03 2.759341433E-03
 2.108368887E-03 1.552911660E-03 1.089609120E-03 7.178789853E-04 4.380522864E-04
 2.511331057E-04 1.588069230E-04 1.633415314E-04 2.674210522E-04 4.739662111E-04
 7.859600541E-04 1.206316536E-03 1.737723856E-03 2.382509060E-03 3.142578625E-03
 4.019503101E-03 5.015282442E-03 6.132824463E-03 7.373791601E-03 8.739326791E-03
 1.023026388E-02 1.184703039E-02 1.359007863E-02 1.545993479E-02 1.745708180E-02
 1.958206350E-02 2.183546123E-02 2.421767439E-02 2.672934128E-02 2.937149291E-02
 3.214484226E-02 3.504977466E-02 3.808673471E-02 4.125629182E-02 4.455924805E-02
 4.799649156E-02 5.156847145E-02 5.527525645E-02 5.911712268E-02 6.309472031E-02
 6.720876355E-02 7.145973725E-02 7.584792204E-02 8.037355073E-02 8.503670685E-02
 8.983723341E-02 9.477487221E-02 9.984959708E-02 1.050616707E-01 1.104114770E-01
 1.158991979E-01 1.215241150E-01 1.272848016E-01 1.331796442E-01 1.392069857E-01
 1.453656435E-01 1.516551779E-01 1.580752980E-01 1.646256945E-01 1.713059924E-01
 1.781152687E-01 1.850517122E-01 1.921131307E-01 1.992971359E-01 2.066011474E-01
 2.140224887E-01 2.215588234E-01 2.292084552E-01 2.369698942E-01 2.448416544E-01
 2.528221710E-01 2.609097485E-01 2.691026243E-01 2.773988244E-01 2.857960061E-01
 2.942916814E-01 3.028832960E-01 3.115682093E-01 3.203437226E-01 3.292070969E-01
 3.381555601E-01 3.471864474E-01 3.562975179E-01 3.654867565E-01 3.747521433E-01
 3.840916695E-01 3.935033509E-01 4.029852230E-01 4.125353497E-01 4.221518240E-01
 4.318327400E-01 4.415761950E-01 4.513803391E-01 4.612433644E-01 4.711634463E-01
 4.811387292E-01 4.911673702E-01 5.012475805E-01 5.113776581E-01 5.215560146E-01
 5.317811346E-01 5.420515379E-01 5.523657509E-01 5.627223070E-01 5.731198347E-01
 5.835570012E-01 5.940326791E-01 6.045468301E-01 6.150935155E-01 3.805829051E-02
 3.523322425E-02 3.250945120E-02 2.990478147E-02 2.741838080E-02 2.505273926E-02
 2.281061930E-02 2.069420578E-02 1.870524688E-02 1.684488813E-02 1.511353475E-02
 1.351096005E-02 1.203620539E-02 1.068785267E-02 9.463617500E-03 8.360603970E-03
 7.375348871E-03 6.504011642E-03 5.742951008E-03 5.088743414E-03 4.538339295E-03
 4.089608864E-03 3.740772997E-03 3.490354673E-03 3.337907807E-03 3.283807167E-03
 3.329266903E-03 3.476117664E-03 3.726611698E-03 4.083222024E-03 4.548546248E-03
 5.125155614E-03 5.815386406E-03 6.621282481E-03 7.544702905E-03 8.587230971E-03
 9.749969760E-03 1.103361092E-02 1.243903446E-02 1.396693562E-02 1.561791122E-02
 1.739277848E-02 1.929213091E-02 2.131634295E-02 2.346589904E-02 2.574148250E-02
 2.814358444E-02 3.067259117E-02 3.332938548E-02 3.611493119E-02 3.902969445E-02
 4.207400109E-02 4.524831155E-02 4.855324820E-02 5.198969174E-02 5.555840989E-02
 5.925960189E-02 6.309327931E-02 6.705983148E-02 7.115994452E-02 7.539427187E-02
 7.976319166E-02 8.426692723E-02 8.890566394E-02 9.367938947E-02 9.858786928E-02
 1.036308290E-01 1.088082901E-01 1.141205341E-01 1.195679341E-01 1.251505877E-01
 1.308676301E-01 1.367175686E-01 1.426987606E-01 1.488095320E-01 1.550487390E-01
 1.614159725E-01 1.679109571E-01 1.745333979E-01 1.812829427E-01 1.881587152E-01
 1.951589391E-01 2.022814513E-01 2.095239025E-01 2.168837600E-01 2.243583769E-01
 2.319453713E-01 2.396430310E-01 2.474498994E-01 2.553645410E-01 2.633854605E-01
 2.715110361E-01 2.797395766E-01 2.880692472E-01 2.964978397E-01 3.050229504E-01
 3.136421124E-01 3.223527783E-01 3.311523362E-01 3.400381349E-01 3.490074843E-01
 3.580577203E-01 3.671864973E-01 3.763918333E-01 3.856717921E-01 3.950244292E-01
 4.044478250E-01 4.139400804E-01 4.234993175E-01 4.331236912E-01 4.428113712E-01
 4.525605228E-01 4.623693344E-01 4.722360548E-01 4.821589468E-01 4.921362450E-01
 5.021661656E-01 5.122469553E-01 5.223769235E-01 5.325544741E-01 5.427781145E-01
 5.530464060E-01 5.633579365E-01 5.737112939E-01 5.841050888E-01 5.945379933E-01
 6.050089024E-01 6.155177757E-01 6.260587490E-01 3.864491870E-02 3.590630978E-02
 3.327036450E-02 3.075518709E-02 2.836015250E-02 2.608768699E-02 2.394032135E-02
 2.192009970E-02 2.002849880E-02 1.826630908E-02 1.663381602E-02 1.513056516E-02
 1.375582028E-02 1.250794920E-02 1.138472602E-02 1.038340001E-02 9.500730659E-03
 8.733651858E-03 8.078969637E-03 7.533830232E-03 7.095683251E-03 6.762813407E-03
 6.533814032E-03 6.408185512E-03 6.385924943E-03 6.467673615E-03 6.654607837E-03
 6.948192917E-03 7.350076906E-03 7.862013572E-03 8.485820552E-03 9.223160537E-03
 1.007542088E-02 1.104386509E-02 1.212962725E-02 1.333359620E-02 1.465652966E-02
 1.609920149E-02 1.766226986E-02 1.934613979E-02 2.115152835E-02 2.307922858E-02
 2.512965220E-02 2.730315515E-02 2.960031734E-02 3.202174214E-02 3.456774399E-02
 3.723889778E-02 4.003626551E-02 4.296057378E-02 4.601211796E-02 4.919123415E-02
 5.249840530E-02 5.593435020E-02 5.949996865E-02 6.319580538E-02 6.702186639E-02
 7.097819536E-02 7.506529475E-02 7.928385798E-02 8.363444675E-02 8.811734788E-02
 9.273274170E-02 9.748075313E-02 1.023612796E-01 1.073740234E-01 1.125187147E-01
 1.177954251E-01 1.232044511E-01 1.287461487E-01 1.344205166E-01 1.402265551E-01
 1.461627180E-01 1.522273395E-01 1.584187352E-01 1.647358049E-01 1.711781688E-01
 1.777455656E-01 1.844377132E-01 1.912542816E-01 1.981944399E-01 2.052564491E-01
 2.124381759E-01 2.197373097E-01 2.271513655E-01 2.346777313E-01 2.423139894E-01
 2.500583982E-01 2.579095293E-01 2.658659925E-01 2.739263544E-01 2.820890668E-01
 2.903525016E-01 2.987149369E-01 3.071743130E-01 3.157283144E-01 3.243745530E-01
 3.331105716E-01 3.419338431E-01 3.508417980E-01 3.598318320E-01 3.689013254E-01
 3.780478383E-01 3.872693615E-01 3.965640314E-01 4.059299707E-01 4.153653196E-01
 4.248682409E-01 4.344369155E-01 4.440695512E-01 4.537643836E-01 4.635196495E-01
 4.733335874E-01 4.832044823E-01 4.931306652E-01 5.031104575E-01 5.131421508E-01
 5.232240380E-01 5.333544542E-01 5.435318042E-01 5.537545940E-01 5.640214131E-01
 5.743308918E-01 5.846816816E-01 5.950724225E-01 6.055017677E-01 6.159686219E-01
 6.264729502E-01 6.370089605E-01 3.927168785E-02 3.662065898E-02 3.407386488E-02
 3.165002893E-02 2.934836806E-02 2.717109575E-02 2.512069884E-02 2.319894858E-02
 2.140698020E-02 1.974553768E-02 1.821460012E-02 1.681412127E-02 1.554301619E-02
 1.439969683E-02 1.338204646E-02 1.248725108E-02 1.171289009E-02 1.105607428E-02
 1.051440429E-02 1.008533566E-02 9.767146323E-03 9.558096529E-03 9.457428596E-03
 9.464692055E-03 9.579927258E-03 9.803747152E-03 1.013691634E-02 1.058040150E-02
 1.113523286E-02 1.180260487E-02 1.258366213E-02 1.347928752E-02 1.449024573E-02
 1.561733772E-02 1.686118310E-02 1.822226982E-02 1.970121369E-02 2.129868030E-02
 2.301498991E-02 2.485059152E-02 2.680636976E-02 2.888281942E-02 3.108018692E-02
 3.339890027E-02 3.583962575E-02 3.840277843E-02 4.108863521E-02 4.389809444E-02
 4.683219783E-02 4.989136913E-02 5.307582802E-02 5.638594876E-02 5.982225692E-02
 6.338557858E-02 6.707675599E-02 7.089605650E-02 7.484336332E-02 7.891882388E-02
 8.312302737E-02 8.745664975E-02 9.192014396E-02 9.651372152E-02 1.012375297E-01
 1.060916204E-01 1.110758075E-01 1.161897436E-01 1.214331818E-01 1.268062409E-01
 1.323092290E-01 1.379424804E-01 1.437058816E-01 1.495983104E-01 1.556181777E-01
 1.617637981E-01 1.680334827E-01 1.744261783E-01 1.809415331E-01 1.875792984E-01
 1.943392047E-01 2.012209421E-01 2.082237254E-01 2.153458537E-01 2.225852246E-01
 2.299395657E-01 2.374064391E-01 2.449832713E-01 2.526676197E-01 2.604577019E-01
 2.683521123E-01 2.763495023E-01 2.844484945E-01 2.926476130E-01 3.009452880E-01
 3.093398897E-01 3.178295120E-01 3.264119340E-01 3.350848408E-01 3.438458618E-01
 3.526925527E-01 3.616224228E-01 3.706329502E-01 3.797215812E-01 3.888858296E-01
 3.981235996E-01 4.074330779E-01 4.168124607E-01 4.262599441E-01 4.357737491E-01
 4.453521146E-01 4.549932999E-01 4.646955954E-01 4.744573063E-01 4.842767328E-01
 4.941521924E-01 5.040820628E-01 5.140647419E-01 5.240986051E-01 5.341820025E-01
 5.443133048E-01 5.544909321E-01 5.647133805E-01 5.749792504E-01 5.852872042E-01
 5.956359390E-01 6.060241603E-01 6.164505185E-01 6.269139025E-01 6.374142809E-01
 6.479459395E-01
 1.100000000E+00 1.099740663E+00 1.099755026E+00 1.099791872E+00 1.099862624E+00
 1.099979315E+00 1.100153181E+00 1.100395536E+00 1.100718215E+00 1.101132375E+00
 1.101649313E+00 1.102280687E+00 1.103037935E+00 1.103932408E+00 1.104976033E+00
 1.106179534E+00 1.107554226E+00 1.109112297E+00 1.110865293E+00 1.112823833E+00
 1.114999582E+00 1.117404266E+00 1.120049293E+00 1.122946215E+00 1.126106285E+00
 1.129540669E+00 1.133261191E+00 1.137279064E+00 1.141605803E+00 1.146253166E+00
 1.151232182E+00 1.156554594E+00 1.162231573E+00 1.168274764E+00 1.174695264E+00
 1.181504765E+00 1.188715069E+00 1.196337353E+00 1.204382779E+00 1.212862709E+00
 1.221789039E+00 1.231173085E+00 1.241026272E+00 1.251360007E+00 1.262185641E+00
 1.273514645E+00 1.285358474E+00 1.297728613E+00 1.310636604E+00 1.324093998E+00
 1.338111905E+00 1.352701715E+00 1.367875042E+00 1.383643428E+00 1.400018504E+00
 1.417011252E+00 1.434633302E+00 1.452895807E+00 1.471810707E+00 1.491389027E+00
 1.511642734E+00 1.532582515E+00 1.554220330E+00 1.576567738E+00 1.599635793E+00
 1.623436054E+00 1.647980012E+00 1.673279571E+00 1.699345471E+00 1.726189276E+00
 1.753822441E+00 1.782256341E+00 1.811503093E+00 1.841573713E+00 1.872479242E+00
 1.904231439E+00 1.936841735E+00 1.970321397E+00 2.004682225E+00 2.039935737E+00
 2.076092885E+00 2.113165202E+00 2.151164528E+00 2.190101982E+00 2.229989019E+00
 2.270837299E+00 2.312658182E+00 2.355462799E+00 2.399262675E+00 2.444069508E+00
 2.489894766E+00 2.536749936E+00 2.584645887E+00 2.633594583E+00 2.683607341E+00
 2.734695762E+00 2.786870658E+00 2.840144148E+00 2.894527403E+00 2.950031977E+00
 3.006669413E+00 3.064450491E+00 3.123387594E+00 3.183491261E+00 3.244773994E+00
 3.307245953E+00 3.370919657E+00 3.435806260E+00 3.501916485E+00 3.569262901E+00
 3.637855904E+00 3.707708554E+00 3.778829038E+00 3.851223104E+00 3.924918034E+00
 4.000009355E+00 4.076618760E+00 4.154657000E+00 4.233499389E+00 4.311829740E+00
 4.387904979E+00 4.460322056E+00 4.529158119E+00 4.597228950E+00 4.671242189E+00
 4.762902349E+00 4.891079688E+00 5.085594310E+00 5.404546661E+00
  300    5
 2.488235308E+00 2.516984765E-08 2.488167777E+00 1.133932901E-02 2.487965269E+00
 2.268013879E-02 2.487627808E+00 3.402397417E-02 2.487155156E+00 4.537235545E-02
 2.486546792E+00 5.672678440E-02 2.485802173E+00 6.808875759E-02 2.484921247E+00
 7.945985085E-02 2.483904031E+00 9.084171099E-02 2.482750123E+00 1.022359817E-01
 2.481458579E+00 1.136442447E-01 2.480028353E+00 1.250680741E-01 2.478458682E+00
 1.365091380E-01 2.476748837E+00 1.479691716E-01 2.474897988E+00 1.594499544E-01
 2.472905235E+00 1.709533221E-01 2.470769544E+00 1.824811519E-01 2.468489806E+00
 1.940353843E-01 2.466064784E+00 2.056180103E-01 2.463492982E+00 2.172310168E-01
 2.460772584E+00 2.288763483E-01 2.457901703E+00 2.405560001E-01 2.454878906E+00
 2.522722920E-01 2.451702789E+00 2.640277257E-01 2.448371449E+00 2.758247216E-01
 2.444882434E+00 2.876655517E-01 2.441233181E+00 2.995525526E-01 2.437421281E+00
 3.114883067E-01 2.433444183E+00 3.234754986E-01 2.429299125E+00 3.355168768E-01
 2.424983122E+00 3.476152478E-01 2.420493150E+00 3.597736233E-01 2.415826242E+00
 3.719953276E-01 2.410979067E+00 3.842837075E-01 2.405947639E+00 3.966418684E-01
 2.400727662E+00 4.090729205E-01 2.395314934E+00 4.215803581E-01 2.389705115E+00
 4.341679070E-01 2.383893564E+00 4.468394056E-01 2.377875322E+00 4.595987936E-01
 2.371645135E+00 4.724501569E-01 2.365197452E+00 4.853977477E-01 2.358526332E+00
 4.984459039E-01 2.351625440E+00 5.115990519E-01 2.344488108E+00 5.248618134E-01
 2.337107429E+00 5.382391680E-01 2.329476074E+00 5.517362782E-01 2.321586310E+00
 5.653585532E-01 2.313429792E+00 5.791113855E-01 2.304997504E+00 5.930000369E-01
 2.296280022E+00 6.070300910E-01 2.287267579E+00 6.212076585E-01 2.277949866E+00
 6.355391468E-01 2.268315951E+00 6.500312022E-01 2.258354108E+00 6.646904172E-01
 2.248051860E+00 6.795234511E-01 2.237396192E+00 6.945375886E-01 2.226373185E+00
 7.097400596E-01 2.214967914E+00 7.251377807E-01 2.203165080E+00 7.407391688E-01
 2.190948529E+00 7.565532527E-01 2.178300502E+00 7.725874903E-01 2.165202318E+00
 7.888497065E-01 2.151634409E+00 8.053485420E-01 2.137576100E+00 8.220930687E-01
 2.123005393E+00 8.390921880E-01 2.107898973E+00 8.563548131E-01 2.092232187E+00
 8.738900798E-01 2.075978800E+00 8.917062077E-01 2.059111100E+00 9.098110881E-01
 2.041599844E+00 9.282121229E-01 2.023414293E+00 9.469169667E-01 2.004522119E+00
 9.659338748E-01 1.984889105E+00 9.852678097E-01 1.964479402E+00 1.004920915E+00
 1.943255706E+00 1.024894148E+00 1.921179282E+00 1.045186700E+00 1.898210080E+00
 1.065794831E+00 1.874307161E+00 1.086708198E+00 1.849429395E+00 1.107908336E+00
 1.823535910E+00 1.129371091E+00 1.796587530E+00 1.151059226E+00 1.768548095E+00
 1.172922056E+00 1.739386769E+00 1.194889825E+00 1.709081017E+00 1.216868582E+00
 1.677621318E+00 1.238730449E+00 1.645016654E+00 1.260306387E+00 1.611303192E+00
 1.281371057E+00 1.576554435E+00 1.301630384E+00 1.540896169E+00 1.320700058E+00
 1.504524519E+00 1.338084904E+00 1.467725576E+00 1.353163628E+00 1.430895818E+00
 1.365179333E+00 1.394555155E+00 1.373254198E+00 1.359338981E+00 1.376451059E+00
 1.325956040E+00 1.373892867E+00 1.295104261E+00 1.364933953E+00 1.267356660E+00
 1.349338092E+00 1.243055547E+00 1.327385268E+00 1.222265436E+00 1.299836868E+00
 1.204801314E+00 1.267774611E+00 1.190311370E+00 1.232387764E+00 1.178367496E+00
 1.194800133E+00 1.168540570E+00 1.155962752E+00 1.160442295E+00 1.116621834E+00
 1.153740957E+00 1.077332048E+00 1.148164816E+00 1.038484937E+00 1.143494935E+00
 1.000345882E+00 1.139557912E+00 9.630843018E-01 1.136215421E+00 9.268019187E-01
 1.133359160E+00 8.915496856E-01 1.130903446E+00 8.573441544E-01 1.128778957E+00
 8.241795979E-01 1.126930123E+00 7.920342797E-01 1.125312726E+00 7.608754528E-01
 1.123891061E+00 7.306638594E-01 1.122635147E+00 7.013573457E-01 1.121521135E+00
 6.729111629E-01 1.120529744E+00 6.452798217E-01 1.119644152E+00 6.184190061E-01
 1.118850285E+00 5.922853383E-01 1.118135940E+00 5.668370195E-01 1.117492223E+00
 5.420328068E-01 1.116909950E+00 5.178344009E-01 1.116382421E+00 4.942044317E-01
 1.115904566E+00 4.711070023E-01 1.115470501E+00 4.485089562E-01 1.115074824E+00
 4.263788548E-01 1.114714425E+00 4.046859363E-01 1.114386327E+00 3.834012079E-01
 1.114086293E+00 3.624978708E-01 1.113812149E+00 3.419496327E-01 1.113562328E+00
 3.217313663E-01 1.113335165E+00 3.018192919E-01 1.113128695E+00 2.821909000E-01
 1.112941109E+00 2.628246498E-01 1.112770792E+00 2.436998646E-01 1.112616457E+00
 2.247966166E-01 1.112477326E+00 2.060956231E-01 1.112352427E+00 1.875783724E-01
 1.112240759E+00 1.692269850E-01 1.112142267E+00 1.510239568E-01 1.112056725E+00
 1.329523664E-01 1.111983217E+00 1.149958581E-01 1.111920810E+00 9.713842437E-02
 1.111868956E+00 7.936430389E-02 1.111827392E+00 6.165797028E-02 1.111796301E+00
 4.400409608E-02 1.111776097E+00 2.638755039E-02 1.111766200E+00 8.793381186E-03
 1.111766200E+00-8.793330846E-03 1.111776097E+00-2.638750005E-02 1.111796301E+00
-4.400404575E-02 1.111827392E+00-6.165791995E-02 1.111868956E+00-7.936425356E-02
 1.111920810E+00-9.713837405E-02 1.111983217E+00-1.149958078E-01 1.112056725E+00
-1.329523161E-01 1.112142267E+00-1.510239065E-01 1.112240759E+00-1.692269347E-01
 1.112352427E+00-1.875783222E-01 1.112477326E+00-2.060955729E-01 1.112616456E+00
-2.247965663E-01 1.112770791E+00-2.436998143E-01 1.112941108E+00-2.628245996E-01
 1.113128695E+00-2.821908498E-01 1.113335165E+00-3.018192418E-01 1.113562327E+00
-3.217313162E-01 1.113812148E+00-3.419495826E-01 1.114086292E+00-3.624978208E-01
 1.114386326E+00-3.834011579E-01 1.114714424E+00-4.046858863E-01 1.115074823E+00
-4.263788049E-01 1.115470501E+00-4.485089064E-01 1.115904565E+00-4.711069526E-01
 1.116382420E+00-4.942043820E-01 1.116909949E+00-5.178343513E-01 1.117492222E+00
-5.420327573E-01 1.118135939E+00-5.668369700E-01 1.118850283E+00-5.922852890E-01
 1.119644150E+00-6.184189570E-01 1.120529743E+00-6.452797727E-01 1.121521133E+00
-6.729111140E-01 1.122635145E+00-7.013572970E-01 1.123891058E+00-7.306638109E-01
 1.125312724E+00-7.608754046E-01 1.126930121E+00-7.920342319E-01 1.128778954E+00
-8.241795504E-01 1.130903443E+00-8.573441074E-01 1.133359156E+00-8.915496391E-01
 1.136215417E+00-9.268018729E-01 1.139557908E+00-9.630842567E-01 1.143494930E+00
-1.000345838E+00 1.148164810E+00-1.038484894E+00 1.153740950E+00-1.077332007E+00
 1.160442287E+00-1.116621795E+00 1.168540561E+00-1.155962714E+00 1.178367486E+00
-1.194800098E+00 1.190311358E+00-1.232387732E+00 1.204801301E+00-1.267774583E+00
 1.222265421E+00-1.299836844E+00 1.243055530E+00-1.327385249E+00 1.267356641E+00
-1.349338079E+00 1.295104241E+00-1.364933945E+00 1.325956019E+00-1.373892863E+00
 1.359338959E+00-1.376451059E+00 1.394555133E+00-1.373254202E+00 1.430895796E+00
-1.365179339E+00 1.467725556E+00-1.353163636E+00 1.504524499E+00-1.338084913E+00
 1.540896151E+00-1.320700067E+00 1.576554418E+00-1.301630394E+00 1.611303177E+00
-1.281371067E+00 1.645016640E+00-1.260306397E+00 1.677621305E+00-1.238730458E+00
 1.709081005E+00-1.216868590E+00 1.739386759E+00-1.194889832E+00 1.768548086E+00
-1.172922063E+00 1.796587522E+00-1.151059232E+00 1.823535904E+00-1.129371096E+00
 1.849429391E+00-1.107908340E+00 1.874307157E+00-1.086708202E+00 1.898210077E+00
-1.065794834E+00 1.921179281E+00-1.045186701E+00 1.943255706E+00-1.024894148E+00
 1.964479403E+00-1.004920914E+00 1.984889106E+00-9.852678080E-01 2.004522121E+00
-9.659338721E-01 2.023414297E+00-9.469169630E-01 2.041599849E+00-9.282121181E-01
 2.059111105E+00-9.098110823E-01 2.075978807E+00-8.917062010E-01 2.092232194E+00
-8.738900721E-01 2.107898981E+00-8.563548044E-01 2.123005401E+00-8.390921782E-01
 2.137576109E+00-8.220930580E-01 2.151634418E+00-8.053485303E-01 2.165202328E+00
-7.888496938E-01 2.178300513E+00-7.725874766E-01 2.190948541E+00-7.565532380E-01
 2.203165092E+00-7.407391532E-01 2.214967926E+00-7.251377641E-01 2.226373198E+00
-7.097400420E-01 2.237396205E+00-6.945375702E-01 2.248051874E+00-6.795234317E-01
 2.258354122E+00-6.646903968E-01 2.268315965E+00-6.500311809E-01 2.277949881E+00
-6.355391247E-01 2.287267594E+00-6.212076354E-01 2.296280037E+00-6.070300670E-01
 2.304997519E+00-5.930000120E-01 2.313429808E+00-5.791113597E-01 2.321586325E+00
-5.653585266E-01 2.329476090E+00-5.517362507E-01 2.337107445E+00-5.382391396E-01
 2.344488124E+00-5.248617841E-01 2.351625455E+00-5.115990218E-01 2.358526348E+00
-4.984458731E-01 2.365197468E+00-4.853977160E-01 2.371645151E+00-4.724501244E-01
 2.377875338E+00-4.595987603E-01 2.383893580E+00-4.468393715E-01 2.389705130E+00
-4.341678722E-01 2.395314950E+00-4.215803225E-01 2.400727677E+00-4.090728842E-01
 2.405947654E+00-3.966418314E-01 2.410979082E+00-3.842836698E-01 2.415826257E+00
-3.719952892E-01 2.420493164E+00-3.597735841E-01 2.424983136E+00-3.476152080E-01
 2.429299140E+00-3.355168363E-01 2.433444197E+00-3.234754576E-01 2.437421294E+00
-3.114882650E-01 2.441233195E+00-2.995525103E-01 2.444882447E+00-2.876655089E-01
 2.448371461E+00-2.758246781E-01 2.451702802E+00-2.640276817E-01 2.454878918E+00
-2.522722476E-01 2.457901714E+00-2.405559551E-01 2.460772595E+00-2.288763029E-01
 2.463492992E+00-2.172309709E-01 2.466064794E+00-2.056179639E-01 2.468489815E+00
-1.940353375E-01 2.470769553E+00-1.824811047E-01 2.472905243E+00-1.709532746E-01
 2.474897996E+00-1.594499065E-01 2.476748844E+00-1.479691234E-01 2.478458689E+00
-1.365090895E-01 2.480028360E+00-1.250680252E-01 2.481458585E+00-1.136441956E-01
 2.482750128E+00-1.022359324E-01 2.483904036E+00-9.084166145E-02 2.484921251E+00
-7.945980112E-02 2.485802177E+00-6.808870771E-02 2.486546795E+00-5.672673437E-02
 2.487155158E+00-4.537230531E-02 2.487627810E+00-3.402392394E-02 2.487965270E+00
-2.268008851E-02 2.488167778E+00-1.133927870E-02 2.488235308E+00 2.516984752E-08
 1.042953399E+00-1.445277388E+00 2.557040801E+00-1.445277388E+00 2.557040801E+00
 1.445277450E+00 1.042953399E+00 1.445277450E+00 1.042953399E+00-1.445277388E+00
 
    7.27681757E-02 abs(PSI-AXIS) --> [T M**2]    -3.53653334E-01
    1.08257777E+00 R OF MAGAXE --> [M]       1.94863999E+00
    1.72345446E-08 Z OF MAGAXE --> [M]       3.10221802E-08
    1.39832487E-08 Z0 --> [M]       2.51698477E-08
    1.80000000E+00 R0 [M] USED FOR CONVERTING TO MKSA
    1.50000000E+00 B0 [T] USED FOR CONVERTING TO MKSA
    1.00000000E+00 SIGN OF B0 IN EXPERIMENT (CHEASE ASSUMES 1.0) 
    8.37368918E-01 TOTAL CURRENT --> [A]     1.79916393E+06
    1.00000000E+00 SIGN OF IP IN EXPERIMENT (CHEASE ASSUMES 1.0) 
    1.99999763E+00 b/a
    1.10000000E+00 Q_ZERO, USING SIGNS OF IP AND B0, WOULD GIVE:     1.10000000E+00
    5.40454666E+00 Q_EDGE, USING SIGNS OF IP AND B0, WOULD GIVE:     5.40454666E+00
    7.51647354E-01 POLOIDAL BETA
    5.16874568E-02 BETA_EXP=<P>*2*MU0/B0**2
    5.45112240E-01 LI
    1.01624745E-01 PRESSURE ON AXIS --> [Pa]     1.81958406E+05  --> [10**19 M**-3 KEV]:     1.13582026E+02
    4.23290512E-02 BETA
    6.36302666E-02 BETA* (SQRT(<P**2>))
    2.50115239E-01 BETA-AXIS=2p0/(T0/Rmag)^2;      with Rmag->Rgeo(LCFS):    2.13413557E-01
   -7.27681757E-02 PSI-AXIS --> [T M**2]    -3.53653334E-01
   -4.57215933E-01 2*PI*PSI-AXIS -->        -2.22206943E+00
   -7.27681757E-02 IP_SIGN*PSI-AXIS --> [T M**2]    -3.53653334E-01
   -4.57215933E-01 IP_SIGN*2*PI*PSI-AXIS -->        -2.22206943E+00
    2.61538526E+00 ASPECT RATIO ; a/R=     3.82352847E-01
    5.09830920E+00 VOLUME ->     2.97333392E+01
    8.63441023E-01 AREA   ->     2.79754891E+00
    2.16527273E+01 SURFACE   ->     7.01548364E+01
    3.73820745E+00 LENGTH ->     6.72877340E+00
    6.17647889E-01 RMIN -> RMIN [m]     1.11176620E+00
    1.38235295E+00 RMAX -> RMAX [m]     2.48823531E+00
   -7.64695033E-01 ZMIN -> ZMIN [m]    -1.37645106E+00
    7.64695033E-01 ZMAX -> ZMAX [m]     1.37645106E+00
    1.00000042E+00 RGEOM -> RGEOM [m]     1.80000075E+00
    3.82352530E-01 MINOR RADIUS -> A [m]     6.88234554E-01
