      FROM CHEASE BUT COCOS=02 ,SI UNITS20260225   3 129 129
 1.100000358E+00 1.575000155E+00 1.800000000E+00 1.249999845E+00-2.427630095E-09
 1.904426411E+00-2.427630095E-09-1.362017678E-01 0.000000000E+00 1.500000000E+00
 4.654451229E+05-1.362017678E-01 0.000000000E+00 1.904426411E+00 0.000000000E+00
-2.427630095E-09 0.000000000E+00 0.000000000E+00 0.000000000E+00 0.000000000E+00
 2.718745687E+00 2.717622483E+00 2.716523504E+00 2.715448074E+00 2.714395581E+00
 2.713365477E+00 2.712357267E+00 2.711370510E+00 2.710404813E+00 2.709459831E+00
 2.708535261E+00 2.707630840E+00 2.706746334E+00 2.705881555E+00 2.705036346E+00
 2.704210574E+00 2.703404137E+00 2.702616962E+00 2.701848996E+00 2.701100214E+00
 2.700370609E+00 2.699660192E+00 2.698968992E+00 2.698297054E+00 2.697644434E+00
 2.697011199E+00 2.696397443E+00 2.695803245E+00 2.695228706E+00 2.694673924E+00
 2.694139002E+00 2.693624049E+00 2.693129181E+00 2.692654484E+00 2.692200062E+00
 2.691766017E+00 2.691352443E+00 2.690959405E+00 2.690586979E+00 2.690235221E+00
 2.689904175E+00 2.689593867E+00 2.689304302E+00 2.689035491E+00 2.688787408E+00
 2.688559990E+00 2.688353171E+00 2.688166873E+00 2.688000990E+00 2.687855375E+00
 2.687729866E+00 2.687624285E+00 2.687538415E+00 2.687472020E+00 2.687424846E+00
 2.687396593E+00 2.687386955E+00 2.687395604E+00 2.687422173E+00 2.687466258E+00
 2.687527455E+00 2.687605342E+00 2.687699459E+00 2.687809320E+00 2.687934420E+00
 2.688074252E+00 2.688228279E+00 2.688395951E+00 2.688576701E+00 2.688769945E+00
 2.688975076E+00 2.689191484E+00 2.689418562E+00 2.689655681E+00 2.689902187E+00
 2.690157444E+00 2.690420805E+00 2.690691603E+00 2.690969183E+00 2.691252883E+00
 2.691542037E+00 2.691835980E+00 2.692134049E+00 2.692435577E+00 2.692739900E+00
 2.693046360E+00 2.693354302E+00 2.693663073E+00 2.693972023E+00 2.694280509E+00
 2.694587893E+00 2.694893545E+00 2.695196836E+00 2.695497150E+00 2.695793869E+00
 2.696086388E+00 2.696374107E+00 2.696656438E+00 2.696932795E+00 2.697202599E+00
 2.697465278E+00 2.697720269E+00 2.697967024E+00 2.698204987E+00 2.698433618E+00
 2.698652376E+00 2.698860738E+00 2.699058182E+00 2.699244188E+00 2.699418243E+00
 2.699579834E+00 2.699728455E+00 2.699863590E+00 2.699984767E+00 2.700091583E+00
 2.700183605E+00 2.700260085E+00 2.700319720E+00 2.700360714E+00 2.700381205E+00
 2.700379927E+00 2.700356899E+00 2.700313997E+00 2.700255295E+00 2.700187142E+00
 2.700117911E+00 2.700057305E+00 2.700015291E+00 2.700000000E+00
 2.801996060E+04 2.801654014E+04 2.800628049E+04 2.798918531E+04 2.796526084E+04
 2.793451573E+04 2.789696135E+04 2.785261141E+04 2.780148224E+04 2.774359259E+04
 2.767896382E+04 2.760761971E+04 2.752958657E+04 2.744489323E+04 2.735357098E+04
 2.725565360E+04 2.715117751E+04 2.704018153E+04 2.692270681E+04 2.679879736E+04
 2.666849947E+04 2.653186208E+04 2.638893647E+04 2.623977647E+04 2.608443850E+04
 2.592298133E+04 2.575546642E+04 2.558195765E+04 2.540252153E+04 2.521722688E+04
 2.502614508E+04 2.482934990E+04 2.462691787E+04 2.441892787E+04 2.420546149E+04
 2.398660251E+04 2.376243718E+04 2.353305467E+04 2.329854637E+04 2.305900620E+04
 2.281453048E+04 2.256521844E+04 2.231117138E+04 2.205249323E+04 2.178929058E+04
 2.152167227E+04 2.124975003E+04 2.097363761E+04 2.069345150E+04 2.040931084E+04
 2.012133696E+04 1.982965406E+04 1.953438840E+04 1.923566921E+04 1.893362787E+04
 1.862839851E+04 1.832011777E+04 1.800892448E+04 1.769496026E+04 1.737836910E+04
 1.705929772E+04 1.673789498E+04 1.641431256E+04 1.608870448E+04 1.576122731E+04
 1.543204023E+04 1.510130472E+04 1.476918488E+04 1.443584730E+04 1.410146106E+04
 1.376619775E+04 1.343023161E+04 1.309373911E+04 1.275689941E+04 1.241989420E+04
 1.208290755E+04 1.174612617E+04 1.140973916E+04 1.107393804E+04 1.073891715E+04
 1.040487311E+04 1.007200490E+04 9.740514358E+03 9.410605664E+03 9.082485333E+03
 8.756362836E+03 8.432449625E+03 8.110959983E+03 7.792110496E+03 7.476120467E+03
 7.163211621E+03 6.853608374E+03 6.547537199E+03 6.245227395E+03 5.946910595E+03
 5.652821015E+03 5.363195431E+03 5.078272850E+03 4.798295507E+03 4.523507322E+03
 4.254155290E+03 3.990488335E+03 3.732758587E+03 3.481220199E+03 3.236129860E+03
 2.997747104E+03 2.766333365E+03 2.542153499E+03 2.325473623E+03 2.116563518E+03
 1.915694742E+03 1.723141631E+03 1.539181440E+03 1.364092817E+03 1.198158210E+03
 1.041661368E+03 8.948895858E+02 7.581321346E+02 6.316804551E+02 5.158296710E+02
 4.108757915E+02 3.171188805E+02 2.348605637E+02 1.644048547E+02 1.060594915E+02
 6.013283430E+01 2.693744045E+01 6.787677124E+00 0.000000000E+00
-2.901831493E+00-2.837406217E+00-2.775295636E+00-2.714909529E+00-2.656070394E+00
-2.598621157E+00-2.542435535E+00-2.487366026E+00-2.433290541E+00-2.380106440E+00
-2.327683877E+00-2.275943464E+00-2.224803010E+00-2.174135792E+00-2.123885889E+00
-2.073987259E+00-2.024347996E+00-1.974914481E+00-1.925616652E+00-1.876403376E+00
-1.827227482E+00-1.778027551E+00-1.728785488E+00-1.679437140E+00-1.629985268E+00
-1.580349525E+00-1.530529246E+00-1.480523431E+00-1.430285793E+00-1.379830959E+00
-1.329146532E+00-1.278178326E+00-1.226998761E+00-1.175620697E+00-1.123989404E+00
-1.072130326E+00-1.020105493E+00-9.679260588E-01-9.155946523E-01-8.631607325E-01
-8.106498270E-01-7.581355068E-01-7.056090142E-01-6.530999684E-01-6.007396800E-01
-5.485550335E-01-4.965590732E-01-4.448060837E-01-3.933737622E-01-3.423572729E-01
-2.917735762E-01-2.416828928E-01-1.921883563E-01-1.433008150E-01-9.511504206E-02
-4.772138517E-02-1.101555413E-03 4.463639681E-02 8.939255957E-02 1.331271427E-01
 1.758218161E-01 2.174244023E-01 2.578174795E-01 2.969650732E-01 3.348359448E-01
 3.714044599E-01 4.065963610E-01 4.403838122E-01 4.727365066E-01 5.035727224E-01
 5.328846358E-01 5.606558137E-01 5.868990631E-01 6.114956093E-01 6.344810130E-01
 6.558492349E-01 6.755704546E-01 6.936035998E-01 7.100036433E-01 7.247055953E-01
 7.377441985E-01 7.490968563E-01 7.587787283E-01 7.667689063E-01 7.731022395E-01
 7.777603479E-01 7.807808263E-01 7.821359068E-01 7.818690715E-01 7.799674647E-01
 7.764731763E-01 7.713669918E-01 7.646969420E-01 7.564541369E-01 7.466583065E-01
 7.353362351E-01 7.224997143E-01 7.081834298E-01 6.923720854E-01 6.751062825E-01
 6.563847396E-01 6.362666683E-01 6.147310893E-01 5.918059066E-01 5.675022463E-01
 5.418382258E-01 5.148546670E-01 4.865306755E-01 4.569039040E-01 4.259574590E-01
 3.937221413E-01 3.601815332E-01 3.253521187E-01 2.894125434E-01 2.524959293E-01
 2.142171890E-01 1.733831746E-01 1.285093405E-01 7.874275226E-02 2.470077923E-02
-3.120069156E-02-8.490125958E-02-1.311349680E-01-1.641045301E-01-1.782134785E-01
-1.689928693E-01-1.342729792E-01-7.548681269E-02-4.288331803E-12
-1.017474607E-01-6.428375399E+03-1.285451219E+04-1.927600878E+04-2.569020529E+04
-3.209534126E+04-3.848844804E+04-4.486760658E+04-5.123012510E+04-5.757372173E+04
-6.389641172E+04-7.019537895E+04-7.646840915E+04-8.271321562E+04-8.892755291E+04
-9.510881321E+04-1.012547539E+05-1.073630517E+05-1.134312957E+05-1.194572979E+05
-1.254382361E+05-1.313724519E+05-1.372571007E+05-1.430898708E+05-1.488687801E+05
-1.545909153E+05-1.602542861E+05-1.658561713E+05-1.713946281E+05-1.768673060E+05
-1.822717135E+05-1.876056132E+05-1.928662542E+05-1.980513848E+05-2.031591469E+05
-2.081870787E+05-2.131322223E+05-2.179925935E+05-2.227661079E+05-2.274501383E+05
-2.320421871E+05-2.365398735E+05-2.409416627E+05-2.452440335E+05-2.494452178E+05
-2.535431027E+05-2.575346002E+05-2.614181213E+05-2.651910796E+05-2.688506869E+05
-2.723951908E+05-2.758219746E+05-2.791285122E+05-2.823129247E+05-2.853723210E+05
-2.883044365E+05-2.911074033E+05-2.937782054E+05-2.963152433E+05-2.987152655E+05
-3.009766563E+05-3.030967429E+05-3.050731293E+05-3.069037286E+05-3.085857523E+05
-3.101173168E+05-3.114956923E+05-3.127188429E+05-3.137841458E+05-3.146894772E+05
-3.154321927E+05-3.160101998E+05-3.164210541E+05-3.166623927E+05-3.167318149E+05
-3.166270585E+05-3.163456270E+05-3.158854585E+05-3.152439280E+05-3.144186363E+05
-3.134075045E+05-3.122081289E+05-3.108177177E+05-3.092346084E+05-3.074558536E+05
-3.054793141E+05-3.033028521E+05-3.009237529E+05-2.983400230E+05-2.955488937E+05
-2.925482545E+05-2.893355576E+05-2.859089914E+05-2.822654940E+05-2.784034881E+05
-2.743197252E+05-2.700128559E+05-2.654794989E+05-2.607178156E+05-2.557255495E+05
-2.505000141E+05-2.450394529E+05-2.393404282E+05-2.334019963E+05-2.272203970E+05
-2.207945011E+05-2.141209676E+05-2.071979424E+05-2.000234973E+05-1.925940003E+05
-1.849088552E+05-1.769636473E+05-1.687578531E+05-1.602881611E+05-1.515522597E+05
-1.425485583E+05-1.332731533E+05-1.237257370E+05-1.139020263E+05-1.038007247E+05
-9.341973888E+04-8.275520139E+04-7.180706676E+04-6.057068755E+04-4.904498765E+04
-3.722806234E+04-2.511560514E+04-1.270759353E+04 0.000000000E+00
 1.130894169E-01 1.118558207E-01 1.106195752E-01 1.093803099E-01 1.081379673E-01
 1.068922836E-01 1.056429652E-01 1.043897227E-01 1.031322602E-01 1.018703365E-01
 1.006039651E-01 9.933338016E-02 9.805885936E-02 9.678067585E-02 9.549910112E-02
 9.421429543E-02 9.292608101E-02 9.163409827E-02 9.033799294E-02 8.903743373E-02
 8.773214245E-02 8.642209558E-02 8.510755168E-02 8.378883453E-02 8.246627051E-02
 8.114017932E-02 7.981080071E-02 7.847828602E-02 7.714278694E-02 7.580448672E-02
 7.446351981E-02 7.311978343E-02 7.177304124E-02 7.042303273E-02 6.906958478E-02
 6.771303502E-02 6.635426755E-02 6.499430401E-02 6.363406819E-02 6.227390671E-02
 6.091356314E-02 5.955271923E-02 5.819127871E-02 5.682974455E-02 5.546901967E-02
 5.411003017E-02 5.275351896E-02 5.139991199E-02 5.004956248E-02 4.870288907E-02
 4.736044326E-02 4.602285814E-02 4.469079399E-02 4.336493545E-02 4.204598728E-02
 4.073470030E-02 3.943196177E-02 3.813875958E-02 3.685606465E-02 3.558467137E-02
 3.432527803E-02 3.307855986E-02 3.184521884E-02 3.062617772E-02 2.942293067E-02
 2.823707104E-02 2.706941286E-02 2.592017540E-02 2.479011408E-02 2.368077527E-02
 2.259359448E-02 2.152954653E-02 2.048939614E-02 1.947380812E-02 1.848369610E-02
 1.752042004E-02 1.658553383E-02 1.568042374E-02 1.480574404E-02 1.396199392E-02
 1.315050419E-02 1.237246710E-02 1.162843153E-02 1.091913291E-02 1.024554970E-02
 9.608598788E-03 9.009006443E-03 8.447638524E-03 7.925481431E-03 7.443100004E-03
 7.000758152E-03 6.598906678E-03 6.238323495E-03 5.919651464E-03 5.643089172E-03
 5.408850349E-03 5.217372646E-03 5.069140961E-03 4.964563057E-03 4.904025729E-03
 4.887947528E-03 4.916831362E-03 4.991434408E-03 5.112754670E-03 5.281865663E-03
 5.499941054E-03 5.768385995E-03 6.088991504E-03 6.463943510E-03 6.895576368E-03
 7.386402676E-03 7.939395219E-03 8.557592290E-03 9.243808353E-03 1.000106894E-02
 1.083272879E-02 1.174196957E-02 1.273171627E-02 1.380515493E-02 1.496498205E-02
 1.621302038E-02 1.755157420E-02 1.898276560E-02 2.050782478E-02 2.212785770E-02
 2.384384323E-02 2.565692871E-02 2.757059385E-02 2.957122434E-02 1.104437085E-01
 1.092073475E-01 1.079681766E-01 1.067258639E-01 1.054805747E-01 1.042322015E-01
 1.029804874E-01 1.017251442E-01 1.004658830E-01 9.920241417E-02 9.793450712E-02
 9.666215874E-02 9.538558871E-02 9.410508079E-02 9.282091777E-02 9.153337037E-02
 9.024258363E-02 8.894838944E-02 8.765044319E-02 8.634839812E-02 8.504193480E-02
 8.373081269E-02 8.241505797E-02 8.109494667E-02 7.977081596E-02 7.844300652E-02
 7.711184010E-02 7.577754947E-02 7.444029855E-02 7.310026176E-02 7.175763362E-02
 7.041251079E-02 6.906476222E-02 6.771416348E-02 6.636048834E-02 6.500371203E-02
 6.364441255E-02 6.228356425E-02 6.092219686E-02 5.956108795E-02 5.820031502E-02
 5.683959425E-02 5.547871133E-02 5.411784187E-02 5.275775844E-02 5.139942376E-02
 5.004372461E-02 4.869126111E-02 4.734243472E-02 4.599766351E-02 4.465747585E-02
 4.332251746E-02 4.199347691E-02 4.067106932E-02 3.935603242E-02 3.804913564E-02
 3.675125133E-02 3.546338021E-02 3.418654985E-02 3.292165293E-02 3.166945203E-02
 3.043067381E-02 2.920605429E-02 2.799648856E-02 2.680337220E-02 2.562834839E-02
 2.447245693E-02 2.333602553E-02 2.221973385E-02 2.112508011E-02 2.005355566E-02
 1.900621012E-02 1.798387501E-02 1.698727815E-02 1.601735561E-02 1.507545907E-02
 1.416312335E-02 1.328172023E-02 1.243195742E-02 1.161441985E-02 1.083041559E-02
 1.008107652E-02 9.366994005E-03 8.688943988E-03 8.047876998E-03 7.444658571E-03
 6.879997101E-03 6.354741567E-03 5.869742469E-03 5.425470533E-03 5.022185220E-03
 4.660348252E-03 4.340592426E-03 4.063334970E-03 3.828675053E-03 3.636787605E-03
 3.487984463E-03 3.382561280E-03 3.320760315E-03 3.302829828E-03 3.329066511E-03
 3.399903172E-03 3.516028011E-03 3.678324607E-03 3.887786443E-03 4.145585863E-03
 4.453189960E-03 4.812510189E-03 5.225791656E-03 5.695457954E-03 6.224300267E-03
 6.815433859E-03 7.471905039E-03 8.196753255E-03 8.993386749E-03 9.865262814E-03
 1.081558104E-02 1.184760783E-02 1.296453091E-02 1.416862764E-02 1.546220597E-02
 1.684772886E-02 1.832685882E-02 1.990088292E-02 2.157107774E-02 2.333837401E-02
 2.520367350E-02 2.716996673E-02 2.922344391E-02 1.078080294E-01 1.065689540E-01
 1.053269108E-01 1.040815442E-01 1.028330883E-01 1.015816273E-01 1.003270673E-01
 9.906916947E-02 9.780764855E-02 9.654221458E-02 9.527257132E-02 9.399848592E-02
 9.271995197E-02 9.143719051E-02 9.015049335E-02 8.886015692E-02 8.756646687E-02
 8.626956078E-02 8.496926192E-02 8.366523087E-02 8.235712901E-02 8.104464306E-02
 7.972756475E-02 7.840597740E-02 7.708018667E-02 7.575054593E-02 7.441741236E-02
 7.308111019E-02 7.174186528E-02 7.039985451E-02 6.905527891E-02 6.770834528E-02
 6.635910621E-02 6.500741278E-02 6.365305318E-02 6.229584620E-02 6.093596782E-02
 5.957420750E-02 5.821161137E-02 5.684919106E-02 5.548749188E-02 5.412640146E-02
 5.276566467E-02 5.140522750E-02 5.004560035E-02 4.868772258E-02 4.733257292E-02
 4.598094295E-02 4.463333057E-02 4.329017156E-02 4.195197767E-02 4.061939375E-02
 3.929313605E-02 3.797395050E-02 3.666260985E-02 3.535991256E-02 3.406672577E-02
 3.278405457E-02 3.151296698E-02 3.025445407E-02 2.900935285E-02 2.777844578E-02
 2.656251219E-02 2.536244363E-02 2.417953905E-02 2.301545991E-02 2.187144811E-02
 2.074797046E-02 1.964566408E-02 1.856596736E-02 1.751041458E-02 1.648013255E-02
 1.547602140E-02 1.449887721E-02 1.354966602E-02 1.262973178E-02 1.174058702E-02
 1.088358590E-02 1.005949329E-02 9.268980027E-03 8.513318810E-03 7.793583987E-03
 7.110415319E-03 6.464622906E-03 5.857138230E-03 5.288783484E-03 4.760246402E-03
 4.272322239E-03 3.825726878E-03 3.420902015E-03 3.058110008E-03 2.737745212E-03
 2.460231335E-03 2.225756152E-03 2.034324337E-03 1.886004477E-03 1.780916294E-03
 1.719142365E-03 1.700745583E-03 1.725824031E-03 1.794558699E-03 1.907315035E-03
 2.064713551E-03 2.267585147E-03 2.516963582E-03 2.814075695E-03 3.160406272E-03
 3.557959194E-03 4.009026683E-03 4.516174330E-03 5.082455527E-03 5.711095266E-03
 6.405254172E-03 7.168338778E-03 8.004010309E-03 8.915780898E-03 9.907049208E-03
 1.098133967E-02 1.214150581E-02 1.338994931E-02 1.472938823E-02 1.616197872E-02
 1.768923287E-02 1.931261945E-02 2.103343047E-02 2.285242085E-02 2.477003506E-02
 2.678907120E-02 2.889598626E-02 1.051842336E-01 1.039425060E-01 1.026976479E-01
 1.014492764E-01 1.001976221E-01 9.894282107E-02 9.768495998E-02 9.642398369E-02
 9.515967112E-02 9.389174063E-02 9.261990451E-02 9.134386894E-02 9.006339739E-02
 8.877847276E-02 8.748931595E-02 8.619622746E-02 8.489951385E-02 8.359946795E-02
 8.229622707E-02 8.098961298E-02 7.967929280E-02 7.836493818E-02 7.704625121E-02
 7.572306082E-02 7.439550086E-02 7.306390425E-02 7.172864134E-02 7.039008349E-02
 6.904855504E-02 6.770428120E-02 6.635745741E-02 6.500831044E-02 6.365704516E-02
 6.230367333E-02 6.094804448E-02 5.958996966E-02 5.822936089E-02 5.686663433E-02
 5.550273231E-02 5.413874044E-02 5.277557822E-02 5.141352208E-02 5.005238510E-02
 4.869200525E-02 4.733258512E-02 4.597492634E-02 4.462004547E-02 4.326888654E-02
 4.192211112E-02 4.058020247E-02 3.924367188E-02 3.791315049E-02 3.658937683E-02
 3.527312919E-02 3.396521638E-02 3.266647343E-02 3.137777997E-02 3.010013749E-02
 2.883464176E-02 2.758237064E-02 2.634424829E-02 2.512112007E-02 2.391381824E-02
 2.272325225E-02 2.155064164E-02 2.039763335E-02 1.926563227E-02 1.815527617E-02
 1.706720188E-02 1.600277926E-02 1.496357057E-02 1.395078043E-02 1.296537981E-02
 1.200823870E-02 1.108036159E-02 1.018308590E-02 9.317897064E-03 8.486123593E-03
 7.688590134E-03 6.926056082E-03 6.199765869E-03 5.510758749E-03 4.859723263E-03
 4.247497466E-03 3.675050417E-03 3.143192235E-03 2.652570492E-03 2.203877291E-03
 1.797580927E-03 1.433723747E-03 1.112517543E-03 8.343541147E-04 5.995522444E-04
 4.082337636E-04 2.604189153E-04 1.561203185E-04 9.532428361E-05 7.797214587E-05
 1.039875300E-04 1.733135779E-04 2.859566678E-04 4.420559731E-04 6.419174591E-04
 8.859854654E-04 1.174912196E-03 1.510044056E-03 1.893757884E-03 2.328445851E-03
 2.816424266E-03 3.360315537E-03 3.963280868E-03 4.628628916E-03 5.359828617E-03
 6.160659445E-03 7.034922093E-03 7.986253502E-03 9.018384343E-03 1.013473599E-02
 1.133801383E-02 1.263109527E-02 1.401661011E-02 1.549641867E-02 1.707218654E-02
 1.874545436E-02 2.051738616E-02 2.238833164E-02 2.435838179E-02 2.643069407E-02
 2.859202036E-02 1.025723811E-01 1.013280480E-01 1.000804335E-01 9.882911483E-02
 9.757432291E-02 9.631618477E-02 9.505482320E-02 9.379034480E-02 9.252272920E-02
 9.125177612E-02 8.997721035E-02 8.869874699E-02 8.741609510E-02 8.612901549E-02
 8.483748081E-02 8.354171141E-02 8.224201628E-02 8.093871276E-02 7.963210139E-02
 7.832231961E-02 7.700918905E-02 7.569238527E-02 7.437159200E-02 7.304652984E-02
 7.171706994E-02 7.038339609E-02 6.904586734E-02 6.770487193E-02 6.636079464E-02
 6.501395823E-02 6.366459250E-02 6.231291600E-02 6.095918010E-02 5.960357703E-02
 5.824608594E-02 5.688656758E-02 5.552487107E-02 5.416105475E-02 5.279577626E-02
 5.143008432E-02 5.006506740E-02 4.870146692E-02 4.733933952E-02 4.597851350E-02
 4.461898826E-02 4.326129424E-02 4.190641519E-02 4.055538768E-02 3.920906437E-02
 3.786802448E-02 3.653280007E-02 3.520401003E-02 3.388240333E-02 3.256879183E-02
 3.126402069E-02 2.996896523E-02 2.868453431E-02 2.741172741E-02 2.615166032E-02
 2.490547643E-02 2.367419810E-02 2.245874272E-02 2.126000261E-02 2.007892033E-02
 1.891666665E-02 1.777484794E-02 1.665498718E-02 1.555791458E-02 1.448430758E-02
 1.343546992E-02 1.241297778E-02 1.141810944E-02 1.045190865E-02 9.515323597E-03
 8.609401555E-03 7.735473814E-03 6.895002346E-03 6.089311235E-03 5.319292580E-03
 4.585797328E-03 3.890098667E-03 3.233269967E-03 2.616066351E-03 2.039231766E-03
 1.503188411E-03 1.008446754E-03 5.557117374E-04 1.457089218E-04-2.213912705E-04
-5.465622032E-04-8.296121656E-04-1.069762591E-03-1.266346578E-03-1.418850960E-03
-1.526863951E-03-1.590059851E-03-1.608208877E-03-1.581188041E-03-1.508990827E-03
-1.391741713E-03-1.229713595E-03-1.023342918E-03-7.732782559E-04-4.805195017E-04
-1.462466796E-04 2.303052704E-04 6.529886778E-04 1.124167943E-03 1.647177676E-03
 2.226376865E-03 2.865046418E-03 3.566339389E-03 4.333974569E-03 5.172011935E-03
 6.084405744E-03 7.075076300E-03 8.147901788E-03 9.306071209E-03 1.055262635E-02
 1.189060972E-02 1.332232531E-02 1.484968303E-02 1.647446985E-02 1.819814643E-02
 2.002154740E-02 2.194459253E-02 2.396754636E-02 2.609405328E-02 2.831054380E-02
 9.997306884E-02 9.872601322E-02 9.747565455E-02 9.622144970E-02 9.496357804E-02
 9.370216365E-02 9.243732074E-02 9.116917890E-02 8.989785804E-02 8.862337075E-02
 8.734554143E-02 8.606410369E-02 8.477877615E-02 8.348927184E-02 8.219535027E-02
 8.089697449E-02 7.959436418E-02 7.828783726E-02 7.697772205E-02 7.566432691E-02
 7.434778977E-02 7.302793361E-02 7.170444409E-02 7.037701895E-02 6.904540150E-02
 6.770951039E-02 6.636957800E-02 6.502598884E-02 6.367915002E-02 6.232945831E-02
 6.097723469E-02 5.962271944E-02 5.826615896E-02 5.690782552E-02 5.554788781E-02
 5.418630842E-02 5.282296906E-02 5.145778199E-02 5.009101023E-02 4.872351741E-02
 4.735642080E-02 4.599075843E-02 4.462702521E-02 4.326516728E-02 4.190510056E-02
 4.054707101E-02 3.919191232E-02 3.784069719E-02 3.649443133E-02 3.515385231E-02
 3.381954170E-02 3.249212115E-02 3.117233729E-02 2.986103310E-02 2.855909133E-02
 2.726742964E-02 2.598699723E-02 2.471880391E-02 2.346397915E-02 2.222371232E-02
 2.099912633E-02 1.979122088E-02 1.860095471E-02 1.742931578E-02 1.627746129E-02
 1.514694086E-02 1.403935437E-02 1.295572857E-02 1.189681874E-02 1.086387734E-02
 9.858481014E-03 8.881968997E-03 7.935457998E-03 7.019988975E-03 6.136687120E-03
 5.286882196E-03 4.472029346E-03 3.693544164E-03 2.952442481E-03 2.249577997E-03
 1.585641288E-03 9.612563725E-04 3.773690101E-04-1.654069078E-04-6.682106079E-04
-1.131283254E-03-1.553572440E-03-1.933983573E-03-2.271697843E-03-2.566214193E-03
-2.816883107E-03-3.023009401E-03-3.183982344E-03-3.299271708E-03-3.368422021E-03
-3.391052858E-03-3.366862499E-03-3.295637844E-03-3.177269303E-03-3.011772341E-03
-2.799317388E-03-2.540263895E-03-2.235218338E-03-1.885111565E-03-1.491223029E-03
-1.054873559E-03-5.775511852E-04-6.060538513E-05 5.006804201E-04 1.114496195E-03
 1.786949508E-03 2.523076579E-03 3.326522453E-03 4.201209150E-03 5.151338755E-03
 6.181142805E-03 7.294378630E-03 8.494359989E-03 9.784460688E-03 1.116748914E-02
 1.264567279E-02 1.422106625E-02 1.589542303E-02 1.766994861E-02 1.954502202E-02
 2.152057281E-02 2.359736423E-02 2.577884821E-02 2.805053116E-02 9.738728850E-02
 9.613715178E-02 9.488385202E-02 9.362674910E-02 9.236585294E-02 9.110121852E-02
 8.983295214E-02 8.856117640E-02 8.728602332E-02 8.600762349E-02 8.472601995E-02
 8.344106602E-02 8.215250708E-02 8.086006603E-02 7.956346080E-02 7.826245093E-02
 7.695699073E-02 7.564729905E-02 7.433370284E-02 7.301654195E-02 7.169613288E-02
 7.037261449E-02 6.904581287E-02 6.771542587E-02 6.638116755E-02 6.504280832E-02
 6.370031939E-02 6.235397983E-02 6.100419931E-02 5.965140459E-02 5.829600296E-02
 5.693831508E-02 5.557859785E-02 5.421712904E-02 5.285419551E-02 5.148993793E-02
 5.012432008E-02 4.875725609E-02 4.738876118E-02 4.601933964E-02 4.465000935E-02
 4.328191876E-02 4.191598099E-02 4.055245606E-02 3.919128355E-02 3.783253810E-02
 3.647678680E-02 3.512506275E-02 3.377846504E-02 3.243791680E-02 3.110409413E-02
 2.977764320E-02 2.845930670E-02 2.714995026E-02 2.585049621E-02 2.456190532E-02
 2.328517315E-02 2.202133814E-02 2.077154011E-02 1.953700256E-02 1.831893871E-02
 1.711844105E-02 1.593654236E-02 1.477428757E-02 1.363285014E-02 1.251372307E-02
 1.141854741E-02 1.034853180E-02 9.304538591E-03 8.287791839E-03 7.299866471E-03
 6.342176772E-03 5.415918028E-03 4.522256304E-03 3.662515151E-03 2.838068661E-03
 2.050120296E-03 1.299332798E-03 5.866886773E-04-8.694213644E-05-7.224771072E-04
-1.320622861E-03-1.880185072E-03-2.399827412E-03-2.878788016E-03-3.316256758E-03
-3.711267856E-03-4.062932849E-03-4.370447013E-03-4.633036285E-03-4.850051061E-03
-5.020922564E-03-5.145135563E-03-5.222220969E-03-5.251757738E-03-5.233376905E-03
-5.166763556E-03-5.051662779E-03-4.887889712E-03-4.675343333E-03-4.414024788E-03
-4.104068411E-03-3.745779839E-03-3.339688545E-03-2.886629292E-03-2.387940118E-03
-1.845667955E-03-1.262282504E-03-6.402107978E-04 2.020446980E-05 7.289768886E-04
 1.498252082E-03 2.336245594E-03 3.247038130E-03 4.234602789E-03 5.303240084E-03
 6.456723520E-03 7.698718041E-03 9.032542075E-03 1.046083106E-02 1.198593790E-02
 1.360993028E-02 1.533437275E-02 1.716003425E-02 1.908715432E-02 2.111610599E-02
 2.324763650E-02 2.548427023E-02 2.781084483E-02 9.481614175E-02 9.356250259E-02
 9.230587165E-02 9.104561599E-02 8.978164217E-02 8.851383234E-02 8.724219794E-02
 8.596684319E-02 8.468789498E-02 8.340548770E-02 8.211976084E-02 8.083078437E-02
 7.953844479E-02 7.824250223E-02 7.694268498E-02 7.563871684E-02 7.433035885E-02
 7.301755770E-02 7.170053124E-02 7.037961563E-02 6.905516277E-02 6.772749764E-02
 6.639676071E-02 6.506278310E-02 6.372527717E-02 6.238397608E-02 6.103868227E-02
 5.968942372E-02 5.833652446E-02 5.698041936E-02 5.562155529E-02 5.426034861E-02
 5.289712282E-02 5.153215782E-02 5.016576443E-02 4.879823631E-02 4.742969073E-02
 4.606010811E-02 4.468945269E-02 4.331789361E-02 4.194617551E-02 4.057542330E-02
 3.920677065E-02 3.784092826E-02 3.647801100E-02 3.511803913E-02 3.376132685E-02
 3.240875048E-02 3.106144363E-02 2.972048064E-02 2.838668920E-02 2.706076803E-02
 2.574346843E-02 2.443566754E-02 2.313832761E-02 2.185245350E-02 2.057909027E-02
 1.931932056E-02 1.807430046E-02 1.684528225E-02 1.563354989E-02 1.444029703E-02
 1.326663991E-02 1.211369056E-02 1.098266028E-02 9.875000981E-03 8.792361056E-03
 7.736105268E-03 6.707251042E-03 5.707039780E-03 4.737060396E-03 3.798898608E-03
 2.893869965E-03 2.022974555E-03 1.186881043E-03 3.869059255E-04-3.762483310E-04
-1.104191863E-03-1.796479373E-03-2.451517834E-03-3.068215210E-03-3.645641986E-03
-4.182666081E-03-4.678190565E-03-5.131175716E-03-5.540719275E-03-5.906052418E-03
-6.226468006E-03-6.501301227E-03-6.729921828E-03-6.911746139E-03-7.046227249E-03
-7.132858459E-03-7.171172470E-03-7.160742175E-03-7.101186188E-03-6.992170793E-03
-6.833412130E-03-6.624682071E-03-6.365816560E-03-6.056720953E-03-5.697394611E-03
-5.287952488E-03-4.828669749E-03-4.320043141E-03-3.762885021E-03-3.158435017E-03
-2.508542907E-03-1.816218011E-03-1.085448028E-03-3.184206179E-04 4.909548834E-04
 1.362428021E-03 2.308202183E-03 3.332857688E-03 4.440081662E-03 5.633883655E-03
 6.918085420E-03 8.295816712E-03 9.769776292E-03 1.134236909E-02 1.301553119E-02
 1.479044343E-02 1.666761627E-02 1.864762466E-02 2.073095914E-02 2.291756608E-02
 2.520920642E-02 2.759078478E-02 9.226076295E-02 9.100320366E-02 8.974281723E-02
 8.847899780E-02 8.721163840E-02 8.594054866E-02 8.466557376E-02 8.338669365E-02
 8.210400206E-02 8.081762892E-02 7.952771169E-02 7.823439698E-02 7.693777839E-02
 7.563777868E-02 7.433417595E-02 7.302670547E-02 7.171509803E-02 7.039911770E-02
 6.907870488E-02 6.775407642E-02 6.642557781E-02 6.509357357E-02 6.375839756E-02
 6.242019261E-02 6.107879711E-02 5.973394057E-02 5.838537850E-02 5.703295077E-02
 5.567674549E-02 5.431713015E-02 5.295456519E-02 5.158951774E-02 5.022241195E-02
 4.885357922E-02 4.748332876E-02 4.611200424E-02 4.473989816E-02 4.336711689E-02
 4.199367154E-02 4.061960288E-02 3.924528767E-02 3.787167455E-02 3.649995165E-02
 3.513117556E-02 3.376583178E-02 3.240400516E-02 3.104587284E-02 2.969206074E-02
 2.834365867E-02 2.700183366E-02 2.566759057E-02 2.434172141E-02 2.302500774E-02
 2.171833474E-02 2.042270006E-02 1.913915486E-02 1.786879540E-02 1.661275817E-02
 1.537223065E-02 1.414849232E-02 1.294287875E-02 1.175668525E-02 1.059112077E-02
 9.447370262E-03 8.326697062E-03 7.230553734E-03 6.160596509E-03 5.118317469E-03
 4.104992314E-03 3.122003850E-03 2.170724098E-03 1.252032474E-03 3.671727816E-04
-4.833621955E-04-1.301168815E-03-2.085363575E-03-2.834133602E-03-3.546389286E-03
-4.220898680E-03-4.856359074E-03-5.451535074E-03-6.005325477E-03-6.516843723E-03
-6.985262151E-03-7.409790149E-03-7.789676031E-03-8.124202530E-03-8.412677713E-03
-8.654440021E-03-8.848857825E-03-8.995329837E-03-9.093289232E-03-9.142208934E-03
-9.141604771E-03-9.091037230E-03-8.990115596E-03-8.838499928E-03-8.635901840E-03
-8.382086404E-03-8.076874848E-03-7.720145320E-03-7.311841356E-03-6.851983752E-03
-6.340694951E-03-5.778240031E-03-5.165092524E-03-4.502032071E-03-3.790301181E-03
-3.031789869E-03-2.229432203E-03-1.388022890E-03-5.122355267E-04 4.035677612E-04
 1.383909249E-03 2.444657285E-03 3.590403008E-03 4.824715392E-03 6.151295030E-03
 7.573289483E-03 9.093469327E-03 1.071415529E-02 1.243697063E-02 1.426275951E-02
 1.619222880E-02 1.822616424E-02 2.036440424E-02 2.260603440E-02 2.495286877E-02
 2.739026888E-02 8.972231040E-02 8.846042761E-02 8.719586710E-02 8.592805625E-02
 8.465688607E-02 8.338216416E-02 8.210368561E-02 8.082128220E-02 7.953489658E-02
 7.824460631E-02 7.695054217E-02 7.565284543E-02 7.435166833E-02 7.304712510E-02
 7.173917644E-02 7.042762190E-02 6.911220582E-02 6.779266720E-02 6.646877480E-02
 6.514046437E-02 6.380795179E-02 6.247159210E-02 6.113176295E-02 5.978880757E-02
 5.844287211E-02 5.709380474E-02 5.574135505E-02 5.438530481E-02 5.302553701E-02
 5.166220246E-02 5.029571089E-02 4.892654889E-02 4.755520378E-02 4.618210677E-02
 4.480760401E-02 4.343204000E-02 4.205578907E-02 4.067913632E-02 3.930219645E-02
 3.792502649E-02 3.654778231E-02 3.517107959E-02 3.379601885E-02 3.242380705E-02
 3.105535345E-02 2.969097697E-02 2.833083454E-02 2.697533875E-02 2.562542470E-02
 2.428229296E-02 2.294709451E-02 2.162076454E-02 2.030414167E-02 1.899812937E-02
 1.770375262E-02 1.642211150E-02 1.515435458E-02 1.390167703E-02 1.266531575E-02
 1.144658008E-02 1.024684536E-02 9.067493072E-03 7.909836980E-03 6.775164882E-03
 5.664815647E-03 4.580317103E-03 3.523450330E-03 2.495686493E-03 1.497841292E-03
 5.310568063E-04-4.037518067E-04-1.307986682E-03-2.180928980E-03-3.020680655E-03
-3.825972647E-03-4.595394751E-03-5.327467021E-03-6.020828073E-03-6.674367273E-03
-7.287150521E-03-7.858288485E-03-8.386913877E-03-8.872217685E-03-9.313390054E-03
-9.709642513E-03-1.006020144E-02-1.036430930E-02-1.062122963E-02-1.083025795E-02
-1.099072320E-02-1.110198852E-02-1.116346149E-02-1.117459401E-02-1.113488631E-02
-1.104389111E-02-1.090121563E-02-1.070652350E-02-1.045953696E-02-1.016003812E-02
-9.807865346E-03-9.402916981E-03-8.945145226E-03-8.434559750E-03-7.871232010E-03
-7.255312482E-03-6.587076724E-03-5.866992033E-03-5.095840479E-03-4.274888572E-03
-3.406116106E-03-2.492650572E-03-1.539824035E-03-5.538000867E-04 4.726177728E-04
 1.569135487E-03 2.752903158E-03 4.027923631E-03 5.397206796E-03 6.863987020E-03
 8.431013196E-03 1.010036595E-02 1.187329938E-02 1.375070581E-02 1.573354249E-02
 1.782210533E-02 2.001533678E-02 2.231219519E-02 2.471504624E-02 2.720929151E-02
 8.720186360E-02 8.593535015E-02 8.466623346E-02 8.339401042E-02 8.211859913E-02
 8.083981085E-02 7.955744143E-02 7.827129044E-02 7.698117801E-02 7.568701162E-02
 7.438884651E-02 7.308681084E-02 7.178105017E-02 7.047172140E-02 6.915895668E-02
 6.784275490E-02 6.652294071E-02 6.519927019E-02 6.387149190E-02 6.253938105E-02
 6.120287067E-02 5.986217586E-02 5.851766139E-02 5.716971868E-02 5.581870079E-02
 5.446475841E-02 5.310775227E-02 5.174745544E-02 5.038368045E-02 4.901635938E-02
 4.764570754E-02 4.627217588E-02 4.489627797E-02 4.351852087E-02 4.213934394E-02
 4.075911563E-02 3.937822055E-02 3.799705966E-02 3.661591284E-02 3.523492243E-02
 3.385421167E-02 3.247409842E-02 3.109543247E-02 2.971941656E-02 2.834722337E-02
 2.697956842E-02 2.561672008E-02 2.425899222E-02 2.290709894E-02 2.156219754E-02
 2.022552938E-02 1.889819460E-02 1.758112433E-02 1.627526104E-02 1.498165382E-02
 1.370145133E-02 1.243585626E-02 1.118612443E-02 9.953553624E-03 8.739490892E-03
 7.545358109E-03 6.372623769E-03 5.222724279E-03 4.097150254E-03 2.997361402E-03
 1.924606099E-03 8.800520030E-04-1.350375011E-04-1.121502040E-03-2.079390244E-03
-3.006682629E-03-3.901816041E-03-4.763245469E-03-5.589375177E-03-6.378741525E-03
-7.130201210E-03-7.842748044E-03-8.515440159E-03-9.147363543E-03-9.737637854E-03
-1.028537704E-02-1.078968558E-02-1.124969230E-02-1.166451737E-02-1.203330181E-02
-1.235520968E-02-1.262943142E-02-1.285518694E-02-1.303173475E-02-1.315837492E-02
-1.323444606E-02-1.325933720E-02-1.323248622E-02-1.315338227E-02-1.302157161E-02
-1.283665962E-02-1.259831264E-02-1.230626184E-02-1.196030701E-02-1.156031242E-02
-1.110621186E-02-1.059800146E-02-1.003573493E-02-9.419516174E-03-8.749498226E-03
-8.025890687E-03-7.248996310E-03-6.419292427E-03-5.537575517E-03-4.605178717E-03
-3.624241678E-03-2.598246007E-03-1.533444809E-03-4.363622100E-04 7.053114724E-04
 1.926619832E-03 3.242172357E-03 4.654697388E-03 6.166907264E-03 7.781422511E-03
 9.499985148E-03 1.132375825E-02 1.325386584E-02 1.529092933E-02 1.743436437E-02
 1.968283773E-02 2.203576811E-02 2.449566729E-02 2.704750867E-02 8.470034067E-02
 8.342903018E-02 8.215510413E-02 8.087810719E-02 7.959803878E-02 7.831475199E-02
 7.702805235E-02 7.573774054E-02 7.444361827E-02 7.314549806E-02 7.184325942E-02
 7.053692761E-02 6.922662425E-02 6.791249926E-02 6.659471369E-02 6.527341519E-02
 6.394863964E-02 6.262024063E-02 6.128798918E-02 5.995164485E-02 5.861099124E-02
 5.726596090E-02 5.591676850E-02 5.456378880E-02 5.320742758E-02 5.184804833E-02
 5.048580771E-02 4.912058216E-02 4.775217208E-02 4.638042593E-02 4.500533111E-02
 4.362716840E-02 4.224642928E-02 4.086365511E-02 3.947937238E-02 3.809403162E-02
 3.670803145E-02 3.532179997E-02 3.393576079E-02 3.255019932E-02 3.116530363E-02
 2.978129084E-02 2.839868736E-02 2.701853885E-02 2.564210114E-02 2.427045196E-02
 2.290414371E-02 2.154350863E-02 2.018909459E-02 1.884191902E-02 1.750325731E-02
 1.617434657E-02 1.485625084E-02 1.354997640E-02 1.225660498E-02 1.097732948E-02
 9.713407700E-03 8.466155862E-03 7.236952148E-03 6.027215590E-03 4.838446764E-03
 3.672299605E-03 2.530219771E-03 1.413215172E-03 3.224992050E-04-7.414326551E-04
-1.779540437E-03-2.790075268E-03-3.771071617E-03-4.720905910E-03-5.637846082E-03
-6.520302218E-03-7.367029265E-03-8.176985060E-03-8.949186452E-03-9.682696268E-03
-1.037655672E-02-1.102981483E-02-1.164149135E-02-1.221061244E-02-1.273619031E-02
-1.321723963E-02-1.365281123E-02-1.404196231E-02-1.438378188E-02-1.467739221E-02
-1.492195014E-02-1.511664963E-02-1.526072665E-02-1.535346395E-02-1.539418668E-02
-1.538227202E-02-1.531714897E-02-1.519829956E-02-1.502526429E-02-1.479764470E-02
-1.451510586E-02-1.417738069E-02-1.378427342E-02-1.333566397E-02-1.283150902E-02
-1.227184444E-02-1.165677986E-02-1.098648829E-02-1.026119789E-02-9.481169924E-03
-8.646698845E-03-7.758142925E-03-6.816008354E-03-5.821125340E-03-4.774937717E-03
-3.679837468E-03-2.539940027E-03-1.362951078E-03-1.538075994E-04 1.110666986E-03
 2.466397287E-03 3.922603489E-03 5.480976696E-03 7.143619619E-03 8.912124405E-03
 1.078781963E-02 1.277162150E-02 1.486333301E-02 1.706196460E-02 1.936653488E-02
 2.177663941E-02 2.429439020E-02 2.690423311E-02 8.221863839E-02 8.094240033E-02
 7.966351785E-02 7.838153377E-02 7.709648128E-02 7.580829150E-02 7.451682950E-02
 7.322191508E-02 7.192335182E-02 7.062094341E-02 6.931449918E-02 6.800387811E-02
 6.668907024E-02 6.537018626E-02 6.404737940E-02 6.272081482E-02 6.139065355E-02
 6.005696585E-02 5.871963832E-02 5.737846044E-02 5.603320447E-02 5.468366448E-02
 5.332977511E-02 5.197175115E-02 5.060997769E-02 4.924487548E-02 4.787681911E-02
 4.650597292E-02 4.513223270E-02 4.375543046E-02 4.237545649E-02 4.099235987E-02
 3.960648713E-02 3.821836983E-02 3.682857808E-02 3.543765775E-02 3.404607561E-02
 3.265426853E-02 3.126271011E-02 2.987184408E-02 2.848197953E-02 2.709337017E-02
 2.570636380E-02 2.432171808E-02 2.294062180E-02 2.156433529E-02 2.019379235E-02
 1.882948293E-02 1.747189943E-02 1.612188254E-02 1.478067301E-02 1.344959422E-02
 1.212985803E-02 1.082256251E-02 9.528837570E-03 8.249920088E-03 6.987140934E-03
 5.741894127E-03 4.515687685E-03 3.310112223E-03 2.126491989E-03 9.659280337E-04
-1.703452797E-04-1.282928104E-03-2.371379246E-03-3.433421040E-03-4.467205732E-03
-5.470868403E-03-6.442660675E-03-7.381185699E-03-8.285338238E-03-9.154115153E-03
-9.986539282E-03-1.078162362E-02-1.153835410E-02-1.225569621E-02-1.293256667E-02
-1.356788337E-02-1.416055627E-02-1.470952119E-02-1.521371499E-02-1.567209600E-02
-1.608366658E-02-1.644744668E-02-1.676249392E-02-1.702790415E-02-1.724281162E-02
-1.740639298E-02-1.751786891E-02-1.757650912E-02-1.758163086E-02-1.753260370E-02
-1.742885105E-02-1.726985264E-02-1.705514762E-02-1.678433646E-02-1.645708436E-02
-1.607312584E-02-1.563226388E-02-1.513438121E-02-1.457944042E-02-1.396749140E-02
-1.329867373E-02-1.257321710E-02-1.179142959E-02-1.095367699E-02-1.006035698E-02
-9.111876310E-03-8.108664303E-03-7.051279819E-03-5.940625388E-03-4.778314958E-03
-3.567142542E-03-2.312356113E-03-1.023271755E-03 3.012506543E-04 1.699933905E-03
 3.199797570E-03 4.805023864E-03 6.516601586E-03 8.336124753E-03 1.026483957E-02
 1.230294530E-02 1.444973455E-02 1.670443857E-02 1.906626328E-02 2.153445205E-02
 2.411055226E-02 2.677870278E-02 7.975769380E-02 7.847639685E-02 7.719242790E-02
 7.590532017E-02 7.461510337E-02 7.332172653E-02 7.202511819E-02 7.072517303E-02
 6.942172626E-02 6.811458709E-02 6.680356144E-02 6.548845906E-02 6.416912459E-02
 6.284551221E-02 6.151771662E-02 6.018589186E-02 5.885020760E-02 5.751083642E-02
 5.616787912E-02 5.482125960E-02 5.347078939E-02 5.211625542E-02 5.075746465E-02
 4.939435654E-02 4.802714693E-02 4.665623166E-02 4.528204711E-02 4.390497965E-02
 4.252520340E-02 4.114263758E-02 3.975715078E-02 3.836868163E-02 3.697734737E-02
 3.558355983E-02 3.418789061E-02 3.279093956E-02 3.139327254E-02 2.999537964E-02
 2.859774391E-02 2.720088541E-02 2.580526991E-02 2.441125388E-02 2.301917997E-02
 2.162956706E-02 2.024339274E-02 1.886193606E-02 1.748640952E-02 1.611761102E-02
 1.475609237E-02 1.340258324E-02 1.205821620E-02 1.072435144E-02 9.402319361E-03
 8.093339155E-03 6.798626435E-03 5.519487300E-03 4.257391069E-03 3.013834472E-03
 1.790050533E-03 5.872002081E-04-5.938476140E-04-1.753912013E-03-2.891247453E-03
-4.003547421E-03-5.088890412E-03-6.145376927E-03-7.171347120E-03-8.165586774E-03
-9.127065400E-03-1.005478918E-02-1.094775098E-02-1.180490958E-02-1.262516957E-02
-1.340738568E-02-1.415038473E-02-1.485299805E-02-1.551403728E-02-1.613233619E-02
-1.670673901E-02-1.723612855E-02-1.771939484E-02-1.815545968E-02-1.854328868E-02
-1.888187171E-02-1.917023937E-02-1.940746446E-02-1.959266136E-02-1.972499226E-02
-1.980366709E-02-1.982794506E-02-1.979713907E-02-1.971061596E-02-1.956779853E-02
-1.936816913E-02-1.911127088E-02-1.879670898E-02-1.842415397E-02-1.799334592E-02
-1.750409464E-02-1.695628591E-02-1.634988599E-02-1.568494628E-02-1.496160901E-02
-1.418012086E-02-1.334082983E-02-1.244418208E-02-1.149069797E-02-1.048092562E-02
-9.415398432E-03-8.294640205E-03-7.119276567E-03-5.890334184E-03-4.609701499E-03
-3.280867186E-03-1.911051722E-03-5.090475407E-04 9.410208095E-04 2.485322251E-03
 4.137942627E-03 5.899551320E-03 7.771281037E-03 9.753815939E-03 1.184679046E-02
 1.404957105E-02 1.636156112E-02 1.878165497E-02 2.130854182E-02 2.394340221E-02
 2.667023225E-02 7.731847773E-02 7.603199729E-02 7.474281309E-02 7.345045214E-02
 7.215494051E-02 7.085622044E-02 6.955422654E-02 6.824889742E-02 6.694014875E-02
 6.562783727E-02 6.431178160E-02 6.299179072E-02 6.166767702E-02 6.033927608E-02
 5.900651039E-02 5.766945254E-02 5.632825399E-02 5.498308931E-02 5.363414091E-02
 5.228153652E-02 5.092524044E-02 4.956508996E-02 4.820088925E-02 4.683246081E-02
 4.545975194E-02 4.408298082E-02 4.270255463E-02 4.131892595E-02 3.993249383E-02
 3.854344460E-02 3.715172554E-02 3.575724751E-02 3.436000472E-02 3.296018894E-02
 3.155827620E-02 3.015487861E-02 2.875062689E-02 2.734610842E-02 2.594184571E-02
 2.453837492E-02 2.313626344E-02 2.173601070E-02 2.033804369E-02 1.894282254E-02
 1.755107239E-02 1.616394894E-02 1.478277074E-02 1.340866172E-02 1.204236592E-02
 1.068460337E-02 9.336387048E-03 7.999064448E-03 6.674057991E-03 5.362730377E-03
 4.066479523E-03 2.786659539E-03 1.524379130E-03 2.807567804E-04-9.437382574E-04
-2.149393968E-03-3.333888982E-03-4.494991172E-03-5.630593024E-03-6.738758927E-03
-7.818070821E-03-8.867457595E-03-9.885896809E-03-1.087238851E-02-1.182589150E-02
-1.274528812E-02-1.362938711E-02-1.447695391E-02-1.528673376E-02-1.605745690E-02
-1.678785398E-02-1.747667991E-02-1.812268487E-02-1.872464707E-02-1.928136054E-02
-1.979166199E-02-2.025439707E-02-2.066845207E-02-2.103275632E-02-2.134627063E-02
-2.160800059E-02-2.181699867E-02-2.197236271E-02-2.207324343E-02-2.211884407E-02
-2.210841793E-02-2.204127790E-02-2.191679403E-02-2.173439405E-02-2.149356742E-02
-2.119386601E-02-2.083490564E-02-2.041636905E-02-1.993800608E-02-1.939963993E-02
-1.880116663E-02-1.814256205E-02-1.742388469E-02-1.664528284E-02-1.580700094E-02
-1.490938954E-02-1.395291896E-02-1.293817666E-02-1.186583732E-02-1.073661277E-02
-9.551169160E-03-8.310127191E-03-7.014212441E-03-5.664642186E-03-4.263745286E-03
-2.816314894E-03-1.332293477E-03 1.858032906E-04 1.778431004E-03 3.478837255E-03
 5.291649818E-03 7.216601679E-03 9.253686693E-03 1.140250326E-02 1.366254794E-02
 1.603294554E-02 1.851204824E-02 2.109815927E-02 2.379225389E-02 2.657824608E-02
 7.490197757E-02 7.361020922E-02 7.231569323E-02 7.101795366E-02 6.971701913E-02
 6.841282839E-02 6.710530877E-02 6.579439670E-02 6.448003370E-02 6.316214901E-02
 6.184062590E-02 6.051529627E-02 5.918597433E-02 5.785247611E-02 5.651463269E-02
 5.517234301E-02 5.382565061E-02 5.247470081E-02 5.111967316E-02 4.976075833E-02
 4.839810780E-02 4.703172789E-02 4.566148548E-02 4.428720512E-02 4.290872776E-02
 4.152601192E-02 4.013927988E-02 3.874895083E-02 3.735549417E-02 3.595932264E-02
 3.456063765E-02 3.315941987E-02 3.175562892E-02 3.034932267E-02 2.894077302E-02
 2.753051911E-02 2.611921438E-02 2.470752163E-02 2.329605345E-02 2.188537471E-02
 2.047608093E-02 1.906878996E-02 1.766405461E-02 1.626239730E-02 1.486442931E-02
 1.347109140E-02 1.208366329E-02 1.070345657E-02 9.331501803E-03 7.968616231E-03
 6.615776217E-03 5.274295786E-03 3.945737872E-03 2.631509442E-03 1.332633435E-03
 5.014087484E-05-1.215880993E-03-2.465103695E-03-3.694931564E-03-4.903030820E-03
-6.087254409E-03-7.245822190E-03-8.377464067E-03-9.481111801E-03-1.055579576E-02
-1.160053843E-02-1.261422333E-02-1.359564808E-02-1.454354725E-02-1.545660984E-02
-1.633349713E-02-1.717286028E-02-1.797335770E-02-1.873364601E-02-1.945238904E-02
-2.012827742E-02-2.076000265E-02-2.134628613E-02-2.188586982E-02-2.237754313E-02
-2.282010715E-02-2.321241352E-02-2.355335656E-02-2.384187032E-02-2.407693866E-02
-2.425759730E-02-2.438293183E-02-2.445208464E-02-2.446425624E-02-2.441870119E-02
-2.431473711E-02-2.415174190E-02-2.392915393E-02-2.364647582E-02-2.330327436E-02
-2.289918173E-02-2.243389860E-02-2.190719126E-02-2.131889992E-02-2.066893851E-02
-1.995729811E-02-1.918404936E-02-1.834935366E-02-1.745346281E-02-1.649673033E-02
-1.547962325E-02-1.440273450E-02-1.326679501E-02-1.207264301E-02-1.082114782E-02
-9.513109588E-03-8.149244760E-03-6.730400702E-03-5.258100394E-03-3.735531218E-03
-2.170082675E-03-5.714064378E-04 1.077244582E-03 2.826996858E-03 4.691910501E-03
 6.671007230E-03 8.763716153E-03 1.096971177E-02 1.328825005E-02 1.571793094E-02
 1.825669823E-02 2.090261898E-02 2.365652490E-02 2.650224047E-02 7.250918674E-02
 7.121205234E-02 6.991211283E-02 6.860888690E-02 6.730240992E-02 6.599262352E-02
 6.467945282E-02 6.336282778E-02 6.204268300E-02 6.071895948E-02 5.939159531E-02
 5.806049882E-02 5.672552014E-02 5.538648228E-02 5.404320566E-02 5.269552123E-02
 5.134331186E-02 4.998658867E-02 4.862548695E-02 4.726019005E-02 4.589089588E-02
 4.451777682E-02 4.314088129E-02 4.176010964E-02 4.037531053E-02 3.898634664E-02
 3.759319138E-02 3.619607342E-02 3.479542482E-02 3.339173246E-02 3.198542386E-02
 3.057671897E-02 2.916563789E-02 2.775219660E-02 2.633652529E-02 2.491898063E-02
 2.350016412E-02 2.208077165E-02 2.066149982E-02 1.924299252E-02 1.782586737E-02
 1.641078536E-02 1.499842233E-02 1.358941171E-02 1.218439859E-02 1.078417515E-02
 9.389872099E-03 8.002839227E-03 6.624356541E-03 5.255462926E-03 3.897263131E-03
 2.550962638E-03 1.217666250E-03-1.015511518E-04-1.406857359E-03-2.697363820E-03
-3.970375472E-03-5.223511418E-03-6.454626502E-03-7.662019336E-03-8.844525604E-03
-1.000120554E-02-1.113112754E-02-1.223321687E-02-1.330630417E-02-1.434916783E-02
-1.536046660E-02-1.633880865E-02-1.728279223E-02-1.819100497E-02-1.906202383E-02
-1.989441954E-02-2.068677496E-02-2.143767331E-02-2.214570780E-02-2.280950082E-02
-2.342768241E-02-2.399891551E-02-2.452188962E-02-2.499534738E-02-2.541804674E-02
-2.578880642E-02-2.610648789E-02-2.637000142E-02-2.657831267E-02-2.673044395E-02
-2.682547287E-02-2.686253801E-02-2.684084190E-02-2.675964705E-02-2.661828039E-02
-2.641613271E-02-2.615266063E-02-2.582738673E-02-2.543989907E-02-2.498985233E-02
-2.447696956E-02-2.390104308E-02-2.326193473E-02-2.255958043E-02-2.179399191E-02
-2.096526175E-02-2.007356633E-02-1.911917058E-02-1.810244005E-02-1.702384683E-02
-1.588397857E-02-1.468356480E-02-1.342348289E-02-1.210473988E-02-1.072836375E-02
-9.295258413E-03-7.806231997E-03-6.262328817E-03-4.665605685E-03-3.020974488E-03
-1.339169390E-03 3.791368266E-04 2.181761735E-03 4.099291304E-03 6.133677619E-03
 8.283446817E-03 1.054796160E-02 1.292601476E-02 1.541577871E-02 1.801492041E-02
 2.072134005E-02 2.353571112E-02 2.644171593E-02 7.014111316E-02 6.883855427E-02
 6.753312513E-02 6.622433316E-02 6.491221757E-02 6.359672444E-02 6.227778265E-02
 6.095532201E-02 5.962927190E-02 5.829956485E-02 5.696614013E-02 5.562894087E-02
 5.428789346E-02 5.294287279E-02 5.159371425E-02 5.024024395E-02 4.888229628E-02
 4.751974435E-02 4.615256818E-02 4.478088863E-02 4.340489047E-02 4.202477831E-02
 4.064074298E-02 3.925287350E-02 3.786110759E-02 3.646532229E-02 3.506540559E-02
 3.366134997E-02 3.225339329E-02 3.084198157E-02 2.942761985E-02 2.801075176E-02
 2.659161975E-02 2.517029037E-02 2.374684469E-02 2.232149443E-02 2.089468471E-02
 1.946707899E-02 1.803941712E-02 1.661243212E-02 1.518680777E-02 1.376322508E-02
 1.234241751E-02 1.092513408E-02 9.512116665E-03 8.104159666E-03 6.702260830E-03
 5.307721597E-03 3.922009616E-03 2.546325309E-03 1.181415472E-03-1.719151827E-04
-1.513854216E-03-2.843134841E-03-4.157000562E-03-5.452968429E-03-6.728897726E-03
-7.983228181E-03-9.214914510E-03-1.042304904E-02-1.160667984E-02-1.276476403E-02
-1.389613938E-02-1.499947341E-02-1.607334422E-02-1.711635417E-02-1.812705549E-02
-1.910395143E-02-2.004554939E-02-2.095035054E-02-2.181684653E-02-2.264352261E-02
-2.342887982E-02-2.417142349E-02-2.486967348E-02-2.552218228E-02-2.612751805E-02
-2.668428519E-02-2.719112115E-02-2.764672270E-02-2.804980615E-02-2.839915879E-02
-2.869361201E-02-2.893205535E-02-2.911343971E-02-2.923677709E-02-2.930114220E-02
-2.930567608E-02-2.924958756E-02-2.913215204E-02-2.895271286E-02-2.871068129E-02
-2.840553791E-02-2.803683108E-02-2.760417723E-02-2.710726245E-02-2.654583835E-02
-2.591972850E-02-2.522882576E-02-2.447309462E-02-2.365257134E-02-2.276737345E-02
-2.181769866E-02-2.080383352E-02-1.972615883E-02-1.858515456E-02-1.738141960E-02
-1.611567419E-02-1.478879055E-02-1.340181239E-02-1.195591214E-02-1.045225481E-02
-8.891831746E-03-7.275546577E-03-5.604757071E-03-3.882681275E-03-2.117814657E-03
-3.186853115E-04 1.541675508E-03 3.513011953E-03 5.604074422E-03 7.812367864E-03
 1.013658454E-02 1.257511194E-02 1.512580749E-02 1.778613429E-02 2.055382784E-02
 2.342931625E-02 2.639610804E-02 6.779880281E-02 6.649076425E-02 6.517979451E-02
 6.386538144E-02 6.254756078E-02 6.122627817E-02 5.990146551E-02 5.857305675E-02
 5.724098310E-02 5.590517349E-02 5.456555901E-02 5.322207679E-02 5.187467137E-02
 5.052328093E-02 4.916780736E-02 4.780810234E-02 4.644400059E-02 4.507534227E-02
 4.370199603E-02 4.232391686E-02 4.094120598E-02 3.955404664E-02 3.816264991E-02
 3.676722284E-02 3.536789236E-02 3.396463722E-02 3.255736749E-02 3.114600057E-02
 2.973055261E-02 2.831127413E-02 2.688862647E-02 2.546313359E-02 2.403525668E-02
 2.260526546E-02 2.117328092E-02 1.973945927E-02 1.830410333E-02 1.686774946E-02
 1.543112312E-02 1.399501031E-02 1.256018462E-02 1.112738006E-02 9.697349367E-03
 8.270905034E-03 6.848901174E-03 5.432245775E-03 4.021991276E-03 2.619305259E-03
 1.225210307E-03-1.594336311E-04-1.534962460E-03-2.900188102E-03-4.252261605E-03
-5.588577491E-03-6.907003111E-03-8.206070868E-03-9.484808514E-03-1.074237829E-02
-1.197788185E-02-1.319026598E-02-1.437829624E-02-1.554062619E-02-1.667586859E-02
-1.778255832E-02-1.885914645E-02-1.990411968E-02-2.091595110E-02-2.189304439E-02
-2.283380858E-02-2.373664996E-02-2.459996829E-02-2.542215981E-02-2.620164064E-02
-2.693683666E-02-2.762619289E-02-2.826819092E-02-2.886133641E-02-2.940417494E-02
-2.989529229E-02-3.033334025E-02-3.071699518E-02-3.104501443E-02-3.131620284E-02
-3.152943240E-02-3.168364249E-02-3.177783881E-02-3.181109871E-02-3.178257215E-02
-3.169147839E-02-3.153711199E-02-3.131884027E-02-3.103610133E-02-3.068840603E-02
-3.027533682E-02-2.979654616E-02-2.925175734E-02-2.864076103E-02-2.796341766E-02
-2.721965685E-02-2.640947834E-02-2.553295522E-02-2.459023336E-02-2.358153449E-02
-2.250716932E-02-2.136753924E-02-2.016314240E-02-1.889458604E-02-1.756259761E-02
-1.616804398E-02-1.471195493E-02-1.319554262E-02-1.162015233E-02-9.987058009E-03
-8.297297070E-03-6.551922025E-03-4.752979609E-03-2.906292185E-03-1.023036580E-03
 9.045208691E-04 2.932716618E-03 5.081655563E-03 7.349788840E-03 9.734860115E-03
 1.223486679E-02 1.484743933E-02 1.756985486E-02 2.039959549E-02 2.333678150E-02
 2.636477721E-02 6.548341297E-02 6.416979350E-02 6.285321698E-02 6.153313734E-02
 6.020956722E-02 5.888244220E-02 5.755169089E-02 5.621724815E-02 5.487904892E-02
 5.353702519E-02 5.219110655E-02 5.084122303E-02 4.948730972E-02 4.812931010E-02
 4.676716977E-02 4.540081342E-02 4.403011430E-02 4.265491952E-02 4.127507657E-02
 3.989045446E-02 3.850099197E-02 3.710676579E-02 3.570795492E-02 3.430477654E-02
 3.289745201E-02 3.148614221E-02 3.007087047E-02 2.865158466E-02 2.722823620E-02
 2.580087006E-02 2.436975368E-02 2.293536541E-02 2.149824888E-02 2.005888467E-02
 1.861757521E-02 1.717450525E-02 1.572991749E-02 1.428421585E-02 1.283803002E-02
 1.139214797E-02 9.947403076E-03 8.504610870E-03 7.064571204E-03 5.628142164E-03
 4.196301671E-03 2.770061867E-03 1.350180622E-03-6.273371291E-05-1.468829398E-03
-2.867025497E-03-4.254402854E-03-5.628299882E-03-6.986580074E-03-8.327825008E-03
-9.651144580E-03-1.095577372E-02-1.224084745E-02-1.350532579E-02-1.474799498E-02
-1.596750787E-02-1.716242123E-02-1.833123238E-02-1.947243159E-02-2.058447186E-02
-2.166570345E-02-2.271448554E-02-2.372919658E-02-2.470813967E-02-2.564961761E-02
-2.655193708E-02-2.741340325E-02-2.823232126E-02-2.900701928E-02-2.973584181E-02
-3.041715731E-02-3.104937525E-02-3.163093826E-02-3.216033312E-02-3.263609445E-02
-3.305683024E-02-3.342117875E-02-3.372786917E-02-3.397568367E-02-3.416347977E-02
-3.429018909E-02-3.435481661E-02-3.435644722E-02-3.429424411E-02-3.416744503E-02
-3.397536999E-02-3.371741529E-02-3.339305406E-02-3.300183643E-02-3.254338604E-02
-3.201739916E-02-3.142364289E-02-3.076195529E-02-3.003224253E-02-2.923447978E-02
-2.836870750E-02-2.743503898E-02-2.643365815E-02-2.536482332E-02-2.422887070E-02
-2.302622034E-02-2.175739475E-02-2.042301339E-02-1.902381613E-02-1.756067507E-02
-1.603460204E-02-1.444680142E-02-1.279868064E-02-1.109173627E-02-9.327298201E-03
-7.506417282E-03-5.630467334E-03-3.703281008E-03-1.735460312E-03 2.693400768E-04
 2.357807139E-03 4.565730072E-03 6.894999539E-03 9.342122403E-03 1.190470645E-02
 1.458020160E-02 1.736560711E-02 2.025809146E-02 2.325748306E-02 2.634706615E-02
 6.319624058E-02 6.187689228E-02 6.055458455E-02 5.922875677E-02 5.789938999E-02
 5.656638686E-02 5.522965740E-02 5.388912897E-02 5.254473450E-02 5.119640836E-02
 4.984408355E-02 4.848769066E-02 4.712715930E-02 4.576242285E-02 4.439342288E-02
 4.302010860E-02 4.164242002E-02 4.026025701E-02 3.887348244E-02 3.748195329E-02
 3.608554355E-02 3.468418342E-02 3.327792445E-02 3.186693862E-02 3.045144813E-02
 2.903168688E-02 2.760784571E-02 2.617999498E-02 2.474812509E-02 2.331222675E-02
 2.187237964E-02 2.042887317E-02 1.898220480E-02 1.753293871E-02 1.608157689E-02
 1.462846105E-02 1.317385059E-02 1.171808763E-02 1.026168629E-02 8.805366800E-03
 7.349979566E-03 5.896425260E-03 4.445627971E-03 2.998535607E-03 1.555837856E-03
 1.179772099E-04-1.315095957E-03-2.742822036E-03-4.162317699E-03-5.570814720E-03
-6.966047332E-03-8.346591209E-03-9.711653594E-03-1.106055543E-02-1.239249452E-02
-1.370647799E-02-1.500130795E-02-1.627563864E-02-1.752804534E-02-1.875704248E-02
-1.996108282E-02-2.113855379E-02-2.228782145E-02-2.340723711E-02-2.449505393E-02
-2.554949473E-02-2.656882745E-02-2.755125899E-02-2.849498058E-02-2.939819452E-02
-3.025910825E-02-3.107593324E-02-3.184690644E-02-3.257028932E-02-3.324437216E-02
-3.386749116E-02-3.443802561E-02-3.495440355E-02-3.541510928E-02-3.581870836E-02
-3.616380341E-02-3.644909752E-02-3.667335426E-02-3.683541982E-02-3.693422298E-02
-3.696877378E-02-3.693816839E-02-3.684158885E-02-3.667829994E-02-3.644765224E-02
-3.614907930E-02-3.578209737E-02-3.534630180E-02-3.484136531E-02-3.426703773E-02
-3.362313854E-02-3.290956030E-02-3.212626310E-02-3.127327363E-02-3.035068720E-02
-2.935866226E-02-2.829742279E-02-2.716727000E-02-2.596857579E-02-2.470179039E-02
-2.336745200E-02-2.196620195E-02-2.049879309E-02-1.896609724E-02-1.736913572E-02
-1.570909303E-02-1.398736384E-02-1.220555689E-02-1.036526787E-02-8.467788474E-03
-6.514279505E-03-4.507211323E-03-2.454649192E-03-3.656270859E-04 1.787196035E-03
 4.055658657E-03 6.447357450E-03 8.957803938E-03 1.158417347E-02 1.432363440E-02
 1.717285222E-02 2.012870836E-02 2.319080072E-02 2.634240187E-02 6.093862253E-02
 5.961341532E-02 5.828523663E-02 5.695352679E-02 5.561826177E-02 5.427932261E-02
 5.293658348E-02 5.158994236E-02 5.023931747E-02 4.888463748E-02 4.752583509E-02
 4.616284389E-02 4.479559531E-02 4.342401947E-02 4.204804850E-02 4.066762184E-02
 3.928268904E-02 3.789320001E-02 3.649908045E-02 3.510021281E-02 3.369646701E-02
 3.228772576E-02 3.087391711E-02 2.945507148E-02 2.803135106E-02 2.660298132E-02
 2.517020722E-02 2.373324607E-02 2.229221588E-02 2.084715429E-02 1.939809730E-02
 1.794516597E-02 1.648867767E-02 1.502915158E-02 1.356717358E-02 1.210326971E-02
 1.063782828E-02 9.171193064E-03 7.703815610E-03 6.236337719E-03 4.769615538E-03
 3.304668368E-03 1.842285031E-03 3.828021655E-04-1.073828252E-03-2.527727091E-03
-3.976011489E-03-5.415729218E-03-6.844591988E-03-8.261244893E-03-9.664918261E-03
-1.105495722E-02-1.243065508E-02-1.379111156E-02-1.513517150E-02-1.646152604E-02
-1.776877582E-02-1.905543924E-02-2.031997578E-02-2.156079155E-02-2.277623005E-02
-2.396456318E-02-2.512402240E-02-2.625283776E-02-2.734916891E-02-2.841110419E-02
-2.943678467E-02-3.042432177E-02-3.137179042E-02-3.227728441E-02-3.313890993E-02
-3.395478213E-02-3.472304370E-02-3.544187127E-02-3.610947557E-02-3.672411883E-02
-3.728411704E-02-3.778784010E-02-3.823372319E-02-3.862029107E-02-3.894611356E-02
-3.920987025E-02-3.941031000E-02-3.954627149E-02-3.961668593E-02-3.962057330E-02
-3.955704639E-02-3.942531251E-02-3.922466966E-02-3.895450727E-02-3.861430338E-02
-3.820362305E-02-3.772211632E-02-3.716951403E-02-3.654562512E-02-3.585033286E-02
-3.508359105E-02-3.424542388E-02-3.333591747E-02-3.235522512E-02-3.130356357E-02
-3.018120968E-02-2.898850573E-02-2.772586439E-02-2.639377345E-02-2.499279711E-02
-2.352359706E-02-2.198693866E-02-2.038370286E-02-1.871491166E-02-1.698174780E-02
-1.518558474E-02-1.332802708E-02-1.141084400E-02-9.435677701E-03-7.403749437E-03
-5.316693056E-03-3.180082217E-03-1.004982374E-03 1.219299086E-03 3.550991399E-03
 6.006331368E-03 8.581458700E-03 1.127282596E-02 1.407721662E-02 1.699100927E-02
 2.001087060E-02 2.313618976E-02 2.635016497E-02 5.871188118E-02 5.738072629E-02
 5.604657308E-02 5.470885914E-02 5.336756609E-02 5.202257605E-02 5.067375213E-02
 4.932096329E-02 4.796409056E-02 4.660303771E-02 4.523772598E-02 4.386808483E-02
 4.249404697E-02 4.111554485E-02 3.973250939E-02 3.834487209E-02 3.695257053E-02
 3.555555284E-02 3.415377479E-02 3.274718156E-02 3.133568007E-02 2.991915673E-02
 2.849750588E-02 2.707065907E-02 2.563863365E-02 2.420157920E-02 2.275972280E-02
 2.131331936E-02 1.986260950E-02 1.840775785E-02 1.694885368E-02 1.548598500E-02
 1.401932181E-02 1.254921682E-02 1.107621437E-02 9.600921735E-03 8.123886375E-03
 6.645553134E-03 5.166397171E-03 3.687096022E-03 2.208382622E-03 7.306428651E-04
-7.460008135E-04-2.222229478E-03-3.695591249E-03-5.163145522E-03-6.622405453E-03
-8.071770735E-03-9.510474428E-03-1.093808733E-02-1.235409071E-02-1.375761980E-02
-1.514755208E-02-1.652265858E-02-1.788159502E-02-1.922291123E-02-2.054509655E-02
-2.184656426E-02-2.312565137E-02-2.438063965E-02-2.560975042E-02-2.681113753E-02
-2.798289760E-02-2.912312405E-02-3.022987624E-02-3.130111642E-02-3.233484382E-02
-3.332906958E-02-3.428175008E-02-3.519086670E-02-3.605442023E-02-3.687042701E-02
-3.763693336E-02-3.835202940E-02-3.901384547E-02-3.962056956E-02-4.017045480E-02
-4.066181388E-02-4.109303453E-02-4.146260300E-02-4.176905953E-02-4.201106325E-02
-4.218735207E-02-4.229676213E-02-4.233823139E-02-4.231079472E-02-4.221358934E-02
-4.204585294E-02-4.180692310E-02-4.149623501E-02-4.111331760E-02-4.065779452E-02
-4.012937767E-02-3.952786414E-02-3.885313017E-02-3.810513095E-02-3.728389240E-02
-3.638950733E-02-3.542213621E-02-3.438199618E-02-3.326936473E-02-3.208458418E-02
-3.082804680E-02-2.950021293E-02-2.810160747E-02-2.663283121E-02-2.509457029E-02
-2.348759936E-02-2.181281312E-02-2.007124025E-02-1.826405993E-02-1.639262699E-02
-1.445850615E-02-1.246355634E-02-1.040967418E-02-8.298325780E-03-6.130817200E-03
-3.910857300E-03-1.649372511E-03 6.534300779E-04 3.051205092E-03 5.571507979E-03
 8.212667350E-03 1.097016612E-02 1.384040207E-02 1.681955073E-02 1.990407727E-02
 2.309303739E-02 2.636953755E-02 5.651739449E-02 5.518018815E-02 5.383998112E-02
 5.249618600E-02 5.114876969E-02 4.979761600E-02 4.844259251E-02 4.708356538E-02
 4.572039796E-02 4.435295871E-02 4.298113321E-02 4.160483045E-02 4.022397408E-02
 3.883849431E-02 3.744832387E-02 3.605339444E-02 3.465363781E-02 3.324899007E-02
 3.183939736E-02 3.042481774E-02 2.900520898E-02 2.758050458E-02 2.615061054E-02
 2.471543590E-02 2.327492104E-02 2.182907964E-02 2.037804770E-02 1.892205300E-02
 1.746135942E-02 1.599622801E-02 1.452686739E-02 1.305342254E-02 1.157604117E-02
 1.009495029E-02 8.610542617E-03 7.123386631E-03 5.634129636E-03 4.143418203E-03
 2.651832457E-03 1.159613850E-03-3.333412928E-04-1.827997223E-03-3.322648282E-03
-4.814249198E-03-6.300089127E-03-7.778470719E-03-9.248665435E-03-1.071025902E-02
-1.216274314E-02-1.360542540E-02-1.503742515E-02-1.645760957E-02-1.786462564E-02
-1.925706680E-02-2.063349501E-02-2.199235834E-02-2.333201949E-02-2.465077167E-02
-2.594682396E-02-2.721832384E-02-2.846336398E-02-2.967997443E-02-3.086611824E-02
-3.201974147E-02-3.313878655E-02-3.422110127E-02-3.526453281E-02-3.626697954E-02
-3.722628259E-02-3.814030587E-02-3.900694079E-02-3.982410265E-02-4.058974015E-02
-4.130185554E-02-4.195849853E-02-4.255778345E-02-4.309790155E-02-4.357710995E-02
-4.399375109E-02-4.434627548E-02-4.463319762E-02-4.485315937E-02-4.500489176E-02
-4.508723377E-02-4.509913378E-02-4.503964812E-02-4.490794521E-02-4.470329807E-02
-4.442509011E-02-4.407280803E-02-4.364604183E-02-4.314447922E-02-4.256790147E-02
-4.191618079E-02-4.118927097E-02-4.038720448E-02-3.951008910E-02-3.855809668E-02
-3.753146502E-02-3.643049095E-02-3.525552134E-02-3.400696316E-02-3.268527538E-02
-3.129096726E-02-2.982461247E-02-2.828685084E-02-2.667838867E-02-2.500002910E-02
-2.325267763E-02-2.143736321E-02-1.955526480E-02-1.760771164E-02-1.559627142E-02
-1.352278355E-02-1.138925458E-02-9.197520325E-03-6.948904198E-03-4.645849851E-03
-2.297646199E-03 8.926640604E-05 2.555828945E-03 5.142494006E-03 7.850966062E-03
 1.067569214E-02 1.361272003E-02 1.665801925E-02 1.980772651E-02 2.306058031E-02
 2.639981547E-02 5.435667764E-02 5.301326890E-02 5.166688748E-02 5.031692914E-02
 4.896333086E-02 4.760594870E-02 4.624464042E-02 4.487927513E-02 4.350971859E-02
 4.213583154E-02 4.075747423E-02 3.937451616E-02 3.798684907E-02 3.659438651E-02
 3.519705410E-02 3.379478300E-02 3.238750577E-02 3.097515476E-02 2.955766521E-02
 2.813498132E-02 2.670706075E-02 2.527386920E-02 2.383536304E-02 2.239147103E-02
 2.094212061E-02 1.948726589E-02 1.802692485E-02 1.656122365E-02 1.509039036E-02
 1.361469696E-02 1.213442270E-02 1.064981659E-02 9.161080910E-03 7.668424093E-03
 6.172140878E-03 4.672722312E-03 3.170893266E-03 1.667176153E-03 1.613701803E-04
-1.347397799E-03-2.859131243E-03-4.370858574E-03-5.879544999E-03-7.383167380E-03
-8.880844587E-03-1.037226160E-02-1.185717030E-02-1.333507839E-02-1.480512733E-02
-1.626620027E-02-1.771712492E-02-1.915668364E-02-2.058346845E-02-2.199592600E-02
-2.339247880E-02-2.477147255E-02-2.613113653E-02-2.746963065E-02-2.878503616E-02
-3.007535960E-02-3.133855593E-02-3.257252218E-02-3.377508884E-02-3.494404932E-02
-3.607720873E-02-3.717230719E-02-3.822703825E-02-3.923916991E-02-4.020643368E-02
-4.112657083E-02-4.199736009E-02-4.281661411E-02-4.358218376E-02-4.429198286E-02
-4.494398110E-02-4.553622040E-02-4.606683181E-02-4.653401937E-02-4.693608305E-02
-4.727144075E-02-4.753858571E-02-4.773614588E-02-4.786285008E-02-4.791754509E-02
-4.789919477E-02-4.780688321E-02-4.763981282E-02-4.739730021E-02-4.707877985E-02
-4.668379847E-02-4.621201118E-02-4.566317811E-02-4.503715845E-02-4.433390434E-02
-4.355345615E-02-4.269593498E-02-4.176153437E-02-4.075051919E-02-3.966321011E-02
-3.849998896E-02-3.726128903E-02-3.594758390E-02-3.455940573E-02-3.309732510E-02
-3.156196869E-02-2.995401721E-02-2.827421440E-02-2.652338371E-02-2.470244501E-02
-2.281243688E-02-2.085451466E-02-1.883002240E-02-1.674051796E-02-1.458775388E-02
-1.237380981E-02-1.010081331E-02-7.770296440E-03-5.384072340E-03-2.949046638E-03
-4.745246055E-04 2.064211854E-03 4.718912849E-03 7.495916660E-03 1.038899732E-02
 1.339376210E-02 1.650584389E-02 1.972111316E-02 2.303822215E-02 2.644054672E-02
 5.223134812E-02 5.088156496E-02 4.952885107E-02 4.817260112E-02 4.681272888E-02
 4.544906327E-02 4.408143164E-02 4.270967717E-02 4.133365932E-02 3.995324202E-02
 3.856828464E-02 3.717864284E-02 3.578417530E-02 3.438475493E-02 3.298027992E-02
 3.157066782E-02 3.015584610E-02 2.873574708E-02 2.731030374E-02 2.587945127E-02
 2.444313223E-02 2.300130269E-02 2.155393266E-02 2.010099405E-02 1.864244138E-02
 1.717822337E-02 1.570831215E-02 1.423273700E-02 1.275162200E-02 1.126519671E-02
 9.773740654E-03 8.277545098E-03 6.776887378E-03 5.272051454E-03 3.763418851E-03
 2.251413970E-03 7.359846560E-04-7.834122287E-04-2.308069823E-03-3.835639223E-03
-5.363078915E-03-6.887992923E-03-8.409217034E-03-9.926420537E-03-1.143947910E-02
-1.294808074E-02-1.445160728E-02-1.594918806E-02-1.743974613E-02-1.892201745E-02
-2.039465062E-02-2.185630134E-02-2.330552648E-02-2.474066465E-02-2.615996043E-02
-2.756163391E-02-2.894379322E-02-3.030445253E-02-3.164155745E-02-3.295297148E-02
-3.423650079E-02-3.548990028E-02-3.671086418E-02-3.789703339E-02-3.904605805E-02
-4.015556634E-02-4.122310646E-02-4.224629832E-02-4.322276651E-02-4.415012696E-02
-4.502604372E-02-4.584822599E-02-4.661442737E-02-4.732247365E-02-4.797025616E-02
-4.855574680E-02-4.907701883E-02-4.953222658E-02-4.991963124E-02-5.023762175E-02
-5.048467502E-02-5.065940868E-02-5.076055449E-02-5.078697168E-02-5.073764587E-02
-5.061169189E-02-5.040835125E-02-5.012699099E-02-4.976710307E-02-4.932829772E-02
-4.881030291E-02-4.821295687E-02-4.753620389E-02-4.678008430E-02-4.594473121E-02
-4.503036139E-02-4.403726547E-02-4.296580409E-02-4.181639729E-02-4.058951488E-02
-3.928568281E-02-3.790546128E-02-3.644945250E-02-3.491830076E-02-3.331269234E-02
-3.163335289E-02-2.988106697E-02-2.805668929E-02-2.616115908E-02-2.419550356E-02
-2.216088933E-02-2.005867043E-02-1.789033508E-02-1.565762748E-02-1.336262331E-02
-1.100757141E-02-8.594383729E-03-6.124640839E-03-3.603125727E-03-1.040308007E-03
 1.575493799E-03 4.300486093E-03 7.147203538E-03 1.010972589E-02 1.318300214E-02
 1.636240385E-02 1.964375500E-02 2.302554835E-02 2.649121604E-02 5.014296754E-02
 4.878671902E-02 4.742753872E-02 4.606484732E-02 4.469856850E-02 4.332852065E-02
 4.195450541E-02 4.057633607E-02 3.919383981E-02 3.780685739E-02 3.641524473E-02
 3.501885976E-02 3.361755581E-02 3.221118443E-02 3.079960433E-02 2.938269415E-02
 2.796035825E-02 2.653251765E-02 2.509910206E-02 2.366004509E-02 2.221528210E-02
 2.076475459E-02 1.930841676E-02 1.784623978E-02 1.637820541E-02 1.490429227E-02
 1.342447259E-02 1.193874060E-02 1.044714374E-02 8.949813189E-03 7.446975288E-03
 5.938915363E-03 4.425992855E-03 2.908655518E-03 1.387063035E-03-1.394811517E-04
-1.672682773E-03-3.211856703E-03-4.753966184E-03-6.296119585E-03-7.836751784E-03
-9.375477011E-03-1.091230683E-02-1.244713943E-02-1.397956336E-02-1.550885700E-02
-1.703407483E-02-1.855415502E-02-2.006794530E-02-2.157413819E-02-2.307124722E-02
-2.455772965E-02-2.603203689E-02-2.749245563E-02-2.893707326E-02-3.036393484E-02
-3.177102881E-02-3.315622301E-02-3.451731239E-02-3.585201553E-02-3.715798115E-02
-3.843281243E-02-3.967405937E-02-4.087921303E-02-4.204575812E-02-4.317119438E-02
-4.425294033E-02-4.528845520E-02-4.627525342E-02-4.721082618E-02-4.809272272E-02
-4.891854892E-02-4.968596289E-02-5.039270397E-02-5.103658804E-02-5.161552058E-02
-5.212752053E-02-5.257069671E-02-5.294327612E-02-5.324362300E-02-5.347020318E-02
-5.362162796E-02-5.369663755E-02-5.369410815E-02-5.361305190E-02-5.345261787E-02
-5.321209317E-02-5.289089925E-02-5.248858852E-02-5.200484220E-02-5.143946524E-02
-5.079237990E-02-5.006361998E-02-4.925332209E-02-4.836171893E-02-4.738912844E-02
-4.633594917E-02-4.520264200E-02-4.398973537E-02-4.269780082E-02-4.132745741E-02
-3.987936186E-02-3.835420256E-02-3.675270134E-02-3.507560271E-02-3.332369499E-02
-3.149781150E-02-2.959883755E-02-2.762772091E-02-2.558550338E-02-2.347337782E-02
-2.129263441E-02-1.904476189E-02-1.673149865E-02-1.435483134E-02-1.191710192E-02
-9.420571986E-03-6.866757332E-03-4.259054264E-03-1.607894582E-03 1.089407251E-03
 3.886955289E-03 6.804542031E-03 9.837416596E-03 1.297992656E-02 1.622732279E-02
 1.957528922E-02 2.302207733E-02 2.655122555E-02 4.809268634E-02 4.673015519E-02
 4.536456318E-02 4.399536763E-02 4.262256758E-02 4.124601486E-02 3.986551497E-02
 3.848086665E-02 3.709186780E-02 3.569832616E-02 3.430006443E-02 3.289692086E-02
 3.148874723E-02 3.007539499E-02 2.865671177E-02 2.723254656E-02 2.580276015E-02
 2.436723833E-02 2.292589130E-02 2.147864346E-02 2.002542733E-02 1.856617867E-02
 1.710083847E-02 1.562935927E-02 1.415171140E-02 1.266788256E-02 1.117786974E-02
 9.681670672E-03 8.179301805E-03 6.670824329E-03 5.156403098E-03 3.636386458E-03
 2.111157655E-03 5.803298637E-04-9.573446757E-04-2.503562943E-03-4.055884233E-03
-5.611144145E-03-7.167193028E-03-8.723288342E-03-1.027943696E-02-1.183578499E-02
-1.339223932E-02-1.494832211E-02-1.650324906E-02-1.805607562E-02-1.960574677E-02
-2.115109344E-02-2.269085290E-02-2.422364744E-02-2.574791432E-02-2.726192667E-02
-2.876394060E-02-3.025217088E-02-3.172461243E-02-3.317911484E-02-3.461350935E-02
-3.602552825E-02-3.741280290E-02-3.877289848E-02-4.010330323E-02-4.140145712E-02
-4.266475662E-02-4.389054458E-02-4.507613792E-02-4.621888744E-02-4.731609514E-02
-4.836505657E-02-4.936316565E-02-5.030779560E-02-5.119638164E-02-5.202642703E-02
-5.279549822E-02-5.350125113E-02-5.414143043E-02-5.471388022E-02-5.521656980E-02
-5.564756772E-02-5.600507217E-02-5.628742750E-02-5.649309388E-02-5.662068127E-02
-5.666894318E-02-5.663677682E-02-5.652322379E-02-5.632747450E-02-5.604886352E-02
-5.568686942E-02-5.524111039E-02-5.471134165E-02-5.409744947E-02-5.339944449E-02
-5.261745404E-02-5.175171696E-02-5.080257013E-02-4.977044145E-02-4.865583952E-02
-4.745934022E-02-4.618158092E-02-4.482324631E-02-4.338506072E-02-4.186778014E-02
-4.027218986E-02-3.859909224E-02-3.684931192E-02-3.502370052E-02-3.312313994E-02
-3.114854883E-02-2.910089678E-02-2.698126905E-02-2.479081184E-02-2.253081298E-02
-2.020276712E-02-1.780834410E-02-1.534951464E-02-1.282864243E-02-1.024811162E-02
-7.609717281E-03-4.915993389E-03-2.176348125E-03 6.059886734E-04 3.478070443E-03
 6.467552549E-03 9.571684512E-03 1.278426281E-02 1.610029399E-02 1.951528089E-02
 2.302727421E-02 2.661998477E-02 4.608131024E-02 4.471283698E-02 4.334113514E-02
 4.196564475E-02 4.058639585E-02 3.920330043E-02 3.781623029E-02 3.642501338E-02
 3.502944830E-02 3.362932385E-02 3.222442946E-02 3.081456746E-02 2.939955630E-02
 2.797923158E-02 2.655344012E-02 2.512202673E-02 2.368483416E-02 2.224171052E-02
 2.079252133E-02 1.933716012E-02 1.787554251E-02 1.640759688E-02 1.493325909E-02
 1.345246978E-02 1.196518020E-02 1.047135975E-02 8.970998814E-03 7.464100097E-03
 5.950675889E-03 4.430817888E-03 2.904771506E-03 1.372626915E-03-1.666445282E-04
-1.715414782E-03-3.273344358E-03-4.837437410E-03-6.404802006E-03-7.974100441E-03
-9.545243927E-03-1.111855882E-02-1.269420539E-02-1.427196050E-02-1.585129404E-02
-1.743148018E-02-1.901162720E-02-2.059069679E-02-2.216753815E-02-2.374087683E-02
-2.530931380E-02-2.687135205E-02-2.842535919E-02-2.996949950E-02-3.150180711E-02
-3.302032298E-02-3.452298294E-02-3.600748685E-02-3.747145676E-02-3.891248057E-02
-4.032802797E-02-4.171549495E-02-4.307220832E-02-4.439543578E-02-4.568241150E-02
-4.693032689E-02-4.813633526E-02-4.929762216E-02-5.041137584E-02-5.147473844E-02
-5.248496796E-02-5.343933184E-02-5.433515219E-02-5.516983210E-02-5.594085230E-02
-5.664579012E-02-5.728232489E-02-5.784824561E-02-5.834147791E-02-5.876005635E-02
-5.910215650E-02-5.936610806E-02-5.955037131E-02-5.965356073E-02-5.967444631E-02
-5.961195017E-02-5.946514730E-02-5.923327295E-02-5.891571102E-02-5.851199996E-02
-5.802182647E-02-5.744502146E-02-5.678155415E-02-5.603152766E-02-5.519516762E-02
-5.427281533E-02-5.326491804E-02-5.217201985E-02-5.099474168E-02-4.973378471E-02
-4.838990077E-02-4.696389727E-02-4.545660922E-02-4.386890412E-02-4.220166996E-02
-4.045580112E-02-3.863220604E-02-3.673180851E-02-3.475554788E-02-3.270437483E-02
-3.057932204E-02-2.838145380E-02-2.611191549E-02-2.377201325E-02-2.136318343E-02
-1.888709192E-02-1.634570290E-02-1.374122673E-02-1.107622982E-02-8.352851954E-03
-5.573112530E-03-2.744797100E-03 1.252727922E-04 3.073532526E-03 6.135987636E-03
 9.312362377E-03 1.259577045E-02 1.598094909E-02 1.946326771E-02 2.304061260E-02
 2.669690286E-02 4.410963864E-02 4.273556924E-02 4.135812418E-02 3.997670311E-02
 3.859132942E-02 3.720192254E-02 3.580837942E-02 3.441058630E-02 3.300840443E-02
 3.160164732E-02 3.019010111E-02 2.877354399E-02 2.735175709E-02 2.592453747E-02
 2.449169957E-02 2.305307595E-02 2.160850763E-02 2.015783312E-02 1.870089157E-02
 1.723753233E-02 1.576762805E-02 1.429108011E-02 1.280780952E-02 1.131774980E-02
 9.820842268E-03 8.317036132E-03 6.806290337E-03 5.288592654E-03 3.764050661E-03
 2.232859850E-03 6.945106949E-04-8.527730159E-04-2.411579739E-03-3.979843391E-03
-5.554310149E-03-7.132818547E-03-8.714822529E-03-1.030061471E-02-1.189061127E-02
-1.348497137E-02-1.508347434E-02-1.668557029E-02-1.829051040E-02-1.989745564E-02
-2.150546689E-02-2.311343986E-02-2.472010576E-02-2.632407302E-02-2.792381864E-02
-2.951769602E-02-3.110395569E-02-3.268068662E-02-3.424576504E-02-3.579698551E-02
-3.733214790E-02-3.884887160E-02-4.034457294E-02-4.181664390E-02-4.326240268E-02
-4.467906515E-02-4.606378895E-02-4.741366750E-02-4.872576301E-02-4.999710915E-02
-5.122470353E-02-5.240556030E-02-5.353674197E-02-5.461526024E-02-5.563822464E-02
-5.660280702E-02-5.750622044E-02-5.834577304E-02-5.911886698E-02-5.982300791E-02
-6.045581757E-02-6.101503755E-02-6.149855689E-02-6.190438360E-02-6.223067740E-02
-6.247575925E-02-6.263809510E-02-6.271630999E-02-6.270919305E-02-6.261569421E-02
-6.243492703E-02-6.216616932E-02-6.180885876E-02-6.136259472E-02-6.082713146E-02
-6.020237690E-02-5.948838532E-02-5.868535038E-02-5.779359842E-02-5.681357643E-02
-5.574584538E-02-5.459106537E-02-5.334998022E-02-5.202341731E-02-5.061225014E-02
-4.911741361E-02-4.753986910E-02-4.588060152E-02-4.414060220E-02-4.232087248E-02
-4.042241661E-02-3.844623801E-02-3.639332393E-02-3.426470704E-02-3.206143402E-02
-2.978457139E-02-2.743530100E-02-2.501488930E-02-2.252476925E-02-1.996661296E-02
-1.734223562E-02-1.465386305E-02-1.190411806E-02-9.095378513E-03-6.229507477E-03
-3.312569455E-03-3.531753844E-04 2.673141198E-03 5.809804963E-03 9.059295687E-03
 1.241416662E-02 1.586890935E-02 1.941879328E-02 2.306156675E-02 2.678139061E-02
 4.217879222E-02 4.079930253E-02 3.941640036E-02 3.802941172E-02 3.663830503E-02
 3.524297521E-02 3.384330783E-02 3.243919529E-02 3.103052374E-02 2.961716294E-02
 2.819895656E-02 2.677570229E-02 2.534717304E-02 2.391313592E-02 2.247336386E-02
 2.102764878E-02 1.957580140E-02 1.811765062E-02 1.665303106E-02 1.518177565E-02
 1.370372187E-02 1.221872285E-02 1.072666015E-02 9.227443992E-03 7.720999262E-03
 6.207253626E-03 4.686171978E-03 3.157870521E-03 1.622425399E-03 7.856035376E-05
-1.476504080E-03-3.044020474E-03-4.621179557E-03-6.204847763E-03-7.793643305E-03
-9.387624067E-03-1.098739044E-02-1.259343250E-02-1.420583619E-02-1.582430932E-02
-1.744835297E-02-1.907733715E-02-2.071047186E-02-2.234680537E-02-2.398527959E-02
-2.562471838E-02-2.726376846E-02-2.890090695E-02-3.053448252E-02-3.216270470E-02
-3.378366075E-02-3.539532476E-02-3.699547987E-02-3.858170573E-02-4.015155424E-02
-4.170254576E-02-4.323196324E-02-4.473696157E-02-4.621468532E-02-4.766217669E-02
-4.907641019E-02-5.045430676E-02-5.179274921E-02-5.308860760E-02-5.433872907E-02
-5.553996181E-02-5.668922585E-02-5.778342643E-02-5.881952231E-02-5.979459420E-02
-6.070575530E-02-6.155022736E-02-6.232534210E-02-6.302854275E-02-6.365740264E-02
-6.420962513E-02-6.468307097E-02-6.507572992E-02-6.538575322E-02-6.561145935E-02
-6.575132523E-02-6.580399149E-02-6.576826961E-02-6.564314015E-02-6.542775543E-02
-6.512143760E-02-6.472367838E-02-6.423413510E-02-6.365263096E-02-6.297914883E-02
-6.221382617E-02-6.135694759E-02-6.040893667E-02-5.937034875E-02-5.824185900E-02
-5.702424243E-02-5.571837383E-02-5.432520595E-02-5.284574742E-02-5.128105912E-02
-4.963223800E-02-4.790038945E-02-4.608662922E-02-4.419207367E-02-4.221782564E-02
-4.016496099E-02-3.803456411E-02-3.582772422E-02-3.354549480E-02-3.118900143E-02
-2.875941228E-02-2.625799748E-02-2.368620708E-02-2.104557193E-02-1.833794707E-02
-1.556551298E-02-1.273080308E-02-9.836397689E-03-6.884319802E-03-3.879220129E-03
-8.303366900E-04 2.276707961E-03 5.489003407E-03 8.812313905E-03 1.223916494E-02
 1.576380201E-02 1.938141718E-02 2.308962186E-02 2.687283032E-02 4.029045294E-02
 3.890550265E-02 3.751718550E-02 3.612480419E-02 3.472827014E-02 3.332740214E-02
 3.192202701E-02 3.051201022E-02 2.909722539E-02 2.767754735E-02 2.625284378E-02
 2.482296542E-02 2.338773639E-02 2.194693700E-02 2.050032599E-02 1.904765898E-02
 1.758870088E-02 1.612323867E-02 1.465107953E-02 1.317204797E-02 1.168597199E-02
 1.019268053E-02 8.692012614E-03 7.183823638E-03 5.667990607E-03 4.144478027E-03
 2.613404192E-03 1.074587186E-03-4.739521660E-04-2.036084927E-03-3.611083884E-03
-5.195765494E-03-6.787573672E-03-8.385846597E-03-9.991069678E-03-1.160399902E-02
-1.322514362E-02-1.485460150E-02-1.649212406E-02-1.813724052E-02-1.978933838E-02
-2.144770869E-02-2.311151847E-02-2.477975229E-02-2.645121598E-02-2.812460198E-02
-2.979847604E-02-3.147121491E-02-3.314101935E-02-3.480595416E-02-3.646393925E-02
-3.811277452E-02-3.975013029E-02-4.137345905E-02-4.298004480E-02-4.456718586E-02
-4.613208002E-02-4.767168416E-02-4.918290981E-02-5.066263315E-02-5.210763942E-02
-5.351467290E-02-5.488043799E-02-5.620163626E-02-5.747496577E-02-5.869712223E-02
-5.986487283E-02-6.097503036E-02-6.202441697E-02-6.301001938E-02-6.392886615E-02
-6.477810422E-02-6.555500438E-02-6.625695868E-02-6.688150251E-02-6.742631116E-02
-6.788922652E-02-6.826822907E-02-6.856146926E-02-6.876726980E-02-6.888412349E-02
-6.891069007E-02-6.884580670E-02-6.868848706E-02-6.843792056E-02-6.809347456E-02
-6.765469102E-02-6.712128574E-02-6.649314565E-02-6.577032482E-02-6.495304113E-02
-6.404166636E-02-6.303672076E-02-6.193886474E-02-6.074888383E-02-5.946767201E-02
-5.809623432E-02-5.663565041E-02-5.508706754E-02-5.345168356E-02-5.173073069E-02
-4.992545039E-02-4.803708963E-02-4.606688252E-02-4.401603218E-02-4.188572445E-02
-3.967714214E-02-3.739139167E-02-3.502961041E-02-3.259294201E-02-3.008257074E-02
-2.749980167E-02-2.484595749E-02-2.212262306E-02-1.933160917E-02-1.647497460E-02
-1.355519146E-02-1.057505179E-02-7.536776418E-03-4.443944789E-03-1.305829762E-03
 1.884308755E-03 5.173521390E-03 8.571239533E-03 1.207049684E-02 1.566529172E-02
 1.935071509E-02 2.312423426E-02 2.697055822E-02 3.844650438E-02 3.705601499E-02
 3.566222211E-02 3.426443501E-02 3.286254277E-02 3.145632919E-02 3.004557037E-02
 2.863005837E-02 2.720960437E-02 2.578405349E-02 2.435326012E-02 2.291707874E-02
 2.147535590E-02 2.002792049E-02 1.857457446E-02 1.711507914E-02 1.564917804E-02
 1.417661492E-02 1.269714704E-02 1.121055663E-02 9.716647686E-03 8.215240565E-03
 6.706150371E-03 5.189187517E-03 3.664282632E-03 2.131522883E-03 5.901729932E-04
-9.625695928E-04-2.530416074E-03-4.111517902E-03-5.702457746E-03-7.301371210E-03
-8.908208163E-03-1.052377069E-02-1.214891566E-02-1.378415034E-02-1.542956061E-02
-1.708494254E-02-1.874993543E-02-2.042404464E-02-2.210661100E-02-2.379680904E-02
-2.549369332E-02-2.719618809E-02-2.890302742E-02-3.061275355E-02-3.232378584E-02
-3.403440607E-02-3.574269466E-02-3.744654968E-02-3.914372610E-02-4.083183160E-02
-4.250835645E-02-4.417063934E-02-4.581578550E-02-4.744079179E-02-4.904268403E-02
-5.061830829E-02-5.216432862E-02-5.367741950E-02-5.515418964E-02-5.659119797E-02
-5.798497793E-02-5.933205952E-02-6.062899248E-02-6.187233650E-02-6.305870943E-02
-6.418482918E-02-6.524741393E-02-6.624334875E-02-6.716959905E-02-6.802324827E-02
-6.880151770E-02-6.950176182E-02-7.012148971E-02-7.065835977E-02-7.111020508E-02
-7.147500593E-02-7.175091981E-02-7.193628007E-02-7.202959978E-02-7.202956068E-02
-7.193502817E-02-7.174504868E-02-7.145885015E-02-7.107584049E-02-7.059561013E-02
-7.001792707E-02-6.934273828E-02-6.857016513E-02-6.770049745E-02-6.673418998E-02
-6.567185503E-02-6.451425227E-02-6.326227371E-02-6.191693484E-02-6.047936387E-02
-5.895077299E-02-5.733244975E-02-5.562573384E-02-5.383199415E-02-5.195261842E-02
-4.998899150E-02-4.794247031E-02-4.581438192E-02-4.360604526E-02-4.131867942E-02
-3.895349871E-02-3.651169462E-02-3.399444369E-02-3.140298898E-02-2.873853080E-02
-2.600246495E-02-2.319632621E-02-2.032182105E-02-1.738095907E-02-1.437622093E-02
-1.131043530E-02-8.185995043E-03-5.005832330E-03-1.778829865E-03 1.496110751E-03
 4.863280804E-03 8.335933419E-03 1.190795479E-02 1.557305896E-02 1.932622832E-02
 2.316480076E-02 2.707382239E-02 3.664866862E-02 3.525268604E-02 3.385341339E-02
 3.245019073E-02 3.104292258E-02 2.963139049E-02 2.821535202E-02 2.679456393E-02
 2.536878895E-02 2.393780224E-02 2.250139409E-02 2.105938641E-02 1.961161200E-02
 1.815790207E-02 1.669807861E-02 1.523194533E-02 1.375927904E-02 1.227982020E-02
 1.079329597E-02 9.299438505E-03 7.797998602E-03 6.288744762E-03 4.771463514E-03
 3.246109383E-03 1.712729323E-03 1.698430873E-04-1.386365491E-03-2.958660714E-03
-4.544472706E-03-6.140478295E-03-7.745461756E-03-9.359844576E-03-1.098466602E-02
-1.262086797E-02-1.426897338E-02-1.592909180E-02-1.760108127E-02-1.928465645E-02
-2.097940406E-02-2.268477415E-02-2.440006029E-02-2.612437371E-02-2.785664348E-02
-2.959566391E-02-3.134009254E-02-3.308838663E-02-3.483879667E-02-3.658943987E-02
-3.833828443E-02-4.008308555E-02-4.182141129E-02-4.355068074E-02-4.526816878E-02
-4.697103525E-02-4.865626333E-02-5.032060831E-02-5.196079426E-02-5.357354689E-02
-5.515536350E-02-5.670266368E-02-5.821188279E-02-5.967939666E-02-6.110157131E-02
-6.247477151E-02-6.379540083E-02-6.505989613E-02-6.626474402E-02-6.740655779E-02
-6.848198927E-02-6.948782089E-02-7.042097630E-02-7.127848820E-02-7.205754137E-02
-7.275546757E-02-7.336976170E-02-7.389807692E-02-7.433824794E-02-7.468826399E-02
-7.494629714E-02-7.511069750E-02-7.518000189E-02-7.515291690E-02-7.502833807E-02
-7.480534259E-02-7.448319487E-02-7.406134083E-02-7.353941255E-02-7.291722647E-02
-7.219478198E-02-7.137225966E-02-7.045001573E-02-6.942857986E-02-6.830864808E-02
-6.709107248E-02-6.577684603E-02-6.436710023E-02-6.286308627E-02-6.126614566E-02
-5.957770837E-02-5.779925189E-02-5.593229622E-02-5.397837962E-02-5.193902745E-02
-4.981573217E-02-4.760998119E-02-4.532315554E-02-4.295660509E-02-4.051163487E-02
-3.798948957E-02-3.539143366E-02-3.271863484E-02-2.997239037E-02-2.715404793E-02
-2.426506002E-02-2.130710836E-02-1.828221290E-02-1.519274715E-02-1.204149214E-02
-8.831044457E-03-5.564015660E-03-2.248617958E-03 1.112285602E-03 4.558289612E-03
 8.106335945E-03 1.175134012E-02 1.548673709E-02 1.930742017E-02 2.321064144E-02
 2.718183969E-02 3.489817415E-02 3.349697094E-02 3.209243287E-02 3.068390454E-02
 2.927132154E-02 2.785450058E-02 2.643321904E-02 2.500723260E-02 2.357628675E-02
 2.214012096E-02 2.069847806E-02 1.925111408E-02 1.779779815E-02 1.633832646E-02
 1.487250712E-02 1.340014474E-02 1.192103285E-02 1.043494589E-02 8.941632654E-03
 7.440811039E-03 5.932179508E-03 4.415450561E-03 2.890547338E-03 1.357454701E-03
-1.859690546E-04-1.744763819E-03-3.320244048E-03-4.909388249E-03-6.509280175E-03
-8.119255467E-03-9.740090272E-03-1.137298539E-02-1.301894415E-02-1.467852636E-02
-1.635190712E-02-1.803903740E-02-1.973972724E-02-2.145364910E-02-2.318032718E-02
-2.491912978E-02-2.666927236E-02-2.842980754E-02-3.019959485E-02-3.197729289E-02
-3.376140587E-02-3.555029314E-02-3.734210351E-02-3.913476351E-02-4.092605644E-02
-4.271360585E-02-4.449481243E-02-4.626688818E-02-4.802689456E-02-4.977175803E-02
-5.149829116E-02-5.320310629E-02-5.488262719E-02-5.653331944E-02-5.815158532E-02
-5.973362041E-02-6.127564192E-02-6.277386268E-02-6.422448112E-02-6.562371295E-02
-6.696781950E-02-6.825312480E-02-6.947601080E-02-7.063298485E-02-7.172065933E-02
-7.273572858E-02-7.367508805E-02-7.453573612E-02-7.531483605E-02-7.600971216E-02
-7.661785776E-02-7.713693259E-02-7.756478293E-02-7.789941565E-02-7.813902432E-02
-7.828198116E-02-7.832684918E-02-7.827236293E-02-7.811744713E-02-7.786120961E-02
-7.750294482E-02-7.704213439E-02-7.647844643E-02-7.581173775E-02-7.504205208E-02
-7.416961940E-02-7.319485403E-02-7.211835044E-02-7.094087793E-02-6.966337310E-02
-6.828692617E-02-6.681277087E-02-6.524227669E-02-6.357691528E-02-6.181825197E-02
-5.996791106E-02-5.802756607E-02-5.599890497E-02-5.388359674E-02-5.168331332E-02
-4.939963150E-02-4.703408373E-02-4.458814497E-02-4.206319651E-02-3.946060290E-02
-3.678158825E-02-3.402744377E-02-3.119942913E-02-2.829884356E-02-2.532714166E-02
-2.228601191E-02-1.917737444E-02-1.600348892E-02-1.276709495E-02-9.470997752E-03
-6.117701605E-03-2.714502566E-03 7.331172339E-04 4.258642329E-03 7.882378292E-03
 1.160038721E-02 1.540588110E-02 1.929371762E-02 2.326108000E-02 2.729382822E-02
 3.319601492E-02 3.178992730E-02 3.038046779E-02 2.896696623E-02 2.754935595E-02
 2.612746018E-02 2.470107668E-02 2.326999356E-02 2.183397966E-02 2.039277566E-02
 1.894610750E-02 1.749369516E-02 1.603526002E-02 1.457053644E-02 1.309927143E-02
 1.162123328E-02 1.013620186E-02 8.643951978E-03 7.144244089E-03 5.636805547E-03
 4.121355269E-03 2.597797634E-03 1.065913612E-03-4.771704360E-04-2.037314907E-03
-3.614758927E-03-5.206042303E-03-6.808677339E-03-8.422471326E-03-1.004850859E-02
-1.168814961E-02-1.334245933E-02-1.501203305E-02-1.669711086E-02-1.839774687E-02
-2.011386784E-02-2.184525705E-02-2.359153588E-02-2.535215893E-02-2.712641865E-02
-2.891343960E-02-3.071217810E-02-3.252141613E-02-3.433973047E-02-3.616547732E-02
-3.799683560E-02-3.983183074E-02-4.166826787E-02-4.350371571E-02-4.533559147E-02
-4.716114421E-02-4.897739418E-02-5.078117644E-02-5.256918029E-02-5.433797708E-02
-5.608402326E-02-5.780356259E-02-5.949272758E-02-6.114773721E-02-6.276467425E-02
-6.433951166E-02-6.586829675E-02-6.734707348E-02-6.877192222E-02-7.013897536E-02
-7.144445518E-02-7.268466366E-02-7.385601721E-02-7.495509520E-02-7.597854039E-02
-7.692322335E-02-7.778612887E-02-7.856441517E-02-7.925541276E-02-7.985662563E-02
-8.036573164E-02-8.078059800E-02-8.109925704E-02-8.131992992E-02-8.144101544E-02
-8.146110435E-02-8.137896177E-02-8.119353868E-02-8.090397160E-02-8.050958290E-02
-8.000988251E-02-7.940456837E-02-7.869352910E-02-7.787684384E-02-7.695478242E-02
-7.592780506E-02-7.479656014E-02-7.356187986E-02-7.222477206E-02-7.078641428E-02
-6.924813868E-02-6.761142175E-02-6.587785905E-02-6.404914615E-02-6.212705869E-02
-6.011341857E-02-5.801006264E-02-5.581884429E-02-5.354155095E-02-5.117992605E-02
-4.873565609E-02-4.621031575E-02-4.360543966E-02-4.092239029E-02-3.816254193E-02
-3.532716866E-02-3.241752244E-02-2.943493828E-02-2.638087772E-02-2.325694053E-02
-2.006494954E-02-1.680709967E-02-1.348613213E-02-1.010496114E-02-6.666036396E-03
-3.175685687E-03 3.589602038E-04 3.964402097E-03 7.663914437E-03 1.145478509E-02
 1.533006133E-02 1.928457510E-02 2.331547611E-02 2.740910152E-02 3.154330832E-02
 3.013260360E-02 2.871854058E-02 2.730042987E-02 2.587818030E-02 2.445159863E-02
 2.302047473E-02 2.158459773E-02 2.014374823E-02 1.869769354E-02 1.724618315E-02
 1.578894100E-02 1.432567123E-02 1.285607134E-02 1.137983910E-02 9.896684369E-03
 8.406331045E-03 6.908517548E-03 5.402976890E-03 3.889461894E-03 2.367936518E-03
 8.380121544E-04-7.038789511E-04-2.264049071E-03-3.842078130E-03-5.434263912E-03
-7.038524564E-03-8.655007043E-03-1.028498856E-02-1.192994857E-02-1.359104537E-02
-1.526896715E-02-1.696405448E-02-1.867646001E-02-2.040620745E-02-2.215318504E-02
-2.391712844E-02-2.569760925E-02-2.749402458E-02-2.930558940E-02-3.113133759E-02
-3.297011913E-02-3.482059723E-02-3.668124673E-02-3.855032442E-02-4.042584755E-02
-4.230563137E-02-4.418732855E-02-4.606836525E-02-4.794591977E-02-4.981701380E-02
-5.167849715E-02-5.352699117E-02-5.535894257E-02-5.717066718E-02-5.895838797E-02
-6.071821015E-02-6.244603729E-02-6.413776966E-02-6.578938868E-02-6.739671044E-02
-6.895557353E-02-7.046189427E-02-7.191162800E-02-7.330080212E-02-7.462554780E-02
-7.588210727E-02-7.706683646E-02-7.817627656E-02-7.920706546E-02-8.015604561E-02
-8.102021262E-02-8.179673575E-02-8.248296369E-02-8.307642261E-02-8.357481871E-02
-8.397604825E-02-8.427817570E-02-8.447945482E-02-8.457831467E-02-8.457337458E-02
-8.446343042E-02-8.424745863E-02-8.392462038E-02-8.349426209E-02-8.295591673E-02
-8.230930439E-02-8.155433677E-02-8.069111898E-02-7.971994930E-02-7.864132215E-02
-7.745592659E-02-7.616464528E-02-7.476854778E-02-7.326888254E-02-7.166706848E-02
-6.996468468E-02-6.816343574E-02-6.626514936E-02-6.427174112E-02-6.218518051E-02
-6.000747751E-02-5.774062444E-02-5.538658034E-02-5.294726399E-02-5.042448236E-02
-4.781999521E-02-4.513537415E-02-4.237215683E-02-3.953173006E-02-3.661540357E-02
-3.362450407E-02-3.056038248E-02-2.742443038E-02-2.421816637E-02-2.094338696E-02
-1.760228480E-02-1.419748606E-02-1.073188950E-02-7.208042782E-03-3.631388360E-03
-9.905173233E-06 3.675576666E-03 7.450817123E-03 1.131428319E-02 1.525890221E-02
 1.927952926E-02 2.337330795E-02 2.752706421E-02 2.994141763E-02 2.852629193E-02
 2.710785112E-02 2.568540771E-02 2.425885567E-02 2.282798046E-02 2.139254645E-02
 1.995232093E-02 1.850707109E-02 1.705655978E-02 1.560054104E-02 1.413875668E-02
 1.267093171E-02 1.119676872E-02 9.715947409E-03 8.228139798E-03 6.733016979E-03
 5.230245470E-03 3.719542694E-03 2.200884287E-03 6.737227943E-04-8.661205728E-04
-2.425177105E-03-4.002558371E-03-5.594437051E-03-7.199069891E-03-8.816916568E-03
-1.044945847E-02-1.209828891E-02-1.376462447E-02-1.544920983E-02-1.715248698E-02
-1.887474757E-02-2.061615537E-02-2.237671383E-02-2.415625802E-02-2.595446072E-02
-2.777083331E-02-2.960471148E-02-3.145524053E-02-3.332136484E-02-3.520182431E-02
-3.709515626E-02-3.899969128E-02-4.091355470E-02-4.283464202E-02-4.476059176E-02
-4.668881655E-02-4.861655910E-02-5.054083342E-02-5.245839962E-02-5.436586232E-02
-5.625965773E-02-5.813600297E-02-5.999096107E-02-6.182049132E-02-6.362049196E-02
-6.538674192E-02-6.711486686E-02-6.880060139E-02-7.043970945E-02-7.202784357E-02
-7.356078232E-02-7.503437885E-02-7.644457969E-02-7.778744194E-02-7.905916457E-02
-8.025607578E-02-8.137468143E-02-8.241164885E-02-8.336379768E-02-8.422815666E-02
-8.500191733E-02-8.568245800E-02-8.626733799E-02-8.675430046E-02-8.714127716E-02
-8.742637005E-02-8.760786904E-02-8.768423598E-02-8.765412005E-02-8.751634538E-02
-8.726991360E-02-8.691400902E-02-8.644799561E-02-8.587142201E-02-8.518402501E-02
-8.438573142E-02-8.347666057E-02-8.245712914E-02-8.132765402E-02-8.008895265E-02
-7.874194322E-02-7.728774225E-02-7.572765720E-02-7.406318044E-02-7.229597663E-02
-7.042785767E-02-6.846077253E-02-6.639676658E-02-6.423796247E-02-6.198652584E-02
-5.964460936E-02-5.721435998E-02-5.469783243E-02-5.209704458E-02-4.941382933E-02
-4.664995343E-02-4.380700422E-02-4.088644785E-02-3.788970974E-02-3.481814922E-02
-3.167307233E-02-2.845582017E-02-2.516793658E-02-2.181120952E-02-1.838768172E-02
-1.489983697E-02-1.135063113E-02-7.742810159E-03-4.080982108E-03-3.733483198E-04
 3.392237889E-03 7.243058473E-03 1.117871489E-02 1.519213539E-02 1.927821308E-02
 2.343406612E-02 2.764701842E-02 2.839164429E-02 2.697235243E-02 2.554977907E-02
 2.412324695E-02 2.269265477E-02 2.125778789E-02 1.981840281E-02 1.837424980E-02
 1.692507220E-02 1.547060709E-02 1.401058898E-02 1.254474966E-02 1.107281235E-02
 9.594487910E-03 8.109472029E-03 6.617438962E-03 5.118024426E-03 3.610890597E-03
 2.095966558E-03 5.725342767E-04-9.641582493E-04-2.520886418E-03-4.096463966E-03
-5.686968660E-03-7.290857281E-03-8.908790312E-03-1.054240759E-02-1.219345163E-02
-1.386327425E-02-1.555273901E-02-1.726238058E-02-1.899257451E-02-2.074358083E-02
-2.251553351E-02-2.430841622E-02-2.612203988E-02-2.795602670E-02-2.980981316E-02
-3.168265416E-02-3.357361378E-02-3.548154874E-02-3.740509378E-02-3.934265431E-02
-4.129241104E-02-4.325231750E-02-4.522010408E-02-4.719326203E-02-4.916901159E-02
-5.114432738E-02-5.311600925E-02-5.508063355E-02-5.703452581E-02-5.897386604E-02
-6.089467914E-02-6.279279175E-02-6.466390939E-02-6.650367522E-02-6.830770585E-02
-7.007150435E-02-7.179051394E-02-7.346036690E-02-7.507666181E-02-7.663501391E-02
-7.813120072E-02-7.956110449E-02-8.092073725E-02-8.220626970E-02-8.341402655E-02
-8.454049883E-02-8.558239119E-02-8.653652612E-02-8.739997633E-02-8.816996581E-02
-8.884391261E-02-8.941941819E-02-8.989426945E-02-9.026643842E-02-9.053406838E-02
-9.069548744E-02-9.074919167E-02-9.069386138E-02-9.052834692E-02-9.025167309E-02
-8.986304274E-02-8.936183522E-02-8.874761048E-02-8.802011313E-02-8.717927701E-02
-8.622522796E-02-8.515828970E-02-8.397898959E-02-8.268806077E-02-8.128644209E-02
-7.977528244E-02-7.815593368E-02-7.642994655E-02-7.459905802E-02-7.266517781E-02
-7.063035915E-02-6.849677260E-02-6.626669673E-02-6.394243233E-02-6.152632244E-02
-5.902065593E-02-5.642771418E-02-5.374961807E-02-5.098840654E-02-4.814593597E-02
-4.522391683E-02-4.222396769E-02-3.914757056E-02-3.599607090E-02-3.277077223E-02
-2.947309877E-02-2.610455698E-02-2.266677977E-02-1.916171650E-02-1.559184616E-02
-1.196016235E-02-8.269505828E-03-4.523812057E-03-7.312371385E-04 3.114544290E-03
 7.040717503E-03 1.104801107E-02 1.512952993E-02 1.928018897E-02 2.349708665E-02
 2.776809381E-02 2.689493694E-02 2.547187559E-02 2.404553104E-02 2.261524350E-02
 2.118092963E-02 1.974238319E-02 1.829936550E-02 1.685163030E-02 1.539891804E-02
 1.394095417E-02 1.247745306E-02 1.100812059E-02 9.532655351E-03 8.050752329E-03
 6.562099209E-03 5.066354821E-03 3.563193127E-03 2.052551892E-03 5.336623951E-04
-9.986981215E-04-2.551782200E-03-4.124336388E-03-5.712341031E-03-7.314337941E-03
-8.931111331E-03-1.056441992E-02-1.221612551E-02-1.388769513E-02-1.558011432E-02
-1.729406244E-02-1.903006814E-02-2.078852793E-02-2.256967520E-02-2.437358229E-02
-2.620017083E-02-2.804921018E-02-2.992029169E-02-3.181280113E-02-3.372590849E-02
-3.565857265E-02-3.760954252E-02-3.957734102E-02-4.156024775E-02-4.355628892E-02
-4.556324056E-02-4.757863321E-02-4.959975738E-02-5.162365831E-02-5.364710349E-02
-5.566660236E-02-5.767849053E-02-5.967889582E-02-6.166371047E-02-6.362870265E-02
-6.556951111E-02-6.748161069E-02-6.936040115E-02-7.120127470E-02-7.299963059E-02
-7.475077543E-02-7.645008442E-02-7.809313917E-02-7.967547316E-02-8.119277232E-02
-8.264088201E-02-8.401579676E-02-8.531367366E-02-8.653085207E-02-8.766383935E-02
-8.870936620E-02-8.966429972E-02-9.052575166E-02-9.129099158E-02-9.195748527E-02
-9.252288224E-02-9.298501735E-02-9.334190600E-02-9.359173506E-02-9.373287196E-02
-9.376384764E-02-9.368337301E-02-9.349032396E-02-9.318374642E-02-9.276285845E-02
-9.222705109E-02-9.157589148E-02-9.080912720E-02-8.992669160E-02-8.892870854E-02
-8.781549950E-02-8.658759183E-02-8.524572011E-02-8.379082987E-02-8.222408873E-02
-8.054688006E-02-7.876079214E-02-7.686762541E-02-7.486936496E-02-7.276815513E-02
-7.056630684E-02-6.826620151E-02-6.587031737E-02-6.338113328E-02-6.080116749E-02
-5.813282302E-02-5.537842581E-02-5.254014226E-02-4.961999175E-02-4.661986704E-02
-4.354147107E-02-4.038630480E-02-3.715578480E-02-3.385133617E-02-3.047431287E-02
-2.702609629E-02-2.350830328E-02-1.992291214E-02-1.627232967E-02-1.255944872E-02
-8.787174688E-03-4.959017839E-03-1.082922636E-03 2.842827571E-03 6.843909514E-03
 1.092206408E-02 1.507072118E-02 1.928485346E-02 2.356161471E-02 2.788951940E-02
 2.545178987E-02 2.402548717E-02 2.259588970E-02 2.116233859E-02 1.972475763E-02
 1.828295484E-02 1.683670926E-02 1.538578831E-02 1.392993784E-02 1.246888638E-02
 1.100234894E-02 9.530025048E-03 8.051598462E-03 6.566741558E-03 5.075101423E-03
 3.576333510E-03 2.070379782E-03 5.565817321E-04-9.704733793E-04-2.518710421E-03
-4.087069065E-03-5.671430836E-03-7.270329159E-03-8.884615317E-03-1.051615106E-02
-1.216692522E-02-1.383853761E-02-1.553209334E-02-1.724838237E-02-1.898804938E-02
-2.075162718E-02-2.253951043E-02-2.435193519E-02-2.618896040E-02-2.805045528E-02
-2.993610693E-02-3.184542922E-02-3.377775056E-02-3.573218254E-02-3.770759218E-02
-3.970260073E-02-4.171559081E-02-4.374469932E-02-4.578780088E-02-4.784249484E-02
-4.990610532E-02-5.197569552E-02-5.404807565E-02-5.611981097E-02-5.818719329E-02
-6.024625548E-02-6.229286558E-02-6.432271397E-02-6.633128522E-02-6.831397480E-02
-7.026608746E-02-7.218281293E-02-7.405932364E-02-7.589084672E-02-7.767264420E-02
-7.939993346E-02-8.106813544E-02-8.267282980E-02-8.420961729E-02-8.567432387E-02
-8.706294300E-02-8.837164366E-02-8.959679115E-02-9.073493430E-02-9.178282658E-02
-9.273741139E-02-9.359582806E-02-9.435540665E-02-9.501366636E-02-9.556830776E-02
-9.601721558E-02-9.635844997E-02-9.659024203E-02-9.671099868E-02-9.671928594E-02
-9.661384311E-02-9.639357187E-02-9.605753725E-02-9.560497142E-02-9.503527412E-02
-9.434801560E-02-9.354294272E-02-9.261998299E-02-9.157925089E-02-9.042105857E-02
-8.914592098E-02-8.775456271E-02-8.624792888E-02-8.462718916E-02-8.289373655E-02
-8.104919038E-02-7.909539025E-02-7.703437915E-02-7.486840855E-02-7.259985721E-02
-7.023125782E-02-6.776520640E-02-6.520439714E-02-6.255147557E-02-5.980903385E-02
-5.697955599E-02-5.406540242E-02-5.106879478E-02-4.799173377E-02-4.483598206E-02
-4.160320190E-02-3.829492897E-02-3.491250992E-02-3.145724607E-02-2.793058866E-02
-2.433418025E-02-2.066989039E-02-1.693998087E-02-1.314727211E-02-9.294758104E-03
-5.385677448E-03-1.427633547E-03 2.577429882E-03 6.652644493E-03 1.080061248E-02
 1.501524311E-02 1.929168973E-02 2.362725258E-02 2.801107414E-02 2.406268035E-02
 2.263362610E-02 2.120130568E-02 1.976504926E-02 1.832477155E-02 1.688027914E-02
 1.543135329E-02 1.397776778E-02 1.251928107E-02 1.105563569E-02 9.586555516E-03
 8.111742439E-03 6.630881418E-03 5.143629341E-03 3.649627436E-03 2.148785742E-03
 6.406316469E-04-8.801629133E-04-2.422384423E-03-3.985480823E-03-5.565196630E-03
-7.159905033E-03-8.770428706E-03-1.039871009E-02-1.204689080E-02-1.371674281E-02
-1.540952167E-02-1.712613942E-02-1.886735693E-02-2.063382362E-02-2.242605296E-02
-2.424440899E-02-2.608910187E-02-2.796017648E-02-2.985749269E-02-3.178069962E-02
-3.372922488E-02-3.570228369E-02-3.769888669E-02-3.971781717E-02-4.175759579E-02
-4.381646061E-02-4.589237468E-02-4.798303409E-02-5.008585576E-02-5.219796457E-02
-5.431619182E-02-5.643709596E-02-5.855697945E-02-6.067190837E-02-6.277769444E-02
-6.486990582E-02-6.694396602E-02-6.899516635E-02-7.101863883E-02-7.300947503E-02
-7.496272522E-02-7.687338432E-02-7.873649692E-02-8.054722514E-02-8.230078621E-02
-8.399243376E-02-8.561772143E-02-8.717229076E-02-8.865192808E-02-9.005264688E-02
-9.137065243E-02-9.260234365E-02-9.374432313E-02-9.479338269E-02-9.574654443E-02
-9.660097880E-02-9.735408472E-02-9.800343494E-02-9.854678219E-02-9.898206135E-02
-9.930737727E-02-9.952100464E-02-9.962138900E-02-9.960713136E-02-9.947699771E-02
-9.922991444E-02-9.886496536E-02-9.838139589E-02-9.777861305E-02-9.705618805E-02
-9.621386418E-02-9.525155931E-02-9.416937405E-02-9.296760441E-02-9.164674385E-02
-9.020749999E-02-8.865080243E-02-8.697781094E-02-8.518991613E-02-8.328874644E-02
-8.127616770E-02-7.915428522E-02-7.692538530E-02-7.459195974E-02-7.215662814E-02
-6.962217486E-02-6.699141416E-02-6.426714672E-02-6.145214271E-02-5.854909632E-02
-5.556057553E-02-5.248892791E-02-4.933626428E-02-4.610458802E-02-4.279564662E-02
-3.941092778E-02-3.595183777E-02-3.241980827E-02-2.881628160E-02-2.514277967E-02
-2.140106532E-02-1.759333531E-02-1.372236356E-02-9.791188669E-03-5.802900213E-03
-1.764720840E-03 2.318553937E-03 6.466830436E-03 1.068345479E-02 1.496296380E-02
 1.930069401E-02 2.369399793E-02 2.813259039E-02 2.272873128E-02 2.129714316E-02
 1.986242354E-02 1.842389951E-02 1.698144616E-02 1.553483724E-02 1.408383330E-02
 1.262820186E-02 1.116770141E-02 9.702076724E-03 8.231057640E-03 6.754356649E-03
 5.271657859E-03 3.782611099E-03 2.287100653E-03 7.849142793E-04-7.288259566E-04
-2.263848724E-03-3.820553526E-03-5.394581985E-03-6.984033607E-03-8.589621301E-03
-1.021330997E-02-1.185735932E-02-1.352370506E-02-1.521377048E-02-1.692862055E-02
-1.866915803E-02-2.043617074E-02-2.223030196E-02-2.405204459E-02-2.590173635E-02
-2.777955064E-02-2.968548673E-02-3.161936057E-02-3.358078866E-02-3.556916381E-02
-3.758362521E-02-3.962305263E-02-4.168607884E-02-4.377109349E-02-4.587621246E-02
-4.799924365E-02-5.013768210E-02-5.228872765E-02-5.444928944E-02-5.661597701E-02
-5.878510041E-02-6.095269178E-02-6.311453790E-02-6.526621005E-02-6.740306237E-02
-6.952023906E-02-7.161277392E-02-7.367562921E-02-7.570366792E-02-7.769177144E-02
-7.963483779E-02-8.152777606E-02-8.336561495E-02-8.514355283E-02-8.685685814E-02
-8.850094449E-02-9.007154249E-02-9.156444765E-02-9.297569596E-02-9.430153630E-02
-9.553841876E-02-9.668300292E-02-9.773214005E-02-9.868290816E-02-9.953253359E-02
-1.002784799E-01-1.009183690E-01-1.014500063E-01-1.018713753E-01-1.021806244E-01
-1.023760701E-01-1.024561949E-01-1.024196336E-01-1.022651790E-01-1.019917806E-01
-1.015985428E-01-1.010847226E-01-1.004497336E-01-9.969314915E-02-9.881470591E-02
-9.781431196E-02-9.669205159E-02-9.544819575E-02-9.408321754E-02-9.259779645E-02
-9.099283513E-02-8.926947010E-02-8.742908064E-02-8.547328804E-02-8.340397747E-02
-8.122326162E-02-7.893349502E-02-7.653721731E-02-7.403719710E-02-7.143631889E-02
-6.873750590E-02-6.594374093E-02-6.305800112E-02-6.008317736E-02-5.702196915E-02
-5.387690130E-02-5.065035542E-02-4.734438380E-02-4.396076237E-02-4.050115973E-02
-3.696711929E-02-3.336003269E-02-2.968125226E-02-2.593225378E-02-2.211477523E-02
-1.823094997E-02-1.428349134E-02-1.027547887E-02-6.209940554E-03-2.093672467E-03
 2.066428850E-03 6.286666160E-03 1.057086902E-02 1.491411939E-02 1.931188428E-02
 2.376159369E-02 2.825360090E-02 2.145165613E-02 2.001763282E-02 1.858063925E-02
 1.714002846E-02 1.569566640E-02 1.424731552E-02 1.279471551E-02 1.133760388E-02
 9.875710276E-03 8.408759694E-03 6.936477351E-03 5.458571061E-03 3.974710886E-03
 2.484749237E-03 9.887104583E-04-5.174057339E-04-2.044109708E-03-3.593365398E-03
-5.160782467E-03-6.743997067E-03-8.343501459E-03-9.961250224E-03-1.159963668E-02
-1.326079653E-02-1.494633165E-02-1.665743865E-02-1.839513108E-02-2.016032444E-02
-2.195381522E-02-2.377625643E-02-2.562814289E-02-2.750979267E-02-2.942134529E-02
-3.136275476E-02-3.333377566E-02-3.533395114E-02-3.736260189E-02-3.941880635E-02
-4.150137259E-02-4.360880615E-02-4.573931345E-02-4.789081961E-02-5.006096682E-02
-5.224708066E-02-5.444614518E-02-5.665482033E-02-5.886946833E-02-6.108615668E-02
-6.330066344E-02-6.550849918E-02-6.770495503E-02-6.988514230E-02-7.204401256E-02
-7.417635971E-02-7.627691313E-02-7.834040304E-02-8.036153140E-02-8.233508262E-02
-8.425591725E-02-8.611897268E-02-8.791937045E-02-8.965243447E-02-9.131357670E-02
-9.289846849E-02-9.440303314E-02-9.582331564E-02-9.715561714E-02-9.839645158E-02
-9.954253496E-02-1.005907875E-01-1.015383281E-01-1.023824617E-01-1.031206981E-01
-1.037507095E-01-1.042703525E-01-1.046776546E-01-1.049708063E-01-1.051481628E-01
-1.052082416E-01-1.051497099E-01-1.049713877E-01-1.046722483E-01-1.042514141E-01
-1.037081573E-01-1.030418992E-01-1.022522155E-01-1.013388389E-01-1.003016649E-01
-9.914076091E-02-9.785637443E-02-9.644894916E-02-9.491913339E-02-9.326779154E-02
-9.149603334E-02-8.960521142E-02-8.759692763E-02-8.547305322E-02-8.323572408E-02
-8.088730314E-02-7.843043282E-02-7.586795278E-02-7.320280243E-02-7.043807252E-02
-6.757693170E-02-6.462252718E-02-6.157787389E-02-5.844591849E-02-5.522941839E-02
-5.193079881E-02-4.855225779E-02-4.509582825E-02-4.156327632E-02-3.795611229E-02
-3.427570852E-02-3.052344119E-02-2.670078159E-02-2.280943161E-02-1.885147324E-02
-1.482955749E-02-1.074677242E-02-6.606081502E-03-2.413770353E-03 1.821710066E-03
 6.112684305E-03 1.046312128E-02 1.486866539E-02 1.932500207E-02 2.382967675E-02
 2.837366935E-02 2.023274052E-02 1.879653067E-02 1.735747334E-02 1.591496487E-02
 1.446888969E-02 1.301901996E-02 1.156509735E-02 1.010685547E-02 8.644014973E-03
 7.176284215E-03 5.703360232E-03 4.224908234E-03 2.740702180E-03 1.250896248E-03
-2.472618283E-04-1.764426129E-03-3.305000186E-03-4.864830297E-03-6.440914914E-03
-8.033370174E-03-9.644035369E-03-1.127537796E-02-1.292972417E-02-1.460889281E-02
-1.631425595E-02-1.804696972E-02-1.980808002E-02-2.159850815E-02-2.341903314E-02
-2.527028775E-02-2.715275467E-02-2.906675005E-02-3.101240311E-02-3.298963031E-02
-3.499812637E-02-3.703735948E-02-3.910655403E-02-4.120467706E-02-4.333042686E-02
-4.548221143E-02-4.765811843E-02-4.985588561E-02-5.207291739E-02-5.430631185E-02
-5.655285291E-02-5.880898190E-02-6.107079700E-02-6.333409326E-02-6.559439302E-02
-6.784695826E-02-7.008681623E-02-7.230881593E-02-7.450767948E-02-7.667804070E-02
-7.881444545E-02-8.091143174E-02-8.296361549E-02-8.496565821E-02-8.691236544E-02
-8.879867140E-02-9.061964774E-02-9.237060164E-02-9.404705161E-02-9.564463463E-02
-9.715932765E-02-9.858726568E-02-9.992479109E-02-1.011684774E-01-1.023151039E-01
-1.033616544E-01-1.043052949E-01-1.051434056E-01-1.058735256E-01-1.064933832E-01
-1.070008800E-01-1.073940832E-01-1.076712217E-01-1.078306864E-01-1.078710279E-01
-1.077909439E-01-1.075892818E-01-1.072650390E-01-1.068173591E-01-1.062455292E-01
-1.055489817E-01-1.047272974E-01-1.037802068E-01-1.027075956E-01-1.015095135E-01
-1.001861856E-01-9.873802327E-02-9.716564066E-02-9.546986317E-02-9.365176277E-02
-9.171264539E-02-8.965408813E-02-8.747794595E-02-8.518632679E-02-8.278164965E-02
-8.026659662E-02-7.764400776E-02-7.491695681E-02-7.208868431E-02-6.916248942E-02
-6.614163062E-02-6.302940890E-02-5.982892104E-02-5.654300535E-02-5.317435331E-02
-4.972541346E-02-4.619828060E-02-4.259473749E-02-3.891636837E-02-3.516461956E-02
-3.134089416E-02-2.744666203E-02-2.348358834E-02-1.945369035E-02-1.535950434E-02
-1.120403922E-02-6.990249530E-03-2.724034722E-03 1.584997274E-03 5.945119953E-03
 1.036021533E-02 1.482648055E-02 1.933980778E-02 2.389782043E-02 2.849212453E-02
 1.907218950E-02 1.763430375E-02 1.619365645E-02 1.474966924E-02 1.330224229E-02
 1.185117438E-02 1.039623467E-02 8.937178164E-03 7.473738029E-03 6.005623365E-03
 4.532510155E-03 3.054108228E-03 1.570500253E-03 8.010853968E-05-1.426405871E-03
-2.956958311E-03-4.508164822E-03-6.076197831E-03-7.660628662E-03-9.263093159E-03
-1.088609521E-02-1.253215083E-02-1.420329918E-02-1.590108021E-02-1.762676805E-02
-1.938153190E-02-2.116644188E-02-2.298243649E-02-2.483030793E-02-2.671068476E-02
-2.862402466E-02-3.057060561E-02-3.255051928E-02-3.456365451E-02-3.660967263E-02
-3.868797748E-02-4.079769759E-02-4.293768508E-02-4.510649747E-02-4.730238510E-02
-4.952328210E-02-5.176678651E-02-5.403013143E-02-5.631016577E-02-5.860339168E-02
-6.090600124E-02-6.321386698E-02-6.552253027E-02-6.782723436E-02-7.012298350E-02
-7.240457380E-02-7.466662298E-02-7.690362411E-02-7.911001370E-02-8.128021959E-02
-8.340866348E-02-8.548982021E-02-8.751831353E-02-8.948888179E-02-9.139646057E-02
-9.323615496E-02-9.500325552E-02-9.669332011E-02-9.830210740E-02-9.982554527E-02
-1.012599011E-01-1.026015624E-01-1.038471603E-01-1.049935380E-01-1.060377319E-01
-1.069769663E-01-1.078086692E-01-1.085304154E-01-1.091399839E-01-1.096353136E-01
-1.100145062E-01-1.102758256E-01-1.104176947E-01-1.104386952E-01-1.103375535E-01
-1.101131454E-01-1.097644942E-01-1.092907655E-01-1.086912651E-01-1.079654401E-01
-1.071128792E-01-1.061333138E-01-1.050266245E-01-1.037928477E-01-1.024321855E-01
-1.009450193E-01-9.933192460E-02-9.759368639E-02-9.573132541E-02-9.374610900E-02
-9.163957129E-02-8.941351498E-02-8.707006201E-02-8.461163979E-02-8.204088265E-02
-7.936072371E-02-7.657433904E-02-7.368504397E-02-7.069625130E-02-6.761147421E-02
-6.443408119E-02-6.116733110E-02-5.781438505E-02-5.437811269E-02-5.086102446E-02
-4.726532128E-02-4.359293370E-02-3.984555736E-02-3.602471236E-02-3.213182362E-02
-2.816834172E-02-2.413584844E-02-2.003622824E-02-1.587193621E-02-1.164601752E-02
-7.361486854E-03-3.023822293E-03 1.356644629E-03 5.784156105E-03 1.026216679E-02
 1.478733833E-02 1.935580302E-02 2.396532138E-02 2.860816327E-02 1.796980054E-02
 1.653076758E-02 1.508907425E-02 1.364415896E-02 1.219592593E-02 1.074418705E-02
 9.288727175E-03 7.829318787E-03 6.365716929E-03 4.897644766E-03 3.424805390E-03
 1.947199176E-03 4.642367852E-04-1.031351274E-03-2.550629172E-03-4.092142528E-03
-5.651316143E-03-7.226922065E-03-8.820235786E-03-1.043371086E-02-1.207003364E-02
-1.373150068E-02-1.541987164E-02-1.713656873E-02-1.888287887E-02-2.065999105E-02
-2.246896877E-02-2.431073854E-02-2.618608688E-02-2.809564736E-02-3.003988087E-02
-3.201905347E-02-3.403321565E-02-3.608219192E-02-3.816557058E-02-4.028268982E-02
-4.243261117E-02-4.461408687E-02-4.682553462E-02-4.906504176E-02-5.133035206E-02
-5.361885580E-02-5.592758948E-02-5.825322384E-02-6.059204094E-02-6.293993660E-02
-6.529248445E-02-6.764498001E-02-6.999243818E-02-7.232960863E-02-7.465104269E-02
-7.695115417E-02-7.922425468E-02-8.146460087E-02-8.366647082E-02-8.582421290E-02
-8.793225373E-02-8.998513062E-02-9.197758887E-02-9.390454531E-02-9.576115184E-02
-9.754275574E-02-9.924492343E-02-1.008634976E-01-1.023944981E-01-1.038341791E-01
-1.051790558E-01-1.064257982E-01-1.075713000E-01-1.086126502E-01-1.095471267E-01
-1.103721841E-01-1.110854463E-01-1.116847268E-01-1.121679926E-01-1.125333765E-01
-1.127791733E-01-1.129038346E-01-1.129059707E-01-1.127843357E-01-1.125378357E-01
-1.121655204E-01-1.116665803E-01-1.110403441E-01-1.102862779E-01-1.094039825E-01
-1.083931956E-01-1.072537974E-01-1.059858141E-01-1.045894298E-01-1.030649955E-01
-1.014130491E-01-9.963433516E-02-9.772983025E-02-9.570073883E-02-9.354853578E-02
-9.127500418E-02-8.888224893E-02-8.637261342E-02-8.374878045E-02-8.101373774E-02
-7.817067181E-02-7.522302432E-02-7.217435666E-02-6.902821636E-02-6.578821505E-02
-6.245788174E-02-5.904048529E-02-5.553900087E-02-5.195612489E-02-4.829424974E-02
-4.455546322E-02-4.074155974E-02-3.685410667E-02-3.289450315E-02-2.886411505E-02
-2.476448709E-02-2.059751165E-02-1.636561043E-02-1.207179180E-02-7.719073155E-03
-3.312536066E-03 1.137007012E-03 5.629842689E-03 1.016873493E-02 1.475080680E-02
 1.937248840E-02 2.403169246E-02 2.872132812E-02 1.692584649E-02 1.548601394E-02
 1.404367625E-02 1.259829511E-02 1.114976617E-02 9.697897643E-03 8.242474801E-03
 6.783277264E-03 5.320068014E-03 3.852575432E-03 2.380702261E-03 9.045215710E-04
-5.805152400E-04-2.087332604E-03-3.617938326E-03-5.167441608E-03-6.733562240E-03
-8.317008542E-03-9.920043351E-03-1.154545400E-02-1.319579295E-02-1.487306918E-02
-1.657887512E-02-1.831462573E-02-2.008164474E-02-2.188114287E-02-2.371419732E-02
-2.558174033E-02-2.748454841E-02-2.942323032E-02-3.139821619E-02-3.340974780E-02
-3.545785519E-02-3.754233162E-02-3.966270321E-02-4.181821086E-02-4.400779885E-02
-4.623010456E-02-4.848343602E-02-5.076574013E-02-5.307457253E-02-5.540711078E-02
-5.776015447E-02-6.013012376E-02-6.251307465E-02-6.490470225E-02-6.730033010E-02
-6.969494382E-02-7.208328429E-02-7.445989296E-02-7.681911910E-02-7.915516803E-02
-8.146218570E-02-8.373430438E-02-8.596568291E-02-8.815057292E-02-9.028336992E-02
-9.235862534E-02-9.437104902E-02-9.631559801E-02-9.818744226E-02-9.998200714E-02
-1.016949229E-01-1.033220578E-01-1.048595441E-01-1.063036672E-01-1.076510009E-01
-1.088982819E-01-1.100424458E-01-1.110806260E-01-1.120101370E-01-1.128284606E-01
-1.135332658E-01-1.141223826E-01-1.145938023E-01-1.149456845E-01-1.151763496E-01
-1.152842746E-01-1.152680963E-01-1.151265974E-01-1.148587131E-01-1.144635228E-01
-1.139402454E-01-1.132882366E-01-1.125069851E-01-1.115961114E-01-1.105553656E-01
-1.093846313E-01-1.080839300E-01-1.066534318E-01-1.050934635E-01-1.034045272E-01
-1.015873383E-01-9.964279721E-02-9.757205556E-02-9.537654856E-02-9.305802340E-02
-9.061848218E-02-8.806027314E-02-8.538609363E-02-8.259888529E-02-7.970195805E-02
-7.669876728E-02-7.359293757E-02-7.038827328E-02-6.708853213E-02-6.369731903E-02
-6.021806867E-02-5.665398545E-02-5.300798679E-02-4.928263745E-02-4.548014283E-02
-4.160233901E-02-3.765077600E-02-3.362688771E-02-2.953210660E-02-2.536797871E-02
-2.113633240E-02-1.683950621E-02-1.248048258E-02-8.062322402E-03-3.589743868E-03
 9.262223080E-04 5.482138484E-03 1.007982292E-02 1.471678325E-02 1.938973963E-02
 2.409674014E-02 2.883131758E-02 1.594107111E-02 1.450070474E-02 1.305800347E-02
 1.161246281E-02 1.016398053E-02 8.712371084E-03 7.257426718E-03 5.798929617E-03
 4.336629958E-03 2.870321866E-03 1.400241322E-03-7.561886766E-05-1.568896447E-03
-3.087079188E-03-4.625952049E-03-6.181911862E-03-7.754850774E-03-9.346682194E-03
-1.096019459E-02-1.259817181E-02-1.426289948E-02-1.595616155E-02-1.767949193E-02
-1.943433215E-02-2.122202821E-02-2.304380485E-02-2.490075338E-02-2.679381702E-02
-2.872377887E-02-3.069124702E-02-3.269663529E-02-3.474014469E-02-3.682174547E-02
-3.894116421E-02-4.109786734E-02-4.329103095E-02-4.551951037E-02-4.778180945E-02
-5.007607041E-02-5.240006864E-02-5.475120318E-02-5.712647166E-02-5.952244446E-02
-6.193528870E-02-6.436079334E-02-6.679438258E-02-6.923115239E-02-7.166589586E-02
-7.409310690E-02-7.650704851E-02-7.890186586E-02-8.127162243E-02-8.361031900E-02
-8.591196755E-02-8.817065689E-02-9.038058389E-02-9.253609974E-02-9.463175986E-02
-9.666233466E-02-9.862278949E-02-1.005083532E-01-1.023144905E-01-1.040369260E-01
-1.056715857E-01-1.072146366E-01-1.086624824E-01-1.100116758E-01-1.112590513E-01
-1.124015713E-01-1.134363992E-01-1.143608778E-01-1.151725191E-01-1.158690127E-01
-1.164481986E-01-1.169080935E-01-1.172468757E-01-1.174628852E-01-1.175546219E-01
-1.175207467E-01-1.173600723E-01-1.170715630E-01-1.166543300E-01-1.161076247E-01
-1.154308343E-01-1.146234768E-01-1.136851952E-01-1.126157609E-01-1.114150673E-01
-1.100831387E-01-1.086201315E-01-1.070263581E-01-1.053023020E-01-1.034486083E-01
-1.014661352E-01-9.935598854E-02-9.711955672E-02-9.475848450E-02-9.227474322E-02
-8.967065803E-02-8.694886156E-02-8.411236391E-02-8.116439769E-02-7.810853550E-02
-7.494856310E-02-7.168832042E-02-6.833165477E-02-6.488236882E-02-6.134413536E-02
-5.772037361E-02-5.401416742E-02-5.022817573E-02-4.636465193E-02-4.242555069E-02
-3.841256564E-02-3.432718898E-02-3.017083599E-02-2.594501855E-02-2.165153814E-02
-1.729268974E-02-1.287139984E-02-8.390709093E-03-3.854971750E-03 7.247173608E-04
 5.341407183E-03 9.995692241E-03 1.468537910E-02 1.940747951E-02 2.416016502E-02
 2.893758546E-02 1.501600299E-02 1.357537991E-02 1.213260356E-02 1.068720374E-02
 9.239080190E-03 7.788056981E-03 6.333937328E-03 4.876503873E-03 3.415526456E-03
 1.951083166E-03 4.827217189E-04-9.971137858E-04-2.501291861E-03-4.028358571E-03
-5.573505850E-03-7.135439173E-03-8.715486867E-03-1.031628574E-02-1.194079289E-02
-1.359160414E-02-1.527076128E-02-1.697994680E-02-1.872071051E-02-2.049451828E-02
-2.230272189E-02-2.414654692E-02-2.602708748E-02-2.794529034E-02-2.990193954E-02
-3.189764047E-02-3.393279598E-02-3.600758548E-02-3.812194659E-02-4.027554871E-02
-4.246776872E-02-4.469767081E-02-4.696399318E-02-4.926512924E-02-5.159909629E-02
-5.396350367E-02-5.635553929E-02-5.877197616E-02-6.120918499E-02-6.366312804E-02
-6.612934517E-02-6.860299064E-02-7.107889576E-02-7.355159846E-02-7.601540179E-02
-7.846441912E-02-8.089258819E-02-8.329377072E-02-8.566186389E-02-8.799081178E-02
-9.027463543E-02-9.250750944E-02-9.468378697E-02-9.679802348E-02-9.884502100E-02
-1.008198296E-01-1.027177194E-01-1.045342187E-01-1.062650989E-01-1.079063810E-01
-1.094542759E-01-1.109052259E-01-1.122558742E-01-1.135030344E-01-1.146437378E-01
-1.156751639E-01-1.165946723E-01-1.173997945E-01-1.180882241E-01-1.186578147E-01
-1.191065988E-01-1.194327667E-01-1.196346737E-01-1.197108399E-01-1.196599490E-01
-1.194808426E-01-1.191725166E-01-1.187341168E-01-1.181649302E-01-1.174643808E-01
-1.166320201E-01-1.156675224E-01-1.145706842E-01-1.133414166E-01-1.119797515E-01
-1.104858469E-01-1.088600029E-01-1.071026624E-01-1.052144358E-01-1.031961419E-01
-1.010488368E-01-9.877382119E-02-9.637269226E-02-9.384735531E-02-9.120009430E-02
-8.843350471E-02-8.555052606E-02-8.255450558E-02-7.944902984E-02-7.623787504E-02
-7.292498622E-02-6.951440698E-02-6.601014715E-02-6.241605262E-02-5.873564840E-02
-5.497210185E-02-5.112826040E-02-4.720659403E-02-4.320917822E-02-3.913775319E-02
-3.499384941E-02-3.077891349E-02-2.649444473E-02-2.214217322E-02-1.772429378E-02
-1.324366074E-02-8.703320315E-03-4.107342352E-03 5.331973253E-04 5.208098551E-03
 9.916498027E-03 1.465642932E-02 1.942522856E-02 2.422123919E-02 2.903924453E-02
 1.415105087E-02 1.271038223E-02 1.126776437E-02 9.822766286E-03 8.375289928E-03
 6.925168004E-03 5.472209046E-03 4.016191552E-03 2.556996935E-03 1.094914886E-03
-3.734449276E-04-1.862290785E-03-3.376007473E-03-4.909591187E-03-6.460144985E-03
-8.028088987E-03-9.615683736E-03-1.122592959E-02-1.286171382E-02-1.452538948E-02
-1.621883620E-02-1.794372011E-02-1.970162597E-02-2.149404386E-02-2.332234383E-02
-2.518776609E-02-2.709140997E-02-2.903421630E-02-3.101695322E-02-3.304020536E-02
-3.510435344E-02-3.720954861E-02-3.935569168E-02-4.154240213E-02-4.376899104E-02
-4.603444036E-02-4.833737408E-02-5.067603280E-02-5.304825779E-02-5.545148703E-02
-5.788274257E-02-6.033860990E-02-6.281522163E-02-6.530827964E-02-6.781309752E-02
-7.032462921E-02-7.283747206E-02-7.534591313E-02-7.784403084E-02-8.032573811E-02
-8.278485496E-02-8.521516233E-02-8.761041415E-02-8.996445395E-02-9.227129688E-02
-9.452511144E-02-9.672026228E-02-9.885135078E-02-1.009132117E-01-1.029009428E-01
-1.048099029E-01-1.066356831E-01-1.083741099E-01-1.100212480E-01-1.115733921E-01
-1.130270117E-01-1.143787897E-01-1.156255728E-01-1.167644096E-01-1.177924956E-01
-1.187071993E-01-1.195060572E-01-1.201867643E-01-1.207471861E-01-1.211853545E-01
-1.214994676E-01-1.216878938E-01-1.217491707E-01-1.216820038E-01-1.214852635E-01
-1.211579791E-01-1.206993329E-01-1.201086523E-01-1.193854019E-01-1.185291724E-01
-1.175396762E-01-1.164167405E-01-1.151603015E-01-1.137704068E-01-1.122472185E-01
-1.105910253E-01-1.088022448E-01-1.068814635E-01-1.048294544E-01-1.026472083E-01
-1.003359807E-01-9.789726844E-02-9.533296719E-02-9.264522838E-02-8.983664532E-02
-8.691017637E-02-8.386908428E-02-8.071694967E-02-7.745765494E-02-7.409529826E-02
-7.063406207E-02-6.707802150E-02-6.343109072E-02-5.969701304E-02-5.587921354E-02
-5.198070027E-02-4.800404959E-02-4.395145252E-02-3.982474639E-02-3.562549093E-02
-3.135510277E-02-2.701503261E-02-2.260696169E-02-1.813303063E-02-1.359605871E-02
-8.999126085E-03-4.346090699E-03 3.520572574E-04 5.082205286E-03 9.841907221E-03
 1.462940109E-02 1.944237936E-02 2.427936408E-02 2.913574234E-02 1.334657985E-02
 1.190606292E-02 1.046379213E-02 9.019383444E-03 7.572752531E-03 6.123749518E-03
 4.672187198E-03 3.217882041E-03 1.761024614E-03 3.007766926E-04-1.172190738E-03
-2.670521768E-03-4.191378909E-03-5.730086861E-03-7.285732279E-03-8.859901547E-03
-1.045542776E-02-1.207540295E-02-1.372251943E-02-1.539891700E-02-1.710639967E-02
-1.884665674E-02-2.062130249E-02-2.243184515E-02-2.427967108E-02-2.616603424E-02
-2.809204356E-02-3.005864716E-02-3.206661465E-02-3.411651886E-02-3.620871070E-02
-3.834329411E-02-4.052010816E-02-4.273870735E-02-4.499833010E-02-4.729787171E-02
-4.963585302E-02-5.201039214E-02-5.441918831E-02-5.685950224E-02-5.932813955E-02
-6.182145551E-02-6.433537612E-02-6.686540726E-02-6.940663518E-02-7.195375324E-02
-7.450113283E-02-7.704289907E-02-7.957295196E-02-8.208500974E-02-8.457273808E-02
-8.702980007E-02-8.944991980E-02-9.182693024E-02-9.415477154E-02-9.642761091E-02
-9.863986912E-02-1.007861842E-01-1.028614577E-01-1.048608449E-01-1.067797555E-01
-1.086138577E-01-1.103590502E-01-1.120114365E-01-1.135673448E-01-1.150233093E-01
-1.163760222E-01-1.176223703E-01-1.187593783E-01-1.197842779E-01-1.206944290E-01
-1.214873606E-01-1.221607680E-01-1.227125150E-01-1.231406289E-01-1.234433110E-01
-1.236189396E-01-1.236660670E-01-1.235834199E-01-1.233698976E-01-1.230245641E-01
-1.225466408E-01-1.219354986E-01-1.211906470E-01-1.203117224E-01-1.192984797E-01
-1.181507835E-01-1.168686021E-01-1.154520033E-01-1.139011599E-01-1.122163518E-01
-1.103979915E-01-1.084466331E-01-1.063630036E-01-1.041480567E-01-1.018029573E-01
-9.932917688E-02-9.672847563E-02-9.400302558E-02-9.115532378E-02-8.818823417E-02
-8.510502361E-02-8.190935397E-02-7.860519134E-02-7.519662127E-02-7.168783295E-02
-6.808310041E-02-6.438658390E-02-6.060217845E-02-5.673344796E-02-5.278356933E-02
-4.875526076E-02-4.465078412E-02-4.047201298E-02-3.622053639E-02-3.189778492E-02
-2.750520455E-02-2.304446841E-02-1.851770838E-02-1.392772946E-02-9.277621338E-03
-4.571015175E-03 1.812810704E-04 4.963590045E-03 9.771750401E-03 1.460413348E-02
 1.945877787E-02 2.433437276E-02 2.922687928E-02 1.260228661E-02 1.116222535E-02
 9.720587572E-03 8.277030480E-03 6.831482178E-03 5.383809511E-03 3.933839252E-03
 2.481514006E-03 1.027175984E-03-4.329715482E-04-1.914254171E-03-3.420558907E-03
-4.946690222E-03-6.489829495E-03-8.050495343E-03-9.631071360E-03-1.123469458E-02
-1.286438668E-02-1.452262604E-02-1.621141342E-02-1.793254013E-02-1.968772299E-02
-2.147859056E-02-2.330666028E-02-2.517332883E-02-2.707986079E-02-2.902737322E-02
-3.101681784E-02-3.304896222E-02-3.512436703E-02-3.724336228E-02-3.940602450E-02
-4.161214988E-02-4.386122703E-02-4.615240295E-02-4.848445730E-02-5.085578732E-02
-5.326438290E-02-5.570780073E-02-5.818314203E-02-6.068703786E-02-6.321565253E-02
-6.576469152E-02-6.832940960E-02-7.090465529E-02-7.348493331E-02-7.606443865E-02
-7.863708328E-02-8.119657336E-02-8.373652702E-02-8.625051948E-02-8.873209672E-02
-9.117490560E-02-9.357274579E-02-9.591960769E-02-9.820969461E-02-1.004374072E-01
-1.025974524E-01-1.046848044E-01-1.066946790E-01-1.086225590E-01-1.104641578E-01
-1.122154315E-01-1.138725533E-01-1.154318702E-01-1.168899354E-01-1.182434835E-01
-1.194893929E-01-1.206247181E-01-1.216466525E-01-1.225525660E-01-1.233399765E-01
-1.240065678E-01-1.245501896E-01-1.249688638E-01-1.252607940E-01-1.254243628E-01
-1.254581351E-01-1.253608582E-01-1.251314600E-01-1.247690401E-01-1.242728622E-01
-1.236423433E-01-1.228770413E-01-1.219766438E-01-1.209409527E-01-1.197698758E-01
-1.184634177E-01-1.170216720E-01-1.154448249E-01-1.137331690E-01-1.118871021E-01
-1.099071541E-01-1.077940163E-01-1.055486011E-01-1.031719911E-01-1.006656094E-01
-9.803116981E-02-9.527071250E-02-9.238666197E-02-8.938189784E-02-8.625972598E-02
-8.302371508E-02-7.967775834E-02-7.622608868E-02-7.267307822E-02-6.902309278E-02
-6.528042158E-02-6.144913068E-02-5.753292244E-02-5.353507333E-02-4.945840912E-02
-4.530529374E-02-4.107767779E-02-3.677721821E-02-3.240540848E-02-2.796372416E-02
-2.345381504E-02-1.887774942E-02-1.423826736E-02-9.538445250E-03-4.781731378E-03
 2.125802144E-05 4.852586542E-03 9.706280193E-03 1.458078490E-02 1.947448170E-02
 2.438622064E-02 2.931250848E-02 1.191766473E-02 1.047831661E-02 9.037577928E-03
 7.595143744E-03 6.150947589E-03 4.704859842E-03 3.256747596E-03 1.806841463E-03
 3.544850632E-04-1.109427621E-03-2.598846274E-03-4.111182670E-03-5.641533858E-03
-7.188820528E-03-8.754585216E-03-1.034172343E-02-1.195346555E-02-1.359267341E-02
-1.526164333E-02-1.696231191E-02-1.869649512E-02-2.046594212E-02-2.227230306E-02
-2.411711075E-02-2.600177257E-02-2.792755838E-02-2.989558331E-02-3.190679106E-02
-3.396193759E-02-3.606156719E-02-3.820598776E-02-4.039524335E-02-4.262908413E-02
-4.490693691E-02-4.722787520E-02-4.959059165E-02-5.199337253E-02-5.443406734E-02
-5.691006191E-02-5.941827324E-02-6.195515383E-02-6.451668508E-02-6.709838186E-02
-6.969530594E-02-7.230211176E-02-7.491308782E-02-7.752220501E-02-8.012320109E-02
-8.270967606E-02-8.527513165E-02-8.781300854E-02-9.031680974E-02-9.278018497E-02
-9.519689913E-02-9.756092338E-02-9.986649207E-02-1.021081069E-01-1.042805230E-01
-1.063787304E-01-1.083980399E-01-1.103339907E-01-1.121823611E-01-1.139391484E-01
-1.156005587E-01-1.171629957E-01-1.186230118E-01-1.199773465E-01-1.212228996E-01
-1.223567044E-01-1.233759545E-01-1.242780005E-01-1.250603400E-01-1.257206384E-01
-1.262567321E-01-1.266666323E-01-1.269485377E-01-1.271008336E-01-1.271220961E-01
-1.270110928E-01-1.267667799E-01-1.263882937E-01-1.258749415E-01-1.252261891E-01
-1.244416479E-01-1.235210572E-01-1.224642703E-01-1.212712464E-01-1.199420241E-01
-1.184767311E-01-1.168755841E-01-1.151388740E-01-1.132670062E-01-1.112604726E-01
-1.091199684E-01-1.068463067E-01-1.044405768E-01-1.019040947E-01-9.923846390E-02
-9.644569640E-02-9.352823940E-02-9.048882668E-02-8.733062851E-02-8.405730873E-02
-8.067285478E-02-7.718150825E-02-7.358772037E-02-6.989597256E-02-6.611064098E-02
-6.223590015E-02-5.827559363E-02-5.423313144E-02-5.011147690E-02-4.591313971E-02
-4.164018792E-02-3.729433281E-02-3.287706887E-02-2.838984672E-02-2.383427811E-02
-1.921238328E-02-1.452685964E-02-9.780788963E-03-4.977488082E-03-1.273809695E-04
 4.749643577E-03 9.645759114E-03 1.455944022E-02 1.948940937E-02 2.443468706E-02
 2.939230430E-02 1.129287544E-02 9.854348467E-03 8.414630134E-03 6.973456921E-03
 5.530766325E-03 4.086428654E-03 2.640392275E-03 1.193145773E-03-2.582285901E-04
-1.728864135E-03-3.225094424E-03-4.741878048E-03-6.275811232E-03-7.827084729E-03
-9.397971627E-03-1.099166855E-02-1.261136858E-02-1.425974959E-02-1.593897531E-02
-1.765096367E-02-1.939755706E-02-2.118052229E-02-2.300152340E-02-2.486210965E-02
-2.676370424E-02-2.870759052E-02-3.069489426E-02-3.272656381E-02-3.480334681E-02
-3.692576687E-02-3.909409817E-02-4.130833713E-02-4.356817725E-02-4.587298075E-02
-4.822174707E-02-5.061307996E-02-5.304515607E-02-5.551569804E-02-5.802195466E-02
-6.056069076E-02-6.312818170E-02-6.572020785E-02-6.833206809E-02-7.095862746E-02
-7.359436110E-02-7.623339049E-02-7.886953591E-02-8.149639531E-02-8.410741529E-02
-8.669595834E-02-8.925541170E-02-9.177926982E-02-9.426112910E-02-9.669474766E-02
-9.907416327E-02-1.013936455E-01-1.036477042E-01-1.058311568E-01-1.079391101E-01
-1.099669050E-01-1.119101176E-01-1.137646037E-01-1.155263960E-01-1.171917369E-01
-1.187570412E-01-1.202188985E-01-1.215740320E-01-1.228193329E-01-1.239518372E-01
-1.249687143E-01-1.258672820E-01-1.266450275E-01-1.272995894E-01-1.278287842E-01
-1.282306120E-01-1.285032599E-01-1.286451139E-01-1.286547604E-01-1.285309870E-01
-1.282727773E-01-1.278793053E-01-1.273499231E-01-1.266841472E-01-1.258816427E-01
-1.249422053E-01-1.238657448E-01-1.226522661E-01-1.213018541E-01-1.198146837E-01
-1.181909779E-01-1.164310606E-01-1.145353280E-01-1.125042655E-01-1.103385296E-01
-1.080389213E-01-1.056064108E-01-1.030422678E-01-1.003481306E-01-9.752585015E-02
-9.457771501E-02-9.150652503E-02-8.831545937E-02-8.500812303E-02-8.158851738E-02
-7.806090819E-02-7.442977099E-02-7.069966985E-02-6.687508866E-02-6.296033763E-02
-5.895943256E-02-5.487595682E-02-5.071299717E-02-4.647313860E-02-4.215850511E-02
-3.777084862E-02-3.331168054E-02-2.878244578E-02-2.418473805E-02-1.952055209E-02
-1.479256569E-02-1.000387847E-02-5.157707408E-03-2.642723852E-04 4.654910604E-03
 9.590169655E-03 1.453997761E-02 1.950339135E-02 2.447959537E-02 2.946610573E-02
 1.072828667E-02 9.290629556E-03 7.851980327E-03 6.412118079E-03 4.970981763E-03
 3.528464505E-03 2.084692670E-03 6.396735740E-04-8.132450301E-04-2.290636080E-03
-3.792168645E-03-5.312443925E-03-6.849600834E-03-8.404772251E-03-9.980733792E-03
-1.158082191E-02-1.320812274E-02-1.486515123E-02-1.655399581E-02-1.827658733E-02
-2.003479686E-02-2.183040927E-02-2.366510127E-02-2.554043264E-02-2.745783507E-02
-2.941859629E-02-3.142384141E-02-3.347451455E-02-3.557135681E-02-3.771487962E-02
-3.990533759E-02-4.214269932E-02-4.442661519E-02-4.675638262E-02-4.913091591E-02
-5.154871395E-02-5.400783364E-02-5.650587176E-02-5.903994494E-02-6.160667215E-02
-6.420216574E-02-6.682203617E-02-6.946141343E-02-7.211498879E-02-7.477705354E-02
-7.744154322E-02-8.010211493E-02-8.275224361E-02-8.538528780E-02-8.799455273E-02
-9.057337113E-02-9.311516405E-02-9.561349822E-02-9.806218876E-02-1.004553089E-01
-1.027871386E-01-1.050522670E-01-1.072455919E-01-1.093622308E-01-1.113975892E-01
-1.133473427E-01-1.152073491E-01-1.169736840E-01-1.186426246E-01-1.202106002E-01
-1.216741996E-01-1.230301591E-01-1.242753436E-01-1.254067688E-01-1.264215898E-01
-1.273170999E-01-1.280907443E-01-1.287401462E-01-1.292630976E-01-1.296575783E-01
-1.299217684E-01-1.300540516E-01-1.300530224E-01-1.299174868E-01-1.296464567E-01
-1.292391430E-01-1.286949433E-01-1.280134254E-01-1.271943089E-01-1.262374473E-01
-1.251428083E-01-1.239104433E-01-1.225405010E-01-1.210331723E-01-1.193887220E-01
-1.176075038E-01-1.156898881E-01-1.136364003E-01-1.114476140E-01-1.091242813E-01
-1.066674323E-01-1.040781918E-01-1.013580569E-01-9.850894173E-02-9.553308615E-02
-9.243319660E-02-8.921241095E-02-8.587428665E-02-8.242279706E-02-7.886222480E-02
-7.519710497E-02-7.143211195E-02-6.757187235E-02-6.362081610E-02-5.958305707E-02
-5.546228683E-02-5.126169891E-02-4.698396180E-02-4.263126517E-02-3.820541398E-02
-3.370795969E-02-2.914036797E-02-2.450422902E-02-1.980151133E-02-1.503485723E-02
-1.020736192E-02-5.322149639E-03-3.892302407E-04 4.568523882E-03 9.539626368E-03
 1.452250988E-02 1.951654149E-02 2.452105102E-02 2.953399512E-02 1.022389153E-02
 8.787138732E-03 7.349580967E-03 5.911038294E-03 4.471448633E-03 3.030754449E-03
 1.589355558E-03 1.459756635E-04-1.310969005E-03-2.794108952E-03-4.299592654E-03
-5.822735530E-03-7.362864160E-03-8.921817351E-03-1.050270420E-02-1.210889113E-02
-1.374332844E-02-1.540840118E-02-1.710616171E-02-1.883856136E-02-2.060749084E-02
-2.241474869E-02-2.426202583E-02-2.615089574E-02-2.808280185E-02-3.005904044E-02
-3.208074179E-02-3.414884920E-02-3.626409264E-02-3.842696346E-02-4.063768683E-02
-4.289619057E-02-4.520207321E-02-4.755457405E-02-4.995254046E-02-5.239439349E-02
-5.487809953E-02-5.740114330E-02-5.996050249E-02-6.255263747E-02-6.517349160E-02
-6.781850825E-02-7.048266304E-02-7.316049395E-02-7.584614045E-02-7.853339971E-02
-8.121580576E-02-8.388671770E-02-8.653938978E-02-8.916704125E-02-9.176295911E-02
-9.432056900E-02-9.683347705E-02-9.929550434E-02-1.017007094E-01-1.040434280E-01
-1.063183381E-01-1.085203735E-01-1.106447020E-01-1.126868157E-01-1.146423951E-01
-1.165073471E-01-1.182778078E-01-1.199500363E-01-1.215204909E-01-1.229857561E-01
-1.243425610E-01-1.255877594E-01-1.267183377E-01-1.277314208E-01-1.286242755E-01
-1.293943222E-01-1.300391515E-01-1.305565266E-01-1.309444107E-01-1.312009708E-01
-1.313245897E-01-1.313138689E-01-1.311676312E-01-1.308849159E-01-1.304649708E-01
-1.299072380E-01-1.292113363E-01-1.283770413E-01-1.274042622E-01-1.262930176E-01
-1.250434285E-01-1.236556762E-01-1.221299976E-01-1.204666926E-01-1.186661331E-01
-1.167287031E-01-1.146548633E-01-1.124452769E-01-1.101005843E-01-1.076217200E-01
-1.050098814E-01-1.022664957E-01-9.939337356E-02-9.639269949E-02-9.326709894E-02
-9.001963620E-02-8.665384865E-02-8.317372853E-02-7.958360954E-02-7.588807243E-02
-7.209183878E-02-6.819961742E-02-6.421593326E-02-6.014499770E-02-5.599060981E-02
-5.175607655E-02-4.744417386E-02-4.305717560E-02-3.859693855E-02-3.406503604E-02
-2.946293494E-02-2.479220881E-02-2.005479522E-02-1.525330106E-02-1.039081419E-02
-5.470383062E-03-5.018197798E-04 4.490865418E-03 9.494439272E-03 1.450725945E-02
 1.952897557E-02 2.455904939E-02 2.959584058E-02 9.779444503E-03 8.343608194E-03
 6.907139029E-03 5.469893726E-03 4.031810228E-03 2.592905700E-03 1.153770419E-03
-2.887653978E-04-1.750915123E-03-3.238835398E-03-4.747300934E-03-6.272865165E-03
-7.815739919E-03-9.378277510E-03-1.096379451E-02-1.257562395E-02-1.421658363E-02
-1.588896795E-02-1.759482154E-02-1.933611926E-02-2.111476874E-02-2.293258081E-02
-2.479125772E-02-2.669238303E-02-2.863740758E-02-3.062763132E-02-3.266418423E-02
-3.474800408E-02-3.687981131E-02-3.906008305E-02-4.128902209E-02-4.356652495E-02
-4.589215002E-02-4.826508337E-02-5.068410185E-02-5.314753999E-02-5.565326223E-02
-5.819863737E-02-6.078052053E-02-6.339524942E-02-6.603864379E-02-6.870601535E-02
-7.139219507E-02-7.409156097E-02-7.679809418E-02-7.950545158E-02-8.220705818E-02
-8.489618960E-02-8.756603899E-02-9.020978761E-02-9.282069147E-02-9.539215544E-02
-9.791777369E-02-1.003913748E-01-1.028070840E-01-1.051593276E-01-1.074428018E-01
-1.096524551E-01-1.117835317E-01-1.138315794E-01-1.157923115E-01-1.176616843E-01
-1.194358312E-01-1.211110392E-01-1.226837855E-01-1.241506254E-01-1.255082909E-01
-1.267536151E-01-1.278835562E-01-1.288952123E-01-1.297858158E-01-1.305527562E-01
-1.311935930E-01-1.317060645E-01-1.320881137E-01-1.323378967E-01-1.324537907E-01
-1.324344038E-01-1.322785749E-01-1.319853697E-01-1.315540709E-01-1.309841635E-01
-1.302753164E-01-1.294273581E-01-1.284402518E-01-1.273140737E-01-1.260489926E-01
-1.246452463E-01-1.231031103E-01-1.214229279E-01-1.196050262E-01-1.176498945E-01
-1.155579239E-01-1.133297326E-01-1.109660441E-01-1.084677232E-01-1.058358843E-01
-1.030719178E-01-1.001775327E-01-9.715485246E-02-9.400647242E-02-9.073543608E-02
-8.734525716E-02-8.383990307E-02-8.022370770E-02-7.650127247E-02-7.267736651E-02
-6.875677688E-02-6.474413636E-02-6.064377409E-02-5.645959419E-02-5.219499222E-02
-4.785282137E-02-4.343541752E-02-3.894467983E-02-3.438220212E-02-2.974945292E-02
-2.504799295E-02-2.027973471E-02-1.544725630E-02-1.055364175E-02-5.601882406E-03
-6.016119934E-04 4.422208506E-03 9.454710234E-03 1.449415867E-02 1.954046509E-02
 2.459321680E-02 2.965114073E-02 9.394758459E-03 7.959799369E-03 6.524367434E-03
 5.088350403E-03 3.651698245E-03 2.214547155E-03 7.772219143E-04-6.659768155E-04
-2.132804963E-03-3.624418038E-03-5.135219200E-03-6.662872465E-03-8.208268972E-03
-9.774131405E-03-1.136389125E-02-1.298081517E-02-1.462760534E-02-1.630649735E-02
-1.801954172E-02-1.976873338E-02-2.155599324E-02-2.338314365E-02-2.525189818E-02
-2.716385071E-02-2.912046027E-02-3.112303210E-02-3.317269805E-02-3.527039308E-02
-3.741682946E-02-3.961246852E-02-4.185748857E-02-4.415175299E-02-4.649477642E-02
-4.888568922E-02-5.132320319E-02-5.380557928E-02-5.633059930E-02-5.889554023E-02
-6.149715610E-02-6.413167114E-02-6.679477828E-02-6.948165086E-02-7.218697721E-02
-7.490500392E-02-7.762960109E-02-8.035433780E-02-8.307255927E-02-8.577746187E-02
-8.846216176E-02-9.111978100E-02-9.374354198E-02-9.632685340E-02-9.886334855E-02
-1.013469044E-01-1.037716739E-01-1.061320994E-01-1.084228998E-01-1.106390995E-01
-1.127760266E-01-1.148292375E-01-1.167944681E-01-1.186677009E-01-1.204451090E-01
-1.221229892E-01-1.236978012E-01-1.251661071E-01-1.265246297E-01-1.277701643E-01
-1.288996545E-01-1.299101643E-01-1.307988985E-01-1.315632120E-01-1.322006329E-01
-1.327088740E-01-1.330858618E-01-1.333297372E-01-1.334388741E-01-1.334118859E-01
-1.332476261E-01-1.329451846E-01-1.325038769E-01-1.319232282E-01-1.312029544E-01
-1.303429342E-01-1.293431820E-01-1.282038295E-01-1.269250917E-01-1.255072613E-01
-1.239506198E-01-1.222555883E-01-1.204224736E-01-1.184517629E-01-1.163439343E-01
-1.140995469E-01-1.117192926E-01-1.092039961E-01-1.065547068E-01-1.037727796E-01
-1.008598949E-01-9.781813672E-02-9.465003353E-02-9.135856813E-02-8.794721764E-02
-8.441993201E-02-8.078105870E-02-7.703524290E-02-7.318730589E-02-6.924209454E-02
-6.520431923E-02-6.107839663E-02-5.686831501E-02-5.257754622E-02-4.820901041E-02
-4.376509840E-02-3.924775055E-02-3.465858726E-02-2.999908844E-02-2.527081183E-02
-2.047565415E-02-1.561616999E-02-1.069543630E-02-5.716394341E-03-6.885134253E-04
 4.362469654E-03 9.420206835E-03 1.448286545E-02 1.955059165E-02 2.462308683E-02
 2.969940153E-02 9.069807343E-03 7.635622057E-03 6.201106786E-03 4.766175587E-03
 3.330801784E-03 1.895270836E-03 4.592747571E-04-9.857388527E-04-2.456364005E-03
-3.950720061E-03-5.463364494E-03-6.992805250E-03-8.540449922E-03-1.010928418E-02
-1.170279339E-02-1.332416791E-02-1.497601750E-02-1.666054316E-02-1.837980723E-02
-2.013582087E-02-2.193051556E-02-2.376572321E-02-2.564316673E-02-2.756444825E-02
-2.953103282E-02-3.154422921E-02-3.360516974E-02-3.571478558E-02-3.787378020E-02
-4.008260045E-02-4.234140467E-02-4.465002919E-02-4.700795330E-02-4.941426362E-02
-5.186761891E-02-5.436621666E-02-5.690776365E-02-5.948944991E-02-6.210793139E-02
-6.475932304E-02-6.743920377E-02-7.014263520E-02-7.286419881E-02-7.559804474E-02
-7.833795279E-02-8.107740471E-02-8.380966057E-02-8.652783676E-02-8.922499493E-02
-9.189423457E-02-9.452878343E-02-9.712206367E-02-9.966772608E-02-1.021596581E-01
-1.045920167E-01-1.069592757E-01-1.092562370E-01-1.114779907E-01-1.136198768E-01
-1.156774549E-01-1.176465075E-01-1.195230618E-01-1.213032996E-01-1.229835046E-01
-1.245601399E-01-1.260297777E-01-1.273891061E-01-1.286349066E-01-1.297641021E-01
-1.307737215E-01-1.316609391E-01-1.324230825E-01-1.330576503E-01-1.335623332E-01
-1.339350380E-01-1.341738922E-01-1.342772661E-01-1.342437776E-01-1.340722932E-01
-1.337619247E-01-1.333120174E-01-1.327221339E-01-1.319920312E-01-1.311216323E-01
-1.301110047E-01-1.289603285E-01-1.276698465E-01-1.262399146E-01-1.246708267E-01
-1.229630282E-01-1.211169186E-01-1.191329381E-01-1.170115652E-01-1.147533372E-01
-1.123589259E-01-1.098291568E-01-1.071650598E-01-1.043679154E-01-1.014393490E-01
-9.838139742E-02-9.519654253E-02-9.188774410E-02-8.845845900E-02-8.491262080E-02
-8.125457655E-02-7.748898656E-02-7.362070216E-02-6.965461755E-02-6.559550617E-02
-6.144785764E-02-5.721574006E-02-5.290270351E-02-4.851173695E-02-4.404528490E-02
-3.950532346E-02-3.489349307E-02-3.021127938E-02-2.546023325E-02-2.064223448E-02
-1.575981537E-02-1.081604536E-02-5.813826105E-03-7.624836718E-04 4.311622502E-03
 9.390848415E-03 1.447326186E-02 1.955921107E-02 2.464849615E-02 2.974044444E-02
 8.804341887E-03 7.370834430E-03 5.937111181E-03 4.503106531E-03 3.068821711E-03
 1.634696089E-03 1.996455008E-04-1.247672611E-03-2.721327184E-03-4.217698854E-03
-5.731784717E-03-7.262720945E-03-8.812294889E-03-1.038367289E-02-1.198035730E-02
-1.360546595E-02-1.526153918E-02-1.695075958E-02-1.867520222E-02-2.043689083E-02
-2.223776567E-02-2.407966691E-02-2.596432536E-02-2.789335004E-02-2.986821097E-02
-3.189021986E-02-3.396050924E-02-3.608000691E-02-3.824940922E-02-4.046915103E-02
-4.273937291E-02-4.505988729E-02-4.743014267E-02-4.984918695E-02-5.231563201E-02
-5.482761944E-02-5.738279055E-02-5.997826260E-02-6.261061210E-02-6.527587023E-02
-6.796952959E-02-7.068656500E-02-7.342147070E-02-7.616830842E-02-7.892077260E-02
-8.167226337E-02-8.441596968E-02-8.714495687E-02-8.985225768E-02-9.253096214E-02
-9.517429542E-02-9.777567771E-02-1.003287652E-01-1.028274699E-01-1.052659878E-01
-1.076388295E-01-1.099408347E-01-1.121671290E-01-1.143130665E-01-1.163742264E-01
-1.183464409E-01-1.202257542E-01-1.220083480E-01-1.236905121E-01-1.252687017E-01
-1.267394991E-01-1.280995494E-01-1.293456369E-01-1.304746566E-01-1.314836053E-01
-1.323696337E-01-1.331300430E-01-1.337623062E-01-1.342640950E-01-1.346332956E-01
-1.348680263E-01-1.349666533E-01-1.349277978E-01-1.347503378E-01-1.344334039E-01
-1.339763669E-01-1.333788220E-01-1.326405606E-01-1.317615485E-01-1.307418923E-01
-1.295818198E-01-1.282815947E-01-1.268416112E-01-1.252622518E-01-1.235439216E-01
-1.216870417E-01-1.196920744E-01-1.175595179E-01-1.152899006E-01-1.128838554E-01
-1.103421804E-01-1.076658796E-01-1.048562170E-01-1.019147915E-01-9.884359234E-02
-9.564504947E-02-9.232208369E-02-8.887812426E-02-8.531708708E-02-8.164331711E-02
-7.786149364E-02-7.397650387E-02-6.999328934E-02-6.591667720E-02-6.175121576E-02
-5.750103468E-02-5.316974320E-02-4.876038252E-02-4.427543885E-02-3.971691765E-02
-3.508647626E-02-3.038560578E-02-2.561585263E-02-2.077908423E-02-1.587781678E-02
-1.091511626E-02-5.893856559E-03-8.232450542E-04 4.269874141E-03 9.366770470E-03
 1.446541930E-02 1.956633674E-02 2.466940562E-02 2.977418251E-02 8.597677050E-03
 7.164790370E-03 5.731775689E-03 4.298581676E-03 2.865235140E-03 1.432315059E-03
-2.020248930E-06-1.451579927E-03-2.927536104E-03-4.425337784E-03-5.940507423E-03
-7.472630632E-03-9.023762014E-03-1.059718698E-02-1.219640569E-02-1.382447529E-02
-1.548388709E-02-1.717681500E-02-1.890534509E-02-2.067151008E-02-2.247725692E-02
-2.432443223E-02-2.621477292E-02-2.814989326E-02-3.013126703E-02-3.216020804E-02
-3.423784873E-02-3.636511392E-02-3.854269388E-02-4.077101354E-02-4.305019915E-02
-4.538004354E-02-4.775997016E-02-5.018899629E-02-5.266569633E-02-5.518816799E-02
-5.775400250E-02-6.036026027E-02-6.300345632E-02-6.567955542E-02-6.838397978E-02
-7.111163246E-02-7.385693492E-02-7.661387828E-02-7.937609036E-02-8.213691402E-02
-8.488949273E-02-8.762686027E-02-9.034202955E-02-9.302807884E-02-9.567822397E-02
-9.828588100E-02-1.008447129E-01-1.033486598E-01-1.057919558E-01-1.081691389E-01
-1.104750553E-01-1.127048478E-01-1.148539197E-01-1.169178952E-01-1.188926052E-01
-1.207740875E-01-1.225585446E-01-1.242422761E-01-1.258217182E-01-1.272934504E-01
-1.286541186E-01-1.299004743E-01-1.310293978E-01-1.320378653E-01-1.329230049E-01
-1.336820942E-01-1.343125860E-01-1.348121345E-01-1.351786110E-01-1.354101251E-01
-1.355050398E-01-1.354619790E-01-1.352798299E-01-1.349577381E-01-1.344950950E-01
-1.338915208E-01-1.331468407E-01-1.322610512E-01-1.312342859E-01-1.300668108E-01
-1.287589419E-01-1.273110650E-01-1.257236182E-01-1.239970196E-01-1.221316944E-01
-1.201281104E-01-1.179867708E-01-1.157082245E-01-1.132930954E-01-1.107421458E-01
-1.080563451E-01-1.052369312E-01-1.022854707E-01-9.920392161E-02-9.599469052E-02
-9.266067610E-02-8.920528632E-02-8.563242217E-02-8.194642413E-02-7.815198041E-02
-7.425399968E-02-7.025745584E-02-6.616721647E-02-6.198787586E-02-5.772361160E-02
-5.337807926E-02-4.895436157E-02-4.445497900E-02-3.988196258E-02-3.523698558E-02
-3.052154568E-02-2.573718790E-02-2.088577176E-02-1.596980212E-02-1.099234287E-02
-5.956247615E-03-8.706288695E-04 4.237309635E-03 9.347977931E-03 1.445927256E-02
 1.957184198E-02 2.468563519E-02 2.980038899E-02 8.449621866E-03 7.017254859E-03
 5.584828179E-03 4.152301223E-03 2.719721837E-03 1.287772507E-03-1.460224882E-04
-1.597362219E-03-3.074916155E-03-4.573668457E-03-6.089596494E-03-7.622583837E-03
-9.174860243E-03-1.074978454E-02-1.235084748E-02-1.398106123E-02-1.564288498E-02
-1.733848915E-02-1.906996805E-02-2.083936059E-02-2.264861853E-02-2.449959327E-02
-2.639402621E-02-2.833353540E-02-3.031959736E-02-3.235352751E-02-3.443645819E-02
-3.656931229E-02-3.875277573E-02-4.098726607E-02-4.327289921E-02-4.560945407E-02
-4.799633580E-02-5.043253903E-02-5.291661090E-02-5.544661671E-02-5.802011105E-02
-6.063411301E-02-6.328509180E-02-6.596896370E-02-6.868109911E-02-7.141634910E-02
-7.416908329E-02-7.693324356E-02-7.970241263E-02-8.246989433E-02-8.522880078E-02
-8.797214195E-02-9.069291504E-02-9.338418841E-02-9.603917361E-02-9.865128845E-02
-1.012142040E-01-1.037218767E-01-1.061685659E-01-1.085488362E-01-1.108575523E-01
-1.130898644E-01-1.152411885E-01-1.173071752E-01-1.192836800E-01-1.211667392E-01
-1.229525390E-01-1.246373974E-01-1.262177658E-01-1.276901957E-01-1.290513239E-01
-1.302979050E-01-1.314267805E-01-1.324349284E-01-1.333194512E-01-1.340776148E-01
-1.347068554E-01-1.352048099E-01-1.355693414E-01-1.357985525E-01-1.358908041E-01
-1.358447228E-01-1.356592020E-01-1.353333975E-01-1.348667175E-01-1.342587991E-01
-1.335094921E-01-1.326188163E-01-1.315869335E-01-1.304141250E-01-1.291007357E-01
-1.276471803E-01-1.260539066E-01-1.243213486E-01-1.224499526E-01-1.204401877E-01
-1.182925486E-01-1.160075795E-01-1.135859080E-01-1.110282938E-01-1.083356888E-01
-1.055093043E-01-1.025506786E-01-9.946174411E-02-9.624488519E-02-9.290298081E-02
-8.943942277E-02-8.585810212E-02-8.216335726E-02-7.835988335E-02-7.445260472E-02
-7.044651890E-02-6.634652367E-02-6.215724756E-02-5.788290382E-02-5.352718243E-02
-4.909319675E-02-4.458349223E-02-4.000011784E-02-3.534475760E-02-3.061891335E-02
-2.582412858E-02-2.096225672E-02-1.603579410E-02-1.104780256E-02-6.001121125E-03
-9.047918728E-04 4.213735185E-03 9.334247768E-03 1.445458164E-02 1.957548018E-02
 2.469694019E-02 2.981882733E-02 8.360710772E-03 6.928672979E-03 5.496620236E-03
 4.064520168E-03 2.632437455E-03 1.201087293E-03-2.324515698E-04-1.684850344E-03
-3.163320157E-03-4.662618922E-03-6.178997045E-03-7.712510030E-03-9.265487222E-03
-1.084132670E-02-1.244351065E-02-1.407502384E-02-1.573830746E-02-1.743553086E-02
-1.916879336E-02-2.094013751E-02-2.275151804E-02-2.460478922E-02-2.650169516E-02
-2.844385618E-02-3.043275042E-02-3.246969419E-02-3.455581968E-02-3.669204846E-02
-3.887906372E-02-4.111727845E-02-4.340680197E-02-4.574740467E-02-4.813848052E-02
-5.057901007E-02-5.306752388E-02-5.560206753E-02-5.818017289E-02-6.079883422E-02
-6.345449288E-02-6.614303584E-02-6.885980295E-02-7.159961411E-02-7.435680869E-02
-7.712529944E-02-7.989864271E-02-8.267011894E-02-8.543282086E-02-8.817974325E-02
-9.090387267E-02-9.359827125E-02-9.625614985E-02-9.887092952E-02-1.014362882E-01
-1.039461918E-01-1.063949117E-01-1.087770267E-01-1.110874159E-01-1.133212413E-01
-1.154739257E-01-1.175411266E-01-1.195187076E-01-1.214027094E-01-1.231893240E-01
-1.248748779E-01-1.264558138E-01-1.279286729E-01-1.292900922E-01-1.305368116E-01
-1.316656728E-01-1.326736396E-01-1.335578013E-01-1.343154150E-01-1.349439091E-01
-1.354409103E-01-1.358042749E-01-1.360321024E-01-1.361227524E-01-1.360748516E-01
-1.358872984E-01-1.355592552E-01-1.350901397E-01-1.344796025E-01-1.337275030E-01
-1.328338774E-01-1.317989011E-01-1.306228694E-01-1.293061549E-01-1.278491781E-01
-1.262523838E-01-1.245162268E-01-1.226411696E-01-1.206276827E-01-1.184762579E-01
-1.161874329E-01-1.137618304E-01-1.112002055E-01-1.085035026E-01-1.056729217E-01
-1.027099883E-01-9.961662073E-02-9.639518918E-02-9.304855975E-02-8.958011366E-02
-8.599373507E-02-8.229376015E-02-7.848488730E-02-7.457204931E-02-7.056025707E-02
-6.645442569E-02-6.225920363E-02-5.797882511E-02-5.361700037E-02-4.917686092E-02
-4.466096701E-02-4.007137848E-02-3.540978603E-02-3.067769424E-02-2.587664592E-02
-2.100849108E-02-1.607572114E-02-1.108139687E-02-6.028348971E-03-9.255762834E-04
 4.199327306E-03 9.325771373E-03 1.445155283E-02 1.957747202E-02 2.470355437E-02
 2.982974295E-02 8.331198022E-03 6.899253282E-03 5.467308500E-03 4.035334385E-03
 2.603402199E-03 1.172229499E-03-2.612651706E-04-1.714018695E-03-3.192787136E-03
-4.692264685E-03-6.208791722E-03-7.742480568E-03-9.295693026E-03-1.087183947E-02
-1.247439877E-02-1.410634651E-02-1.577011808E-02-1.746788263E-02-1.920174116E-02
-2.097373740E-02-2.278582706E-02-2.463986538E-02-2.653759735E-02-2.848064405E-02
-3.047048413E-02-3.250843421E-02-3.459562638E-02-3.673298175E-02-3.892118258E-02
-4.116064033E-02-4.345146211E-02-4.579341540E-02-4.818589048E-02-5.062786321E-02
-5.311785861E-02-5.565391577E-02-5.823355895E-02-6.085377415E-02-6.351099351E-02
-6.620109414E-02-6.891940584E-02-7.166073811E-02-7.441942027E-02-7.718935539E-02
-7.996409098E-02-8.273689975E-02-8.550086788E-02-8.824898514E-02-9.097423456E-02
-9.366967633E-02-9.632852115E-02-9.894419121E-02-1.015103668E-01-1.040210168E-01
-1.064704158E-01-1.088531468E-01-1.111640931E-01-1.133984216E-01-1.155515593E-01
-1.176191662E-01-1.195971074E-01-1.214814258E-01-1.232683171E-01-1.249541069E-01
-1.265352330E-01-1.280082359E-01-1.293697542E-01-1.306165218E-01-1.317453805E-01
-1.327532869E-01-1.336373318E-01-1.343947646E-01-1.350230095E-01-1.355196937E-01
-1.358826695E-01-1.361100360E-01-1.362001524E-01-1.361516431E-01-1.359634105E-01
-1.356346205E-01-1.351646920E-01-1.345532799E-01-1.338002476E-01-1.329056364E-01
-1.318696298E-01-1.306925258E-01-1.293747022E-01-1.279165819E-01-1.263186137E-01
-1.245812600E-01-1.227049864E-01-1.206902641E-01-1.185375838E-01-1.162474821E-01
-1.138205788E-01-1.112576255E-01-1.085595633E-01-1.057275890E-01-1.027632240E-01
-9.966838218E-02-9.644542908E-02-9.309722664E-02-8.962715262E-02-8.603908884E-02
-8.233737067E-02-7.852669752E-02-7.461200495E-02-7.059830831E-02-6.649052849E-02
-6.229332061E-02-5.801092594E-02-5.364706153E-02-4.920486500E-02-4.468690163E-02
-4.009523498E-02-3.543155811E-02-3.069737660E-02-2.589423316E-02-2.102397669E-02
-1.608909707E-02-1.109265474E-02-6.037477723E-03-9.325503932E-04 4.194485962E-03
 9.322914099E-03 1.445051764E-02 1.957811595E-02 2.470574407E-02 2.983337096E-02
 8.360906230E-03 6.928834879E-03 5.496748564E-03 4.064614980E-03 2.632498800E-03
 1.201114747E-03-2.324556336E-04-1.684871434E-03-3.163345911E-03-4.662645353E-03
-6.179023419E-03-7.712536186E-03-9.265513136E-03-1.084135239E-02-1.244353612E-02
-1.407504909E-02-1.573833247E-02-1.743555561E-02-1.916881782E-02-2.094016165E-02
-2.275154180E-02-2.460481257E-02-2.650171805E-02-2.844387855E-02-3.043277221E-02
-3.246971532E-02-3.455584009E-02-3.669206806E-02-3.887908244E-02-4.111729619E-02
-4.340681864E-02-4.574742019E-02-4.813849479E-02-5.057902300E-02-5.306753541E-02
-5.560207759E-02-5.818018141E-02-6.079884113E-02-6.345449813E-02-6.614303935E-02
-6.885980469E-02-7.159961403E-02-7.435680677E-02-7.712529567E-02-7.989863714E-02
-8.267011169E-02-8.543281208E-02-8.817973307E-02-9.090386114E-02-9.359825845E-02
-9.625613590E-02-9.887091464E-02-1.014362728E-01-1.039461765E-01-1.063948971E-01
-1.087770136E-01-1.110874047E-01-1.133212320E-01-1.154739184E-01-1.175411216E-01
-1.195187054E-01-1.214027097E-01-1.231893260E-01-1.248748799E-01-1.264558152E-01
-1.279286741E-01-1.292900940E-01-1.305368126E-01-1.316656731E-01-1.326736389E-01
-1.335578003E-01-1.343154156E-01-1.349439086E-01-1.354409100E-01-1.358042750E-01
-1.360321026E-01-1.361227525E-01-1.360748515E-01-1.358872984E-01-1.355592551E-01
-1.350901396E-01-1.344796024E-01-1.337275030E-01-1.328338774E-01-1.317989010E-01
-1.306228692E-01-1.293061546E-01-1.278491778E-01-1.262523835E-01-1.245162264E-01
-1.226411691E-01-1.206276822E-01-1.184762572E-01-1.161874320E-01-1.137618294E-01
-1.112002046E-01-1.085035016E-01-1.056729206E-01-1.027099872E-01-9.961661955E-02
-9.639518795E-02-9.304855846E-02-8.958011233E-02-8.599373369E-02-8.229375873E-02
-7.848488584E-02-7.457204781E-02-7.056025554E-02-6.645442413E-02-6.225920205E-02
-5.797882351E-02-5.361699876E-02-4.917685932E-02-4.466096542E-02-4.007137691E-02
-3.540978449E-02-3.067769275E-02-2.587664450E-02-2.100848976E-02-1.607571998E-02
-1.108139592E-02-6.028348373E-03-9.255762753E-04 4.199326488E-03 9.325769681E-03
 1.445155027E-02 1.957746858E-02 2.470355005E-02 2.982973775E-02 8.449686757E-03
 7.017302100E-03 5.584860070E-03 4.152320527E-03 2.719731364E-03 1.287775200E-03
-1.460235250E-04-1.597364200E-03-3.074917608E-03-4.573668786E-03-6.089595517E-03
-7.622581502E-03-9.174856516E-03-1.074977938E-02-1.235084086E-02-1.398105312E-02
-1.564287534E-02-1.733847797E-02-1.906995532E-02-2.083934631E-02-2.264860272E-02
-2.449957597E-02-2.639400747E-02-2.833351529E-02-3.031957599E-02-3.235350499E-02
-3.443643468E-02-3.656928797E-02-3.875275079E-02-4.098724076E-02-4.327287375E-02
-4.560942871E-02-4.799631074E-02-5.043251441E-02-5.291658687E-02-5.544659340E-02
-5.802008862E-02-6.063409166E-02-6.328507174E-02-6.596894517E-02-6.868108239E-02
-7.141633450E-02-7.416907122E-02-7.693323451E-02-7.970240719E-02-8.246989300E-02
-8.522880362E-02-8.797214837E-02-9.069292374E-02-9.338419775E-02-9.603918220E-02
-9.865129526E-02-1.012142082E-01-1.037218779E-01-1.061685645E-01-1.085488337E-01
-1.108575496E-01-1.130898623E-01-1.152411880E-01-1.173071775E-01-1.192836843E-01
-1.211667409E-01-1.229525355E-01-1.246373907E-01-1.262177613E-01-1.276901983E-01
-1.290513286E-01-1.302979060E-01-1.314267789E-01-1.324349293E-01-1.333194512E-01
-1.340776141E-01-1.347068549E-01-1.352048097E-01-1.355693416E-01-1.357985528E-01
-1.358908042E-01-1.358447227E-01-1.356592019E-01-1.353333972E-01-1.348667169E-01
-1.342587988E-01-1.335094918E-01-1.326188159E-01-1.315869335E-01-1.304141250E-01
-1.291007354E-01-1.276471800E-01-1.260539066E-01-1.243213485E-01-1.224499524E-01
-1.204401871E-01-1.182925478E-01-1.160075786E-01-1.135859072E-01-1.110282930E-01
-1.083356880E-01-1.055093033E-01-1.025506775E-01-9.946174281E-02-9.624488373E-02
-9.290297920E-02-8.943942104E-02-8.585810027E-02-8.216335531E-02-7.835988131E-02
-7.445260258E-02-7.044651667E-02-6.634652136E-02-6.215724516E-02-5.788290135E-02
-5.352717989E-02-4.909319417E-02-4.458348960E-02-4.000011520E-02-3.534475496E-02
-3.061891075E-02-2.582412606E-02-2.096225433E-02-1.603579194E-02-1.104780075E-02
-6.001119912E-03-9.047916792E-04 4.213733934E-03 9.334244960E-03 1.445457724E-02
 1.957547415E-02 2.469693250E-02 2.981881796E-02 8.597454422E-03 7.164598555E-03
 5.731617214E-03 4.298459271E-03 2.865151281E-03 1.432272625E-03-2.021563422E-06
-1.451556004E-03-2.927504831E-03-4.425305208E-03-5.940474624E-03-7.472597982E-03
-9.023729712E-03-1.059715515E-02-1.219637444E-02-1.382444474E-02-1.548385737E-02
-1.717678624E-02-1.890531742E-02-2.067148360E-02-2.247723173E-02-2.432440843E-02
-2.621475062E-02-2.814987257E-02-3.013124808E-02-3.216019099E-02-3.423783374E-02
-3.636510119E-02-3.854268364E-02-4.077100605E-02-4.305019462E-02-4.538004210E-02
-4.775997181E-02-5.018900076E-02-5.266570308E-02-5.518817632E-02-5.775401172E-02
-6.036026973E-02-6.300346547E-02-6.567956381E-02-6.838398716E-02-7.111163886E-02
-7.385694073E-02-7.661388428E-02-7.937609712E-02-8.213692130E-02-8.488949968E-02
-8.762686602E-02-9.034203361E-02-9.302808144E-02-9.567822619E-02-9.828588429E-02
-1.008447172E-01-1.033486626E-01-1.057919549E-01-1.081691333E-01-1.104750459E-01
-1.127048372E-01-1.148539121E-01-1.169178949E-01-1.188926131E-01-1.207740978E-01
-1.225585487E-01-1.242422710E-01-1.258217137E-01-1.272934530E-01-1.286541193E-01
-1.299004752E-01-1.310293970E-01-1.320378660E-01-1.329230046E-01-1.336820941E-01
-1.343125860E-01-1.348121343E-01-1.351786112E-01-1.354101253E-01-1.355050398E-01
-1.354619789E-01-1.352798298E-01-1.349577376E-01-1.344950943E-01-1.338915206E-01
-1.331468399E-01-1.322610497E-01-1.312342853E-01-1.300668106E-01-1.287589422E-01
-1.273110646E-01-1.257236185E-01-1.239970202E-01-1.221316940E-01-1.201281093E-01
-1.179867700E-01-1.157082243E-01-1.132930955E-01-1.107421458E-01-1.080563448E-01
-1.052369308E-01-1.022854701E-01-9.920392087E-02-9.599468960E-02-9.266067501E-02
-8.920528506E-02-8.563242078E-02-8.194642263E-02-7.815197878E-02-7.425399792E-02
-7.025745393E-02-6.616721442E-02-6.198787368E-02-5.772360929E-02-5.337807684E-02
-4.895435906E-02-4.445497640E-02-3.988195992E-02-3.523698287E-02-3.052154295E-02
-2.573718521E-02-2.088576916E-02-1.596979973E-02-1.099234084E-02-5.956246234E-03
-8.706286275E-04 4.237308216E-03 9.347974651E-03 1.445926731E-02 1.957183465E-02
 2.468562569E-02 2.980037726E-02 8.804097785E-03 7.370638119E-03 5.936960349E-03
 4.502998131E-03 3.068752385E-03 1.634662470E-03 1.996422573E-04-1.247659538E-03
-2.721311927E-03-4.217685484E-03-5.731773484E-03-7.262711829E-03-8.812287884E-03
-1.038366798E-02-1.198035450E-02-1.360546525E-02-1.526154058E-02-1.695076301E-02
-1.867520760E-02-2.043689796E-02-2.223777433E-02-2.407967687E-02-2.596433635E-02
-2.789336179E-02-2.986822319E-02-3.189023226E-02-3.396052152E-02-3.608001885E-02
-3.824942068E-02-4.046916201E-02-4.273938351E-02-4.505989779E-02-4.743015353E-02
-4.984919864E-02-5.231564478E-02-5.482763313E-02-5.738280454E-02-5.997827602E-02
-6.261062410E-02-6.527588019E-02-6.796953717E-02-7.068657031E-02-7.342147446E-02
-7.616831151E-02-7.892077472E-02-8.167226270E-02-8.441596447E-02-8.714494641E-02
-8.985224263E-02-9.253094442E-02-9.517427798E-02-9.777566393E-02-1.003287574E-01
-1.028274693E-01-1.052659940E-01-1.076388397E-01-1.099408459E-01-1.121671376E-01
-1.143130667E-01-1.163742175E-01-1.183464342E-01-1.202257605E-01-1.220083537E-01
-1.236905074E-01-1.252687026E-01-1.267395011E-01-1.280995473E-01-1.293456390E-01
-1.304746562E-01-1.314836062E-01-1.323696342E-01-1.331300427E-01-1.337623055E-01
-1.342640951E-01-1.346332956E-01-1.348680264E-01-1.349666534E-01-1.349277978E-01
-1.347503376E-01-1.344334036E-01-1.339763672E-01-1.333788226E-01-1.326405610E-01
-1.317615490E-01-1.307418911E-01-1.295818175E-01-1.282815942E-01-1.268416099E-01
-1.252622521E-01-1.235439232E-01-1.216870416E-01-1.196920739E-01-1.175595187E-01
-1.152899014E-01-1.128838551E-01-1.103421793E-01-1.076658784E-01-1.048562161E-01
-1.019147911E-01-9.884359235E-02-9.564504955E-02-9.232208373E-02-8.887812424E-02
-8.531708704E-02-8.164331699E-02-7.786149336E-02-7.397650338E-02-6.999328859E-02
-6.591667620E-02-6.175121452E-02-5.750103324E-02-5.316974161E-02-4.876038082E-02
-4.427543706E-02-3.971691577E-02-3.508647430E-02-3.038560377E-02-2.561585060E-02
-2.077908224E-02-1.587781491E-02-1.091511465E-02-5.893855449E-03-8.232448745E-04
 4.269872871E-03 9.366767446E-03 1.446541430E-02 1.956632957E-02 2.466939610E-02
 2.977417051E-02 9.069800034E-03 7.635629060E-03 6.201123352E-03 4.766196322E-03
 3.330821651E-03 1.895285018E-03 4.592789866E-04-9.857452553E-04-2.456375601E-03
-3.950733387E-03-5.463378468E-03-6.992819483E-03-8.540464209E-03-1.010929838E-02
-1.170280739E-02-1.332418160E-02-1.497603077E-02-1.666055592E-02-1.837981944E-02
-2.013583254E-02-2.193052678E-02-2.376573419E-02-2.564317770E-02-2.756445943E-02
-2.953104436E-02-3.154424117E-02-3.360518209E-02-3.571479817E-02-3.787379272E-02
-4.008261249E-02-4.234141581E-02-4.465003914E-02-4.700796192E-02-4.941427099E-02
-5.186762529E-02-5.436622191E-02-5.690776674E-02-5.948944912E-02-6.210792530E-02
-6.475931089E-02-6.743918555E-02-7.014261190E-02-7.286417261E-02-7.559801857E-02
-7.833792948E-02-8.107738664E-02-8.380964970E-02-8.652783456E-02-8.922500167E-02
-9.189424754E-02-9.452879822E-02-9.712207725E-02-9.966773708E-02-1.021596644E-01
-1.045920151E-01-1.069592659E-01-1.092562285E-01-1.114779951E-01-1.136198887E-01
-1.156774547E-01-1.176464976E-01-1.195230642E-01-1.213033043E-01-1.229835002E-01
-1.245601400E-01-1.260297819E-01-1.273891053E-01-1.286349089E-01-1.297641018E-01
-1.307737220E-01-1.316609384E-01-1.324230808E-01-1.330576493E-01-1.335623331E-01
-1.339350381E-01-1.341738925E-01-1.342772663E-01-1.342437776E-01-1.340722930E-01
-1.337619244E-01-1.333120175E-01-1.327221346E-01-1.319920301E-01-1.311216306E-01
-1.301110047E-01-1.289603297E-01-1.276698455E-01-1.262399114E-01-1.246708244E-01
-1.229630274E-01-1.211169164E-01-1.191329393E-01-1.170115681E-01-1.147533381E-01
-1.123589256E-01-1.098291569E-01-1.071650608E-01-1.043679160E-01-1.014393488E-01
-9.838139680E-02-9.519654156E-02-9.188774289E-02-8.845845788E-02-8.491262020E-02
-8.125457651E-02-7.748898686E-02-7.362070262E-02-6.965461809E-02-6.559550676E-02
-6.144785824E-02-5.721574057E-02-5.290270387E-02-4.851173713E-02-4.404528487E-02
-3.950532324E-02-3.489349267E-02-3.021127884E-02-2.546023261E-02-2.064223378E-02
-1.575981466E-02-1.081604471E-02-5.813825624E-03-7.624836073E-04 4.311621721E-03
 9.390846366E-03 1.447325818E-02 1.955920545E-02 2.464848831E-02 2.974043415E-02
 9.394903161E-03 7.959923880E-03 6.524470551E-03 5.088431102E-03 3.651755958E-03
 2.214581513E-03 7.772329362E-04-6.659842429E-04-2.132817521E-03-3.624430051E-03
-5.135230265E-03-6.662882854E-03-8.208278896E-03-9.774141066E-03-1.136390083E-02
-1.298082482E-02-1.462761517E-02-1.630650744E-02-1.801955211E-02-1.976874404E-02
-2.155600408E-02-2.338315450E-02-2.525190888E-02-2.716386109E-02-2.912047017E-02
-3.112304142E-02-3.317270663E-02-3.527040041E-02-3.741683451E-02-3.961246987E-02
-4.185748495E-02-4.415174349E-02-4.649476057E-02-4.888566712E-02-5.132317563E-02
-5.380554774E-02-5.633056596E-02-5.889550768E-02-6.149712693E-02-6.413164768E-02
-6.679476259E-02-6.948164477E-02-7.218698202E-02-7.490501875E-02-7.762962194E-02
-8.035436021E-02-8.307257975E-02-8.577747817E-02-8.846217255E-02-9.111978464E-02
-9.374353732E-02-9.632684196E-02-9.886333826E-02-1.013469045E-01-1.037716844E-01
-1.061321067E-01-1.084228930E-01-1.106390902E-01-1.127760318E-01-1.148292445E-01
-1.167944639E-01-1.186676961E-01-1.204451119E-01-1.221229928E-01-1.236978002E-01
-1.251661103E-01-1.265246299E-01-1.277701653E-01-1.288996562E-01-1.299101642E-01
-1.307988964E-01-1.315632111E-01-1.322006326E-01-1.327088737E-01-1.330858619E-01
-1.333297376E-01-1.334388742E-01-1.334118859E-01-1.332476260E-01-1.329451843E-01
-1.325038764E-01-1.319232276E-01-1.312029537E-01-1.303429305E-01-1.293431823E-01
-1.282038306E-01-1.269250920E-01-1.255072612E-01-1.239506185E-01-1.222555841E-01
-1.204224675E-01-1.184517619E-01-1.163439326E-01-1.140995452E-01-1.117192949E-01
-1.092039997E-01-1.065547090E-01-1.037727805E-01-1.008598951E-01-9.781813740E-02
-9.465003451E-02-9.135856872E-02-8.794721770E-02-8.441993174E-02-8.078105809E-02
-7.703524193E-02-7.318730470E-02-6.924209344E-02-6.520431863E-02-6.107839672E-02
-5.686831559E-02-5.257754712E-02-4.820901152E-02-4.376509966E-02-3.924775190E-02
-3.465858862E-02-2.999908975E-02-2.527081304E-02-2.047565523E-02-1.561617090E-02
-1.069543699E-02-5.716394739E-03-6.885134980E-04 4.362469642E-03 9.420206364E-03
 1.448286402E-02 1.955058880E-02 2.462308217E-02 2.969939473E-02 9.779583729E-03
 8.343724388E-03 6.907233184E-03 5.469966961E-03 4.031863527E-03 2.592939727E-03
 1.153785212E-03-2.887677286E-04-1.750924593E-03-3.238845924E-03-4.747311628E-03
-6.272876144E-03-7.815751159E-03-9.378288920E-03-1.096380597E-02-1.257563532E-02
-1.421659476E-02-1.588897866E-02-1.759483151E-02-1.933612794E-02-2.111477529E-02
-2.293258417E-02-2.479125691E-02-2.669237723E-02-2.863739626E-02-3.062761419E-02
-3.266416132E-02-3.474797579E-02-3.687977845E-02-3.906004694E-02-4.128898467E-02
-4.356648868E-02-4.589211729E-02-4.826505627E-02-5.068408233E-02-5.314752994E-02
-5.565326335E-02-5.819865030E-02-6.078054333E-02-6.339527818E-02-6.603867435E-02
-6.870604408E-02-7.139221895E-02-7.409157742E-02-7.679810124E-02-7.950544885E-02
-8.220704717E-02-8.489617439E-02-8.756602674E-02-9.020978477E-02-9.282069887E-02
-9.539216561E-02-9.791777511E-02-1.003913651E-01-1.028070778E-01-1.051593355E-01
-1.074428095E-01-1.096524510E-01-1.117835240E-01-1.138315790E-01-1.157923170E-01
-1.176616861E-01-1.194358300E-01-1.211110434E-01-1.226837865E-01-1.241506249E-01
-1.255082915E-01-1.267536172E-01-1.278835578E-01-1.288952103E-01-1.297858155E-01
-1.305527579E-01-1.311935954E-01-1.317060651E-01-1.320881142E-01-1.323378971E-01
-1.324537907E-01-1.324344038E-01-1.322785748E-01-1.319853695E-01-1.315540704E-01
-1.309841629E-01-1.302753163E-01-1.294273572E-01-1.284402510E-01-1.273140697E-01
-1.260489894E-01-1.246452464E-01-1.231031127E-01-1.214229269E-01-1.196050243E-01
-1.176498898E-01-1.155579151E-01-1.133297292E-01-1.109660431E-01-1.084677213E-01
-1.058358837E-01-1.030719211E-01-1.001775371E-01-9.715485607E-02-9.400647503E-02
-9.073543739E-02-8.734525782E-02-8.383990417E-02-8.022370899E-02-7.650127341E-02
-7.267736698E-02-6.875677698E-02-6.474413607E-02-6.064377344E-02-5.645959328E-02
-5.219499127E-02-4.785282064E-02-4.343541730E-02-3.894468027E-02-3.438220311E-02
-2.974945430E-02-2.504799459E-02-2.027973650E-02-1.544725809E-02-1.055364334E-02
-5.601883467E-03-6.016121571E-04 4.422209234E-03 9.454711371E-03 1.449415967E-02
 1.954046546E-02 2.459321606E-02 2.965113848E-02 1.022402492E-02 8.787253855E-03
 7.349677398E-03 5.911115554E-03 4.471506432E-03 3.030792857E-03 1.589375032E-03
 1.459781013E-04-1.310976998E-03-2.794120174E-03-4.299603865E-03-5.822745558E-03
-7.362872192E-03-8.921822595E-03-1.050270592E-02-1.210888869E-02-1.374332132E-02
-1.540838905E-02-1.710614438E-02-1.883853881E-02-2.060746321E-02-2.241471640E-02
-2.426198972E-02-2.615085715E-02-2.808276263E-02-3.005900272E-02-3.208070763E-02
-3.414882044E-02-3.626407101E-02-3.842695068E-02-4.063768456E-02-4.289619993E-02
-4.520209373E-02-4.755460335E-02-4.995257525E-02-5.239443025E-02-5.487813482E-02
-5.740117388E-02-5.996052508E-02-6.255264915E-02-6.517349142E-02-6.781849745E-02
-7.048264484E-02-7.316047404E-02-7.584612600E-02-7.853339542E-02-8.121581193E-02
-8.388672898E-02-8.653939676E-02-8.916703775E-02-9.176294820E-02-9.432056571E-02
-9.683348678E-02-9.929551282E-02-1.017007061E-01-1.040434184E-01-1.063183338E-01
-1.085203763E-01-1.106447082E-01-1.126868163E-01-1.146423944E-01-1.165073520E-01
-1.182778098E-01-1.199500346E-01-1.215204922E-01-1.229857570E-01-1.243425620E-01
-1.255877616E-01-1.267183360E-01-1.277314213E-01-1.286242770E-01-1.293943219E-01
-1.300391515E-01-1.305565269E-01-1.309444105E-01-1.312009704E-01-1.313245896E-01
-1.313138689E-01-1.311676311E-01-1.308849157E-01-1.304649704E-01-1.299072373E-01
-1.292113360E-01-1.283770416E-01-1.274042613E-01-1.262930198E-01-1.250434238E-01
-1.236556742E-01-1.221300009E-01-1.204666946E-01-1.186661365E-01-1.167287011E-01
-1.146548605E-01-1.124452714E-01-1.101005737E-01-1.076217127E-01-1.050098789E-01
-1.022664942E-01-9.939337229E-02-9.639270003E-02-9.326710309E-02-9.001964162E-02
-8.665385367E-02-8.317373279E-02-7.958361245E-02-7.588807405E-02-7.209184005E-02
-6.819961914E-02-6.421593502E-02-6.014499907E-02-5.599061073E-02-5.175607701E-02
-4.744417386E-02-4.305717523E-02-3.859693798E-02-3.406503545E-02-2.946293452E-02
-2.479220874E-02-2.005479562E-02-1.525330193E-02-1.039081529E-02-5.470383972E-03
-5.018199285E-04 4.490866289E-03 9.494440931E-03 1.450726156E-02 1.952897774E-02
 2.455905122E-02 2.959584170E-02 1.072839739E-02 9.290714452E-03 7.852040237E-03
 6.412154830E-03 4.970998475E-03 3.528466087E-03 2.084686231E-03 6.396682732E-04
-8.132421920E-04-2.290627328E-03-3.792155494E-03-5.312426182E-03-6.849578362E-03
-8.404745137E-03-9.980702296E-03-1.158078655E-02-1.320808443E-02-1.486511133E-02
-1.655395604E-02-1.827654950E-02-2.003476269E-02-2.183038034E-02-2.366507904E-02
-2.554041848E-02-2.745783033E-02-2.941860210E-02-3.142385798E-02-3.347454073E-02
-3.557139044E-02-3.771491811E-02-3.990537807E-02-4.214273873E-02-4.442665035E-02
-4.675641022E-02-4.913093277E-02-5.154871810E-02-5.400782529E-02-5.650585317E-02
-5.903992033E-02-6.160664796E-02-6.420214903E-02-6.682203077E-02-6.946141944E-02
-7.211500194E-02-7.477706509E-02-7.744154590E-02-8.010210713E-02-8.275223215E-02
-8.538528638E-02-8.799456379E-02-9.057338127E-02-9.311516293E-02-9.561348780E-02
-9.806217942E-02-1.004553078E-01-1.027871436E-01-1.050522745E-01-1.072455920E-01
-1.093622303E-01-1.113975946E-01-1.133473465E-01-1.152073480E-01-1.169736837E-01
-1.186426258E-01-1.202106020E-01-1.216742004E-01-1.230301612E-01-1.242753418E-01
-1.254067701E-01-1.264215918E-01-1.273170989E-01-1.280907455E-01-1.287401470E-01
-1.292630980E-01-1.296575789E-01-1.299217687E-01-1.300540516E-01-1.300530225E-01
-1.299174868E-01-1.296464565E-01-1.292391427E-01-1.286949428E-01-1.280134246E-01
-1.271943090E-01-1.262374473E-01-1.251428055E-01-1.239104470E-01-1.225405053E-01
-1.210331762E-01-1.193887229E-01-1.176075052E-01-1.156898913E-01-1.136364036E-01
-1.114476113E-01-1.091242775E-01-1.066674257E-01-1.040781797E-01-1.013580451E-01
-9.850893653E-02-9.553308385E-02-9.243319549E-02-8.921241043E-02-8.587428831E-02
-8.242280233E-02-7.886223149E-02-7.519711150E-02-7.143211774E-02-6.757187690E-02
-6.362081926E-02-5.958305935E-02-5.546228903E-02-5.126170130E-02-4.698396398E-02
-4.263126688E-02-3.820541516E-02-3.370796032E-02-2.914036812E-02-2.450422882E-02
-1.980151098E-02-1.503485693E-02-1.020736182E-02-5.322149713E-03-3.892303026E-04
 4.568523994E-03 9.539626684E-03 1.452251041E-02 1.951654215E-02 2.452105166E-02
 2.953399556E-02 1.129278717E-02 9.854235798E-03 8.414501377E-03 6.973322751E-03
 5.530638078E-03 4.086317974E-03 2.640310693E-03 1.193104782E-03-2.582243375E-04
-1.728833413E-03-3.225055350E-03-4.741837260E-03-6.275771148E-03-7.827047075E-03
-9.397937867E-03-1.099163997E-02-1.261134634E-02-1.425973479E-02-1.593896899E-02
-1.765096672E-02-1.939756990E-02-2.118054447E-02-2.300155359E-02-2.486214607E-02
-2.676374482E-02-2.870763288E-02-3.069493577E-02-3.272660158E-02-3.480337786E-02
-3.692578820E-02-3.909410737E-02-4.130833334E-02-4.356816151E-02-4.587295588E-02
-4.822171766E-02-5.061305253E-02-5.304513732E-02-5.551569150E-02-5.802196057E-02
-6.056070595E-02-6.312819827E-02-6.572021683E-02-6.833206558E-02-7.095861542E-02
-7.359434883E-02-7.623339011E-02-7.886954825E-02-8.149640806E-02-8.410741773E-02
-8.669594883E-02-8.925539754E-02-9.177926197E-02-9.426113065E-02-9.669475630E-02
-9.907417202E-02-1.013936446E-01-1.036477031E-01-1.058311627E-01-1.079391166E-01
-1.099669050E-01-1.119101149E-01-1.137646049E-01-1.155263979E-01-1.171917390E-01
-1.187570428E-01-1.202189002E-01-1.215740299E-01-1.228193346E-01-1.239518392E-01
-1.249687153E-01-1.258672846E-01-1.266450282E-01-1.272995904E-01-1.278287857E-01
-1.282306122E-01-1.285032603E-01-1.286451140E-01-1.286547606E-01-1.285309869E-01
-1.282727772E-01-1.278793050E-01-1.273499226E-01-1.266841463E-01-1.258816422E-01
-1.249422043E-01-1.238657373E-01-1.226522596E-01-1.213018580E-01-1.198146880E-01
-1.181909736E-01-1.164310554E-01-1.145353317E-01-1.125042685E-01-1.103385342E-01
-1.080389241E-01-1.056064073E-01-1.030422630E-01-1.003481225E-01-9.752583660E-02
-9.457770000E-02-9.150651638E-02-8.831545546E-02-8.500812121E-02-8.158851672E-02
-7.806090847E-02-7.442977400E-02-7.069967637E-02-6.687509660E-02-6.296034556E-02
-5.895943978E-02-5.487596288E-02-5.071300200E-02-4.647314245E-02-4.215850843E-02
-3.777085177E-02-3.331168343E-02-2.878244813E-02-2.418473973E-02-1.952055309E-02
-1.479256610E-02-1.000387847E-02-5.157707279E-03-2.642724268E-04 4.654910017E-03
 9.590168222E-03 1.453997520E-02 1.950338793E-02 2.447959101E-02 2.946610056E-02
 1.191727105E-02 1.047794484E-02 9.037239148E-03 7.594849829E-03 6.150708103E-03
 4.704680934E-03 3.256630721E-03 1.806783436E-03 3.544760168E-04-1.109410551E-03
-2.598825874E-03-4.111167772E-03-5.641526626E-03-7.188821795E-03-8.754595352E-03
-1.034174226E-02-1.195349227E-02-1.359270678E-02-1.526168185E-02-1.696235385E-02
-1.869653849E-02-2.046598463E-02-2.227234224E-02-2.411714405E-02-2.600179734E-02
-2.792757222E-02-2.989558480E-02-3.190678027E-02-3.396191604E-02-3.606153782E-02
-3.820595515E-02-4.039521379E-02-4.262906379E-02-4.490692920E-02-4.722788065E-02
-4.959060807E-02-5.199339356E-02-5.443408307E-02-5.691006607E-02-5.941826493E-02
-6.195513757E-02-6.451667192E-02-6.709838221E-02-6.969531967E-02-7.230212775E-02
-7.491309462E-02-7.752219811E-02-8.012318430E-02-8.270966066E-02-8.527512655E-02
-8.781301424E-02-9.031682261E-02-9.278019355E-02-9.519689666E-02-9.756092118E-02
-9.986649832E-02-1.021081163E-01-1.042805249E-01-1.063787266E-01-1.083980391E-01
-1.103339928E-01-1.121823637E-01-1.139391499E-01-1.156005616E-01-1.171629970E-01
-1.186230091E-01-1.199773486E-01-1.212229010E-01-1.223567063E-01-1.233759533E-01
-1.242780012E-01-1.250603410E-01-1.257206384E-01-1.262567318E-01-1.266666330E-01
-1.269485384E-01-1.271008337E-01-1.271220960E-01-1.270110928E-01-1.267667798E-01
-1.263882934E-01-1.258749409E-01-1.252261884E-01-1.244416469E-01-1.235210558E-01
-1.224642655E-01-1.212712356E-01-1.199420151E-01-1.184767308E-01-1.168755783E-01
-1.151388578E-01-1.132670005E-01-1.112604769E-01-1.091199711E-01-1.068463109E-01
-1.044405829E-01-1.019040969E-01-9.923845967E-02-9.644569068E-02-9.352822986E-02
-9.048881161E-02-8.733061076E-02-8.405729579E-02-8.067284834E-02-7.718150509E-02
-7.358771909E-02-6.989597243E-02-6.611064238E-02-6.223590473E-02-5.827560134E-02
-5.423314045E-02-5.011148599E-02-4.591314820E-02-4.164019542E-02-3.729433929E-02
-3.287707447E-02-2.838985161E-02-2.383428237E-02-1.921238687E-02-1.452686234E-02
-9.780790650E-03-4.977488803E-03-1.273810542E-04 4.749643309E-03 9.645757748E-03
 1.455943711E-02 1.948940414E-02 2.443467952E-02 2.939229441E-02 1.260184227E-02
 1.116186772E-02 9.720316216E-03 8.276841022E-03 6.831365756E-03 5.383753215E-03
 3.933826711E-03 2.481525903E-03 1.027190176E-03-4.329744497E-04-1.914274830E-03
-3.420589631E-03-4.946727060E-03-6.489870592E-03-8.050539050E-03-9.631115918E-03
-1.123473806E-02-1.286442702E-02-1.452266109E-02-1.621144095E-02-1.793255797E-02
-1.968772957E-02-2.147858533E-02-2.330664385E-02-2.517330292E-02-2.707982832E-02
-2.902733866E-02-3.101678705E-02-3.304894078E-02-3.512435823E-02-3.724336689E-02
-3.940604107E-02-4.161217363E-02-4.386124888E-02-4.615241458E-02-4.848445539E-02
-5.085577315E-02-5.326436305E-02-5.570778706E-02-5.818314311E-02-6.068705306E-02
-6.321567185E-02-6.576470297E-02-6.832940649E-02-7.090463838E-02-7.348491188E-02
-7.606442477E-02-7.863708290E-02-8.119658479E-02-8.373654336E-02-8.625052652E-02
-8.873209217E-02-9.117490191E-02-9.357275209E-02-9.591961970E-02-9.820969941E-02
-1.004374039E-01-1.025974482E-01-1.046848057E-01-1.066946825E-01-1.086225614E-01
-1.104641582E-01-1.122154359E-01-1.138725540E-01-1.154318667E-01-1.168899380E-01
-1.182434845E-01-1.194893951E-01-1.206247154E-01-1.216466572E-01-1.225525672E-01
-1.233399775E-01-1.240065684E-01-1.245501896E-01-1.249688658E-01-1.252607949E-01
-1.254243628E-01-1.254581349E-01-1.253608582E-01-1.251314599E-01-1.247690399E-01
-1.242728617E-01-1.236423425E-01-1.228770404E-01-1.219766427E-01-1.209409513E-01
-1.197698722E-01-1.184634103E-01-1.170216614E-01-1.154448190E-01-1.137331532E-01
-1.118870825E-01-1.099071546E-01-1.077940166E-01-1.055486053E-01-1.031719953E-01
-1.006656155E-01-9.803117627E-02-9.527071369E-02-9.238665705E-02-8.938189130E-02
-8.625971506E-02-8.302369825E-02-7.967773815E-02-7.622607146E-02-7.267306851E-02
-6.902308771E-02-6.528041908E-02-6.144912986E-02-5.753292317E-02-5.353507631E-02
-4.945841530E-02-4.530530249E-02-4.107768763E-02-3.677722818E-02-3.240541802E-02
-2.796373298E-02-2.345382303E-02-1.887775654E-02-1.423827341E-02-9.538449844E-03
-4.781733917E-03 2.125794882E-05 4.852588048E-03 9.706281604E-03 1.458078482E-02
 1.947447915E-02 2.438621492E-02 2.931249919E-02 1.334651785E-02 1.190608891E-02
 1.046389043E-02 9.019533043E-03 7.572930204E-03 6.123931220E-03 4.672350664E-03
 3.218008356E-03 1.761098472E-03 3.007908821E-04-1.172220136E-03-2.670564328E-03
-4.191420775E-03-5.730124040E-03-7.285762564E-03-8.859923051E-03-1.045543901E-02
-1.207540311E-02-1.372250853E-02-1.539889600E-02-1.710637041E-02-1.884662214E-02
-2.062126679E-02-2.243181371E-02-2.427964890E-02-2.616602445E-02-2.809204709E-02
-3.005866309E-02-3.206663947E-02-3.411654515E-02-3.620872947E-02-3.834329984E-02
-4.052009978E-02-4.273868785E-02-4.499830782E-02-4.729785809E-02-4.963585501E-02
-5.201040886E-02-5.441921066E-02-5.685951817E-02-5.932814084E-02-6.182144053E-02
-6.433535163E-02-6.686538523E-02-6.940662561E-02-7.195375901E-02-7.450115001E-02
-7.704291746E-02-7.957295678E-02-8.208500287E-02-8.457273256E-02-8.702980610E-02
-8.944993409E-02-9.182693865E-02-9.415476954E-02-9.642760394E-02-9.863986787E-02
-1.007861876E-01-1.028614620E-01-1.048608465E-01-1.067797559E-01-1.086138640E-01
-1.103590500E-01-1.120114318E-01-1.135673482E-01-1.150233102E-01-1.163760257E-01
-1.176223695E-01-1.187593799E-01-1.197842788E-01-1.206944302E-01-1.214873619E-01
-1.221607711E-01-1.227125172E-01-1.231406302E-01-1.234433116E-01-1.236189397E-01
-1.236660668E-01-1.235834198E-01-1.233698975E-01-1.230245638E-01-1.225466404E-01
-1.219354980E-01-1.211906458E-01-1.203117209E-01-1.192984786E-01-1.181507829E-01
-1.168686022E-01-1.154519995E-01-1.139011472E-01-1.122163413E-01-1.103979725E-01
-1.084466210E-01-1.063630020E-01-1.041480517E-01-1.018029623E-01-9.932918038E-02
-9.672848104E-02-9.400303406E-02-9.115533007E-02-8.818823410E-02-8.510501819E-02
-8.190934670E-02-7.860517899E-02-7.519660253E-02-7.168781066E-02-6.808307996E-02
-6.438657050E-02-6.060217075E-02-5.673344361E-02-5.278356727E-02-4.875526068E-02
-4.465078622E-02-4.047201774E-02-3.622054400E-02-3.189779451E-02-2.750521505E-02
-2.304447910E-02-1.851771873E-02-1.392773897E-02-9.277629226E-03-4.571019961E-03
 1.812812208E-04 4.963594801E-03 9.771757478E-03 1.460414063E-02 1.945878331E-02
 2.433437509E-02 2.922687758E-02 1.415150808E-02 1.271084888E-02 1.126821917E-02
 9.823187047E-03 8.375658837E-03 6.925471750E-03 5.472439632E-03 4.016347072E-03
 2.557082086E-03 1.094941794E-03-3.734534394E-04-1.862304163E-03-3.376012518E-03
-4.909585617E-03-6.460129092E-03-8.028064007E-03-9.615651669E-03-1.122589330E-02
-1.286167730E-02-1.452535763E-02-1.621881346E-02-1.794370940E-02-1.970162834E-02
-2.149405870E-02-2.332236857E-02-2.518779498E-02-2.709143455E-02-2.903422971E-02
-3.101695237E-02-3.304019078E-02-3.510432969E-02-3.720952506E-02-3.935567867E-02
-4.154240527E-02-4.376900924E-02-4.603446524E-02-4.833739392E-02-5.067603861E-02
-5.304824608E-02-5.545146213E-02-5.788271503E-02-6.033859091E-02-6.281521838E-02
-6.530829217E-02-6.781311944E-02-7.032464801E-02-7.283747434E-02-7.534590386E-02
-7.784402336E-02-8.032574367E-02-8.278487118E-02-8.521517485E-02-8.761041459E-02
-8.996444568E-02-9.227129153E-02-9.452511329E-02-9.672026744E-02-9.885135522E-02
-1.009132120E-01-1.029009445E-01-1.048099112E-01-1.066356817E-01-1.083741039E-01
-1.100212523E-01-1.115733930E-01-1.130270155E-01-1.143787919E-01-1.156255695E-01
-1.167644153E-01-1.177924968E-01-1.187071999E-01-1.195060568E-01-1.201867650E-01
-1.207471866E-01-1.211853537E-01-1.214994678E-01-1.216878941E-01-1.217491706E-01
-1.216820038E-01-1.214852634E-01-1.211579788E-01-1.206993325E-01-1.201086518E-01
-1.193854007E-01-1.185291710E-01-1.175396749E-01-1.164167389E-01-1.151603010E-01
-1.137704085E-01-1.122472155E-01-1.105910097E-01-1.088022322E-01-1.068814502E-01
-1.048294534E-01-1.026471981E-01-1.003359734E-01-9.789727170E-02-9.533297311E-02
-9.264523303E-02-8.983665316E-02-8.691018628E-02-8.386908968E-02-8.071694838E-02
-7.745764937E-02-7.409529029E-02-7.063404819E-02-6.707800090E-02-6.343106652E-02
-5.969699002E-02-5.587919636E-02-5.198068934E-02-4.800404280E-02-4.395144868E-02
-3.982474502E-02-3.562549207E-02-3.135510659E-02-2.701503913E-02-2.260697059E-02
-1.813304104E-02-1.359606959E-02-8.999136074E-03-4.346097221E-03 3.520578813E-04
 5.082213817E-03 9.841921362E-03 1.462941824E-02 1.944239719E-02 2.427938044E-02
 2.913575555E-02 1.501666823E-02 1.357595888E-02 1.213308554E-02 1.068758118E-02
 9.239353055E-03 7.788232647E-03 6.334029803E-03 4.876532783E-03 3.415515647E-03
 1.951058746E-03 4.827086243E-04-9.971015870E-04-2.501262389E-03-4.028322085E-03
-5.573468839E-03-7.135406894E-03-8.715463539E-03-1.031627413E-02-1.194079411E-02
-1.359161779E-02-1.527078535E-02-1.697997689E-02-1.872073934E-02-2.049453850E-02
-2.230272895E-02-2.414653951E-02-2.602706743E-02-2.794526354E-02-2.990191568E-02
-3.189762855E-02-3.393280046E-02-3.600760506E-02-3.812197351E-02-4.027557183E-02
-4.246777876E-02-4.469766307E-02-4.696396980E-02-4.926509900E-02-5.159906995E-02
-5.396349036E-02-5.635554332E-02-5.877199499E-02-6.120921007E-02-6.366314577E-02
-6.612934474E-02-6.860297899E-02-7.107888638E-02-7.355160339E-02-7.601541947E-02
-7.846443576E-02-8.089259206E-02-8.329376283E-02-8.566185469E-02-8.799081073E-02
-9.027463990E-02-9.250751548E-02-9.468379019E-02-9.679802183E-02-9.884502459E-02
-1.008198394E-01-1.027177162E-01-1.045342111E-01-1.062651042E-01-1.079063822E-01
-1.094542786E-01-1.109052306E-01-1.122558684E-01-1.135030407E-01-1.146437387E-01
-1.156751653E-01-1.165946745E-01-1.173997955E-01-1.180882219E-01-1.186578131E-01
-1.191065973E-01-1.194327669E-01-1.196346741E-01-1.197108400E-01-1.196599490E-01
-1.194808425E-01-1.191725164E-01-1.187341164E-01-1.181649298E-01-1.174643799E-01
-1.166320189E-01-1.156675216E-01-1.145706828E-01-1.133414149E-01-1.119797525E-01
-1.104858519E-01-1.088599982E-01-1.071026437E-01-1.052144249E-01-1.031961401E-01
-1.010488385E-01-9.877380171E-02-9.637268865E-02-9.384735568E-02-9.120010195E-02
-8.843350877E-02-8.555053183E-02-8.255451690E-02-7.944904003E-02-7.623787895E-02
-7.292498410E-02-6.951440165E-02-6.601013837E-02-6.241603712E-02-5.873562598E-02
-5.497207583E-02-5.112823524E-02-4.720657354E-02-4.320916385E-02-3.913774348E-02
-3.499384322E-02-3.077891034E-02-2.649444455E-02-2.214217613E-02-1.772429970E-02
-1.324366917E-02-8.703329813E-03-4.107349323E-03 5.331985781E-04 5.208110268E-03
 9.916518475E-03 1.465645610E-02 1.942525932E-02 2.422127150E-02 2.903927636E-02
 1.594146714E-02 1.450096201E-02 1.305813326E-02 1.161248350E-02 1.016391587E-02
 8.712248681E-03 7.257275851E-03 5.798778556E-03 4.336502842E-03 2.870235828E-03
 1.400203692E-03-7.561600497E-05-1.568879068E-03-3.087067223E-03-4.625952004E-03
-6.181924266E-03-7.754873987E-03-9.346712697E-03-1.096022637E-02-1.259819769E-02
-1.426291401E-02-1.595616200E-02-1.767947830E-02-1.943430755E-02-2.122199948E-02
-2.304378139E-02-2.490074288E-02-2.679382294E-02-2.872379971E-02-3.069127555E-02
-3.269666106E-02-3.474015846E-02-3.682174189E-02-3.894114365E-02-4.109783667E-02
-4.329099992E-02-4.551948836E-02-4.778180332E-02-5.007608171E-02-5.240009256E-02
-5.475122970E-02-5.712648710E-02-5.952244122E-02-6.193527477E-02-6.436078225E-02
-6.679438675E-02-6.923117097E-02-7.166591620E-02-7.409311486E-02-7.650704229E-02
-7.890185380E-02-8.127161694E-02-8.361032164E-02-8.591197391E-02-8.817066348E-02
-9.038058537E-02-9.253609643E-02-9.463176572E-02-9.666234544E-02-9.862278388E-02
-1.005083438E-01-1.023144969E-01-1.040369282E-01-1.056715861E-01-1.072146433E-01
-1.086624779E-01-1.100116758E-01-1.112590576E-01-1.124015721E-01-1.134363996E-01
-1.143608788E-01-1.151725232E-01-1.158690133E-01-1.164481993E-01-1.169080936E-01
-1.172468761E-01-1.174628857E-01-1.175546225E-01-1.175207470E-01-1.173600723E-01
-1.170715628E-01-1.166543298E-01-1.161076243E-01-1.154308337E-01-1.146234755E-01
-1.136851943E-01-1.126157596E-01-1.114150657E-01-1.100831365E-01-1.086201296E-01
-1.070263630E-01-1.053022929E-01-1.034485868E-01-1.014661288E-01-9.935599830E-02
-9.711955470E-02-9.475845869E-02-9.227473695E-02-8.967065333E-02-8.694886615E-02
-8.411237090E-02-8.116440206E-02-7.810854444E-02-7.494857731E-02-7.168832972E-02
-6.833165687E-02-6.488236639E-02-6.134413049E-02-5.772036391E-02-5.401415021E-02
-5.022815153E-02-4.636462424E-02-4.242552372E-02-3.841254249E-02-3.432717125E-02
-3.017082304E-02-2.594500960E-02-2.165153294E-02-1.729268840E-02-1.287140251E-02
-8.390715071E-03-3.854977455E-03 7.247191691E-04 5.341420458E-03 9.995716395E-03
 1.468541247E-02 1.940752020E-02 2.416021082E-02 2.893763435E-02 1.692567868E-02
 1.548575507E-02 1.404335740E-02 1.259795285E-02 1.114943435E-02 9.697605390E-03
 8.242244028E-03 6.783119400E-03 5.319981186E-03 3.852545697E-03 2.380707058E-03
 9.045339693E-04-5.805180616E-04-2.087353874E-03-3.617968762E-03-5.167471001E-03
-6.733583180E-03-8.317016727E-03-9.920037226E-03-1.154543472E-02-1.319576472E-02
-1.487303938E-02-1.657885256E-02-1.831461684E-02-2.008165215E-02-2.188116489E-02
-2.371422717E-02-2.558176825E-02-2.748456544E-02-2.942323079E-02-3.139819918E-02
-3.340971831E-02-3.545782180E-02-3.754230326E-02-3.966268753E-02-4.181821237E-02
-4.400781666E-02-4.623013206E-02-4.848346252E-02-5.076575257E-02-5.307456650E-02
-5.540709474E-02-5.776014189E-02-6.013012711E-02-6.251309364E-02-6.490472552E-02
-6.730034237E-02-6.969494042E-02-7.208327109E-02-7.445988292E-02-7.681911877E-02
-7.915517333E-02-8.146219289E-02-8.373431051E-02-8.596568243E-02-8.815056965E-02
-9.028337873E-02-9.235863660E-02-9.437104067E-02-9.631558674E-02-9.818744981E-02
-9.998201100E-02-1.016949213E-01-1.033220660E-01-1.048595439E-01-1.063036600E-01
-1.076510118E-01-1.088982822E-01-1.100424475E-01-1.110806281E-01-1.120101364E-01
-1.128284633E-01-1.135332697E-01-1.141223868E-01-1.145938040E-01-1.149456850E-01
-1.151763502E-01-1.152842757E-01-1.152680966E-01-1.151265974E-01-1.148587131E-01
-1.144635226E-01-1.139402449E-01-1.132882359E-01-1.125069843E-01-1.115961101E-01
-1.105553638E-01-1.093846295E-01-1.080839281E-01-1.066534289E-01-1.050934597E-01
-1.034045255E-01-1.015873233E-01-9.964277391E-02-9.757205528E-02-9.537656692E-02
-9.305801539E-02-9.061845484E-02-8.806026005E-02-8.538608690E-02-8.259888742E-02
-7.970196900E-02-7.669877146E-02-7.359294293E-02-7.038828683E-02-6.708854679E-02
-6.369732649E-02-6.021806943E-02-5.665398332E-02-5.300798234E-02-4.928262670E-02
-4.548012390E-02-4.160231316E-02-3.765074683E-02-3.362685907E-02-2.953208110E-02
-2.536795781E-02-2.113631634E-02-1.683949498E-02-1.248047672E-02-8.062322181E-03
-3.589746622E-03 9.262241986E-04 5.482150597E-03 1.007984644E-02 1.471681785E-02
 1.938978434E-02 2.409679340E-02 2.883137775E-02 1.796925703E-02 1.653027059E-02
 1.508865394E-02 1.364384098E-02 1.219572033E-02 1.074408942E-02 9.288720859E-03
 7.829377687E-03 6.365809711E-03 4.897740472E-03 3.424878556E-03 1.947235523E-03
 4.642397011E-04-1.031361359E-03-2.550631963E-03-4.092131324E-03-5.651292441E-03
-7.226891184E-03-8.820205585E-03-1.043368944E-02-1.207002642E-02-1.373150962E-02
-1.541989482E-02-1.713659975E-02-1.888290864E-02-2.066001092E-02-2.246897301E-02
-2.431072536E-02-2.618605960E-02-2.809561337E-02-3.003984840E-02-3.201903014E-02
-3.403320725E-02-3.608220074E-02-3.816559364E-02-4.028271945E-02-4.243263651E-02
-4.461409602E-02-4.682552593E-02-4.906502387E-02-5.133033825E-02-5.361885831E-02
-5.592760843E-02-5.825324919E-02-6.059205731E-02-6.293993689E-02-6.529247187E-02
-6.764496613E-02-6.999243335E-02-7.232961215E-02-7.465104967E-02-7.695116190E-02
-7.922425922E-02-8.146459784E-02-8.366646891E-02-8.582422529E-02-8.793226499E-02
-8.998511926E-02-9.197757569E-02-9.390455393E-02-9.576115795E-02-9.754275247E-02
-9.924493151E-02-1.008635033E-01-1.023944869E-01-1.038341856E-01-1.051790619E-01
-1.064257981E-01-1.075713008E-01-1.086126522E-01-1.095471282E-01-1.103721825E-01
-1.110854484E-01-1.116847316E-01-1.121679948E-01-1.125333769E-01-1.127791740E-01
-1.129038362E-01-1.129059711E-01-1.127843359E-01-1.125378357E-01-1.121655201E-01
-1.116665798E-01-1.110403436E-01-1.102862770E-01-1.094039810E-01-1.083931937E-01
-1.072537954E-01-1.059858122E-01-1.045894274E-01-1.030649932E-01-1.014130474E-01
-9.963432454E-02-9.772981027E-02-9.570071491E-02-9.354854156E-02-9.127502695E-02
-8.888223673E-02-8.637259227E-02-8.374876231E-02-8.101373491E-02-7.817067052E-02
-7.522303237E-02-7.217436477E-02-6.902821983E-02-6.578822439E-02-6.245789981E-02
-5.904049874E-02-5.553900615E-02-5.195612508E-02-4.829424840E-02-4.455545903E-02
-4.074154784E-02-3.685408610E-02-3.289447583E-02-2.886408453E-02-2.476445678E-02
-2.059748391E-02-1.636558709E-02-1.207177473E-02-7.719064019E-03-3.312534248E-03
 1.137007932E-03 5.629849708E-03 1.016875165E-02 1.475083488E-02 1.937252836E-02
 2.403174387E-02 2.872139004E-02 1.907186606E-02 1.763413449E-02 1.619363054E-02
 1.474976276E-02 1.330242046E-02 1.185139702E-02 1.039646068E-02 8.937370105E-03
 7.473870232E-03 6.005689182E-03 4.532520451E-03 3.054085977E-03 1.570474142E-03
 8.010242626E-05-1.426388550E-03-2.956932977E-03-4.508145645E-03-6.076192262E-03
-7.660639040E-03-9.263117516E-03-1.088612740E-02-1.253218230E-02-1.420332165E-02
-1.590108794E-02-1.762675869E-02-1.938150744E-02-2.116640851E-02-2.298240168E-02
-2.483027893E-02-2.671066778E-02-2.862402364E-02-3.057062087E-02-3.255054628E-02
-3.456368502E-02-3.660969596E-02-3.868798332E-02-4.079768645E-02-4.293766562E-02
-4.510648266E-02-4.730238679E-02-4.952330069E-02-5.176681317E-02-5.403015150E-02
-5.631017020E-02-5.860338104E-02-6.090598490E-02-6.321385733E-02-6.552253095E-02
-6.782724028E-02-7.012299116E-02-7.240458189E-02-7.466662531E-02-7.690361825E-02
-7.911001398E-02-8.128023573E-02-8.340867421E-02-8.548980571E-02-8.751829844E-02
-8.948889132E-02-9.139646920E-02-9.323615046E-02-9.500326167E-02-9.669333050E-02
-9.830209734E-02-9.982554245E-02-1.012599149E-01-1.026015612E-01-1.038471621E-01
-1.049935402E-01-1.060377322E-01-1.069769710E-01-1.078086664E-01-1.085304136E-01
-1.091399861E-01-1.096353156E-01-1.100145066E-01-1.102758265E-01-1.104176969E-01
-1.104386961E-01-1.103375535E-01-1.101131454E-01-1.097644940E-01-1.092907650E-01
-1.086912645E-01-1.079654395E-01-1.071128783E-01-1.061333127E-01-1.050266228E-01
-1.037928457E-01-1.024321834E-01-1.009450179E-01-9.933192483E-02-9.759368352E-02
-9.573130787E-02-9.374608734E-02-9.163954766E-02-8.941352567E-02-8.707008595E-02
-8.461162620E-02-8.204086938E-02-7.936070053E-02-7.657433349E-02-7.368503799E-02
-7.069625526E-02-6.761148812E-02-6.443408515E-02-6.116733549E-02-5.781440023E-02
-5.437813294E-02-5.086103581E-02-4.726532469E-02-4.359293409E-02-3.984555698E-02
-3.602470817E-02-3.213181056E-02-2.816831969E-02-2.413581971E-02-2.003619615E-02
-1.587190418E-02-1.164598919E-02-7.361466918E-03-3.023814581E-03 1.356642752E-03
 5.784152734E-03 1.026216873E-02 1.478734986E-02 1.935582666E-02 2.396535832E-02
 2.860821373E-02 2.023299312E-02 1.879686803E-02 1.735784898E-02 1.591532368E-02
 1.446918286E-02 1.301921643E-02 1.156518762E-02 1.010684911E-02 8.643936687E-03
 7.176168617E-03 5.703243705E-03 4.224820237E-03 2.740657203E-03 1.250888153E-03
-2.472563967E-04-1.764431148E-03-3.305021642E-03-4.864862128E-03-6.440947689E-03
-8.033395141E-03-9.644046448E-03-1.127537236E-02-1.292970287E-02-1.460886080E-02
-1.631422005E-02-1.804693672E-02-1.980805613E-02-2.159849803E-02-2.341903913E-02
-2.527030840E-02-2.715278441E-02-2.906678045E-02-3.101242384E-02-3.298963295E-02
-3.499811302E-02-3.703733872E-02-3.910653844E-02-4.120467795E-02-4.333044485E-02
-4.548223880E-02-4.765814165E-02-4.985589425E-02-5.207290974E-02-5.430629489E-02
-5.655283891E-02-5.880897823E-02-6.107080134E-02-6.333410042E-02-6.559440110E-02
-6.784696572E-02-7.008681599E-02-7.230880831E-02-7.450768262E-02-7.667806016E-02
-7.881445511E-02-8.091141409E-02-8.296359856E-02-8.496566843E-02-8.691237666E-02
-8.879866615E-02-9.061965068E-02-9.237061516E-02-9.404704690E-02-9.564462179E-02
-9.715934243E-02-9.858727035E-02-9.992479015E-02-1.011684789E-01-1.023151063E-01
-1.033616542E-01-1.043052995E-01-1.051434064E-01-1.058735238E-01-1.064933821E-01
-1.070008814E-01-1.073940837E-01-1.076712227E-01-1.078306890E-01-1.078710294E-01
-1.077909439E-01-1.075892817E-01-1.072650389E-01-1.068173586E-01-1.062455286E-01
-1.055489813E-01-1.047272966E-01-1.037802052E-01-1.027075936E-01-1.015095121E-01
-1.001861837E-01-9.873802143E-02-9.716563944E-02-9.546986320E-02-9.365175809E-02
-9.171262733E-02-8.965406814E-02-8.747792318E-02-8.518634117E-02-8.278167311E-02
-8.026658275E-02-7.764399641E-02-7.491692714E-02-7.208867053E-02-6.916248292E-02
-6.614163089E-02-6.302942131E-02-5.982892994E-02-5.654300774E-02-5.317436274E-02
-4.972543426E-02-4.619829949E-02-4.259474640E-02-3.891637098E-02-3.516462089E-02
-3.134089470E-02-2.744665755E-02-2.348357402E-02-1.945366653E-02-1.535947360E-02
-1.120400614E-02-6.990221510E-03-2.724021611E-03 1.584990273E-03 5.945100059E-03
 1.036019276E-02 1.482646309E-02 1.933980082E-02 2.389782731E-02 2.849214689E-02
 2.145212884E-02 2.001799295E-02 1.858086106E-02 1.714010172E-02 1.569560353E-02
 1.424714785E-02 1.279448752E-02 1.133736518E-02 9.875506716E-03 8.408623258E-03
 6.936417006E-03 5.458574280E-03 3.974750844E-03 2.484793470E-03 9.887321692E-04
-5.174137269E-04-2.044129360E-03-3.593378642E-03-5.160780824E-03-6.743979320E-03
-8.343471334E-03-9.961214057E-03-1.159960091E-02-1.326076719E-02-1.494631372E-02
-1.665743540E-02-1.839514340E-02-2.016034944E-02-2.195384670E-02-2.377628595E-02
-2.562816063E-02-2.750979230E-02-2.942132994E-02-3.136273292E-02-3.333375946E-02
-3.533395127E-02-3.736261912E-02-3.941883397E-02-4.150139833E-02-4.360881879E-02
-4.573930949E-02-4.789080358E-02-5.006094954E-02-5.224707213E-02-5.444614687E-02
-5.665482668E-02-5.886947596E-02-6.108616543E-02-6.330066934E-02-6.550849595E-02
-6.770494726E-02-6.988514898E-02-7.204403453E-02-7.417636772E-02-7.627689241E-02
-7.834038437E-02-8.036154210E-02-8.233509641E-02-8.425591184E-02-8.611897176E-02
-8.791938538E-02-8.965243789E-02-9.131355846E-02-9.289847434E-02-9.440304793E-02
-9.582331267E-02-9.715561928E-02-9.839645402E-02-9.954253587E-02-1.005907897E-01
-1.015383288E-01-1.023824657E-01-1.031206997E-01-1.037507068E-01-1.042703531E-01
-1.046776554E-01-1.049708075E-01-1.051481657E-01-1.052082435E-01-1.051497102E-01
-1.049713877E-01-1.046722482E-01-1.042514139E-01-1.037081568E-01-1.030418986E-01
-1.022522148E-01-1.013388379E-01-1.003016637E-01-9.914075885E-02-9.785637274E-02
-9.644894735E-02-9.491913077E-02-9.326778919E-02-9.149602879E-02-8.960520877E-02
-8.759691528E-02-8.547303696E-02-8.323570247E-02-8.088732028E-02-7.843045534E-02
-7.586793940E-02-7.320278909E-02-7.043803886E-02-6.757691067E-02-6.462252504E-02
-6.157787012E-02-5.844592638E-02-5.522943482E-02-5.193080249E-02-4.855226146E-02
-4.509584443E-02-4.156330051E-02-3.795612858E-02-3.427571561E-02-3.052344433E-02
-2.670078456E-02-2.280943294E-02-1.885146769E-02-1.482954051E-02-1.074674569E-02
-6.606052790E-03-2.413755083E-03 1.821696907E-03 6.112645118E-03 1.046306656E-02
 1.486860624E-02 1.932494814E-02 2.382963482E-02 2.837364358E-02 2.272874612E-02
 2.129698984E-02 1.986214062E-02 1.842354392E-02 1.698108126E-02 1.553452398E-02
 1.408361732E-02 1.262810262E-02 1.116771284E-02 9.702172727E-03 8.231198450E-03
 6.754498586E-03 5.271766114E-03 3.782669276E-03 2.287114297E-03 7.849071795E-04
-7.288245280E-04-2.263827987E-03-3.820520039E-03-5.394544804E-03-6.983999980E-03
-8.589596793E-03-1.021329839E-02-1.185736272E-02-1.352372296E-02-1.521379893E-02
-1.692865297E-02-1.866918609E-02-2.043618535E-02-2.223029876E-02-2.405202739E-02
-2.590171359E-02-2.777953392E-02-2.968548613E-02-3.161937695E-02-3.358081619E-02
-3.556919145E-02-3.758364151E-02-3.962305267E-02-4.168606490E-02-4.377107445E-02
-4.587619933E-02-4.799924128E-02-5.013768709E-02-5.228873476E-02-5.444929736E-02
-5.661598601E-02-5.878510398E-02-6.095268527E-02-6.311453126E-02-6.526622078E-02
-6.740308598E-02-6.952024488E-02-7.161275029E-02-7.367560895E-02-7.570367885E-02
-7.769178770E-02-7.963483295E-02-8.152777134E-02-8.336562912E-02-8.514356411E-02
-8.685684125E-02-8.850093736E-02-9.007156369E-02-9.156444967E-02-9.297569437E-02
-9.430153858E-02-9.553842148E-02-9.668300263E-02-9.773214546E-02-9.868290514E-02
-9.953253712E-02-1.002784851E-01-1.009183669E-01-1.014500067E-01-1.018713764E-01
-1.021806257E-01-1.023760729E-01-1.024561964E-01-1.024196339E-01-1.022651791E-01
-1.019917807E-01-1.015985428E-01-1.010847221E-01-1.004497331E-01-9.969314848E-02
-9.881470514E-02-9.781431065E-02-9.669204982E-02-9.544819362E-02-9.408321547E-02
-9.259779406E-02-9.099283282E-02-8.926946621E-02-8.742907504E-02-8.547329221E-02
-8.340397282E-02-8.122324967E-02-7.893347483E-02-7.653723652E-02-7.403721931E-02
-7.143630802E-02-6.873749085E-02-6.594371009E-02-6.305797494E-02-6.008317441E-02
-5.702196241E-02-5.387690371E-02-5.065037184E-02-4.734439325E-02-4.396076426E-02
-4.050116932E-02-3.696714178E-02-3.336005707E-02-2.968126623E-02-2.593226061E-02
-2.211478051E-02-1.823095498E-02-1.428349176E-02-1.027546876E-02-6.209920739E-03
-2.093659614E-03 2.066411144E-03 6.286612621E-03 1.057078599E-02 1.491401672E-02
 1.931177320E-02 2.376148566E-02 2.825350514E-02 2.406218622E-02 2.263313891E-02
 2.120089155E-02 1.976476643E-02 1.832464676E-02 1.688031030E-02 1.543151351E-02
 1.397801009E-02 1.251954738E-02 1.105587105E-02 9.586720468E-03 8.111821002E-03
 6.630881178E-03 5.143575712E-03 3.649555330E-03 2.148729319E-03 6.406123528E-04
-8.801480774E-04-2.422359865E-03-3.985462987E-03-5.565191775E-03-7.159914844E-03
-8.770451497E-03-1.039874122E-02-1.204692353E-02-1.371676900E-02-1.540953312E-02
-1.712613355E-02-1.886733801E-02-2.063380002E-02-2.242603579E-02-2.424440768E-02
-2.608911737E-02-2.796020368E-02-2.985752169E-02-3.178071915E-02-3.372922896E-02
-3.570227267E-02-3.769886743E-02-3.971780026E-02-4.175758867E-02-4.381646316E-02
-4.589238127E-02-4.798304142E-02-5.008586430E-02-5.219797292E-02-5.431619243E-02
-5.643708655E-02-5.855697491E-02-6.067192334E-02-6.277771887E-02-6.486990903E-02
-6.694393969E-02-6.899514465E-02-7.101864978E-02-7.300949361E-02-7.496272169E-02
-7.687337644E-02-7.873650859E-02-8.054724186E-02-8.230077572E-02-8.399241435E-02
-8.561773796E-02-8.717230442E-02-8.865192323E-02-9.005264942E-02-9.137065507E-02
-9.260234511E-02-9.374432348E-02-9.479338871E-02-9.574654133E-02-9.660097889E-02
-9.735409127E-02-9.800343516E-02-9.854678280E-02-9.898206290E-02-9.930737878E-02
-9.952100712E-02-9.962138983E-02-9.960713142E-02-9.947699783E-02-9.922991446E-02
-9.886496526E-02-9.838139563E-02-9.777861259E-02-9.705618778E-02-9.621386357E-02
-9.525155820E-02-9.416937314E-02-9.296760244E-02-9.164674098E-02-9.020749737E-02
-8.865080053E-02-8.697780901E-02-8.518991297E-02-8.328874617E-02-8.127617703E-02
-7.915428596E-02-7.692537732E-02-7.459194110E-02-7.215664889E-02-6.962219782E-02
-6.699140854E-02-6.426713195E-02-6.145211975E-02-5.854906497E-02-5.556056545E-02
-5.248892191E-02-4.933626196E-02-4.610460076E-02-4.279566431E-02-3.941093176E-02
-3.595184199E-02-3.241982535E-02-2.881630783E-02-2.514280175E-02-2.140107858E-02
-1.759334460E-02-1.372237165E-02-9.791191871E-03-5.802893954E-03-1.764714030E-03
 2.318536323E-03 6.466774554E-03 1.068335858E-02 1.496283208E-02 1.930053597E-02
 2.369382546E-02 2.813241460E-02 2.545145336E-02 2.402535066E-02 2.259595098E-02
 2.116257009E-02 1.972510547E-02 1.828334849E-02 1.683707681E-02 1.538607050E-02
 1.393009911E-02 1.246891860E-02 1.100226848E-02 9.529866720E-03 8.051407106E-03
 6.566560305E-03 5.074961372E-03 3.576248630E-03 2.070346291E-03 5.565798049E-04
-9.704722058E-04-2.518722683E-03-4.087094353E-03-5.671463259E-03-7.270361376E-03
-8.884639224E-03-1.051615938E-02-1.216691680E-02-1.383851704E-02-1.553206893E-02
-1.724836474E-02-1.898804737E-02-2.075164181E-02-2.253953718E-02-2.435196512E-02
-2.618898275E-02-2.805046326E-02-2.993609935E-02-3.184541098E-02-3.377773107E-02
-3.573217076E-02-3.770759099E-02-3.970260617E-02-4.171559780E-02-4.374470683E-02
-4.578781025E-02-4.784250176E-02-4.990610264E-02-5.197568451E-02-5.404807411E-02
-5.611983010E-02-5.818721783E-02-6.024625579E-02-6.229283676E-02-6.432269099E-02
-6.633129600E-02-6.831399554E-02-7.026608587E-02-7.218280259E-02-7.405933176E-02
-7.589086661E-02-7.767264314E-02-7.939990799E-02-8.106813881E-02-8.267285413E-02
-8.420961593E-02-8.567432192E-02-8.706294602E-02-8.837164680E-02-8.959679080E-02
-9.073493756E-02-9.178282937E-02-9.273741135E-02-9.359582638E-02-9.435541192E-02
-9.501366848E-02-9.556830875E-02-9.601721774E-02-9.635845164E-02-9.659024398E-02
-9.671099881E-02-9.671928607E-02-9.661384358E-02-9.639357203E-02-9.605753711E-02
-9.560497120E-02-9.503527364E-02-9.434801527E-02-9.354294215E-02-9.261998199E-02
-9.157924980E-02-9.042105752E-02-8.914591873E-02-8.775456053E-02-8.624792687E-02
-8.462718629E-02-8.289373510E-02-8.104918985E-02-7.909539332E-02-7.703438624E-02
-7.486841081E-02-7.259985234E-02-7.023124067E-02-6.776522822E-02-6.520442168E-02
-6.255147655E-02-5.980902035E-02-5.697954007E-02-5.406536610E-02-5.106877652E-02
-4.799173243E-02-4.483597705E-02-4.160320887E-02-3.829494811E-02-3.491251982E-02
-3.145724909E-02-2.793059953E-02-2.433420348E-02-2.066991756E-02-1.694000179E-02
-1.314728745E-02-9.294768854E-03-5.385680439E-03-1.427631749E-03 2.577417958E-03
 6.652601810E-03 1.080052688E-02 1.501511020E-02 1.929151218E-02 2.362703942E-02
 2.801083584E-02 2.689524873E-02 2.547233021E-02 2.404605422E-02 2.261574712E-02
 2.118133742E-02 1.974264201E-02 1.829945191E-02 1.685155006E-02 1.539870199E-02
 1.394065172E-02 1.247712155E-02 1.100781188E-02 9.532407337E-03 8.050584993E-03
 6.562014019E-03 5.066336819E-03 3.563216039E-03 2.052583516E-03 5.336752123E-04
-9.987120736E-04-2.551807323E-03-4.124356283E-03-5.712346159E-03-7.314327202E-03
-8.931089233E-03-1.056439468E-02-1.221610735E-02-1.388769240E-02-1.558012809E-02
-1.729408867E-02-1.903009871E-02-2.078855271E-02-2.256968686E-02-2.437357840E-02
-2.620015453E-02-2.804918940E-02-2.992027581E-02-3.181279543E-02-3.372591172E-02
-3.565857935E-02-3.760954948E-02-3.957734903E-02-4.156025729E-02-4.355629353E-02
-4.556323444E-02-4.757862202E-02-4.959975959E-02-5.162368122E-02-5.364712751E-02
-5.566659961E-02-5.767845947E-02-5.967887172E-02-6.166372090E-02-6.362872533E-02
-6.556951201E-02-6.748159863E-02-6.936040508E-02-7.120129560E-02-7.299963941E-02
-7.475075154E-02-7.645007186E-02-7.809316522E-02-7.967548381E-02-8.119276576E-02
-8.264088500E-02-8.401579951E-02-8.531367603E-02-8.653085113E-02-8.766384599E-02
-8.870936455E-02-8.966430286E-02-9.052575159E-02-9.129099426E-02-9.195748793E-02
-9.252288359E-02-9.298502019E-02-9.334190779E-02-9.359173641E-02-9.373287159E-02
-9.376384793E-02-9.368337359E-02-9.349032413E-02-9.318374628E-02-9.276285818E-02
-9.222705079E-02-9.157589122E-02-9.080912671E-02-8.992669068E-02-8.892870749E-02
-8.781549886E-02-8.658759090E-02-8.524571891E-02-8.379082809E-02-8.222408606E-02
-8.054687737E-02-7.876079066E-02-7.686762310E-02-7.486936598E-02-7.276815456E-02
-7.056630739E-02-6.826619865E-02-6.587030153E-02-6.338115573E-02-6.080119390E-02
-5.813283051E-02-5.537841285E-02-5.254012907E-02-4.961995287E-02-4.661984125E-02
-4.354147002E-02-4.038629854E-02-3.715578569E-02-3.385135262E-02-3.047433036E-02
-2.702610184E-02-2.350830997E-02-1.992293024E-02-1.627235665E-02-1.255947597E-02
-8.787194972E-03-4.959028090E-03-1.082923818E-03 2.842822573E-03 6.843886515E-03
 1.092200923E-02 1.507062034E-02 1.928469666E-02 2.356140244E-02 2.788925727E-02
 2.839228951E-02 2.697288926E-02 2.555014785E-02 2.412340646E-02 2.269259917E-02
 2.125754158E-02 1.981801508E-02 1.837378630E-02 1.692460044E-02 1.547018528E-02
 1.401025901E-02 1.254453424E-02 1.107271436E-02 9.594492799E-03 8.109551136E-03
 6.617552706E-03 5.118134311E-03 3.610968687E-03 2.096001988E-03 5.725368657E-04
-9.641624325E-04-2.520878299E-03-4.096442987E-03-5.686943477E-03-7.290838699E-03
-8.908786796E-03-1.054242048E-02-1.219347732E-02-1.386330530E-02-1.555276590E-02
-1.726239564E-02-1.899257439E-02-2.074356713E-02-2.251551264E-02-2.430839714E-02
-2.612202954E-02-2.795602650E-02-2.980981890E-02-3.168266103E-02-3.357362082E-02
-3.548155773E-02-3.740510270E-02-3.934265587E-02-4.129240158E-02-4.325230725E-02
-4.522011048E-02-4.719328806E-02-4.916903451E-02-5.114432149E-02-5.311597618E-02
-5.508060847E-02-5.703453575E-02-5.897389045E-02-6.089468292E-02-6.279277868E-02
-6.466390881E-02-6.650369496E-02-6.830772257E-02-7.007148762E-02-7.179048805E-02
-7.346038276E-02-7.507668627E-02-7.663500905E-02-7.813119870E-02-7.956110817E-02
-8.092074055E-02-8.220626990E-02-8.341402731E-02-8.454050627E-02-8.558238696E-02
-8.653653014E-02-8.739997929E-02-8.816996566E-02-8.884391482E-02-8.941941983E-02
-8.989427295E-02-9.026644030E-02-9.053406914E-02-9.069548668E-02-9.074919187E-02
-9.069386156E-02-9.052834703E-02-9.025167329E-02-8.986304283E-02-8.936183502E-02
-8.874761004E-02-8.802011257E-02-8.717927625E-02-8.622522690E-02-8.515828878E-02
-8.397898912E-02-8.268805953E-02-8.128644042E-02-7.977528001E-02-7.815593147E-02
-7.642994448E-02-7.459905515E-02-7.266517130E-02-7.063035728E-02-6.849676337E-02
-6.626669406E-02-6.394243049E-02-6.152630763E-02-5.902067868E-02-5.642774242E-02
-5.374963110E-02-5.098839313E-02-4.814592261E-02-4.522387946E-02-4.222393502E-02
-3.914756398E-02-3.599606626E-02-3.277076956E-02-2.947311037E-02-2.610457637E-02
-2.266679017E-02-1.916172264E-02-1.559185995E-02-1.196018680E-02-8.269533277E-03
-4.523830224E-03-7.312400514E-04 3.114547333E-03 7.040712910E-03 1.104798671E-02
 1.512947319E-02 1.928008594E-02 2.349692365E-02 2.776786260E-02 2.994166571E-02
 2.852628208E-02 2.710760038E-02 2.568496107E-02 2.425828198E-02 2.282735828E-02
 2.139195036E-02 1.995181207E-02 1.850669232E-02 1.705633335E-02 1.560046806E-02
 1.413881991E-02 1.267109512E-02 1.119698287E-02 9.716163365E-03 8.228316969E-03
 6.733130672E-03 5.230290564E-03 3.719537150E-03 2.200860909E-03 6.737104513E-04
-8.661124964E-04-2.425163203E-03-4.002554517E-03-5.594448655E-03-7.199094813E-03
-8.816947942E-03-1.044948724E-02-1.209830714E-02-1.376462808E-02-1.544919916E-02
-1.715246695E-02-1.887472631E-02-2.061614072E-02-2.237670938E-02-2.415626176E-02
-2.595446747E-02-2.777083998E-02-2.960471891E-02-3.145525034E-02-3.332137241E-02
-3.520182247E-02-3.709514421E-02-3.899968291E-02-4.091356541E-02-4.283467039E-02
-4.476061306E-02-4.668880750E-02-4.861652422E-02-5.054080747E-02-5.245840898E-02
-5.436588817E-02-5.625966454E-02-5.813598963E-02-5.999095617E-02-6.182050833E-02
-6.362051364E-02-6.538673545E-02-6.711483491E-02-6.880060061E-02-7.043974133E-02
-7.202784995E-02-7.356077447E-02-7.503438233E-02-7.644458251E-02-7.778744515E-02
-7.905916294E-02-8.025608017E-02-8.137468583E-02-8.241164532E-02-8.336379962E-02
-8.422816213E-02-8.500191500E-02-8.568245948E-02-8.626733989E-02-8.675430448E-02
-8.714127909E-02-8.742637026E-02-8.760786796E-02-8.768423593E-02-8.765412008E-02
-8.751634549E-02-8.726991372E-02-8.691400899E-02-8.644799522E-02-8.587142153E-02
-8.518402456E-02-8.438573073E-02-8.347665960E-02-8.245712838E-02-8.132765345E-02
-8.008895169E-02-7.874194179E-02-7.728773967E-02-7.572765503E-02-7.406317768E-02
-7.229597487E-02-7.042785414E-02-6.846076481E-02-6.639676457E-02-6.423794656E-02
-6.198652000E-02-5.964460773E-02-5.721434591E-02-5.469785525E-02-5.209707431E-02
-4.941384659E-02-4.664993936E-02-4.380699024E-02-4.088641655E-02-3.788967180E-02
-3.481813503E-02-3.167307098E-02-2.845581608E-02-2.516794247E-02-2.181122684E-02
-1.838769709E-02-1.489984521E-02-1.135064345E-02-7.742831469E-03-4.081001930E-03
-3.733509432E-04 3.392251741E-03 7.243074727E-03 1.117871970E-02 1.519211784E-02
 1.927816245E-02 2.343396933E-02 2.764686312E-02 3.154282538E-02 3.013194590E-02
 2.871778552E-02 2.729966662E-02 2.587748670E-02 2.445103562E-02 2.302008349E-02
 2.158439712E-02 2.014373538E-02 1.869784499E-02 1.724645175E-02 1.578926736E-02
 1.432599586E-02 1.285634182E-02 1.138001885E-02 9.896757595E-03 8.406313754E-03
 6.908448403E-03 5.402897493E-03 3.889404389E-03 2.367913514E-03 8.380127772E-04
-7.038803129E-04-2.264066296E-03-3.842106868E-03-5.434293560E-03-7.038545642E-03
-8.655014325E-03-1.028498121E-02-1.192993014E-02-1.359102294E-02-1.526894881E-02
-1.696404547E-02-1.867646060E-02-2.040621340E-02-2.215319184E-02-2.391713505E-02
-2.569761758E-02-2.749403451E-02-2.930559476E-02-3.113133225E-02-3.297010574E-02
-3.482059162E-02-3.668126171E-02-3.855035433E-02-4.042586679E-02-4.230561921E-02
-4.418729206E-02-4.606833856E-02-4.794592846E-02-4.981704082E-02-5.167850702E-02
-5.352697825E-02-5.535893387E-02-5.717068056E-02-5.895841218E-02-6.071821456E-02
-6.244600720E-02-6.413775140E-02-6.578941603E-02-6.739673244E-02-6.895556548E-02
-7.046189241E-02-7.191163225E-02-7.330080532E-02-7.462554927E-02-7.588210574E-02
-7.706684464E-02-7.817627626E-02-7.920706477E-02-8.015604515E-02-8.102021939E-02
-8.179673256E-02-8.248296466E-02-8.307642466E-02-8.357482305E-02-8.397605019E-02
-8.427817543E-02-8.447945357E-02-8.457831466E-02-8.457337484E-02-8.446343061E-02
-8.424745872E-02-8.392462031E-02-8.349426207E-02-8.295591654E-02-8.230930426E-02
-8.155433674E-02-8.069111843E-02-7.971994857E-02-7.864132140E-02-7.745592579E-02
-7.616464292E-02-7.476854466E-02-7.326888025E-02-7.166706581E-02-6.996468161E-02
-6.816343483E-02-6.626514673E-02-6.427173700E-02-6.218518165E-02-6.000745813E-02
-5.774061650E-02-5.538657838E-02-5.294725037E-02-5.042450504E-02-4.782002602E-02
-4.513539428E-02-4.237214284E-02-3.953171588E-02-3.661537983E-02-3.362446317E-02
-3.056036018E-02-2.742442860E-02-2.421816218E-02-2.094338859E-02-1.760229794E-02
-1.419750195E-02-1.073190108E-02-7.208056611E-03-3.631403579E-03-9.905175788E-06
 3.675600994E-03 7.450857211E-03 1.131432222E-02 1.525892595E-02 1.927952671E-02
 2.337326975E-02 2.752698157E-02 3.319509468E-02 3.178905445E-02 3.037971002E-02
 2.896638515E-02 2.754898874E-02 2.612732020E-02 2.470115527E-02 2.327025684E-02
 2.183436816E-02 2.039322064E-02 1.894653907E-02 1.749405047E-02 1.603549257E-02
 1.457062349E-02 1.309923141E-02 1.162111174E-02 1.013605241E-02 8.643824097E-03
 7.144170931E-03 5.636794810E-03 4.121385703E-03 2.597837054E-03 1.065934241E-03
-4.771772237E-04-2.037332187E-03-3.614769076E-03-5.206038770E-03-6.808661370E-03
-8.422448790E-03-1.004848737E-02-1.168813614E-02-1.334245589E-02-1.501203717E-02
-1.669711766E-02-1.839775336E-02-2.011387477E-02-2.184526656E-02-2.359154524E-02
-2.535216132E-02-2.712640982E-02-2.891342603E-02-3.071217599E-02-3.252143520E-02
-3.433976126E-02-3.616549418E-02-3.799682042E-02-3.983179280E-02-4.166824052E-02
-4.350372369E-02-4.533561939E-02-4.716115703E-02-4.897738226E-02-5.078116462E-02
-5.256918958E-02-5.433800181E-02-5.608403718E-02-5.780353993E-02-5.949269605E-02
-6.114775012E-02-6.276470806E-02-6.433951331E-02-6.586828807E-02-6.734707745E-02
-6.877192511E-02-7.013897906E-02-7.144445387E-02-7.268466477E-02-7.385602648E-02
-7.495509097E-02-7.597854287E-02-7.692322284E-02-7.778613560E-02-7.856441264E-02
-7.925541372E-02-7.985662770E-02-8.036573606E-02-8.078059992E-02-8.109925637E-02
-8.131992870E-02-8.144101594E-02-8.146110492E-02-8.137896208E-02-8.119353888E-02
-8.090397149E-02-8.050958264E-02-8.000988214E-02-7.940456803E-02-7.869352868E-02
-7.787684327E-02-7.695478182E-02-7.592780464E-02-7.479655936E-02-7.356187737E-02
-7.222476907E-02-7.078641223E-02-6.924813656E-02-6.761141948E-02-6.587785679E-02
-6.404914529E-02-6.212705649E-02-6.011341936E-02-5.801006735E-02-5.581882444E-02
-5.354154229E-02-5.117992338E-02-4.873564263E-02-4.621033814E-02-4.360547116E-02
-4.092241243E-02-3.816252929E-02-3.532715437E-02-3.241750458E-02-2.943489660E-02
-2.638084739E-02-2.325693364E-02-2.006494610E-02-1.680709900E-02-1.348614034E-02
-1.010497499E-02-6.666051095E-03-3.175697831E-03 3.589628347E-04 3.964430117E-03
 7.663968067E-03 1.145485583E-02 1.533013222E-02 1.928462743E-02 2.331549740E-02
 2.740908404E-02 3.489738771E-02 3.349641078E-02 3.209212458E-02 3.068385689E-02
 2.927151769E-02 2.785489289E-02 2.643373688E-02 2.500779814E-02 2.357682021E-02
 2.214055070E-02 2.069874951E-02 1.925120170E-02 1.779772584E-02 1.633814719E-02
 1.487228625E-02 1.339994750E-02 1.192091039E-02 1.043492185E-02 8.941691636E-03
 7.440917581E-03 5.932292776E-03 4.415537156E-03 2.890591285E-03 1.357463310E-03
-1.859718864E-04-1.744757241E-03-3.320225472E-03-4.909366009E-03-6.509262757E-03
-8.119247454E-03-9.740091379E-03-1.137299146E-02-1.301895095E-02-1.467853268E-02
-1.635191483E-02-1.803904766E-02-1.973973528E-02-2.145364810E-02-2.318031523E-02
-2.491911697E-02-2.666927423E-02-2.842983046E-02-3.019962598E-02-3.197730714E-02
-3.376138778E-02-3.555025388E-02-3.734207557E-02-3.913477074E-02-4.092608504E-02
-4.271362145E-02-4.449480199E-02-4.626687388E-02-4.802689950E-02-4.977178151E-02
-5.149831194E-02-5.320309422E-02-5.488258999E-02-5.653331361E-02-5.815162095E-02
-5.973363816E-02-6.127563124E-02-6.277386115E-02-6.422448584E-02-6.562371586E-02
-6.696782243E-02-6.825312195E-02-6.947601623E-02-7.063299099E-02-7.172065382E-02
-7.273573280E-02-7.367508942E-02-7.453574162E-02-7.531483512E-02-7.600971344E-02
-7.661785969E-02-7.713693690E-02-7.756478481E-02-7.789941466E-02-7.813902330E-02
-7.828198234E-02-7.832684987E-02-7.827236347E-02-7.811744746E-02-7.786120989E-02
-7.750294497E-02-7.704213414E-02-7.647844604E-02-7.581173727E-02-7.504205165E-02
-7.416961896E-02-7.319485358E-02-7.211834974E-02-7.094087632E-02-6.966337029E-02
-6.828692434E-02-6.681276899E-02-6.524227479E-02-6.357691270E-02-6.181824982E-02
-5.996790940E-02-5.802756158E-02-5.599890844E-02-5.388360289E-02-5.168329459E-02
-4.939962326E-02-4.703408012E-02-4.458813147E-02-4.206321847E-02-3.946063483E-02
-3.678161207E-02-3.402743396E-02-3.119941443E-02-2.829882851E-02-2.532710153E-02
-2.228597506E-02-1.917736038E-02-1.600348551E-02-1.276709300E-02-9.471002449E-03
-6.117713757E-03-2.714514029E-03 7.331221307E-04 4.258671169E-03 7.882432752E-03
 1.160046802E-02 1.540598284E-02 1.929382485E-02 2.326116954E-02 2.729388399E-02
 3.664845248E-02 3.525275912E-02 3.385374753E-02 3.245072379E-02 3.104357462E-02
 2.963207474E-02 2.821597983E-02 2.679505644E-02 2.536908533E-02 2.393787839E-02
 2.250128116E-02 2.105914507E-02 1.961131887E-02 1.815763653E-02 1.669790766E-02
 1.523190670E-02 1.375936299E-02 1.227998932E-02 1.079349956E-02 9.299625784E-03
 7.798131275E-03 6.288809725E-03 4.771472065E-03 3.246087648E-03 1.712706564E-03
 1.698385773E-04-1.386354357E-03-2.958649245E-03-4.544469317E-03-6.140482225E-03
-7.745468556E-03-9.359851103E-03-1.098467263E-02-1.262087695E-02-1.426898372E-02
-1.592909769E-02-1.760107672E-02-1.928464222E-02-2.097939288E-02-2.268478024E-02
-2.440008664E-02-2.612440470E-02-2.785665498E-02-2.959564302E-02-3.134005205E-02
-3.308835814E-02-3.483880313E-02-3.658946893E-02-3.833830262E-02-4.008307696E-02
-4.182139512E-02-4.355068128E-02-4.526818973E-02-4.697106010E-02-4.865626258E-02
-5.032057312E-02-5.196077074E-02-5.357357255E-02-5.515539613E-02-5.670266073E-02
-5.821187366E-02-5.967940110E-02-6.110157427E-02-6.247477526E-02-6.379540086E-02
-6.505989411E-02-6.626475366E-02-6.740655882E-02-6.848198542E-02-6.948782401E-02
-7.042097994E-02-7.127849171E-02-7.205754203E-02-7.275546922E-02-7.336976336E-02
-7.389808097E-02-7.433824975E-02-7.468826276E-02-7.494629643E-02-7.511069932E-02
-7.518000258E-02-7.515291757E-02-7.502833841E-02-7.480534288E-02-7.448319501E-02
-7.406134080E-02-7.353941240E-02-7.291722635E-02-7.219478187E-02-7.137225919E-02
-7.045001520E-02-6.942857950E-02-6.830864709E-02-6.709106956E-02-6.577684367E-02
-6.436709849E-02-6.286308399E-02-6.126614300E-02-5.957770494E-02-5.779925052E-02
-5.593229394E-02-5.397837235E-02-5.193903194E-02-4.981573655E-02-4.760996379E-02
-4.532314846E-02-4.295660042E-02-4.051162115E-02-3.798951097E-02-3.539146592E-02
-3.271866028E-02-2.997238457E-02-2.715403264E-02-2.426504569E-02-2.130707212E-02
-1.828217217E-02-1.519272537E-02-1.204148538E-02-8.831041602E-03-5.564020100E-03
-2.248625895E-03 1.112293581E-03 4.558321897E-03 8.106390604E-03 1.175141827E-02
 1.548684192E-02 1.930754989E-02 2.321078307E-02 2.718197454E-02 3.844699498E-02
 3.705669345E-02 3.566300946E-02 3.426523322E-02 3.286325557E-02 3.145687204E-02
 3.004587826E-02 2.863011239E-02 2.720944366E-02 2.578374656E-02 2.435289430E-02
 2.291674605E-02 2.147513725E-02 2.002786610E-02 1.857468000E-02 1.711530626E-02
 1.564946858E-02 1.417690404E-02 1.269737708E-02 1.121069405E-02 9.716689652E-03
 8.215207727E-03 6.706077444E-03 5.189111259E-03 3.664228980E-03 2.131499171E-03
 5.901695421E-04-9.625690521E-04-2.530420109E-03-4.111524659E-03-5.702464418E-03
-7.301378687E-03-8.908218277E-03-1.052378037E-02-1.214891867E-02-1.378414224E-02
-1.542954518E-02-1.708493379E-02-1.874994583E-02-2.042407397E-02-2.210664144E-02
-2.379681772E-02-2.549366975E-02-2.719614646E-02-2.890299840E-02-3.061275925E-02
-3.232381520E-02-3.403442666E-02-3.574268827E-02-3.744653226E-02-3.914372239E-02
-4.083184927E-02-4.250838324E-02-4.417064891E-02-4.581575760E-02-4.744075564E-02
-4.904269247E-02-5.061834811E-02-5.216434116E-02-5.367740680E-02-5.515418850E-02
-5.659120312E-02-5.798498043E-02-5.933206345E-02-6.062898959E-02-6.187233793E-02
-6.305872051E-02-6.418482537E-02-6.524741318E-02-6.624334926E-02-6.716960473E-02
-6.802324934E-02-6.880151928E-02-6.950176368E-02-7.012149104E-02-7.065836345E-02
-7.111020681E-02-7.147500456E-02-7.175091948E-02-7.193628237E-02-7.202960056E-02
-7.202956116E-02-7.193502844E-02-7.174504878E-02-7.145885015E-02-7.107584044E-02
-7.059560982E-02-7.001792686E-02-6.934273807E-02-6.857016458E-02-6.770049678E-02
-6.673418949E-02-6.567185431E-02-6.451425034E-02-6.326227168E-02-6.191693384E-02
-6.047936148E-02-5.895077093E-02-5.733244751E-02-5.562573124E-02-5.383199386E-02
-5.195261571E-02-4.998898308E-02-4.794247557E-02-4.581438208E-02-4.360602894E-02
-4.131867391E-02-3.895349291E-02-3.651168058E-02-3.399446444E-02-3.140302157E-02
-2.873855782E-02-2.600246355E-02-2.319631060E-02-2.032180663E-02-1.738092790E-02
-1.437617878E-02-1.131040612E-02-8.185982650E-03-5.005830389E-03-1.778833522E-03
 1.496120305E-03 4.863315551E-03 8.335993301E-03 1.190803495E-02 1.557315971E-02
 1.932635415E-02 2.316495339E-02 2.707399650E-02 4.029137713E-02 3.890640391E-02
 3.751797275E-02 3.612538461E-02 3.472857686E-02 3.332742458E-02 3.192181238E-02
 3.051163497E-02 2.909678681E-02 2.767714864E-02 2.625257818E-02 2.482289421E-02
 2.338786039E-02 2.194721768E-02 2.050069971E-02 1.904804969E-02 1.758903457E-02
 1.612346206E-02 1.465117437E-02 1.317202599E-02 1.168586769E-02 1.019254046E-02
 8.691881563E-03 7.183730281E-03 5.667941530E-03 4.144462477E-03 2.613404571E-03
 1.074589238E-03-4.739544319E-04-2.036090480E-03-3.611091857E-03-5.195775450E-03
-6.787581464E-03-8.385846129E-03-9.991058225E-03-1.160398339E-02-1.322513799E-02
-1.485461616E-02-1.649215583E-02-1.813727008E-02-1.978934419E-02-2.144768253E-02
-2.311147573E-02-2.477972276E-02-2.645122092E-02-2.812463154E-02-2.979849890E-02
-3.147121100E-02-3.314100129E-02-3.480594658E-02-3.646395318E-02-3.811280157E-02
-3.975014817E-02-4.137344155E-02-4.298000346E-02-4.456717481E-02-4.613211571E-02
-4.767171337E-02-4.918290268E-02-5.066262389E-02-5.210764429E-02-5.351467596E-02
-5.488044147E-02-5.620163813E-02-5.747496183E-02-5.869712857E-02-5.986488099E-02
-6.097502359E-02-6.202441944E-02-6.301001853E-02-6.392887342E-02-6.477810280E-02
-6.555500619E-02-6.625696059E-02-6.688150350E-02-6.742631442E-02-6.788922817E-02
-6.826822762E-02-6.856146937E-02-6.876727228E-02-6.888412433E-02-6.891069013E-02
-6.884580692E-02-6.868848726E-02-6.843792048E-02-6.809347447E-02-6.765469089E-02
-6.712128548E-02-6.649314537E-02-6.577032486E-02-6.495304070E-02-6.404166570E-02
-6.303672027E-02-6.193886373E-02-6.074888147E-02-5.946767017E-02-5.809623163E-02
-5.663564860E-02-5.508706587E-02-5.345168122E-02-5.173072843E-02-4.992545001E-02
-4.803708639E-02-4.606687545E-02-4.401603863E-02-4.188571954E-02-3.967712669E-02
-3.739138790E-02-3.502960346E-02-3.259292760E-02-3.008259077E-02-2.749983464E-02
-2.484598595E-02-2.212262588E-02-1.933159393E-02-1.647495982E-02-1.355516460E-02
-1.057500988E-02-7.536742179E-03-4.443930472E-03-1.305829455E-03 1.884316983E-03
 5.173551768E-03 8.571297919E-03 1.207058248E-02 1.566539829E-02 1.935083856E-02
 2.312437933E-02 2.697073050E-02 4.217964488E-02 4.079990390E-02 3.941669427E-02
 3.802939436E-02 3.663803128E-02 3.524252953E-02 3.384279664E-02 3.243873169E-02
 3.103021190E-02 2.961707395E-02 2.819909613E-02 2.677603225E-02 2.534762590E-02
 2.391362686E-02 2.247380537E-02 2.102796911E-02 1.957596617E-02 1.811766039E-02
 1.665291589E-02 1.518158618E-02 1.370351664E-02 1.221855062E-02 1.072654674E-02
 9.227390385E-03 7.720988832E-03 6.207263956E-03 4.686186777E-03 3.157882776E-03
 1.622432875E-03 7.856098525E-05-1.476509247E-03-3.044024749E-03-4.621175870E-03
-6.204834223E-03-7.793628746E-03-9.387622186E-03-1.098740926E-02-1.259346617E-02
-1.420586455E-02-1.582431225E-02-1.744832430E-02-1.907729332E-02-2.071044179E-02
-2.234680958E-02-2.398530926E-02-2.562474338E-02-2.726376728E-02-2.890088881E-02
-3.053447154E-02-3.216271465E-02-3.378368670E-02-3.539534836E-02-3.699547376E-02
-3.858166632E-02-4.015152606E-02-4.170256777E-02-4.323200375E-02-4.473696865E-02
-4.621467118E-02-4.766217596E-02-4.907641570E-02-5.045430883E-02-5.179275358E-02
-5.308860590E-02-5.433872672E-02-5.553997266E-02-5.668922853E-02-5.778341989E-02
-5.881952688E-02-5.979459411E-02-6.070576325E-02-6.155022393E-02-6.232534382E-02
-6.302854459E-02-6.365740334E-02-6.420962794E-02-6.468307252E-02-6.507572849E-02
-6.538575378E-02-6.561146159E-02-6.575132608E-02-6.580399146E-02-6.576826985E-02
-6.564314050E-02-6.542775566E-02-6.512143783E-02-6.472367820E-02-6.423413497E-02
-6.365263084E-02-6.297914859E-02-6.221382565E-02-6.135694683E-02-6.040893606E-02
-5.937034804E-02-5.824185723E-02-5.702424087E-02-5.571837177E-02-5.432520423E-02
-5.284574507E-02-5.128105670E-02-4.963223458E-02-4.790038747E-02-4.608662862E-02
-4.419206916E-02-4.221782160E-02-4.016496894E-02-3.803455431E-02-3.582770954E-02
-3.354549271E-02-3.118899335E-02-2.875939751E-02-2.625801675E-02-2.368624054E-02
-2.104560162E-02-1.833795357E-02-1.556549906E-02-1.273078796E-02-9.836372777E-03
-6.884279293E-03-3.879189633E-03-8.303310398E-04 2.276710302E-03 5.489023197E-03
 8.812360134E-03 1.223924239E-02 1.576391064E-02 1.938154966E-02 2.308976951E-02
 2.687299435E-02 4.410990571E-02 4.273550487E-02 4.135778704E-02 3.997618541E-02
 3.859074597E-02 3.720139515E-02 3.580802199E-02 3.441047865E-02 3.300855687E-02
 3.160202248E-02 3.019062892E-02 2.877413297E-02 2.735230876E-02 2.592496342E-02
 2.449194892E-02 2.305313668E-02 2.160840232E-02 2.015761187E-02 1.870062107E-02
 1.723727822E-02 1.576743641E-02 1.429096842E-02 1.280776917E-02 1.131775607E-02
 9.820869227E-03 8.317067499E-03 6.806320752E-03 5.288620899E-03 3.764072677E-03
 2.232869055E-03 6.945094957E-04-8.527726681E-04-2.411570533E-03-3.979833325E-03
-5.554312806E-03-7.132841084E-03-8.714857415E-03-1.030064155E-02-1.189061132E-02
-1.348494027E-02-1.508342941E-02-1.668553965E-02-1.829051388E-02-1.989748538E-02
-2.150549393E-02-2.311344159E-02-2.472008803E-02-2.632405912E-02-2.792382450E-02
-2.951771988E-02-3.110398271E-02-3.268069126E-02-3.424573248E-02-3.579694550E-02
-3.733215121E-02-3.884891385E-02-4.034459736E-02-4.181663320E-02-4.326239347E-02
-4.467907039E-02-4.606379214E-02-4.741367049E-02-4.872576652E-02-4.999710480E-02
-5.122470531E-02-5.240557294E-02-5.353673905E-02-5.461525642E-02-5.563822873E-02
-5.660280867E-02-5.750622784E-02-5.834576865E-02-5.911886868E-02-5.982300962E-02
-6.045581806E-02-6.101503991E-02-6.149855834E-02-6.190438222E-02-6.223067843E-02
-6.247576092E-02-6.263809583E-02-6.271631018E-02-6.270919341E-02-6.261569465E-02
-6.243492751E-02-6.216616962E-02-6.180885897E-02-6.136259457E-02-6.082713136E-02
-6.020237675E-02-5.948838509E-02-5.868535001E-02-5.779359777E-02-5.681357578E-02
-5.574584448E-02-5.459106358E-02-5.334997840E-02-5.202341553E-02-5.061224770E-02
-4.911741187E-02-4.753986697E-02-4.588059847E-02-4.414060142E-02-4.232087188E-02
-4.042241014E-02-3.844623728E-02-3.639333305E-02-3.426469298E-02-3.206142010E-02
-2.978457076E-02-2.743529183E-02-2.501487422E-02-2.252478777E-02-1.996664701E-02
-1.734226631E-02-1.465387263E-02-1.190410667E-02-9.095362623E-03-6.229481130E-03
-3.312537349E-03-3.531702734E-04 2.673125009E-03 5.809801181E-03 9.059320553E-03
 1.241422336E-02 1.586900100E-02 1.941892076E-02 2.306172276E-02 2.678156435E-02
 4.608090182E-02 4.471224952E-02 4.334047986E-02 4.196505453E-02 4.058599346E-02
 3.920317331E-02 3.781639313E-02 3.642542986E-02 3.503004682E-02 3.363000805E-02
 3.222509203E-02 3.081510562E-02 2.939990258E-02 2.797936058E-02 2.655336479E-02
 2.512179299E-02 2.368451168E-02 2.224137761E-02 2.079224315E-02 1.933697319E-02
 1.787545177E-02 1.640758212E-02 1.493328826E-02 1.345251618E-02 1.196523019E-02
 1.047141110E-02 8.971050641E-03 7.464142874E-03 5.950696432E-03 4.430812922E-03
 2.904752958E-03 1.372614237E-03-1.666451081E-04-1.715418787E-03-3.273365931E-03
-4.837470449E-03-6.404826233E-03-7.974097613E-03-9.545210578E-03-1.111851283E-02
-1.269417417E-02-1.427196326E-02-1.585132382E-02-1.743150916E-02-1.901163195E-02
-2.059067992E-02-2.216752178E-02-2.374087858E-02-2.530933492E-02-2.687138074E-02
-2.842537305E-02-2.996947684E-02-3.150176223E-02-3.302030690E-02-3.452301634E-02
-3.600752555E-02-3.747145860E-02-3.891246543E-02-4.032802762E-02-4.171550080E-02
-4.307220999E-02-4.439544013E-02-4.568241173E-02-4.693032206E-02-4.813634238E-02
-4.929763232E-02-5.041136864E-02-5.147473814E-02-5.248496947E-02-5.343933551E-02
-5.433515814E-02-5.516982807E-02-5.594085418E-02-5.664579167E-02-5.728232526E-02
-5.784824753E-02-5.834147926E-02-5.876005506E-02-5.910215800E-02-5.936610910E-02
-5.955037177E-02-5.965356120E-02-5.967444698E-02-5.961195059E-02-5.946514762E-02
-5.923327305E-02-5.891571103E-02-5.851199996E-02-5.802182636E-02-5.744502141E-02
-5.678155441E-02-5.603152743E-02-5.519516700E-02-5.427281468E-02-5.326491739E-02
-5.217201835E-02-5.099474045E-02-4.973378237E-02-4.838989889E-02-4.696389571E-02
-4.545660763E-02-4.386890203E-02-4.220166763E-02-4.045580127E-02-3.863220500E-02
-3.673180026E-02-3.475555031E-02-3.270438408E-02-3.057930455E-02-2.838144076E-02
-2.611191606E-02-2.377200304E-02-2.136316818E-02-1.888710973E-02-1.634573764E-02
-1.374125825E-02-1.107624216E-02-8.352843610E-03-5.573093531E-03-2.744773281E-03
 1.252692447E-04 3.073487701E-03 6.135934707E-03 9.312340530E-03 1.259579276E-02
 1.598101083E-02 1.946336854E-02 2.304075360E-02 2.669707979E-02 4.809195518E-02
 4.672950815E-02 4.536411630E-02 4.399522014E-02 4.262273853E-02 4.124646902E-02
 3.986617999E-02 3.848164279E-02 3.709264080E-02 3.569898126E-02 3.430051787E-02
 3.289713344E-02 3.148872085E-02 3.007516858E-02 2.865635387E-02 2.723214332E-02
 2.580239293E-02 2.436696344E-02 2.292573096E-02 2.147858775E-02 2.002544436E-02
 1.856623292E-02 1.710090544E-02 1.562943001E-02 1.415178660E-02 1.266795925E-02
 1.117792915E-02 9.681693560E-03 8.179282088E-03 6.670777343E-03 5.156362054E-03
 3.636375732E-03 2.111171766E-03 5.803402979E-04-9.573562645E-04-2.503578884E-03
-4.055878842E-03-5.611109943E-03-7.167146707E-03-8.723256623E-03-1.027943893E-02
-1.183581473E-02-1.339227016E-02-1.494832996E-02-1.650323342E-02-1.805605722E-02
-1.960574448E-02-2.115111137E-02-2.269088192E-02-2.422366850E-02-2.574790283E-02
-2.726188342E-02-2.876390814E-02-3.025218825E-02-3.172465776E-02-3.317913381E-02
-3.461349570E-02-3.602551921E-02-3.741280845E-02-3.877290184E-02-4.010330558E-02
-4.140146164E-02-4.266475319E-02-4.389054205E-02-4.507614974E-02-4.621889212E-02
-4.731608637E-02-4.836505951E-02-4.936316474E-02-5.030780145E-02-5.119638553E-02
-5.202642418E-02-5.279550041E-02-5.350125252E-02-5.414143078E-02-5.471388173E-02
-5.521657106E-02-5.564756653E-02-5.600507415E-02-5.628742800E-02-5.649309405E-02
-5.662068189E-02-5.666894410E-02-5.663677723E-02-5.652322394E-02-5.632747451E-02
-5.604886363E-02-5.568686931E-02-5.524111033E-02-5.471134160E-02-5.409744928E-02
-5.339944414E-02-5.261745373E-02-5.175171642E-02-5.080256937E-02-4.977044070E-02
-4.865583825E-02-4.745933806E-02-4.618158008E-02-4.482324441E-02-4.338505842E-02
-4.186777813E-02-4.027218690E-02-3.859909007E-02-3.684931205E-02-3.502369852E-02
-3.312313087E-02-3.114855440E-02-2.910090487E-02-2.698124908E-02-2.479080002E-02
-2.253081451E-02-2.020275602E-02-1.780832886E-02-1.534953182E-02-1.282867787E-02
-1.024814421E-02-7.609732023E-03-4.915984957E-03-2.176330346E-03 6.059761742E-04
 3.478004431E-03 6.467446651E-03 9.571582435E-03 1.278420948E-02 1.610030401E-02
 1.951534145E-02 2.302737922E-02 2.662013487E-02 5.014247413E-02 4.878655470E-02
 4.742771551E-02 4.606533557E-02 4.469929591E-02 4.332938514E-02 4.195538747E-02
 4.057711119E-02 3.919440870E-02 3.780716683E-02 3.641528470E-02 3.501866030E-02
 3.361718110E-02 3.221072353E-02 3.079915106E-02 2.938232374E-02 2.796011210E-02
 2.653240062E-02 2.509908904E-02 2.366009576E-02 2.221536136E-02 2.076484292E-02
 1.930851102E-02 1.784634192E-02 1.637830514E-02 1.490436149E-02 1.342448747E-02
 1.193869580E-02 1.044706319E-02 8.949748512E-03 7.446966031E-03 5.938964918E-03
 4.426068009E-03 2.908708598E-03 1.387075798E-03-1.394833612E-04-1.672664199E-03
-3.211818137E-03-4.753935711E-03-6.296120307E-03-7.836780932E-03-9.375509521E-03
-1.091231791E-02-1.244712542E-02-1.397954337E-02-1.550885085E-02-1.703408929E-02
-1.855418327E-02-2.006797134E-02-2.157413765E-02-2.307121024E-02-2.455768603E-02
-2.603203491E-02-2.749249758E-02-2.893710845E-02-3.036393183E-02-3.177101298E-02
-3.315622301E-02-3.451731854E-02-3.585201689E-02-3.715798512E-02-3.843281465E-02
-3.967405372E-02-4.087921518E-02-4.204577202E-02-4.317119291E-02-4.425293327E-02
-4.528846025E-02-4.627525188E-02-4.721083410E-02-4.809272414E-02-4.891854747E-02
-4.968596539E-02-5.039270524E-02-5.103658849E-02-5.161552172E-02-5.212752169E-02
-5.257069562E-02-5.294327853E-02-5.324362312E-02-5.347020333E-02-5.362162854E-02
-5.369663844E-02-5.369410859E-02-5.361305219E-02-5.345261807E-02-5.321209358E-02
-5.289089941E-02-5.248858846E-02-5.200484222E-02-5.143946522E-02-5.079238012E-02
-5.006361988E-02-4.925332169E-02-4.836171836E-02-4.738912791E-02-4.633594787E-02
-4.520264068E-02-4.398973354E-02-4.269779844E-02-4.132745560E-02-3.987936056E-02
-3.835420070E-02-3.675269822E-02-3.507560128E-02-3.332369524E-02-3.149780809E-02
-2.959882903E-02-2.762772954E-02-2.558550905E-02-2.347335641E-02-2.129262425E-02
-1.904476419E-02-1.673148684E-02-1.435481634E-02-1.191711852E-02-9.420608420E-03
-6.866791450E-03-4.259066905E-03-1.607887241E-03 1.089386085E-03 3.886878630E-03
 6.804409374E-03 9.837244277E-03 1.297976383E-02 1.622722407E-02 1.957527474E-02
 2.302213002E-02 2.655133019E-02 5.223153168E-02 5.088208326E-02 4.952963679E-02
 4.817355022E-02 4.681371791E-02 4.544996008E-02 4.408212254E-02 4.271009486E-02
 4.133378138E-02 3.995308830E-02 3.856791252E-02 3.717813999E-02 3.578364394E-02
 3.438428679E-02 3.297993595E-02 3.157047077E-02 3.015578266E-02 2.873577858E-02
 2.731038687E-02 2.587955476E-02 2.444324344E-02 2.300142360E-02 2.155406354E-02
 2.010111212E-02 1.864251133E-02 1.717821919E-02 1.570823340E-02 1.423262216E-02
 1.275154211E-02 1.126520317E-02 9.773839846E-03 8.277693436E-03 6.777010081E-03
 5.272099318E-03 3.763394094E-03 2.251364036E-03 7.359620997E-04-7.834029092E-04
-2.308067277E-03-3.835663052E-03-5.363111163E-03-6.888007310E-03-8.409205327E-03
-9.926399451E-03-1.143946928E-02-1.294809152E-02-1.445163400E-02-1.594921727E-02
-1.743975547E-02-1.892198972E-02-2.039460222E-02-2.185628036E-02-2.330555631E-02
-2.474071033E-02-2.615997379E-02-2.756161788E-02-2.894378439E-02-3.030445834E-02
-3.164156102E-02-3.295297314E-02-3.423650573E-02-3.548989860E-02-3.671085867E-02
-3.789704114E-02-3.904607005E-02-4.015555953E-02-4.122310300E-02-4.224630323E-02
-4.322276591E-02-4.415013625E-02-4.502604255E-02-4.584822576E-02-4.661443006E-02
-4.732247484E-02-4.797025680E-02-4.855574763E-02-4.907701990E-02-4.953222558E-02
-4.991963403E-02-5.023762161E-02-5.048467546E-02-5.065940920E-02-5.076055503E-02
-5.078697207E-02-5.073764636E-02-5.061169245E-02-5.040835165E-02-5.012699130E-02
-4.976710310E-02-4.932829774E-02-4.881030306E-02-4.821295706E-02-4.753620364E-02
-4.678008398E-02-4.594473081E-02-4.503036060E-02-4.403726488E-02-4.296580336E-02
-4.181639528E-02-4.058951365E-02-3.928568165E-02-3.790545971E-02-3.644945112E-02
-3.491829901E-02-3.331268990E-02-3.163335268E-02-2.988106768E-02-2.805668408E-02
-2.616115249E-02-2.419551490E-02-2.216089156E-02-2.005864845E-02-1.789032695E-02
-1.565763042E-02-1.336261101E-02-1.100755689E-02-8.594400170E-03-6.124679017E-03
-3.603156152E-03-1.040312726E-03 1.575469770E-03 4.300403640E-03 7.147060190E-03
 1.010952641E-02 1.318275935E-02 1.636217120E-02 1.964359741E-02 2.302549503E-02
 2.649125509E-02 5.435752228E-02 5.301429508E-02 5.166798088E-02 5.031794818E-02
 4.896414881E-02 4.760648422E-02 4.624485857E-02 4.487918476E-02 4.350936845E-02
 4.213530473E-02 4.075687697E-02 3.937395313E-02 3.798640011E-02 3.659409371E-02
 3.519691982E-02 3.379477666E-02 3.238758012E-02 3.097526793E-02 2.955779259E-02
 2.813511801E-02 2.670721148E-02 2.527402733E-02 2.383549235E-02 2.239153129E-02
 2.094208660E-02 1.948714631E-02 1.802677911E-02 1.656113961E-02 1.509042713E-02
 1.361485842E-02 1.213464877E-02 1.065000409E-02 9.161153718E-03 7.668366683E-03
 6.172004359E-03 4.672593271E-03 3.170827298E-03 1.667169053E-03 1.613732167E-04
-1.347412574E-03-2.859145879E-03-4.370851490E-03-5.879524489E-03-7.383154222E-03
-8.880851430E-03-1.037228627E-02-1.185720131E-02-1.333509605E-02-1.480511037E-02
-1.626615307E-02-1.771708820E-02-1.915669593E-02-2.058351601E-02-2.199595662E-02
-2.339247140E-02-2.477145621E-02-2.613113680E-02-2.746963708E-02-2.878503729E-02
-3.007536297E-02-3.133855976E-02-3.257251711E-02-3.377508627E-02-3.494406191E-02
-3.607721554E-02-3.717229712E-02-3.822703863E-02-3.923917244E-02-4.020643474E-02
-4.112658021E-02-4.199735658E-02-4.281661472E-02-4.358218646E-02-4.429198398E-02
-4.494398204E-02-4.553622096E-02-4.606683280E-02-4.653401845E-02-4.693608615E-02
-4.727144044E-02-4.753858660E-02-4.773614646E-02-4.786285024E-02-4.791754546E-02
-4.789919532E-02-4.780688378E-02-4.763981304E-02-4.739730024E-02-4.707877986E-02
-4.668379848E-02-4.621201124E-02-4.566317817E-02-4.503715843E-02-4.433390429E-02
-4.355345591E-02-4.269593454E-02-4.176153401E-02-4.075051811E-02-3.966320841E-02
-3.849998764E-02-3.726128763E-02-3.594758186E-02-3.455940389E-02-3.309732361E-02
-3.156196646E-02-2.995401531E-02-2.827421507E-02-2.652338442E-02-2.470243796E-02
-2.281243313E-02-2.085452805E-02-1.883002080E-02-1.674049610E-02-1.458774806E-02
-1.237381331E-02-1.010080067E-02-7.770282874E-03-5.384090600E-03-2.949080651E-03
-4.745324845E-04 2.064204556E-03 4.718848109E-03 7.495773346E-03 1.038878728E-02
 1.339349485E-02 1.650552879E-02 1.972080380E-02 2.303799306E-02 2.644044259E-02
 5.651859432E-02 5.518132356E-02 5.384092979E-02 5.249684750E-02 5.114909622E-02
 4.979760511E-02 4.844228318E-02 4.708303388E-02 4.571975001E-02 4.435230820E-02
 4.298057709E-02 4.160443029E-02 4.022375043E-02 3.883842945E-02 3.744837287E-02
 3.605350775E-02 3.465377866E-02 3.324914214E-02 3.183956290E-02 3.042500094E-02
 2.900538926E-02 2.758063577E-02 2.615065001E-02 2.471536250E-02 2.327475712E-02
 2.182890950E-02 2.037797229E-02 1.892213441E-02 1.746159415E-02 1.599653382E-02
 1.452711354E-02 1.305350994E-02 1.157594132E-02 1.009472228E-02 8.610305262E-03
 7.123237260E-03 5.634099547E-03 4.143461025E-03 2.651876517E-03 1.159626034E-03
-3.333425366E-04-1.827987522E-03-3.322635621E-03-4.814252049E-03-6.300111142E-03
-7.778502501E-03-9.248689646E-03-1.071025306E-02-1.216270155E-02-1.360537790E-02
-1.503741778E-02-1.645764964E-02-1.786466973E-02-1.925707462E-02-2.063347696E-02
-2.199234968E-02-2.333202549E-02-2.465077546E-02-2.594682495E-02-2.721832873E-02
-2.846336439E-02-2.967996765E-02-3.086612075E-02-3.201975644E-02-3.313878694E-02
-3.422109117E-02-3.526453645E-02-3.626697911E-02-3.722628583E-02-3.814031412E-02
-3.900693559E-02-3.982410388E-02-4.058974272E-02-4.130185661E-02-4.195849985E-02
-4.255778378E-02-4.309790246E-02-4.357710910E-02-4.399375446E-02-4.434627507E-02
-4.463319898E-02-4.485316012E-02-4.500489183E-02-4.508723423E-02-4.509913430E-02
-4.503964847E-02-4.490794535E-02-4.470329837E-02-4.442509012E-02-4.407280808E-02
-4.364604200E-02-4.314447939E-02-4.256790205E-02-4.191618081E-02-4.118927070E-02
-4.038720422E-02-3.951008834E-02-3.855809622E-02-3.753146466E-02-3.643048946E-02
-3.525551948E-02-3.400696164E-02-3.268527421E-02-3.129096633E-02-2.982461107E-02
-2.828684812E-02-2.667838719E-02-2.500002996E-02-2.325267775E-02-2.143735476E-02
-1.955526445E-02-1.760772627E-02-1.559626598E-02-1.352276242E-02-1.138925128E-02
-9.197524201E-03-6.948891327E-03-4.645840878E-03-2.297663921E-03 8.926977363E-05
 2.555859880E-03 5.142487097E-03 7.850865179E-03 1.067549046E-02 1.361244297E-02
 1.665768337E-02 1.980733897E-02 2.306019188E-02 2.639950168E-02 5.871296492E-02
 5.738151595E-02 5.604701875E-02 5.470894247E-02 5.336731543E-02 5.202205931E-02
 5.067307083E-02 4.932023677E-02 4.796342984E-02 4.660252316E-02 4.523739749E-02
 4.386794082E-02 4.249405140E-02 4.111564466E-02 3.973265736E-02 3.834503923E-02
 3.695274956E-02 3.555575064E-02 3.415399001E-02 3.274737660E-02 3.133580233E-02
 2.991916417E-02 2.849738521E-02 2.707045141E-02 2.563844836E-02 2.420152606E-02
 2.275986242E-02 2.131363633E-02 1.986299493E-02 1.840805546E-02 1.694894546E-02
 1.548583379E-02 1.401899843E-02 1.254887142E-02 1.107598247E-02 9.600867219E-03
 8.123966928E-03 6.645665128E-03 5.166460940E-03 3.687096512E-03 2.208361103E-03
 7.306335900E-04-7.460013309E-04-2.222242584E-03-3.695619819E-03-5.163173389E-03
-6.622409417E-03-8.071737783E-03-9.510422157E-03-1.093806122E-02-1.235411618E-02
-1.375767022E-02-1.514757753E-02-1.652264719E-02-1.788157823E-02-1.922291168E-02
-2.054510323E-02-2.184656526E-02-2.312565398E-02-2.438064449E-02-2.560974683E-02
-2.681113152E-02-2.798290589E-02-2.912313772E-02-3.022987053E-02-3.130110923E-02
-3.233484950E-02-3.332906725E-02-3.428175591E-02-3.519087299E-02-3.605441433E-02
-3.687042880E-02-3.763693571E-02-3.835203041E-02-3.901384723E-02-3.962056972E-02
-4.017045565E-02-4.066181309E-02-4.109303809E-02-4.146260252E-02-4.176906128E-02
-4.201106418E-02-4.218735229E-02-4.229676281E-02-4.233823190E-02-4.231079502E-02
-4.221358956E-02-4.204585353E-02-4.180692362E-02-4.149623508E-02-4.111331776E-02
-4.065779481E-02-4.012937780E-02-3.952786403E-02-3.885313019E-02-3.810513085E-02
-3.728389213E-02-3.638950715E-02-3.542213544E-02-3.438199436E-02-3.326936342E-02
-3.208458376E-02-3.082804560E-02-2.950021146E-02-2.810160649E-02-2.663282991E-02
-2.509456799E-02-2.348759881E-02-2.181281434E-02-2.007123926E-02-1.826405083E-02
-1.639263039E-02-1.445852102E-02-1.246354733E-02-1.040965424E-02-8.298325084E-03
-6.130820788E-03-3.910847722E-03-1.649372309E-03 6.534486995E-04 3.051277980E-03
 5.571585145E-03 8.212666188E-03 1.097003508E-02 1.384014504E-02 1.681920651E-02
 1.990367230E-02 2.309258143E-02 2.636905941E-02 6.093919569E-02 5.961360468E-02
 5.828506140E-02 5.695304388E-02 5.561756601E-02 5.427853483E-02 5.293582501E-02
 5.158931103E-02 5.023887262E-02 4.888439584E-02 4.752577402E-02 4.616291290E-02
 4.479573990E-02 4.342419842E-02 4.204824198E-02 4.066783127E-02 3.928292236E-02
 3.789344275E-02 3.649928071E-02 3.510031478E-02 3.369643179E-02 3.228755183E-02
 3.087367063E-02 2.945488264E-02 2.803133417E-02 2.660319162E-02 2.517061317E-02
 2.373370917E-02 2.229255697E-02 2.084724047E-02 1.939788649E-02 1.794474387E-02
 1.648822456E-02 1.502883752E-02 1.356709234E-02 1.210338450E-02 1.063800791E-02
 9.171315496E-03 7.703829733E-03 6.236285337E-03 4.769564013E-03 3.304654070E-03
 1.842297824E-03 3.828090143E-04-1.073841105E-03-2.527736987E-03-3.975990161E-03
-5.415679114E-03-6.844550963E-03-8.261251365E-03-9.664965935E-03-1.105499833E-02
-1.243065757E-02-1.379109170E-02-1.513516291E-02-1.646153219E-02-1.776877985E-02
-1.905543959E-02-2.031998028E-02-2.156079393E-02-2.277622343E-02-2.396456067E-02
-2.512403564E-02-2.625284670E-02-2.734915858E-02-2.841110121E-02-2.943679040E-02
-3.042431924E-02-3.137179886E-02-3.227728828E-02-3.313890434E-02-3.395478449E-02
-3.472304580E-02-3.544187221E-02-3.610947780E-02-3.672411885E-02-3.728411783E-02
-3.778783935E-02-3.823372689E-02-3.862029057E-02-3.894611555E-02-3.920987131E-02
-3.941031042E-02-3.954627239E-02-3.961668645E-02-3.962057378E-02-3.955704695E-02
-3.942531300E-02-3.922467003E-02-3.895450750E-02-3.861430349E-02-3.820362321E-02
-3.772211657E-02-3.716951447E-02-3.654562528E-02-3.585033274E-02-3.508359091E-02
-3.424542320E-02-3.333591716E-02-3.235522496E-02-3.130356269E-02-3.018120811E-02
-2.898850405E-02-2.772586285E-02-2.639377223E-02-2.499279618E-02-2.352359557E-02
-2.198693696E-02-2.038370334E-02-1.871491356E-02-1.698174526E-02-1.518557592E-02
-1.332803432E-02-1.141085806E-02-9.435665478E-03-7.403731049E-03-5.316694281E-03
-3.180085869E-03-1.004982322E-03 1.219314371E-03 3.551073476E-03 6.006478258E-03
 8.581585033E-03 1.127283687E-02 1.407706165E-02 1.699070045E-02 2.001045988E-02
 2.313571597E-02 2.634963615E-02 6.319615311E-02 6.187646300E-02 6.055389403E-02
 5.922792460E-02 5.789854443E-02 5.656564091E-02 5.522908911E-02 5.388877427E-02
 5.254458709E-02 5.119642694E-02 4.984421031E-02 4.848787419E-02 4.712736683E-02
 4.576264442E-02 4.439366648E-02 4.302037839E-02 4.164268258E-02 4.026045134E-02
 3.887355269E-02 3.748186611E-02 3.608531335E-02 3.468390617E-02 3.327774527E-02
 3.186697186E-02 3.045174026E-02 2.903218623E-02 2.760838292E-02 2.618037108E-02
 2.474819600E-02 2.331194878E-02 2.187185596E-02 2.042831281E-02 1.898180891E-02
 1.753282855E-02 1.608172227E-02 1.462870711E-02 1.317403708E-02 1.171812628E-02
 1.026161058E-02 8.805270058E-03 7.349935747E-03 5.896453823E-03 4.445695640E-03
 2.998594004E-03 1.555857418E-03 1.179760542E-04-1.315075902E-03-2.742782331E-03
-4.162304593E-03-5.570849788E-03-6.966098045E-03-8.346611485E-03-9.711638618E-03
-1.106053808E-02-1.239249504E-02-1.370648490E-02-1.500130891E-02-1.627564039E-02
-1.752805063E-02-1.875704086E-02-1.996107505E-02-2.113855666E-02-2.228783738E-02
-2.340723962E-02-2.449504167E-02-2.554949584E-02-2.656883102E-02-2.755125744E-02
-2.849499103E-02-2.939819575E-02-3.025910364E-02-3.107593611E-02-3.184690827E-02
-3.257029019E-02-3.324437484E-02-3.386749107E-02-3.443802635E-02-3.495440283E-02
-3.541511308E-02-3.581870787E-02-3.616380548E-02-3.644909862E-02-3.667335483E-02
-3.683542081E-02-3.693422352E-02-3.696877437E-02-3.693816911E-02-3.684158920E-02
-3.667830006E-02-3.644765230E-02-3.614907952E-02-3.578209771E-02-3.534630210E-02
-3.484136589E-02-3.426703780E-02-3.362313860E-02-3.290956032E-02-3.212626303E-02
-3.127327360E-02-3.035068677E-02-2.935866071E-02-2.829742133E-02-2.716726966E-02
-2.596857509E-02-2.470178952E-02-2.336745144E-02-2.196620110E-02-2.049879102E-02
-1.896609606E-02-1.736913700E-02-1.570909524E-02-1.398735942E-02-1.220554940E-02
-1.036527868E-02-8.467800670E-03-6.514264388E-03-4.507194601E-03-2.454650350E-03
-3.656297698E-04 1.787199496E-03 4.055702776E-03 6.447503436E-03 8.958024689E-03
 1.158435264E-02 1.432366346E-02 1.717267960E-02 2.012835198E-02 2.319032481E-02
 2.634185691E-02 6.548274225E-02 6.416893934E-02 6.285229827E-02 6.153228287E-02
 6.020887280E-02 5.888196283E-02 5.755143857E-02 5.621719522E-02 5.487914007E-02
 5.353720195E-02 5.219132420E-02 5.084145850E-02 4.948756271E-02 4.812959150E-02
 4.676747294E-02 4.540108617E-02 4.403029083E-02 4.265494683E-02 4.127492994E-02
 3.989016892E-02 3.850069422E-02 3.710661026E-02 3.570805176E-02 3.430516027E-02
 3.289804687E-02 3.148674856E-02 3.007127284E-02 2.865163098E-02 2.722788416E-02
 2.580024237E-02 2.436908658E-02 2.293488802E-02 2.149810774E-02 2.005905709E-02
 1.861788610E-02 1.717476015E-02 1.572999123E-02 1.428412591E-02 1.283788899E-02
 1.139206409E-02 9.947429442E-03 8.504725157E-03 7.064710006E-03 5.628234190E-03
 4.196305158E-03 2.770005300E-03 1.350134554E-03-6.273795991E-05-1.468837169E-03
-2.867065626E-03-4.254438805E-03-5.628298929E-03-6.986558755E-03-8.327816042E-03
-9.651150765E-03-1.095577805E-02-1.224084723E-02-1.350532964E-02-1.474799893E-02
-1.596750241E-02-1.716241487E-02-1.833124118E-02-1.947244679E-02-2.058446778E-02
-2.166569255E-02-2.271448997E-02-2.372919695E-02-2.470813991E-02-2.564962887E-02
-2.655193566E-02-2.741339996E-02-2.823232454E-02-2.900702087E-02-2.973584260E-02
-3.041716040E-02-3.104937507E-02-3.163093897E-02-3.216033240E-02-3.263609830E-02
-3.305682979E-02-3.342118071E-02-3.372787021E-02-3.397568425E-02-3.416348064E-02
-3.429018963E-02-3.435481721E-02-3.435644779E-02-3.429424438E-02-3.416744555E-02
-3.397537036E-02-3.371741544E-02-3.339305438E-02-3.300183685E-02-3.254338627E-02
-3.201739938E-02-3.142364316E-02-3.076195536E-02-3.003224251E-02-2.923447921E-02
-2.836870736E-02-2.743503890E-02-2.643365757E-02-2.536482228E-02-2.422886985E-02
-2.302621920E-02-2.175739368E-02-2.042301289E-02-1.902381533E-02-1.756067316E-02
-1.603460158E-02-1.444680298E-02-1.279868259E-02-1.109173006E-02-9.327292923E-03
-7.506431063E-03-5.630476616E-03-3.703263798E-03-1.735447040E-03 2.693442604E-04
 2.357817779E-03 4.565741696E-03 6.895071731E-03 9.342330676E-03 1.190500136E-02
 1.458043695E-02 1.736565994E-02 2.025790754E-02 2.325708619E-02 2.634652237E-02
 6.779782301E-02 6.648981610E-02 6.517897543E-02 6.386476993E-02 6.254718805E-02
 6.122613269E-02 5.990150109E-02 5.857321174E-02 5.724120278E-02 5.590542201E-02
 5.456582353E-02 5.322236526E-02 5.187499296E-02 5.052361020E-02 4.916807894E-02
 4.780824923E-02 4.644397444E-02 4.507513063E-02 4.370166025E-02 4.232361083E-02
 4.094108818E-02 3.955421982E-02 3.816313360E-02 3.676791310E-02 3.536856170E-02
 3.396505698E-02 3.255738030E-02 3.114556820E-02 2.972981886E-02 2.831050086E-02
 2.688806790E-02 2.546295953E-02 2.403545270E-02 2.260563923E-02 2.117360760E-02
 1.973957784E-02 1.830400886E-02 1.686756726E-02 1.543099172E-02 1.399501774E-02
 1.256032803E-02 1.112759079E-02 9.697528546E-03 8.270957445E-03 6.848804784E-03
 5.432076157E-03 4.021869850E-03 2.619283413E-03 1.225233052E-03-1.594341732E-04
-1.534973432E-03-2.900177283E-03-4.252244768E-03-5.588576799E-03-6.907010118E-03
-8.206072068E-03-9.484809372E-03-1.074238357E-02-1.197788235E-02-1.319025793E-02
-1.437829387E-02-1.554064006E-02-1.667587965E-02-1.778254860E-02-1.885913933E-02
-1.990412614E-02-2.091594869E-02-2.189304709E-02-2.283381924E-02-2.373664609E-02
-2.459996638E-02-2.542216333E-02-2.620164202E-02-2.693683739E-02-2.762619635E-02
-2.826819067E-02-2.886133709E-02-2.940417421E-02-2.989529614E-02-3.033333989E-02
-3.071699685E-02-3.104501533E-02-3.131620333E-02-3.152943297E-02-3.168364304E-02
-3.177783940E-02-3.181109913E-02-3.178257245E-02-3.169147910E-02-3.153711269E-02
-3.131884066E-02-3.103610153E-02-3.068840630E-02-3.027533726E-02-2.979654703E-02
-2.925175765E-02-2.864076115E-02-2.796341782E-02-2.721965698E-02-2.640947846E-02
-2.553295507E-02-2.459023231E-02-2.358153318E-02-2.250716848E-02-2.136753830E-02
-2.016314157E-02-1.889458542E-02-1.756259721E-02-1.616804308E-02-1.471195345E-02
-1.319554292E-02-1.162015431E-02-9.987059182E-03-8.297289425E-03-6.551919647E-03
-4.752995394E-03-2.906297150E-03-1.023026297E-03 9.045162020E-04 2.932733582E-03
 5.081680752E-03 7.349807219E-03 9.734959518E-03 1.223513601E-02 1.484780852E-02
 1.757014921E-02 2.039967752E-02 2.333659581E-02 2.636433691E-02 7.014017320E-02
 6.883781109E-02 6.753262005E-02 6.622407629E-02 6.491217647E-02 6.359683952E-02
 6.227799236E-02 6.095557886E-02 5.962954991E-02 5.829986143E-02 5.696646806E-02
 5.562930123E-02 5.428823910E-02 5.294313086E-02 5.159381998E-02 5.024015507E-02
 4.888201656E-02 4.751936735E-02 4.615226770E-02 4.478082244E-02 4.340515172E-02
 4.202536866E-02 4.064152668E-02 3.925359875E-02 3.786153584E-02 3.646529309E-02
 3.506488720E-02 3.366050848E-02 3.225251448E-02 3.084134211E-02 2.942741106E-02
 2.801096799E-02 2.659205420E-02 2.517069128E-02 2.374701690E-02 2.232140548E-02
 2.089446626E-02 1.946689554E-02 1.803939076E-02 1.661258672E-02 1.518707786E-02
 1.376349573E-02 1.234255171E-02 1.092504927E-02 9.511858708E-03 8.103889641E-03
 6.702141445E-03 5.307772072E-03 3.922119810E-03 2.546384638E-03 1.181419602E-03
-1.719163953E-04-1.513849581E-03-2.843137804E-03-4.157004937E-03-5.452968408E-03
-6.728900750E-03-7.983233123E-03-9.214910852E-03-1.042304041E-02-1.160668310E-02
-1.276478088E-02-1.389614420E-02-1.499946011E-02-1.607334174E-02-1.711636081E-02
-1.812705170E-02-1.910395713E-02-2.004555837E-02-2.095034467E-02-2.181684587E-02
-2.264352616E-02-2.342888100E-02-2.417142418E-02-2.486967725E-02-2.552218197E-02
-2.612751871E-02-2.668428444E-02-2.719112498E-02-2.764672247E-02-2.804980741E-02
-2.839915960E-02-2.869361242E-02-2.893205566E-02-2.911344033E-02-2.923677768E-02
-2.930114269E-02-2.930567661E-02-2.924958814E-02-2.913215241E-02-2.895271310E-02
-2.871068166E-02-2.840553840E-02-2.803683151E-02-2.760417776E-02-2.710726266E-02
-2.654583869E-02-2.591972876E-02-2.522882586E-02-2.447309418E-02-2.365257139E-02
-2.276737340E-02-2.181769815E-02-2.080383276E-02-1.972615869E-02-1.858515399E-02
-1.738141896E-02-1.611567400E-02-1.478879021E-02-1.340181099E-02-1.195591116E-02
-1.045225586E-02-8.891834352E-03-7.275546458E-03-5.604748639E-03-3.882682293E-03
-2.117828512E-03-3.186901481E-04 1.541638822E-03 3.512985151E-03 5.604108192E-03
 7.812406112E-03 1.013660857E-02 1.257523786E-02 1.512613632E-02 1.778657768E-02
 2.055418395E-02 2.342943352E-02 2.639592160E-02 7.250854229E-02 7.121166957E-02
 6.991197375E-02 6.860894189E-02 6.730259424E-02 6.599287988E-02 6.467974280E-02
 6.336313577E-02 6.204301578E-02 6.071933033E-02 5.939198869E-02 5.806084940E-02
 5.672575231E-02 5.538653581E-02 5.404304660E-02 5.269517409E-02 5.134290501E-02
 4.998630841E-02 4.862548584E-02 4.726054992E-02 4.589159762E-02 4.451865065E-02
 4.314165475E-02 4.176053751E-02 4.037523122E-02 3.898573710E-02 3.759224075E-02
 3.619508971E-02 3.479470479E-02 3.339148721E-02 3.198565706E-02 3.057721169E-02
 2.916611464E-02 2.775243027E-02 2.633645203E-02 2.491873223E-02 2.349992667E-02
 2.208069906E-02 2.066164798E-02 1.924330666E-02 1.782622567E-02 1.641102261E-02
 1.499839580E-02 1.358911460E-02 1.218398841E-02 1.078390157E-02 9.389866335E-03
 8.003028235E-03 6.624544068E-03 5.255532035E-03 3.897240152E-03 2.550932801E-03
 1.217659061E-03-1.015518456E-04-1.406858616E-03-2.697364975E-03-3.970379996E-03
-5.223513568E-03-6.454619226E-03-7.662012737E-03-8.844534965E-03-1.000122225E-02
-1.113112548E-02-1.223320298E-02-1.330630600E-02-1.434917254E-02-1.536046286E-02
-1.633881744E-02-1.728279884E-02-1.819099780E-02-1.906202424E-02-1.989442293E-02
-2.068677599E-02-2.143767399E-02-2.214571182E-02-2.280950046E-02-2.342768307E-02
-2.399891473E-02-2.452189338E-02-2.499534734E-02-2.541804758E-02-2.578880731E-02
-2.610648834E-02-2.637000168E-02-2.657831343E-02-2.673044455E-02-2.682547351E-02
-2.686253879E-02-2.684084237E-02-2.675964738E-02-2.661828061E-02-2.641613298E-02
-2.615266110E-02-2.582738727E-02-2.543989954E-02-2.498985297E-02-2.447697001E-02
-2.390104329E-02-2.326193502E-02-2.255958071E-02-2.179399215E-02-2.096526181E-02
-2.007356576E-02-1.911916970E-02-1.810243921E-02-1.702384599E-02-1.588397777E-02
-1.468356416E-02-1.342348279E-02-1.210473955E-02-1.072836228E-02-9.295258084E-03
-7.806233578E-03-6.262331745E-03-4.665603862E-03-3.020966698E-03-1.339170929E-03
 3.791410346E-04 2.181728609E-03 4.099196477E-03 6.133636647E-03 8.283499959E-03
 1.054801093E-02 1.292604351E-02 1.541593052E-02 1.801530762E-02 2.072185750E-02
 2.353612923E-02 2.644187590E-02 7.490172413E-02 7.361018178E-02 7.231583375E-02
 7.101819702E-02 6.971731557E-02 6.841314942E-02 6.710564921E-02 6.579477005E-02
 6.448044786E-02 6.316256582E-02 6.184096877E-02 6.051549052E-02 5.918596529E-02
 5.785224134E-02 5.651422276E-02 5.517191927E-02 5.382540531E-02 5.247477763E-02
 5.112014094E-02 4.976157424E-02 4.839906722E-02 4.703254150E-02 4.566190426E-02
 4.428706801E-02 4.290802250E-02 4.152495104E-02 4.013819195E-02 3.874815051E-02
 3.735521084E-02 3.595956965E-02 3.456118608E-02 3.315997332E-02 3.175593085E-02
 3.034927528E-02 2.894050206E-02 2.753022803E-02 2.611908578E-02 2.470764670E-02
 2.329639486E-02 2.188581085E-02 2.047643061E-02 1.906885952E-02 1.766377157E-02
 1.626188256E-02 1.486397360E-02 1.347094932E-02 1.208385521E-02 1.070377187E-02
 9.331699326E-03 7.968629432E-03 6.615705108E-03 5.274249866E-03 3.945734115E-03
 2.631513783E-03 1.332632918E-03 5.013933098E-05-1.215883776E-03-2.465102248E-03
-3.694922961E-03-4.903028938E-03-6.087269133E-03-7.245835415E-03-8.377455590E-03
-9.481100391E-03-1.055580101E-02-1.160053989E-02-1.261422072E-02-1.359565945E-02
-1.454355113E-02-1.545660225E-02-1.633349851E-02-1.717286339E-02-1.797335857E-02
-1.873364672E-02-1.945239323E-02-2.012827701E-02-2.076000331E-02-2.134628530E-02
-2.188587348E-02-2.237754335E-02-2.282010762E-02-2.321241462E-02-2.355335712E-02
-2.384187065E-02-2.407693958E-02-2.425759792E-02-2.438293252E-02-2.445208539E-02
-2.446425663E-02-2.441870190E-02-2.431473786E-02-2.415174233E-02-2.392915424E-02
-2.364647622E-02-2.330327494E-02-2.289918269E-02-2.243389897E-02-2.190719167E-02
-2.131890032E-02-2.066893874E-02-1.995729780E-02-1.918404959E-02-1.834935366E-02
-1.745346223E-02-1.649672968E-02-1.547962340E-02-1.440273420E-02-1.326679462E-02
-1.207264283E-02-1.082114783E-02-9.513109145E-03-8.149243523E-03-6.730401024E-03
-5.258102258E-03-3.735533821E-03-2.170080376E-03-5.714026385E-04 1.077263604E-03
 2.827021791E-03 4.691833236E-03 6.670856071E-03 8.763669342E-03 1.096978551E-02
 1.328830844E-02 1.571796366E-02 1.825687562E-02 2.090306318E-02 2.365711019E-02
 2.650273594E-02 7.731855693E-02 7.603220945E-02 7.474310658E-02 7.345078406E-02
 7.215529248E-02 7.085659736E-02 6.955464451E-02 6.824935101E-02 6.694057759E-02
 6.562815939E-02 6.431192646E-02 6.299170987E-02 6.166736315E-02 6.033881193E-02
 5.900608413E-02 5.766925659E-02 5.632842089E-02 5.498367304E-02 5.363507181E-02
 5.228257595E-02 5.092608595E-02 4.956549111E-02 4.820068707E-02 4.683165573E-02
 4.545857995E-02 4.408178935E-02 4.270167431E-02 4.131860301E-02 3.993275161E-02
 3.854404608E-02 3.715235587E-02 3.575762345E-02 3.435999323E-02 3.295990366E-02
 3.155793390E-02 3.015468700E-02 2.875071356E-02 2.734645971E-02 2.594234600E-02
 2.453883677E-02 2.313645637E-02 2.173579216E-02 2.033747547E-02 1.894218861E-02
 1.755073341E-02 1.616405302E-02 1.478316804E-02 1.340902287E-02 1.204249071E-02
 1.068452793E-02 9.336284014E-03 7.999028604E-03 6.674066889E-03 5.362735660E-03
 4.066478721E-03 2.786662948E-03 1.524380745E-03 2.807553993E-04-9.437356723E-04
-2.149397510E-03-3.333905349E-03-4.494998397E-03-5.630579718E-03-6.738751804E-03
-7.818078163E-03-8.867455750E-03-9.885896195E-03-1.087240139E-02-1.182589252E-02
-1.274528094E-02-1.362938938E-02-1.447695666E-02-1.528673448E-02-1.605745767E-02
-1.678785829E-02-1.747667945E-02-1.812268555E-02-1.872464619E-02-1.928136406E-02
-1.979166251E-02-2.025439722E-02-2.066845344E-02-2.103275702E-02-2.134627107E-02
-2.160800160E-02-2.181699930E-02-2.197236338E-02-2.207324404E-02-2.211884447E-02
-2.210841873E-02-2.204127862E-02-2.191679449E-02-2.173439454E-02-2.149356803E-02
-2.119386656E-02-2.083490616E-02-2.041636953E-02-1.993800662E-02-1.939964026E-02
-1.880116704E-02-1.814256246E-02-1.742388505E-02-1.664528308E-02-1.580700074E-02
-1.490938904E-02-1.395291838E-02-1.293817640E-02-1.186583691E-02-1.073661241E-02
-9.551169277E-03-8.310127275E-03-7.014211618E-03-5.664641314E-03-4.263746174E-03
-2.816316757E-03-1.332296020E-03 1.857984007E-04 1.778430898E-03 3.478892554E-03
 5.291682830E-03 7.216465884E-03 9.253484235E-03 1.140245832E-02 1.366264265E-02
 1.603301099E-02 1.851208470E-02 2.109836136E-02 2.379274308E-02 2.657892504E-02
 7.975797256E-02 7.847673138E-02 7.719279242E-02 7.590570497E-02 7.461552142E-02
 7.332219137E-02 7.202560294E-02 7.072560114E-02 6.942201507E-02 6.811467179E-02
 6.680340117E-02 6.548806608E-02 6.416861829E-02 6.284509877E-02 6.151758385E-02
 6.018616020E-02 5.885091405E-02 5.751188127E-02 5.616899209E-02 5.482212868E-02
 5.347116458E-02 5.211598124E-02 5.075655612E-02 4.939307281E-02 4.802585261E-02
 4.665527159E-02 4.528168312E-02 4.390524525E-02 4.252585518E-02 4.114334440E-02
 3.975760549E-02 3.836871589E-02 3.697705669E-02 3.558317045E-02 3.418763178E-02
 3.279097415E-02 3.139361634E-02 2.999592811E-02 2.859831079E-02 2.720121817E-02
 2.580515933E-02 2.441068942E-02 2.301840186E-02 2.162899888E-02 2.024332367E-02
 1.886232993E-02 1.748692702E-02 1.611791083E-02 1.475608618E-02 1.340243548E-02
 1.205811697E-02 1.072434361E-02 9.402335958E-03 8.093340489E-03 6.798629428E-03
 5.519499201E-03 4.257389726E-03 3.013816049E-03 1.790038503E-03 5.871999728E-04
-5.938525407E-04-1.753912381E-03-2.891234581E-03-4.003544943E-03-5.088897654E-03
-6.145372750E-03-7.171349276E-03-8.165599777E-03-9.127063604E-03-1.005478299E-02
-1.094775404E-02-1.180491195E-02-1.262517014E-02-1.340738653E-02-1.415038910E-02
-1.485299753E-02-1.551403799E-02-1.613233524E-02-1.670674235E-02-1.723612941E-02
-1.771939471E-02-1.815546132E-02-1.854328949E-02-1.888187223E-02-1.917024037E-02
-1.940746512E-02-1.959266202E-02-1.972499282E-02-1.980366765E-02-1.982794575E-02
-1.979713950E-02-1.971061624E-02-1.956779893E-02-1.936816973E-02-1.911127152E-02
-1.879670966E-02-1.842415502E-02-1.799334648E-02-1.750409511E-02-1.695628643E-02
-1.634988635E-02-1.568494609E-02-1.496160943E-02-1.418012094E-02-1.334082919E-02
-1.244418145E-02-1.149069799E-02-1.048092525E-02-9.415398036E-03-8.294639947E-03
-7.119276800E-03-5.890334246E-03-4.609700480E-03-3.280866961E-03-1.911052780E-03
-5.090482200E-04 9.410160486E-04 2.485297039E-03 4.137951493E-03 5.899648751E-03
 7.771304484E-03 9.753610637E-03 1.184654363E-02 1.404953486E-02 1.636167657E-02
 1.878172581E-02 2.130858104E-02 2.394362214E-02 2.667078777E-02 8.221901246E-02
 8.094279596E-02 7.966393910E-02 7.838199744E-02 7.709699102E-02 7.580879609E-02
 7.451724338E-02 7.322215858E-02 7.192336626E-02 7.062069798E-02 6.931403093E-02
 6.800334342E-02 6.668868523E-02 6.537012991E-02 6.404775955E-02 6.272164942E-02
 6.139180951E-02 6.005814507E-02 5.872052262E-02 5.737880159E-02 5.603285177E-02
 5.468264930E-02 5.332837919E-02 5.197035468E-02 5.060893813E-02 4.924446908E-02
 4.787708969E-02 4.650667222E-02 4.513301517E-02 4.375596775E-02 4.237554592E-02
 4.099207314E-02 3.960605617E-02 3.821804215E-02 3.682854881E-02 3.543797717E-02
 3.404665504E-02 3.265492803E-02 3.126318844E-02 2.987187565E-02 2.848147509E-02
 2.709250316E-02 2.570556520E-02 2.432140903E-02 2.294091123E-02 2.156495682E-02
 2.019429923E-02 1.882963033E-02 1.747175843E-02 1.612170795E-02 1.478061027E-02
 1.344961296E-02 1.212987166E-02 1.082256140E-02 9.528851029E-03 8.249936731E-03
 6.987122684E-03 5.741851238E-03 4.515671411E-03 3.310137070E-03 2.126515029E-03
 9.659276897E-04-1.703467416E-04-1.282929811E-03-2.371382835E-03-3.433416449E-03
-4.467211453E-03-5.470880450E-03-6.442656248E-03-7.381180782E-03-8.285341976E-03
-9.154117198E-03-9.986539690E-03-1.078162457E-02-1.153835847E-02-1.225569564E-02
-1.293256741E-02-1.356788234E-02-1.416055941E-02-1.470952240E-02-1.521371460E-02
-1.567209788E-02-1.608366750E-02-1.644744723E-02-1.676249477E-02-1.702790484E-02
-1.724281227E-02-1.740639365E-02-1.751786970E-02-1.757650969E-02-1.758163142E-02
-1.753260427E-02-1.742885149E-02-1.726985308E-02-1.705514815E-02-1.678433712E-02
-1.645708527E-02-1.607312631E-02-1.563226448E-02-1.513438165E-02-1.457944092E-02
-1.396749188E-02-1.329867420E-02-1.257321748E-02-1.179142968E-02-1.095367674E-02
-1.006035656E-02-9.111876498E-03-8.108664165E-03-7.051279678E-03-5.940625556E-03
-4.778315296E-03-3.567142477E-03-2.312355345E-03-1.023272235E-03 3.012522148E-04
 1.699937916E-03 3.199780630E-03 4.804977492E-03 6.516635172E-03 8.336263887E-03
 1.026483456E-02 1.230266308E-02 1.444945156E-02 1.670441716E-02 1.906639855E-02
 2.153452632E-02 2.411059943E-02 2.677893570E-02 8.470076905E-02 8.342949302E-02
 8.215561704E-02 8.087865559E-02 7.959855048E-02 7.831513833E-02 7.702823926E-02
 7.573767547E-02 7.444328389E-02 7.314496212E-02 7.184271126E-02 7.053658625E-02
 6.922665679E-02 6.791300045E-02 6.659568010E-02 6.527467779E-02 6.394987725E-02
 6.262113187E-02 6.128828847E-02 5.995120750E-02 5.860986660E-02 5.726445252E-02
 5.591527056E-02 5.456267000E-02 5.320697747E-02 5.184832114E-02 5.048655172E-02
 4.912143911E-02 4.775279495E-02 4.638057926E-02 4.500505792E-02 4.362670237E-02
 4.224603311E-02 4.086355252E-02 3.947965145E-02 3.809462434E-02 3.670876772E-02
 3.532241959E-02 3.393595828E-02 3.254980550E-02 3.116441143E-02 2.978029002E-02
 2.839809813E-02 2.701862836E-02 2.564273432E-02 2.427115521E-02 2.290451140E-02
 2.154346097E-02 2.018886776E-02 1.884176906E-02 1.750324532E-02 1.617437619E-02
 1.485625487E-02 1.354998052E-02 1.225663194E-02 1.097733792E-02 9.713359306E-03
 8.466093279E-03 7.236954122E-03 6.027281121E-03 4.838487970E-03 3.672278105E-03
 2.530192011E-03 1.413212041E-03 3.225001848E-04-7.414319427E-04-1.779547685E-03
-2.790084349E-03-3.771065312E-03-4.720902109E-03-5.637850313E-03-6.520304049E-03
-7.367029515E-03-8.176986148E-03-8.949190773E-03-9.682695634E-03-1.037655750E-02
-1.102981372E-02-1.164149426E-02-1.221061399E-02-1.273618968E-02-1.321724167E-02
-1.365281220E-02-1.404196284E-02-1.438378250E-02-1.467739297E-02-1.492195081E-02
-1.511665038E-02-1.526072750E-02-1.535346444E-02-1.539418750E-02-1.538227290E-02
-1.531714956E-02-1.519830012E-02-1.502526500E-02-1.479764536E-02-1.451510646E-02
-1.417738149E-02-1.378427409E-02-1.333566451E-02-1.283150964E-02-1.227184491E-02
-1.165677980E-02-1.098648887E-02-1.026119810E-02-9.481169396E-03-8.646698358E-03
-7.758142845E-03-6.816008194E-03-5.821125190E-03-4.774937655E-03-3.679837848E-03
-2.539940383E-03-1.362951008E-03-1.538078084E-04 1.110669271E-03 2.466405136E-03
 3.922609420E-03 5.480937985E-03 7.143557587E-03 8.912197472E-03 1.078799380E-02
 1.277156908E-02 1.486297016E-02 1.706165451E-02 1.936653293E-02 2.177679373E-02
 2.429447678E-02 2.690426222E-02 8.720237135E-02 8.593591311E-02 8.466681002E-02
 8.339451548E-02 8.211894536E-02 8.083993068E-02 7.955728908E-02 7.827086610E-02
 7.698058573E-02 7.568646583E-02 7.438856333E-02 7.308694396E-02 7.178168049E-02
 7.047282148E-02 6.916032041E-02 6.784404265E-02 6.652383071E-02 6.519952014E-02
 6.387096421E-02 6.253814454E-02 6.120124972E-02 5.986057712E-02 5.851646358E-02
 5.716922364E-02 5.581897317E-02 5.446554433E-02 5.310868222E-02 5.174816616E-02
 5.038390562E-02 4.901610938E-02 4.764521374E-02 4.627171338E-02 4.489609502E-02
 4.351874489E-02 4.213993231E-02 4.075991099E-02 3.937897060E-02 3.799743638E-02
 3.661567174E-02 3.523406954E-02 3.385306340E-02 3.247321932E-02 3.109524524E-02
 2.971994723E-02 2.834806696E-02 2.698018924E-02 2.561686100E-02 2.425877646E-02
 2.290685483E-02 2.156210896E-02 2.022555756E-02 1.889821806E-02 1.758112222E-02
 1.627528009E-02 1.498168911E-02 1.370143385E-02 1.243577151E-02 1.118605988E-02
 9.953597999E-03 8.739598206E-03 7.545392672E-03 6.372563868E-03 5.222679106E-03
 4.097154181E-03 2.997358675E-03 1.924597369E-03 8.800554515E-04-1.350364260E-04
-1.121498270E-03-2.079388614E-03-3.006686687E-03-3.901817838E-03-4.763245591E-03
-5.589376451E-03-6.378745786E-03-7.130200501E-03-7.842748868E-03-8.515438958E-03
-9.147366214E-03-9.737639748E-03-1.028537619E-02-1.078968771E-02-1.124969331E-02
-1.166451787E-02-1.203330227E-02-1.235521055E-02-1.262943210E-02-1.285518771E-02
-1.303173552E-02-1.315837541E-02-1.323444693E-02-1.325933790E-02-1.323248665E-02
-1.315338278E-02-1.302157230E-02-1.283666032E-02-1.259831342E-02-1.230626303E-02
-1.196030758E-02-1.156031306E-02-1.110621240E-02-1.059800202E-02-1.003573544E-02
-9.419516723E-03-8.749498737E-03-8.025891000E-03-7.248996230E-03-6.419292112E-03
-5.537575958E-03-4.605178738E-03-3.624241665E-03-2.598246113E-03-1.533445190E-03
-4.363627778E-04 7.053095697E-04 1.926619887E-03 3.242180020E-03 4.654711877E-03
 6.166908975E-03 7.781354595E-03 9.499919196E-03 1.132388309E-02 1.325406217E-02
 1.529081147E-02 1.743392080E-02 1.968250989E-02 2.203579015E-02 2.449584287E-02
 2.704758881E-02 8.972292234E-02 8.846101739E-02 8.719635157E-02 8.592835063E-02
 8.465692900E-02 8.338191849E-02 8.210317417E-02 8.082064788E-02 7.953436952E-02
 7.824439512E-02 7.695078681E-02 7.565361184E-02 7.435290228E-02 7.304858368E-02
 7.174050598E-02 7.042850265E-02 6.911239924E-02 6.779204394E-02 6.646742437E-02
 6.513873087E-02 6.380625293E-02 6.247031550E-02 6.113122183E-02 5.978907696E-02
 5.844369713E-02 5.709480599E-02 5.574215522E-02 5.438560897E-02 5.302531979E-02
 5.166168881E-02 5.029518577E-02 4.892628099E-02 4.755535958E-02 4.618267356E-02
 4.480843993E-02 4.343290517E-02 4.205634843E-02 4.067908033E-02 3.930144237E-02
 3.792380179E-02 3.654663402E-02 3.517056471E-02 3.379633721E-02 3.242469499E-02
 3.105621717E-02 2.969137999E-02 2.833072773E-02 2.697503187E-02 2.562522634E-02
 2.428227647E-02 2.294713764E-02 2.162077269E-02 2.030414427E-02 1.899816805E-02
 1.770378055E-02 1.642205194E-02 1.515423852E-02 1.390163689E-02 1.266542030E-02
 1.144671375E-02 1.024684559E-02 9.067391047E-03 7.909791056E-03 6.775179614E-03
 5.664799672E-03 4.580303742E-03 3.523480395E-03 2.495703127E-03 1.497831293E-03
 5.310511058E-04-4.037535273E-04-1.307987855E-03-2.180929247E-03-3.020682276E-03
-3.825976839E-03-4.595393955E-03-5.327467830E-03-6.020826772E-03-6.674369695E-03
-7.287152743E-03-7.858287437E-03-8.386916018E-03-8.872218716E-03-9.313390545E-03
-9.709642936E-03-1.006020242E-02-1.036430999E-02-1.062123038E-02-1.083025865E-02
-1.099072381E-02-1.110198931E-02-1.116346204E-02-1.117459447E-02-1.113488680E-02
-1.104389166E-02-1.090121626E-02-1.070652421E-02-1.045953779E-02-1.016003877E-02
-9.807866068E-03-9.402917559E-03-8.945145931E-03-8.434560321E-03-7.871232051E-03
-7.255313192E-03-6.587077093E-03-5.866991742E-03-5.095840273E-03-4.274888596E-03
-3.406116348E-03-2.492650631E-03-1.539824080E-03-5.538004303E-04 4.726174910E-04
 1.569132374E-03 2.752898042E-03 4.027927289E-03 5.397220726E-03 6.864007427E-03
 8.431001798E-03 1.010026506E-02 1.187324648E-02 1.375089069E-02 1.573374342E-02
 1.782190605E-02 2.001481629E-02 2.231185922E-02 2.471508573E-02 2.720950233E-02
 9.226136015E-02 9.100365093E-02 8.974304864E-02 8.847895486E-02 8.721129520E-02
 8.593995657E-02 8.466491289E-02 8.338620150E-02 8.210387592E-02 8.081799523E-02
 7.952862002E-02 7.823576336E-02 7.693932483E-02 7.563914165E-02 7.433503960E-02
 7.302683548E-02 7.171437437E-02 7.039765156E-02 6.907685893E-02 6.775227809E-02
 6.642422265E-02 6.509298527E-02 6.375866148E-02 6.242105393E-02 6.107986778E-02
 5.973483117E-02 5.838576797E-02 5.703277580E-02 5.567622040E-02 5.431654751E-02
 5.295421016E-02 5.158959376E-02 5.022294056E-02 4.885443694E-02 4.748429052E-02
 4.611274009E-02 4.474004951E-02 4.336651326E-02 4.199244459E-02 4.061823308E-02
 3.924442421E-02 3.787169040E-02 3.650075860E-02 3.513222591E-02 3.376653373E-02
 3.240411457E-02 3.104557594E-02 2.969174940E-02 2.834354513E-02 2.700187079E-02
 2.566762527E-02 2.434171846E-02 2.302502814E-02 2.171838818E-02 2.042269819E-02
 1.913904425E-02 1.786866664E-02 1.661277127E-02 1.537240086E-02 1.414862486E-02
 1.294282175E-02 1.175655207E-02 1.059108963E-02 9.447389985E-03 8.326662696E-03
 7.230547898E-03 6.160659620E-03 5.118340097E-03 4.104960779E-03 3.121989775E-03
 2.170727870E-03 1.252033840E-03 3.671715525E-04-4.833639155E-04-1.301171597E-03
-2.085363036E-03-2.834134283E-03-3.546387856E-03-4.220900765E-03-4.856361684E-03
-5.451533795E-03-6.005327546E-03-6.516844810E-03-6.985262669E-03-7.409790594E-03
-7.789677077E-03-8.124203234E-03-8.412678455E-03-8.654440738E-03-8.848858610E-03
-8.995330476E-03-9.093289955E-03-9.142209765E-03-9.141605404E-03-9.091037830E-03
-8.990116352E-03-8.838500662E-03-8.635902573E-03-8.382087500E-03-8.076875544E-03
-7.720146002E-03-7.311841972E-03-6.851984355E-03-6.340695469E-03-5.778240649E-03
-5.165093152E-03-4.502032573E-03-3.790301240E-03-3.031789672E-03-2.229432715E-03
-1.388023012E-03-5.122358621E-04 4.035671936E-04 1.383910053E-03 2.444655664E-03
 3.590395307E-03 4.824709171E-03 6.151304421E-03 7.573309752E-03 9.093492972E-03
 1.071411956E-02 1.243683758E-02 1.426273837E-02 1.619247692E-02 1.822634984E-02
 2.036411098E-02 2.260544294E-02 2.495252107E-02 2.739036302E-02 9.481654752E-02
 9.356265840E-02 9.230573471E-02 9.104517331E-02 8.978097940E-02 8.851316119E-02
 8.724175617E-02 8.596681430E-02 8.468839227E-02 8.340654269E-02 8.212125665E-02
 8.083241109E-02 7.953983288E-02 7.824334111E-02 7.694274499E-02 7.563788837E-02
 7.432877548E-02 7.301559949E-02 7.169863410E-02 7.037818211E-02 6.905452625E-02
 6.772775371E-02 6.639765559E-02 6.506392116E-02 6.372625861E-02 6.238445633E-02
 6.103855884E-02 5.968889597E-02 5.833589051E-02 5.697997746E-02 5.562154179E-02
 5.426082336E-02 5.289798386E-02 5.153319606E-02 5.016666257E-02 4.879860675E-02
 4.742927953E-02 4.605894992E-02 4.468793267E-02 4.331669101E-02 4.194582477E-02
 4.057602345E-02 3.920791027E-02 3.784192219E-02 3.647841963E-02 3.511785945E-02
 3.376094006E-02 3.240850587E-02 3.106142224E-02 2.972053756E-02 2.838670311E-02
 2.706076749E-02 2.574351444E-02 2.443571930E-02 2.313827506E-02 2.185229476E-02
 2.057897955E-02 1.931941201E-02 1.807452559E-02 1.684538076E-02 1.563342311E-02
 1.444015250E-02 1.326663413E-02 1.211370253E-02 1.098260812E-02 9.875018084E-03
 8.792455833E-03 7.736120316E-03 6.707196702E-03 5.707022217E-03 4.737070720E-03
 3.798902440E-03 2.893866815E-03 2.022974805E-03 1.186884096E-03 3.869048595E-04
-3.762494039E-04-1.104191302E-03-1.796481066E-03-2.451520579E-03-3.068213725E-03
-3.645643875E-03-4.182667353E-03-4.678191141E-03-5.131176194E-03-5.540720339E-03
-5.906053168E-03-6.226468758E-03-6.501302026E-03-6.729922719E-03-6.911746683E-03
-7.046228140E-03-7.132859342E-03-7.171173028E-03-7.160742749E-03-7.101186924E-03
-6.992171533E-03-6.833412939E-03-6.624683184E-03-6.365817154E-03-6.056721664E-03
-5.697395196E-03-5.287953234E-03-4.828670388E-03-4.320043269E-03-3.762885839E-03
-3.158435563E-03-2.508542915E-03-1.816218144E-03-1.085448208E-03-3.184209033E-04
 4.909538267E-04 1.362426153E-03 2.308201806E-03 3.332859240E-03 4.440076388E-03
 5.633870284E-03 6.918081346E-03 8.295832535E-03 9.769802684E-03 1.134239103E-02
 1.301546022E-02 1.479028425E-02 1.666764504E-02 1.864793374E-02 2.073110833E-02
 2.291716862E-02 2.520855377E-02 2.759044307E-02 9.738736508E-02 9.613691285E-02
 9.488331127E-02 9.362602929E-02 9.236518835E-02 9.110084172E-02 8.983303192E-02
 8.856181300E-02 8.728722821E-02 8.600924422E-02 8.472771888E-02 8.344247103E-02
 8.215331375E-02 8.086004976E-02 7.956252349E-02 7.826074906E-02 7.695492052E-02
 7.564530372E-02 7.433219116E-02 7.301585623E-02 7.169637878E-02 7.037354020E-02
 6.904701616E-02 6.771649805E-02 6.638174328E-02 6.504274550E-02 6.369979803E-02
 6.235330157E-02 6.100367272E-02 5.965129408E-02 5.829640929E-02 5.693916139E-02
 5.557969202E-02 5.421817109E-02 5.285478714E-02 5.148975093E-02 5.012329337E-02
 4.875566956E-02 4.738725806E-02 4.601858791E-02 4.465029512E-02 4.328301762E-02
 4.191721386E-02 4.055320702E-02 3.919134040E-02 3.783215591E-02 3.647641061E-02
 3.512492501E-02 3.377851055E-02 3.243796396E-02 3.110409110E-02 2.977766139E-02
 2.845937521E-02 2.714997408E-02 2.585037912E-02 2.456171514E-02 2.328511552E-02
 2.202152156E-02 2.077179181E-02 1.953703420E-02 1.831874382E-02 1.711830748E-02
 1.593656511E-02 1.477427804E-02 1.363278616E-02 1.251377808E-02 1.141866739E-02
 1.034852671E-02 9.304463631E-03 8.287776257E-03 7.299883133E-03 6.342181984E-03
 5.415912611E-03 4.522260129E-03 3.662525678E-03 2.838064660E-03 2.050117230E-03
 1.299328756E-03 5.866866824E-04-8.694263823E-05-7.224766889E-04-1.320624460E-03
-1.880186443E-03-2.399828096E-03-2.878788542E-03-3.316257745E-03-3.711268707E-03
-4.062933615E-03-4.370447857E-03-4.633037160E-03-4.850051627E-03-5.020923500E-03
-5.145136277E-03-5.222221461E-03-5.251758292E-03-5.233377540E-03-5.166764262E-03
-5.051663497E-03-4.887890466E-03-4.675344184E-03-4.414025526E-03-4.104069087E-03
-3.745780487E-03-3.339689155E-03-2.886629774E-03-2.387940753E-03-1.845668624E-03
-1.262283149E-03-6.402112663E-04 2.020423452E-05 7.289765938E-04 1.498250655E-03
 2.336242937E-03 3.247034612E-03 4.234604762E-03 5.303240274E-03 6.456712400E-03
 7.698700925E-03 9.032544219E-03 1.046085354E-02 1.198597060E-02 1.360994327E-02
 1.533425792E-02 1.715986064E-02 1.908724904E-02 2.111646710E-02 2.324772856E-02
 2.548378603E-02 2.781009044E-02 9.997272432E-02 9.872538019E-02 9.747489355E-02
 9.622080865E-02 9.496327997E-02 9.370236272E-02 9.243810392E-02 9.117053517E-02
 8.989959766E-02 8.862513343E-02 8.734695532E-02 8.606487094E-02 8.477867761E-02
 8.348822204E-02 8.219352884E-02 8.089479257E-02 7.959227126E-02 7.828624760E-02
 7.697698617E-02 7.566456041E-02 7.434874366E-02 7.302919992E-02 7.170560648E-02
 7.037769406E-02 6.904540813E-02 6.770900469E-02 6.636886297E-02 6.502538115E-02
 6.367893729E-02 6.232978307E-02 6.097804891E-02 5.962384911E-02 5.826732377E-02
 5.690863153E-02 5.554794695E-02 5.418546634E-02 5.282139886E-02 5.145604169E-02
 5.008985362E-02 4.872340942E-02 4.735733682E-02 4.599213426E-02 4.462811734E-02
 4.326555482E-02 4.190483772E-02 4.054660524E-02 3.919162342E-02 3.784067047E-02
 3.649450218E-02 3.515387370E-02 3.381953732E-02 3.249216981E-02 3.117241273E-02
 2.986100248E-02 2.855890791E-02 2.726723894E-02 2.598702576E-02 2.471907717E-02
 2.346421810E-02 2.222365172E-02 2.099888135E-02 1.979111884E-02 1.860099989E-02
 1.742927435E-02 1.627739653E-02 1.514704525E-02 1.403948927E-02 1.295569286E-02
 1.189672733E-02 1.086386832E-02 9.858503356E-03 8.881974526E-03 7.935450341E-03
 7.019997467E-03 6.136704634E-03 5.286874743E-03 4.472023937E-03 3.693533695E-03
 2.952439129E-03 2.249583625E-03 1.585637312E-03 9.612545089E-04 3.773688519E-04
-1.654076139E-04-6.682113810E-04-1.131284126E-03-1.553573358E-03-1.933984352E-03
-2.271698691E-03-2.566215012E-03-2.816883783E-03-3.023010246E-03-3.183983042E-03
-3.299272399E-03-3.368422629E-03-3.391053462E-03-3.366863245E-03-3.295638563E-03
-3.177270051E-03-3.011773484E-03-2.799317967E-03-2.540264520E-03-2.235218862E-03
-1.885112244E-03-1.491223703E-03-1.054873777E-03-5.775517847E-04-6.060604542E-05
 5.006797349E-04 1.114495412E-03 1.786948479E-03 2.523076489E-03 3.326519232E-03
 4.201204217E-03 5.151335321E-03 6.181146547E-03 7.294374780E-03 8.494341705E-03
 9.784443347E-03 1.116750040E-02 1.264570159E-02 1.422110480E-02 1.589541698E-02
 1.766978494E-02 1.954485146E-02 2.152074571E-02 2.359776508E-02 2.577888465E-02
 2.804988876E-02 1.025716515E-01 1.013272696E-01 1.000798326E-01 9.882890812E-02
 9.757465115E-02 9.631712078E-02 9.505633074E-02 9.379219634E-02 9.252454692E-02
 9.125319100E-02 8.997793117E-02 8.869856046E-02 8.741492948E-02 8.612707364E-02
 8.483518754E-02 8.353952150E-02 8.224034883E-02 8.093792583E-02 7.963232032E-02
 7.832329902E-02 7.701051607E-02 7.569363693E-02 7.437236957E-02 7.304661446E-02
 7.171658930E-02 7.038265225E-02 6.904518337E-02 6.770455398E-02 6.636102624E-02
 6.501472382E-02 6.366573768E-02 6.231418067E-02 6.096018516E-02 5.960389401E-02
 5.824547113E-02 5.688509051E-02 5.552297816E-02 5.415951883E-02 5.279522478E-02
 5.143069116E-02 5.006645585E-02 4.870285262E-02 4.734010934E-02 4.597850043E-02
 4.461851838E-02 4.326085561E-02 4.190625389E-02 4.055544093E-02 3.920912504E-02
 3.786802260E-02 3.653281341E-02 3.520408916E-02 3.388245804E-02 3.256868697E-02
 3.126378376E-02 2.996881484E-02 2.868467430E-02 2.741207053E-02 2.615184488E-02
 2.490531160E-02 2.367393280E-02 2.245868689E-02 2.126005419E-02 2.007884290E-02
 1.891661700E-02 1.777500752E-02 1.665512389E-02 1.555784083E-02 1.448420519E-02
 1.343547108E-02 1.241300494E-02 1.141811431E-02 1.045189897E-02 9.515337889E-03
 8.609425395E-03 7.735462524E-03 6.894994770E-03 6.089294274E-03 5.319286781E-03
 4.585810177E-03 3.890089740E-03 3.233266230E-03 2.616069153E-03 2.039231592E-03
 1.503187054E-03 1.008445493E-03 5.557110321E-04 1.457081555E-04-2.213920856E-04
-5.465629933E-04-8.296129241E-04-1.069763303E-03-1.266347385E-03-1.418851788E-03
-1.526864560E-03-1.590060442E-03-1.608209585E-03-1.581188744E-03-1.508991541E-03
-1.391742607E-03-1.229714202E-03-1.023343547E-03-7.732788040E-04-4.805200984E-04
-1.462472351E-04 2.303047227E-04 6.529882401E-04 1.124168485E-03 1.647177592E-03
 2.226374961E-03 2.865044826E-03 3.566339283E-03 4.333972313E-03 5.172006652E-03
 6.084397809E-03 7.075075809E-03 8.147905376E-03 9.306060617E-03 1.055260002E-02
 1.189059608E-02 1.332234529E-02 1.484971753E-02 1.647451134E-02 1.819810816E-02
 2.002133485E-02 2.194444773E-02 2.396780688E-02 2.609447048E-02 2.831049467E-02
 1.051834318E-01 1.039419699E-01 1.026975456E-01 1.014497433E-01 1.001987167E-01
 9.894447879E-02 9.768691628E-02 9.642584786E-02 9.516107884E-02 9.389240753E-02
 9.261962389E-02 9.134258392E-02 9.006133391E-02 8.877606827E-02 8.748702992E-02
 8.619448290E-02 8.489867553E-02 8.359967075E-02 8.229722984E-02 8.099099841E-02
 7.968063213E-02 7.836582011E-02 7.704642139E-02 7.572261435E-02 7.439473634E-02
 7.306314992E-02 7.172821741E-02 7.039021213E-02 6.904925675E-02 6.770542308E-02
 6.635879909E-02 6.500949328E-02 6.365762164E-02 6.230331736E-02 6.094672586E-02
 5.958801777E-02 5.822749892E-02 5.686562107E-02 5.550293218E-02 5.413998856E-02
 5.277716614E-02 5.141468023E-02 5.005272782E-02 4.869165182E-02 4.733204195E-02
 4.597459501E-02 4.462001299E-02 4.326897125E-02 4.192214164E-02 4.058019428E-02
 3.924371891E-02 3.791324666E-02 3.658937873E-02 3.527294162E-02 3.396495350E-02
 3.266640433E-02 3.137804137E-02 3.010051202E-02 2.883473268E-02 2.758210489E-02
 2.634399436E-02 2.512111627E-02 2.391385419E-02 2.272314258E-02 2.155062691E-02
 2.039784664E-02 1.926575572E-02 1.815516091E-02 1.706709469E-02 1.600279300E-02
 1.496360162E-02 1.395078375E-02 1.296536845E-02 1.200825999E-02 1.108039114E-02
 1.018307037E-02 9.317887474E-03 8.486100240E-03 7.688580861E-03 6.926076532E-03
 6.199752919E-03 5.510751326E-03 4.859729580E-03 4.247498282E-03 3.675048667E-03
 3.143189980E-03 2.652570225E-03 2.203876635E-03 1.797580239E-03 1.433723047E-03
 1.112516872E-03 8.343530661E-04 5.995517188E-04 4.082330901E-04 2.604181328E-04
 1.561195938E-04 9.532359464E-05 7.797152388E-05 1.039868841E-04 1.733130114E-04
 2.859564529E-04 4.420551735E-04 6.419168915E-04 8.859847137E-04 1.174912089E-03
 1.510043494E-03 1.893755851E-03 2.328448159E-03 2.816425147E-03 3.360313598E-03
 3.963278924E-03 4.628626429E-03 5.359829336E-03 6.160653881E-03 7.034914344E-03
 7.986245008E-03 9.018388422E-03 1.013473602E-02 1.133799434E-02 1.263106347E-02
 1.401660460E-02 1.549644643E-02 1.707222656E-02 1.874549314E-02 2.051730227E-02
 2.238807696E-02 2.435828545E-02 2.643101720E-02 2.859249288E-02 1.078075509E-01
 1.065689730E-01 1.053275244E-01 1.040828006E-01 1.028348926E-01 1.015836799E-01
 1.003289691E-01 9.907056288E-02 9.780825579E-02 9.654183558E-02 9.527116504E-02
 9.399630105E-02 9.271743717E-02 9.143480875E-02 9.014867127E-02 8.885926574E-02
 8.756665088E-02 8.627058380E-02 8.497070323E-02 8.366665657E-02 8.235811710E-02
 8.104490633E-02 7.972716218E-02 7.840520099E-02 7.707936880E-02 7.575001714E-02
 7.441742945E-02 7.308173309E-02 7.174298488E-02 7.040125027E-02 6.905661567E-02
 6.770917456E-02 6.635903199E-02 6.500630814E-02 6.365113278E-02 6.229373432E-02
 6.093450316E-02 5.957393379E-02 5.821257372E-02 5.685085264E-02 5.548899807E-02
 5.412716233E-02 5.276556756E-02 5.140466890E-02 5.004510172E-02 4.868753827E-02
 4.733263320E-02 4.598101796E-02 4.463333140E-02 4.329017847E-02 4.195206248E-02
 4.061948008E-02 3.929305898E-02 3.797368717E-02 3.666236258E-02 3.535996053E-02
 3.406710012E-02 3.278441074E-02 3.151293377E-02 3.025410793E-02 2.900913893E-02
 2.777849021E-02 2.656251244E-02 2.536231205E-02 2.417957936E-02 2.301571781E-02
 2.187154243E-02 2.074781477E-02 1.964555849E-02 1.856599470E-02 1.751044862E-02
 1.648013349E-02 1.547600883E-02 1.449890668E-02 1.354970064E-02 1.262971164E-02
 1.174057555E-02 1.088355621E-02 1.005947960E-02 9.269008485E-03 8.513303142E-03
 7.793571332E-03 7.110425258E-03 6.464625179E-03 5.857136499E-03 5.288780095E-03
 4.760246511E-03 4.272321819E-03 3.825726377E-03 3.420901605E-03 3.058109562E-03
 2.737743706E-03 2.460231316E-03 2.225755682E-03 2.034323523E-03 1.886003419E-03
 1.780915349E-03 1.719141937E-03 1.700745019E-03 1.725823611E-03 1.794559742E-03
 1.907314175E-03 2.064713011E-03 2.267584278E-03 2.516963497E-03 2.814075632E-03
 3.160404094E-03 3.557959933E-03 4.009029855E-03 4.516175079E-03 5.082451626E-03
 5.711092510E-03 6.405253480E-03 7.168336966E-03 8.004002719E-03 8.915769353E-03
 9.907042905E-03 1.098134580E-02 1.214149911E-02 1.338992001E-02 1.472935591E-02
 1.616198563E-02 1.768926742E-02 1.931266556E-02 2.103345842E-02 2.285228120E-02
 2.476974793E-02 2.678902310E-02 2.889644047E-02 1.104438464E-01 1.092081117E-01
 1.079695806E-01 1.067277913E-01 1.054826999E-01 1.042341206E-01 1.029818501E-01
 1.017256831E-01 1.004654121E-01 9.920090248E-02 9.793221762E-02 9.665954980E-02
 9.538312650E-02 9.410318903E-02 9.281996557E-02 9.153352038E-02 9.024361145E-02
 8.894987112E-02 8.765194212E-02 8.634949207E-02 8.504230481E-02 8.373047145E-02
 8.241428688E-02 8.109408109E-02 7.977018979E-02 7.844290527E-02 7.711236772E-02
 7.577862372E-02 7.444171817E-02 7.310171652E-02 7.175869369E-02 7.041272934E-02
 6.906392002E-02 6.771236907E-02 6.635823566E-02 6.500184309E-02 6.364363096E-02
 6.228411333E-02 6.092376482E-02 5.956285046E-02 5.820150657E-02 5.683987666E-02
 5.547826785E-02 5.411722592E-02 5.275738589E-02 5.139938275E-02 5.004382213E-02
 4.869130309E-02 4.734242417E-02 4.599770495E-02 4.465758667E-02 4.332255725E-02
 4.199330573E-02 4.067075461E-02 3.935585016E-02 3.804932494E-02 3.675170936E-02
 3.546366674E-02 3.418637862E-02 3.292126426E-02 3.166930067E-02 3.043075164E-02
 2.920600495E-02 2.799635099E-02 2.680348369E-02 2.562863633E-02 2.447250732E-02
 2.333583491E-02 2.221963627E-02 2.112512061E-02 2.005359165E-02 1.900620790E-02
 1.798386181E-02 1.698731695E-02 1.601739461E-02 1.507543398E-02 1.416311014E-02
 1.328168431E-02 1.243193844E-02 1.161445664E-02 1.083039895E-02 1.008105736E-02
 9.367007458E-03 8.688948301E-03 8.047875553E-03 7.444654186E-03 6.879997324E-03
 6.354741680E-03 5.869742187E-03 5.425470479E-03 5.022184998E-03 4.660346807E-03
 4.340592270E-03 4.063335203E-03 3.828674933E-03 3.636786182E-03 3.487983183E-03
 3.382560938E-03 3.320760057E-03 3.302829441E-03 3.329067605E-03 3.399904274E-03
 3.516027211E-03 3.678324073E-03 3.887785543E-03 4.145586654E-03 4.453189524E-03
 4.812506179E-03 5.225797128E-03 5.695460835E-03 6.224297577E-03 6.815431064E-03
 7.471900546E-03 8.196754723E-03 8.993379642E-03 9.865252531E-03 1.081556656E-02
 1.184760798E-02 1.296453510E-02 1.416861119E-02 1.546216639E-02 1.684770220E-02
 1.832687875E-02 1.990092188E-02 2.157113054E-02 2.333837838E-02 2.520346564E-02
 2.716967122E-02 2.922348859E-02 1.130903350E-01 1.118574062E-01 1.106216744E-01
 1.093825520E-01 1.081399375E-01 1.068936412E-01 1.056434502E-01 1.043891486E-01
 1.031306004E-01 1.018678895E-01 1.006012135E-01 9.933079284E-02 9.805686246E-02
 9.677965523E-02 9.549924320E-02 9.421536445E-02 9.292763898E-02 9.163570477E-02
 9.033921459E-02 8.903791021E-02 8.773184885E-02 8.642131397E-02 8.510662185E-02
 8.378809675E-02 8.246604034E-02 8.114060463E-02 7.981182526E-02 7.847972839E-02
 7.714436068E-02 7.580578111E-02 7.446404720E-02 7.311923234E-02 7.177141703E-02
 7.042070439E-02 6.906734462E-02 6.771172792E-02 6.635432881E-02 6.499564222E-02
 6.363599030E-02 6.227551077E-02 6.091429565E-02 5.955252472E-02 5.819062542E-02
 5.682918408E-02 5.546881165E-02 5.411009934E-02 5.275361067E-02 5.139991687E-02
 5.004956114E-02 4.870297426E-02 4.736055950E-02 4.602282144E-02 4.469052647E-02
 4.336460150E-02 4.204591066E-02 4.073503843E-02 3.943246348E-02 3.813893498E-02
 3.685575644E-02 3.558427808E-02 3.432520171E-02 3.307865063E-02 3.184511370E-02
 3.062605121E-02 2.942312279E-02 2.823737441E-02 2.706940854E-02 2.591995644E-02
 2.479002966E-02 2.368082778E-02 2.259363146E-02 2.152954056E-02 2.048938290E-02
 1.947385716E-02 1.848373886E-02 1.752038973E-02 1.658551901E-02 1.568038168E-02
 1.480571908E-02 1.396203923E-02 1.315048839E-02 1.237244056E-02 1.162844820E-02
 1.091913985E-02 1.024554865E-02 9.608593602E-03 9.009006439E-03 8.447639591E-03
 7.925481387E-03 7.443100265E-03 7.000758134E-03 6.598905771E-03 6.238322094E-03
 5.919653055E-03 5.643089859E-03 5.408848686E-03 5.217371205E-03 5.069140411E-03
 4.964563289E-03 4.904025451E-03 4.887947924E-03 4.916836101E-03 4.991432506E-03
 5.112754358E-03 5.281864273E-03 5.499942284E-03 5.768386902E-03 6.088987042E-03
 6.463946512E-03 6.895582242E-03 7.386404816E-03 7.939388526E-03 8.557588304E-03
 9.243806411E-03 1.000106874E-02 1.083271885E-02 1.174195575E-02 1.273170240E-02
 1.380516234E-02 1.496498101E-02 1.621299206E-02 1.755152428E-02 1.898274779E-02
 2.050785651E-02 2.212790104E-02 2.384390259E-02 2.565690513E-02 2.757033341E-02
 2.957086255E-02
 1.029999912E+00 1.036682527E+00 1.043043905E+00 1.049283026E+00 1.055408257E+00
 1.061431113E+00 1.067360939E+00 1.073207897E+00 1.078982085E+00 1.084693530E+00
 1.090352452E+00 1.095968966E+00 1.101552450E+00 1.107113241E+00 1.112661700E+00
 1.118207498E+00 1.123760570E+00 1.129331036E+00 1.134928885E+00 1.140564238E+00
 1.146247083E+00 1.151987451E+00 1.157795335E+00 1.163680722E+00 1.169653404E+00
 1.175723486E+00 1.181901372E+00 1.188196827E+00 1.194619834E+00 1.201180405E+00
 1.207888378E+00 1.214754129E+00 1.221787784E+00 1.228998783E+00 1.236397188E+00
 1.243993496E+00 1.251797641E+00 1.259819381E+00 1.268068827E+00 1.276556051E+00
 1.285291063E+00 1.294283725E+00 1.303544026E+00 1.313082390E+00 1.322908881E+00
 1.333032945E+00 1.343464480E+00 1.354213994E+00 1.365291664E+00 1.376707214E+00
 1.388470543E+00 1.400591778E+00 1.413080895E+00 1.425947952E+00 1.439202968E+00
 1.452855814E+00 1.466916623E+00 1.481395789E+00 1.496303227E+00 1.511648329E+00
 1.527441297E+00 1.543692684E+00 1.560412411E+00 1.577610082E+00 1.595295562E+00
 1.613479034E+00 1.632170702E+00 1.651380643E+00 1.671119002E+00 1.691395691E+00
 1.712220312E+00 1.733602875E+00 1.755553929E+00 1.778083525E+00 1.801201141E+00
 1.824916955E+00 1.849241277E+00 1.874183824E+00 1.899754593E+00 1.925963791E+00
 1.952821363E+00 1.980337314E+00 2.008521737E+00 2.037384581E+00 2.066935751E+00
 2.097185299E+00 2.128143411E+00 2.159820006E+00 2.192225020E+00 2.225368536E+00
 2.259260554E+00 2.293911219E+00 2.329330379E+00 2.365528334E+00 2.402514706E+00
 2.440299558E+00 2.478892831E+00 2.518304998E+00 2.558545950E+00 2.599625564E+00
 2.641553494E+00 2.684340040E+00 2.727995889E+00 2.772530385E+00 2.817953676E+00
 2.864275136E+00 2.911505461E+00 2.959654871E+00 3.008733133E+00 3.058750427E+00
 3.109716073E+00 3.161640370E+00 3.214531874E+00 3.268405814E+00 3.323292802E+00
 3.379221977E+00 3.436164907E+00 3.493974489E+00 3.552376424E+00 3.611042112E+00
 3.669735243E+00 3.728498584E+00 3.787846224E+00 3.848935832E+00 3.913712160E+00
 3.985022552E+00 4.066735352E+00 4.163851187E+00 4.282801484E+00
  300    5
 2.300000341E+00 1.863774827E-06 2.299995314E+00 8.308732341E-03 2.299980244E+00
 1.662230899E-02 2.299955134E+00 2.494932640E-02 2.299920202E+00 3.329658386E-02
 2.299875435E+00 4.167094816E-02 2.299820398E+00 5.007932949E-02 2.299754666E+00
 5.852872688E-02 2.299677991E+00 6.702628382E-02 2.299590092E+00 7.557929453E-02
 2.299490622E+00 8.419522245E-02 2.299378982E+00 9.288167915E-02 2.299254383E+00
 1.016464451E-01 2.299116241E+00 1.104975915E-01 2.298963973E+00 1.194434783E-01
 2.298796955E+00 1.284927774E-01 2.298614284E+00 1.376544280E-01 2.298414728E+00
 1.469376276E-01 2.298197222E+00 1.563520390E-01 2.297960757E+00 1.659078128E-01
 2.297704163E+00 1.756155542E-01 2.297425685E+00 1.854861633E-01 2.297122951E+00
 1.955308119E-01 2.296794048E+00 2.057614961E-01 2.296437103E+00 2.161909419E-01
 2.296049842E+00 2.268324430E-01 2.295628965E+00 2.376995193E-01 2.295170978E+00
 2.488064015E-01 2.294672239E+00 2.601681432E-01 2.294128252E+00 2.718002266E-01
 2.293534955E+00 2.837195013E-01 2.292887094E+00 2.959431614E-01 2.292177904E+00
 3.084884596E-01 2.291400030E+00 3.213733831E-01 2.290545289E+00 3.346165310E-01
 2.289604121E+00 3.482366632E-01 2.288565214E+00 3.622523003E-01 2.287414977E+00
 3.766810866E-01 2.286138202E+00 3.915402252E-01 2.284717157E+00 4.068453946E-01
 2.283130567E+00 4.226092689E-01 2.281353959E+00 4.388412946E-01 2.279358901E+00
 4.555461354E-01 2.277110504E+00 4.727195773E-01 2.274569035E+00 4.903488854E-01
 2.271686946E+00 5.084070722E-01 2.268409775E+00 5.268513617E-01 2.264674076E+00
 5.456169550E-01 2.260407252E+00 5.646122886E-01 2.255528872E+00 5.837157258E-01
 2.249950923E+00 6.027697858E-01 2.243580710E+00 6.215788583E-01 2.236326602E+00
 6.399121391E-01 2.228104825E+00 6.575100546E-01 2.218848493E+00 6.740979337E-01
 2.208517281E+00 6.894059814E-01 2.197105123E+00 7.031915426E-01 2.184645946E+00
 7.152642124E-01 2.171212509E+00 7.255012192E-01 2.156910402E+00 7.338539292E-01
 2.141869126E+00 7.403467786E-01 2.126230106E+00 7.450641211E-01 2.110135390E+00
 7.481319626E-01 2.093719892E+00 7.497032054E-01 2.077105362E+00 7.499415125E-01
 2.060397329E+00 7.490091555E-01 2.043684709E+00 7.470609865E-01 2.027040043E+00
 7.442379407E-01 2.010521312E+00 7.406664040E-01 1.994173770E+00 7.364578486E-01
 1.978031678E+00 7.317078446E-01 1.962120516E+00 7.265003859E-01 1.946458244E+00
 7.209063350E-01 1.931056839E+00 7.149853181E-01 1.915923565E+00 7.087876278E-01
 1.901061971E+00 7.023562253E-01 1.886472657E+00 6.957271637E-01 1.872153869E+00
 6.889322742E-01 1.858102112E+00 6.819965052E-01 1.844312624E+00 6.749404730E-01
 1.830779610E+00 6.677822215E-01 1.817496583E+00 6.605365065E-01 1.804456650E+00
 6.532149829E-01 1.791652395E+00 6.458285952E-01 1.779076355E+00 6.383853660E-01
 1.766721120E+00 6.308912467E-01 1.754579045E+00 6.233521036E-01 1.742642716E+00
 6.157718826E-01 1.730904817E+00 6.081537003E-01 1.719358221E+00 6.004997654E-01
 1.707996086E+00 5.928113184E-01 1.696811775E+00 5.850890847E-01 1.685798803E+00
 5.773335307E-01 1.674950890E+00 5.695447288E-01 1.664262365E+00 5.617214829E-01
 1.653727730E+00 5.538625819E-01 1.643341172E+00 5.459677934E-01 1.633098053E+00
 5.380346218E-01 1.622993839E+00 5.300608376E-01 1.613023985E+00 5.220446129E-01
 1.603184543E+00 5.139833532E-01 1.593471604E+00 5.058747702E-01 1.583881532E+00
 4.977164246E-01 1.574411271E+00 4.895052955E-01 1.565058452E+00 4.812377349E-01
 1.555820564E+00 4.729107263E-01 1.546695030E+00 4.645216496E-01 1.537680467E+00
 4.560666282E-01 1.528775540E+00 4.475421514E-01 1.519978879E+00 4.389451042E-01
 1.511289705E+00 4.302720049E-01 1.502707881E+00 4.215190342E-01 1.494233754E+00
 4.126822748E-01 1.485867852E+00 4.037580420E-01 1.477611152E+00 3.947426149E-01
 1.469465002E+00 3.856323371E-01 1.461430964E+00 3.764237647E-01 1.453511603E+00
 3.671130131E-01 1.445709975E+00 3.576962839E-01 1.438028958E+00 3.481703942E-01
 1.430472632E+00 3.385317128E-01 1.423045661E+00 3.287767303E-01 1.415752613E+00
 3.189025431E-01 1.408598436E+00 3.089065003E-01 1.401589239E+00 2.987857520E-01
 1.394732249E+00 2.885374054E-01 1.388034207E+00 2.781594972E-01 1.381503083E+00
 2.676500120E-01 1.375147631E+00 2.570072278E-01 1.368975849E+00 2.462304870E-01
 1.362996396E+00 2.353194538E-01 1.357219429E+00 2.242738248E-01 1.351656199E+00
 2.130936459E-01 1.346316939E+00 2.017801764E-01 1.341211850E+00 1.903354121E-01
 1.336352257E+00 1.787616992E-01 1.331750252E+00 1.670619533E-01 1.327416116E+00
 1.552404267E-01 1.323361858E+00 1.433016202E-01 1.319598618E+00 1.312510537E-01
 1.316136207E+00 1.190952609E-01 1.312986332E+00 1.068410621E-01 1.310158698E+00
 9.449639529E-02 1.307662557E+00 8.206989450E-02 1.305506502E+00 6.957087750E-02
 1.303697727E+00 5.700936077E-02 1.302242954E+00 4.439586174E-02 1.301146400E+00
 3.174147624E-02 1.300412552E+00 1.905755136E-02 1.300045126E+00 6.355750159E-03
 1.300045073E+00-6.352023176E-03 1.300412390E+00-1.905382890E-02 1.301146132E+00
-3.173776280E-02 1.302242580E+00-4.439216172E-02 1.303697250E+00-5.700567851E-02
 1.305505922E+00-6.956721721E-02 1.307661878E+00-8.206626022E-02 1.310157923E+00
-9.449279091E-02 1.312985464E+00-1.068374913E-01 1.316135250E+00-1.190917271E-01
 1.319597575E+00-1.312475602E-01 1.323360733E+00-1.432981699E-01 1.327414914E+00
-1.552370224E-01 1.331748977E+00-1.670585976E-01 1.336350913E+00-1.787583943E-01
 1.341210441E+00-1.903321602E-01 1.346315471E+00-2.017769792E-01 1.351654676E+00
-2.130905051E-01 1.357217856E+00-2.242707418E-01 1.362994776E+00-2.353164297E-01
 1.368974188E+00-2.462275229E-01 1.375145932E+00-2.570043245E-01 1.381501351E+00
-2.676471703E-01 1.388032446E+00-2.781567176E-01 1.394730463E+00-2.885346883E-01
 1.401587432E+00-2.987830976E-01 1.408596611E+00-3.089039089E-01 1.415750775E+00
-3.189000146E-01 1.423043812E+00-3.287742648E-01 1.430470776E+00-3.385293104E-01
 1.438027098E+00-3.481680545E-01 1.445708113E+00-3.576940068E-01 1.453509743E+00
-3.671107983E-01 1.461429109E+00-3.764216120E-01 1.469463155E+00-3.856302460E-01
 1.477609315E+00-3.947405850E-01 1.485866028E+00-4.037560731E-01 1.494231944E+00
-4.126803663E-01 1.502706089E+00-4.215171858E-01 1.511287932E+00-4.302702162E-01
 1.519977128E+00-4.389433746E-01 1.528773813E+00-4.475404804E-01 1.537678765E+00
-4.560650154E-01 1.546693355E+00-4.645200947E-01 1.555818919E+00-4.729092286E-01
 1.565056838E+00-4.812362940E-01 1.574409690E+00-4.895039111E-01 1.583879985E+00
-4.977150962E-01 1.593470093E+00-5.058734973E-01 1.603183070E+00-5.139821354E-01
 1.613022552E+00-5.220434498E-01 1.622992447E+00-5.300597288E-01 1.633096703E+00
-5.380335668E-01 1.643339867E+00-5.459667919E-01 1.653726470E+00-5.538616334E-01
 1.664261152E+00-5.617205871E-01 1.674949726E+00-5.695438853E-01 1.685797690E+00
-5.773327389E-01 1.696810714E+00-5.850883444E-01 1.707995077E+00-5.928106291E-01
 1.719357268E+00-6.004991267E-01 1.730903920E+00-6.081531117E-01 1.742641876E+00
-6.157713436E-01 1.754578265E+00-6.233516137E-01 1.766720401E+00-6.308908054E-01
 1.779075699E+00-6.383849727E-01 1.791651803E+00-6.458282492E-01 1.804456123E+00
-6.532146832E-01 1.817496124E+00-6.605362525E-01 1.830779220E+00-6.677820121E-01
 1.844312305E+00-6.749403070E-01 1.858101866E+00-6.819963813E-01 1.872153697E+00
-6.889321907E-01 1.886472560E+00-6.957271187E-01 1.901061952E+00-7.023562167E-01
 1.915923625E+00-7.087876527E-01 1.931056978E+00-7.149853735E-01 1.946458464E+00
-7.209064168E-01 1.962120819E+00-7.265004896E-01 1.978032063E+00-7.317079646E-01
 1.994174238E+00-7.364579781E-01 2.010521863E+00-7.406665349E-01 2.027040676E+00
-7.442380634E-01 2.043685421E+00-7.470610892E-01 2.060398118E+00-7.490092246E-01
 2.077106223E+00-7.499415317E-01 2.093720819E+00-7.497031562E-01 2.110136375E+00
-7.481318239E-01 2.126231140E+00-7.450638695E-01 2.141870195E+00-7.403463897E-01
 2.156911493E+00-7.338533785E-01 2.171213608E+00-7.255004836E-01 2.184647037E+00
-7.152632724E-01 2.197106191E+00-7.031903841E-01 2.208518313E+00-6.894045968E-01
 2.218849479E+00-6.740963226E-01 2.228105758E+00-6.575082235E-01 2.236327477E+00
-6.399100997E-01 2.243581525E+00-6.215766262E-01 2.249951679E+00-6.027673787E-01
 2.255529571E+00-5.837131621E-01 2.260407898E+00-5.646095864E-01 2.264674672E+00
-5.456141309E-01 2.268410325E+00-5.268484311E-01 2.271687455E+00-5.084040489E-01
 2.274569505E+00-4.903457812E-01 2.277110939E+00-4.727164026E-01 2.279359305E+00
-4.555428993E-01 2.281354335E+00-4.388380048E-01 2.283130917E+00-4.226059321E-01
 2.284717483E+00-4.068420164E-01 2.286138507E+00-3.915368105E-01 2.287415262E+00
-3.766776396E-01 2.288565481E+00-3.622488248E-01 2.289604371E+00-3.482331622E-01
 2.290545524E+00-3.346130074E-01 2.291400251E+00-3.213698393E-01 2.292178112E+00
-3.084848976E-01 2.292887289E+00-2.959395831E-01 2.293535140E+00-2.837159084E-01
 2.294128426E+00-2.717966205E-01 2.294672403E+00-2.601645250E-01 2.295171133E+00
-2.488027723E-01 2.295629111E+00-2.376958802E-01 2.296049979E+00-2.268287948E-01
 2.296437232E+00-2.161872855E-01 2.296794170E+00-2.057578324E-01 2.297123065E+00
-1.955271413E-01 2.297425792E+00-1.854824864E-01 2.297704264E+00-1.756118715E-01
 2.297960851E+00-1.659041251E-01 2.298197310E+00-1.563483466E-01 2.298414810E+00
-1.469339308E-01 2.298614361E+00-1.376507272E-01 2.298797026E+00-1.284890730E-01
 2.298964039E+00-1.194397707E-01 2.299116301E+00-1.104938809E-01 2.299254438E+00
-1.016427318E-01 2.299379032E+00-9.287796343E-02 2.299490668E+00-8.419150457E-02
 2.299590133E+00-7.557557474E-02 2.299678027E+00-6.702256236E-02 2.299754697E+00
-5.852500396E-02 2.299820425E+00-5.007560532E-02 2.299875458E+00-4.166722294E-02
 2.299920219E+00-3.329285781E-02 2.299955148E+00-2.494559970E-02 2.299980253E+00
-1.661858182E-02 2.299995319E+00-8.305004905E-03 2.300000341E+00 1.863774826E-06
 1.250012345E+00-7.874922047E-01 2.349989203E+00-7.874922047E-01 2.349989203E+00
 7.874921998E-01 1.250012345E+00 7.874921998E-01 1.250012345E+00-7.874922047E-01
 
    2.80250551E-02 abs(PSI-AXIS) --> [T M**2]    -1.36201768E-01
    1.05801467E+00 R OF MAGAXE --> [M]       1.90442641E+00
   -1.34868339E-09 Z OF MAGAXE --> [M]      -2.42763009E-09
    1.03543046E-06 Z0 --> [M]       1.86377483E-06
    1.80000000E+00 R0 [M] USED FOR CONVERTING TO MKSA
    1.50000000E+00 B0 [T] USED FOR CONVERTING TO MKSA
    1.00000000E+00 SIGN OF B0 IN EXPERIMENT (CHEASE ASSUMES 1.0) 
    2.16627997E-01 TOTAL CURRENT --> [A]     4.65445123E+05
    1.00000000E+00 SIGN OF IP IN EXPERIMENT (CHEASE ASSUMES 1.0) 
    1.49999887E+00 b/a
    1.02999991E+00 Q_ZERO, USING SIGNS OF IP AND B0, WOULD GIVE:     1.02999991E+00
    4.28280148E+00 Q_EDGE, USING SIGNS OF IP AND B0, WOULD GIVE:     4.28280148E+00
    1.20536151E+00 POLOIDAL BETA
    1.24721551E-02 BETA_EXP=<P>*2*MU0/B0**2
    9.76612448E-01 LI
    1.56492982E-02 PRESSURE ON AXIS --> [Pa]     2.80199606E+04  --> [10**19 M**-3 KEV]:     1.74906121E+01
    1.30792221E-02 BETA
    1.73495427E-02 BETA* (SQRT(<P**2>))
    3.45540216E-02 BETA-AXIS=2p0/(T0/Rmag)^2;      with Rmag->Rgeo(LCFS):    3.08684697E-02
   -2.80250551E-02 PSI-AXIS --> [T M**2]    -1.36201768E-01
   -1.76086614E-01 2*PI*PSI-AXIS -->        -8.55780946E-01
   -2.80250551E-02 IP_SIGN*PSI-AXIS --> [T M**2]    -1.36201768E-01
   -1.76086614E-01 IP_SIGN*2*PI*PSI-AXIS -->        -8.55780946E-01
    3.59999526E+00 ASPECT RATIO ; a/R=     2.77778144E-01
    2.26762585E+00 VOLUME ->     1.32247939E+01
    3.47491589E-01 AREA   ->     1.12587275E+00
    1.46630498E+01 SURFACE   ->     4.75082812E+01
    2.23030729E+00 LENGTH ->     4.01455312E+00
    7.22247263E-01 RMIN -> RMIN [m]     1.30004507E+00
    1.27777797E+00 RMAX -> RMAX [m]     2.30000034E+00
   -4.16634184E-01 ZMIN -> ZMIN [m]    -7.49941532E-01
    4.16634174E-01 ZMAX -> ZMAX [m]     7.49941512E-01
    1.00001261E+00 RGEOM -> RGEOM [m]     1.80002271E+00
    2.77765352E-01 MINOR RADIUS -> A [m]     4.99977634E-01
