      FROM CHEASE BUT COCOS=02 ,SI UNITS20260814   3 129 129
 1.479944972E+00 2.625040381E+00 3.000000000E+00 2.099465914E+00 9.566005236E-09
 2.836974675E+00 9.566005236E-09-2.849700121E-01 0.000000000E+00 1.500000000E+00
 8.568540844E+05-2.849700121E-01 0.000000000E+00 2.836974675E+00 0.000000000E+00
 9.566005236E-09 0.000000000E+00 0.000000000E+00 0.000000000E+00 0.000000000E+00
 4.559479904E+00 4.557819077E+00 4.556187424E+00 4.554584006E+00 4.553007974E+00
 4.551458573E+00 4.549935127E+00 4.548437034E+00 4.546963766E+00 4.545514862E+00
 4.544089924E+00 4.542688612E+00 4.541310630E+00 4.539955745E+00 4.538623773E+00
 4.537314567E+00 4.536028022E+00 4.534764076E+00 4.533522700E+00 4.532303904E+00
 4.531107724E+00 4.529934225E+00 4.528783498E+00 4.527655656E+00 4.526550831E+00
 4.525469171E+00 4.524410864E+00 4.523376076E+00 4.522365007E+00 4.521377853E+00
 4.520414817E+00 4.519476114E+00 4.518561966E+00 4.517672556E+00 4.516808091E+00
 4.515968780E+00 4.515154814E+00 4.514366351E+00 4.513603558E+00 4.512866581E+00
 4.512155544E+00 4.511470549E+00 4.510811667E+00 4.510178978E+00 4.509572510E+00
 4.508992240E+00 4.508438141E+00 4.507910164E+00 4.507408228E+00 4.506932191E+00
 4.506481889E+00 4.506057135E+00 4.505657690E+00 4.505283289E+00 4.504933636E+00
 4.504608377E+00 4.504307144E+00 4.504029543E+00 4.503775121E+00 4.503543380E+00
 4.503333812E+00 4.503145892E+00 4.502979042E+00 4.502832642E+00 4.502706053E+00
 4.502598628E+00 4.502509680E+00 4.502438505E+00 4.502384376E+00 4.502346543E+00
 4.502324224E+00 4.502316633E+00 4.502322989E+00 4.502342479E+00 4.502374263E+00
 4.502417518E+00 4.502471411E+00 4.502535081E+00 4.502607686E+00 4.502688372E+00
 4.502776280E+00 4.502870556E+00 4.502970345E+00 4.503074789E+00 4.503183036E+00
 4.503294239E+00 4.503407556E+00 4.503522146E+00 4.503637173E+00 4.503751811E+00
 4.503865236E+00 4.503976635E+00 4.504085194E+00 4.504190115E+00 4.504290593E+00
 4.504385840E+00 4.504475065E+00 4.504557495E+00 4.504632351E+00 4.504698856E+00
 4.504756240E+00 4.504803736E+00 4.504840584E+00 4.504866011E+00 4.504879254E+00
 4.504879536E+00 4.504866093E+00 4.504838148E+00 4.504794916E+00 4.504735609E+00
 4.504659421E+00 4.504565551E+00 4.504453166E+00 4.504321400E+00 4.504169415E+00
 4.503996589E+00 4.503802460E+00 4.503586044E+00 4.503344822E+00 4.503074190E+00
 4.502768126E+00 4.502421237E+00 4.502031934E+00 4.501606184E+00 4.501161275E+00
 4.500728681E+00 4.500354174E+00 4.500094388E+00 4.500000000E+00
 2.110484746E+04 2.110227114E+04 2.109454349E+04 2.108166728E+04 2.106364719E+04
 2.104048973E+04 2.101220349E+04 2.097879878E+04 2.094028789E+04 2.089668497E+04
 2.084800609E+04 2.079426917E+04 2.073549401E+04 2.067170235E+04 2.060291773E+04
 2.052916561E+04 2.045047343E+04 2.036687041E+04 2.027838756E+04 2.018505802E+04
 2.008691666E+04 1.998400033E+04 1.987634768E+04 1.976399923E+04 1.964699749E+04
 1.952538672E+04 1.939921322E+04 1.926852509E+04 1.913337244E+04 1.899380710E+04
 1.884988284E+04 1.870165521E+04 1.854918186E+04 1.839252222E+04 1.823173772E+04
 1.806689147E+04 1.789804844E+04 1.772527578E+04 1.754864235E+04 1.736821887E+04
 1.718407790E+04 1.699629418E+04 1.680494400E+04 1.661010565E+04 1.641185940E+04
 1.621028726E+04 1.600547336E+04 1.579750338E+04 1.558646508E+04 1.537244817E+04
 1.515554406E+04 1.493584628E+04 1.471344993E+04 1.448845237E+04 1.426095253E+04
 1.403105145E+04 1.379885206E+04 1.356445891E+04 1.332797867E+04 1.308951980E+04
 1.284919280E+04 1.260710982E+04 1.236338507E+04 1.211813460E+04 1.187147630E+04
 1.162353008E+04 1.137441759E+04 1.112426239E+04 1.087319000E+04 1.062132773E+04
 1.036880486E+04 1.011575261E+04 9.862303900E+03 9.608593674E+03 9.354758781E+03
 9.100937878E+03 8.847271575E+03 8.593902328E+03 8.340974367E+03 8.088634084E+03
 7.837029573E+03 7.586310705E+03 7.336629506E+03 7.088139768E+03 6.840997040E+03
 6.595359094E+03 6.351385199E+03 6.109236756E+03 5.869076896E+03 5.631070803E+03
 5.395385480E+03 5.162189960E+03 4.931654822E+03 4.703952778E+03 4.479258296E+03
 4.257747787E+03 4.039599594E+03 3.824993739E+03 3.614112675E+03 3.407140123E+03
 3.204262124E+03 3.005666168E+03 2.811542161E+03 2.622081534E+03 2.437477627E+03
 2.257925921E+03 2.083623333E+03 1.914769352E+03 1.751564421E+03 1.594211742E+03
 1.442915851E+03 1.297883383E+03 1.159323169E+03 1.027445086E+03 9.024618774E+02
 7.845872657E+02 6.740376430E+02 5.710308905E+02 4.757865237E+02 3.885268319E+02
 3.094747715E+02 2.388563530E+02 1.768987631E+02 1.238309871E+02 7.988481571E+01
 4.529250820E+01 2.028948505E+01 5.112530040E+00 0.000000000E+00
-3.432378622E+00-3.369912211E+00-3.309986111E+00-3.251960629E+00-3.195629068E+00
-3.140811797E+00-3.087361786E+00-3.035109698E+00-2.983912988E+00-2.933653109E+00
-2.884179368E+00-2.835397806E+00-2.787212907E+00-2.739477384E+00-2.692125547E+00
-2.645079117E+00-2.598230925E+00-2.551518059E+00-2.504858137E+00-2.458191088E+00
-2.411460408E+00-2.364594930E+00-2.317572592E+00-2.270316657E+00-2.222830775E+00
-2.175020673E+00-2.126884792E+00-2.078420134E+00-2.029572251E+00-1.980357292E+00
-1.930761351E+00-1.880719736E+00-1.830314678E+00-1.779559254E+00-1.728392196E+00
-1.676841531E+00-1.624976616E+00-1.572809394E+00-1.520343694E+00-1.467634845E+00
-1.414710911E+00-1.361656235E+00-1.308462397E+00-1.255159925E+00-1.201899736E+00
-1.148711117E+00-1.095609202E+00-1.042657861E+00-9.899428062E-01-9.375729966E-01
-8.855663058E-01-8.339916330E-01-7.829673562E-01-7.325035088E-01-6.827059420E-01
-6.336810182E-01-5.854041608E-01-5.379990026E-01-4.915751970E-01-4.461781712E-01
-4.018292172E-01-3.585865286E-01-3.165791694E-01-2.758470664E-01-2.364236748E-01
-1.983387436E-01-1.616737422E-01-1.264596106E-01-9.272533896E-02-6.056239332E-02
-2.997612725E-02-9.879804317E-04 2.642291760E-02 5.212274548E-02 7.615646674E-02
 9.851647882E-02 1.191730455E-01 1.380803474E-01 1.553057719E-01 1.707724604E-01
 1.845261815E-01 1.965391166E-01 2.068331266E-01 2.153825844E-01 2.222302718E-01
 2.273515378E-01 2.307919206E-01 2.325169383E-01 2.325768718E-01 2.309517369E-01
 2.276887924E-01 2.227603640E-01 2.162176557E-01 2.080450355E-01 1.982584547E-01
 1.868807477E-01 1.739123917E-01 1.593848328E-01 1.432690671E-01 1.256004816E-01
 1.063590552E-01 8.559317723E-02 6.326331243E-02 3.938319541E-02 1.394495984E-02
-1.305874582E-02-4.160705673E-02-7.174922015E-02-1.034679425E-01-1.368115288E-01
-1.717704292E-01-2.083722950E-01-2.466938359E-01-2.867826444E-01-3.284096503E-01
-3.710102868E-01-4.147360035E-01-4.616717257E-01-5.157941632E-01-5.811171386E-01
-6.588793808E-01-7.449010682E-01-8.277776218E-01-8.882839646E-01-9.001971553E-01
-8.333934619E-01-6.611252916E-01-3.716410703E-01-3.549245774E-11
-3.662873013E-02-2.314192657E+03-4.627579422E+03-6.939295731E+03-9.248384038E+03
-1.155421058E+04-1.385570666E+04-1.615218142E+04-1.844266583E+04-2.072633843E+04
-2.300248471E+04-2.527009088E+04-2.752835980E+04-2.977646829E+04-3.201360798E+04
-3.423884006E+04-3.645135722E+04-3.865032306E+04-4.083486965E+04-4.300420938E+04
-4.515732619E+04-4.729362313E+04-4.941207613E+04-5.151185295E+04-5.359224008E+04
-5.565218873E+04-5.769098242E+04-5.970764148E+04-6.170146658E+04-6.367161146E+04
-6.561717925E+04-6.753736449E+04-6.943117684E+04-7.129780573E+04-7.313658220E+04
-7.494662010E+04-7.672685449E+04-7.847657112E+04-8.019501960E+04-8.188125416E+04
-8.353437567E+04-8.515352703E+04-8.673815573E+04-8.828699418E+04-8.979940584E+04
-9.127463008E+04-9.271155518E+04-9.410960922E+04-9.546786100E+04-9.678530683E+04
-9.806131584E+04-9.929494601E+04-1.004852880E+05-1.016316653E+05-1.027330373E+05
-1.037885886E+05-1.047976469E+05-1.057591263E+05-1.066724511E+05-1.075364507E+05
-1.083505434E+05-1.091137672E+05-1.098252594E+05-1.104842687E+05-1.110897914E+05
-1.116411492E+05-1.121373596E+05-1.125776895E+05-1.129611949E+05-1.132871110E+05
-1.135544860E+05-1.137625665E+05-1.139104726E+05-1.139973537E+05-1.140223454E+05
-1.139846335E+05-1.138833191E+05-1.137176601E+05-1.134867113E+05-1.131896092E+05
-1.128256053E+05-1.123938343E+05-1.118932911E+05-1.113233773E+05-1.106830318E+05
-1.099714845E+05-1.091879658E+05-1.083314984E+05-1.074013647E+05-1.063965679E+05
-1.053163483E+05-1.041597886E+05-1.029262368E+05-1.016145904E+05-1.002242819E+05
-9.875414148E+04-9.720368359E+04-9.557169094E+04-9.385750159E+04-9.206030327E+04
-9.017912880E+04-8.821334588E+04-8.616171692E+04-8.402390223E+04-8.179854810E+04
-7.948524804E+04-7.708279931E+04-7.459053448E+04-7.200775935E+04-6.933316641E+04
-6.656654106E+04-6.370629399E+04-6.075223677E+04-5.770317730E+04-5.455828335E+04
-5.131698233E+04-4.797786899E+04-4.454083250E+04-4.100433105E+04-3.736789780E+04
-3.363077921E+04-2.979158302E+04-2.585029285E+04-2.180523564E+04-1.765602399E+04
-1.340197222E+04-9.041529995E+03-4.574689220E+03 0.000000000E+00
 3.913080753E-01 3.868416520E-01 3.823740855E-01 3.779051879E-01 3.734350038E-01
 3.689635561E-01 3.644908890E-01 3.600170970E-01 3.555423148E-01 3.510667047E-01
 3.465904407E-01 3.421136813E-01 3.376365499E-01 3.331591283E-01 3.286815130E-01
 3.242038297E-01 3.197262361E-01 3.152489453E-01 3.107722201E-01 3.062963520E-01
 3.018216318E-01 2.973483622E-01 2.928768918E-01 2.884076186E-01 2.839409794E-01
 2.794774194E-01 2.750172988E-01 2.705608961E-01 2.661086807E-01 2.616615100E-01
 2.572204604E-01 2.527867308E-01 2.483615624E-01 2.439462118E-01 2.395419022E-01
 2.351496214E-01 2.307696554E-01 2.264018955E-01 2.220462176E-01 2.177025401E-01
 2.133708201E-01 2.090511618E-01 2.047444436E-01 2.004526968E-01 1.961782215E-01
 1.919232590E-01 1.876900406E-01 1.834806420E-01 1.792961818E-01 1.751366672E-01
 1.710019345E-01 1.668919444E-01 1.628068729E-01 1.587477551E-01 1.547168194E-01
 1.507165589E-01 1.467494182E-01 1.428175108E-01 1.389217369E-01 1.350620870E-01
 1.312385212E-01 1.274513607E-01 1.237019755E-01 1.199926932E-01 1.163259233E-01
 1.127036819E-01 1.091268967E-01 1.055958236E-01 1.021107782E-01 9.867268294E-02
 9.528320618E-02 9.194409816E-02 8.865654016E-02 8.542074830E-02 8.223683083E-02
 7.910597535E-02 7.603067567E-02 7.301321059E-02 7.005415829E-02 6.715321107E-02
 6.431042568E-02 6.152641556E-02 5.880216751E-02 5.613912223E-02 5.353850954E-02
 5.100087954E-02 4.852681386E-02 4.611734202E-02 4.377327949E-02 4.149489958E-02
 3.928236014E-02 3.713595929E-02 3.505631926E-02 3.304426537E-02 3.110073629E-02
 2.922674721E-02 2.742309653E-02 2.569007320E-02 2.402770447E-02 2.243640800E-02
 2.091623313E-02 1.946723232E-02 1.808993555E-02 1.678493638E-02 1.555264138E-02
 1.439348180E-02 1.330804080E-02 1.229681010E-02 1.135969620E-02 1.049682272E-02
 9.708925427E-03 8.996371486E-03 8.359383994E-03 7.797740010E-03 7.311670175E-03
 6.901162962E-03 6.566328478E-03 6.307144675E-03 6.123911708E-03 6.017874448E-03
 5.990984716E-03 6.046670192E-03 6.190043552E-03 6.428206199E-03 6.771086481E-03
 7.230615722E-03 7.822545864E-03 8.569425179E-03 9.463773643E-03 3.834420254E-01
 3.789725443E-01 3.745021013E-01 3.700305533E-01 3.655579335E-01 3.610842600E-01
 3.566095642E-01 3.521339101E-01 3.476574105E-01 3.431802194E-01 3.387025186E-01
 3.342244988E-01 3.297463325E-01 3.252681527E-01 3.207900606E-01 3.163121768E-01
 3.118346524E-01 3.073576780E-01 3.028815027E-01 2.984064226E-01 2.939327568E-01
 2.894608231E-01 2.849909651E-01 2.805235785E-01 2.760591073E-01 2.715980288E-01
 2.671407998E-01 2.626877632E-01 2.582392738E-01 2.537960019E-01 2.493589476E-01
 2.449292957E-01 2.405083120E-01 2.360972909E-01 2.316975271E-01 2.273101962E-01
 2.229359822E-01 2.185749205E-01 2.142269156E-01 2.098919045E-01 2.055698682E-01
 2.012608638E-01 1.969654316E-01 1.926853142E-01 1.884228342E-01 1.841803059E-01
 1.799600074E-01 1.757641448E-01 1.715942382E-01 1.674505381E-01 1.633329184E-01
 1.592413577E-01 1.551760160E-01 1.511377403E-01 1.471286518E-01 1.431512768E-01
 1.392081139E-01 1.353013890E-01 1.314322132E-01 1.276006715E-01 1.238067628E-01
 1.200508303E-01 1.163342213E-01 1.126592732E-01 1.090284221E-01 1.054437060E-01
 1.019060846E-01 9.841586540E-02 9.497343491E-02 9.157981119E-02 8.823670856E-02
 8.494587195E-02 8.170840669E-02 7.852453280E-02 7.539449657E-02 7.231976320E-02
 6.930287087E-02 6.634584881E-02 6.344902819E-02 6.061218819E-02 5.783560021E-02
 5.512000386E-02 5.246655439E-02 4.987671163E-02 4.735151935E-02 4.489150705E-02
 4.249745779E-02 4.017042973E-02 3.791106481E-02 3.571963590E-02 3.359641346E-02
 3.154189299E-02 2.955685574E-02 2.764222645E-02 2.579902301E-02 2.402823737E-02
 2.233051349E-02 2.070606473E-02 1.915525590E-02 1.767850825E-02 1.627594351E-02
 1.494804437E-02 1.369555157E-02 1.251907610E-02 1.141917402E-02 1.039650154E-02
 9.451716389E-03 8.585030346E-03 7.796434522E-03 7.086342753E-03 6.454980861E-03
 5.902174725E-03 5.427260367E-03 5.029596257E-03 4.708257922E-03 4.462194523E-03
 4.290173266E-03 4.191274717E-03 4.165226655E-03 4.212647668E-03 4.335654210E-03
 4.538179247E-03 4.826628338E-03 5.210385457E-03 5.701630453E-03 6.315433568E-03
 7.069588414E-03 7.990031480E-03 9.071029484E-03 3.755831801E-01 3.711102032E-01
 3.666364057E-01 3.621617081E-01 3.576861620E-01 3.532097794E-01 3.487325862E-01
 3.442546298E-01 3.397759932E-01 3.352968101E-01 3.308172574E-01 3.263375394E-01
 3.218578660E-01 3.173784254E-01 3.128993596E-01 3.084207902E-01 3.039428636E-01
 2.994657588E-01 2.949897035E-01 2.905149857E-01 2.860419381E-01 2.815709074E-01
 2.771022441E-01 2.726363382E-01 2.681736359E-01 2.637146312E-01 2.592598402E-01
 2.548097141E-01 2.503645969E-01 2.459249746E-01 2.414917209E-01 2.370659703E-01
 2.326490006E-01 2.282421407E-01 2.238467372E-01 2.194640943E-01 2.150952368E-01
 2.107404751E-01 2.063997718E-01 2.020730841E-01 1.977604173E-01 1.934618236E-01
 1.891776240E-01 1.849091698E-01 1.806587424E-01 1.764287315E-01 1.722214673E-01
 1.680392520E-01 1.638839451E-01 1.597561247E-01 1.556557349E-01 1.515827711E-01
 1.475373928E-01 1.435202977E-01 1.395334611E-01 1.355794314E-01 1.316607614E-01
 1.277797789E-01 1.239378069E-01 1.201350401E-01 1.163715230E-01 1.126476260E-01
 1.089646781E-01 1.053250244E-01 1.017311262E-01 9.818504299E-02 9.468776884E-02
 9.123966809E-02 8.784120340E-02 8.449348882E-02 8.119827970E-02 7.795731021E-02
 7.477161304E-02 7.164143365E-02 6.856718124E-02 6.555057898E-02 6.259416116E-02
 5.969966381E-02 5.686725391E-02 5.409684440E-02 5.138890861E-02 4.874431340E-02
 4.616436461E-02 4.365048202E-02 4.120353718E-02 3.882412479E-02 3.651320748E-02
 3.427178920E-02 3.210038899E-02 2.999933760E-02 2.796905728E-02 2.601024250E-02
 2.412379938E-02 2.231074107E-02 2.057214245E-02 1.890891460E-02 1.732156721E-02
 1.581044528E-02 1.437617402E-02 1.301915968E-02 1.173990660E-02 1.053924837E-02
 9.418004028E-03 8.376869581E-03 7.416592346E-03 6.538101032E-03 5.742029273E-03
 5.028411343E-03 4.397327287E-03 3.848763894E-03 3.382139005E-03 2.996317703E-03
 2.689731172E-03 2.460454461E-03 2.306183133E-03 2.224416528E-03 2.212854888E-03
 2.269816625E-03 2.394810874E-03 2.589030804E-03 2.855151358E-03 3.198019684E-03
 3.626017882E-03 4.151195959E-03 4.789077547E-03 5.557437063E-03 6.477448034E-03
 7.578342630E-03 8.850951284E-03 3.677334891E-01 3.632565243E-01 3.587788446E-01
 3.543004218E-01 3.498213549E-01 3.453416781E-01 3.408614125E-01 3.363805997E-01
 3.318993037E-01 3.274176276E-01 3.229357281E-01 3.184538059E-01 3.139720887E-01
 3.094908069E-01 3.050101642E-01 3.005303165E-01 2.960514088E-01 2.915736160E-01
 2.870971495E-01 2.826222776E-01 2.781493297E-01 2.736786748E-01 2.692106897E-01
 2.647457656E-01 2.602843449E-01 2.558269276E-01 2.513740586E-01 2.469262816E-01
 2.424840303E-01 2.380477012E-01 2.336179737E-01 2.291958935E-01 2.247827189E-01
 2.203798061E-01 2.159885437E-01 2.116103201E-01 2.072463856E-01 2.028974432E-01
 1.985635834E-01 1.942447946E-01 1.899411072E-01 1.856525975E-01 1.813794811E-01
 1.771226988E-01 1.728843760E-01 1.686669629E-01 1.644728538E-01 1.603044215E-01
 1.561637782E-01 1.520519073E-01 1.479688744E-01 1.439146955E-01 1.398895433E-01
 1.358940128E-01 1.319298983E-01 1.279997536E-01 1.241061850E-01 1.202516112E-01
 1.164375634E-01 1.126643653E-01 1.089321157E-01 1.052412187E-01 1.015929903E-01
 9.798978143E-02 9.443407682E-02 9.092795646E-02 8.747245234E-02 8.406799160E-02
 8.071511966E-02 7.741504608E-02 7.416956112E-02 7.098038191E-02 6.784847658E-02
 6.477414112E-02 6.175797588E-02 5.880192422E-02 5.590846030E-02 5.307900465E-02
 5.031365330E-02 4.761249917E-02 4.497619428E-02 4.240574189E-02 3.990255494E-02
 3.746795257E-02 3.510269312E-02 3.280751428E-02 3.058349386E-02 2.843151755E-02
 2.635207136E-02 2.434559510E-02 2.241269861E-02 2.055424869E-02 1.877124106E-02
 1.706476046E-02 1.543588954E-02 1.388546790E-02 1.241406063E-02 1.102232377E-02
 9.710943492E-03 8.480532856E-03 7.332240704E-03 6.267242642E-03 5.286389252E-03
 4.390521832E-03 3.580386344E-03 2.855889714E-03 2.216713306E-03 1.663157944E-03
 1.195450597E-03 8.131911782E-04 5.152873177E-04 2.999282842E-04 1.646458658E-04
 1.062966911E-04 1.212124825E-04 2.054306448E-04 3.551135336E-04 5.670184620E-04
 8.389236395E-04 1.170830255E-03 1.568528822E-03 2.042725717E-03 2.604145909E-03
 3.267498574E-03 4.051660004E-03 4.978165678E-03 6.071346380E-03 7.360673836E-03
 8.836787522E-03 3.598937450E-01 3.554123260E-01 3.509302715E-01 3.464475896E-01
 3.419644185E-01 3.374808444E-01 3.329969115E-01 3.285126571E-01 3.240281387E-01
 3.195434384E-01 3.150586817E-01 3.105740500E-01 3.060897699E-01 3.016060943E-01
 2.971232752E-01 2.926415332E-01 2.881610402E-01 2.836819690E-01 2.792045257E-01
 2.747289586E-01 2.702555805E-01 2.657847645E-01 2.613169166E-01 2.568524479E-01
 2.523917984E-01 2.479354680E-01 2.434840141E-01 2.390380309E-01 2.345980729E-01
 2.301645683E-01 2.257380288E-01 2.213193490E-01 2.169097259E-01 2.125105249E-01
 2.081231728E-01 2.037491155E-01 1.993897460E-01 1.950461379E-01 1.907186406E-01
 1.864073026E-01 1.821121805E-01 1.778333840E-01 1.735710975E-01 1.693259480E-01
 1.650997588E-01 1.608950003E-01 1.567141448E-01 1.525596232E-01 1.484337278E-01
 1.443378699E-01 1.402723066E-01 1.362370883E-01 1.322324102E-01 1.282588053E-01
 1.243178716E-01 1.204121466E-01 1.165442869E-01 1.127167928E-01 1.089313962E-01
 1.051885683E-01 1.014884722E-01 9.783155225E-02 9.421911824E-02 9.065352520E-02
 8.713727874E-02 8.367247886E-02 8.026019884E-02 7.690093522E-02 7.359532275E-02
 7.034466492E-02 6.715078057E-02 6.401536416E-02 6.093933209E-02 5.792305525E-02
 5.496735001E-02 5.207432648E-02 4.924634443E-02 4.648452721E-02 4.378898064E-02
 4.116000739E-02 3.859841342E-02 3.610534861E-02 3.368227153E-02 3.133036423E-02
 2.905036385E-02 2.684317858E-02 2.470991393E-02 2.265134570E-02 2.066800476E-02
 1.876046984E-02 1.692955111E-02 1.517626949E-02 1.350176819E-02 1.190720185E-02
 1.039358734E-02 8.961805575E-03 7.612941063E-03 6.347963234E-03 5.167648278E-03
 4.072696529E-03 3.062967661E-03 2.138832784E-03 1.301639112E-03 5.529681889E-04
-1.064067058E-04-6.795691231E-04-1.169213484E-03-1.573986933E-03-1.892276302E-03
-2.123323798E-03-2.267036118E-03-2.324040158E-03-2.295762642E-03-2.184593376E-03
-1.994055451E-03-1.728960383E-03-1.395561485E-03-1.001775439E-03-5.579235207E-04
-7.371074478E-05 4.568660403E-04 1.055220245E-03 1.744848441E-03 2.545565630E-03
 3.479629875E-03 4.571926501E-03 5.847325035E-03 7.337428190E-03 9.030094841E-03
 3.520650113E-01 3.475786591E-01 3.430917445E-01 3.386042909E-01 3.341164595E-01
 3.296283799E-01 3.251401512E-01 3.206518344E-01 3.161634830E-01 3.116751720E-01
 3.071870036E-01 3.026991280E-01 2.982117535E-01 2.937251349E-01 2.892395520E-01
 2.847552801E-01 2.802725569E-01 2.757915749E-01 2.713125378E-01 2.668356865E-01
 2.623613117E-01 2.578897741E-01 2.534214925E-01 2.489569111E-01 2.444964822E-01
 2.400407022E-01 2.355901333E-01 2.311453937E-01 2.267071207E-01 2.222758605E-01
 2.178520755E-01 2.134364608E-01 2.090301078E-01 2.046343537E-01 2.002506540E-01
 1.958805021E-01 1.915253880E-01 1.871866392E-01 1.828649941E-01 1.785606219E-01
 1.742736155E-01 1.700041185E-01 1.657523294E-01 1.615186938E-01 1.573046344E-01
 1.531125660E-01 1.489450405E-01 1.448045473E-01 1.406935054E-01 1.366137216E-01
 1.325657293E-01 1.285496394E-01 1.245656766E-01 1.206143451E-01 1.166970517E-01
 1.128162902E-01 1.089747621E-01 1.051750425E-01 1.014190503E-01 9.770742442E-02
 9.404040301E-02 9.041847789E-02 8.684296018E-02 8.331620758E-02 7.984074410E-02
 7.641868874E-02 7.305115999E-02 6.973873099E-02 6.648213244E-02 6.328275911E-02
 6.014245187E-02 5.706287767E-02 5.404491919E-02 5.108904617E-02 4.819630800E-02
 4.536891858E-02 4.260907269E-02 3.991764998E-02 3.729483608E-02 3.474115349E-02
 3.225754583E-02 2.984529952E-02 2.750585443E-02 2.524026470E-02 2.304933405E-02
 2.093410309E-02 1.889563118E-02 1.693466443E-02 1.505188866E-02 1.324811375E-02
 1.152429830E-02 9.881613955E-03 8.321608256E-03 6.845563470E-03 5.454420709E-03
 4.148544599E-03 2.927239918E-03 1.791316694E-03 7.426796183E-04-2.178874579E-04
-1.095207102E-03-1.891664478E-03-2.604576905E-03-3.231036992E-03-3.769056100E-03
-4.217821448E-03-4.576759404E-03-4.844766603E-03-5.020935708E-03-5.104734452E-03
-5.096018178E-03-4.995101938E-03-4.802930073E-03-4.521280469E-03-4.153030651E-03
-3.702531551E-03-3.176026359E-03-2.582081295E-03-1.932049717E-03-1.240251157E-03
-5.221121390E-04 2.217306560E-04 1.039831106E-03 1.980472882E-03 3.072442402E-03
 4.340822414E-03 5.811822573E-03 7.517027838E-03 9.439714913E-03 3.442484771E-01
 3.397566781E-01 3.352643998E-01 3.307716669E-01 3.262786388E-01 3.217854715E-01
 3.172923103E-01 3.127992731E-01 3.083064380E-01 3.038138765E-01 2.993216831E-01
 2.948299820E-01 2.903389505E-01 2.858488265E-01 2.813598951E-01 2.768724653E-01
 2.723868367E-01 2.679032659E-01 2.634219703E-01 2.589431884E-01 2.544671999E-01
 2.499943433E-01 2.455250312E-01 2.410597297E-01 2.365989230E-01 2.321431138E-01
 2.276928627E-01 2.232487983E-01 2.188116012E-01 2.143819368E-01 2.099603422E-01
 2.055473756E-01 2.011439559E-01 1.967513464E-01 1.923710089E-01 1.880044787E-01
 1.836533126E-01 1.793190012E-01 1.750026746E-01 1.707047433E-01 1.664253633E-01
 1.621647132E-01 1.579230290E-01 1.537006802E-01 1.494987035E-01 1.453193375E-01
 1.411651943E-01 1.370388331E-01 1.329427658E-01 1.288791173E-01 1.248487869E-01
 1.208519853E-01 1.168889721E-01 1.129602498E-01 1.090670579E-01 1.052118143E-01
 1.013972581E-01 9.762603408E-02 9.390023081E-02 9.022067406E-02 8.658768934E-02
 8.300182371E-02 7.946439853E-02 7.597777308E-02 7.254448684E-02 6.916667669E-02
 6.584551063E-02 6.258164632E-02 5.937591708E-02 5.622980514E-02 5.314516659E-02
 5.012363760E-02 4.716609083E-02 4.427311870E-02 4.144600382E-02 3.868700144E-02
 3.599809911E-02 3.338001315E-02 3.083306677E-02 2.835799136E-02 2.595586192E-02
 2.362806376E-02 2.137595544E-02 1.920051604E-02 1.710269542E-02 1.508368019E-02
 1.314447685E-02 1.128586873E-02 9.508885215E-03 7.814826649E-03 6.204766134E-03
 4.679408383E-03 3.238228075E-03 1.881976295E-03 6.126436072E-04-5.702487422E-04
-1.673518800E-03-2.697131035E-03-3.637187740E-03-4.490707013E-03-5.256688201E-03
-5.934186928E-03-6.521656651E-03-7.017797469E-03-7.421605901E-03-7.732113941E-03
-7.948516102E-03-8.070297020E-03-8.097051103E-03-8.028451879E-03-7.864316995E-03
-7.604715624E-03-7.250100932E-03-6.801523863E-03-6.260956135E-03-5.631692259E-03
-4.918851357E-03-4.129968010E-03-3.275549268E-03-2.369807266E-03-1.433018575E-03
-4.875695203E-04 4.839865940E-04 1.573006232E-03 2.833666796E-03 4.292718892E-03
 5.974935604E-03 7.910059230E-03 1.007926118E-02 3.364454546E-01 3.319476310E-01
 3.274494457E-01 3.229509074E-01 3.184521515E-01 3.139533356E-01 3.094546324E-01
 3.049562082E-01 3.004582007E-01 2.959607070E-01 2.914638181E-01 2.869676499E-01
 2.824723514E-01 2.779781294E-01 2.734852542E-01 2.689940438E-01 2.645048384E-01
 2.600179638E-01 2.555336970E-01 2.510522857E-01 2.465740070E-01 2.420991841E-01
 2.376282096E-01 2.331615511E-01 2.286997235E-01 2.242432561E-01 2.197927112E-01
 2.153487206E-01 2.109119846E-01 2.064832420E-01 2.020631674E-01 1.976523160E-01
 1.932514136E-01 1.888615999E-01 1.844842975E-01 1.801210720E-01 1.757735338E-01
 1.714432859E-01 1.671317409E-01 1.628396893E-01 1.585674045E-01 1.543151080E-01
 1.500830810E-01 1.458716845E-01 1.416816844E-01 1.375150025E-01 1.333742667E-01
 1.292621188E-01 1.251811460E-01 1.211337061E-01 1.171211210E-01 1.131437577E-01
 1.092019202E-01 1.052961299E-01 1.014275002E-01 9.759833796E-02 9.381141025E-02
 9.006942789E-02 8.637463077E-02 8.272804700E-02 7.913010305E-02 7.558141027E-02
 7.208331038E-02 6.863816356E-02 6.524852159E-02 6.191653784E-02 5.864343463E-02
 5.542996274E-02 5.227706470E-02 4.918630512E-02 4.615954870E-02 4.319839973E-02
 4.030374990E-02 3.747633754E-02 3.471765860E-02 3.202995010E-02 2.941496536E-02
 2.687335391E-02 2.440561911E-02 2.201266431E-02 1.969569303E-02 1.745616739E-02
 1.529542047E-02 1.321441875E-02 1.121427189E-02 9.296510402E-03 7.462253673E-03
 5.712124540E-03 4.045944613E-03 2.463410972E-03 9.666341862E-04-4.439469994E-04
-1.775043459E-03-3.027513376E-03-4.196849798E-03-5.279624716E-03-6.274924237E-03
-7.181270956E-03-7.996997285E-03-8.720890724E-03-9.351893095E-03-9.889300093E-03
-1.033279752E-02-1.068215333E-02-1.093712115E-02-1.109742082E-02-1.116271474E-02
-1.113264262E-02-1.100678929E-02-1.078471118E-02-1.046597783E-02-1.005022582E-02
-9.537301069E-03-8.927460484E-03-8.221663019E-03-7.421987763E-03-6.532226480E-03
-5.558648042E-03-4.510848075E-03-3.402456434E-03-2.252694153E-03-1.090654431E-03
 7.238101270E-05 1.327916716E-03 2.771838412E-03 4.438414150E-03 6.347929502E-03
 8.530193346E-03 1.096305790E-02 3.286574084E-01 3.241529063E-01 3.196482006E-01
 3.151432876E-01 3.106382524E-01 3.061332315E-01 3.016283995E-01 2.971239500E-01
 2.926200717E-01 2.881169240E-01 2.836146246E-01 2.791132864E-01 2.746130489E-01
 2.701140885E-01 2.656166445E-01 2.611210223E-01 2.566275759E-01 2.521366789E-01
 2.476486847E-01 2.431638943E-01 2.386825903E-01 2.342050929E-01 2.297317753E-01
 2.252630890E-01 2.207995602E-01 2.163417548E-01 2.118902544E-01 2.074456911E-01
 2.030087742E-01 1.985802794E-01 1.941609936E-01 1.897515868E-01 1.853526898E-01
 1.809652541E-01 1.765906144E-01 1.722303377E-01 1.678860807E-01 1.635595240E-01
 1.592522663E-01 1.549655053E-01 1.506997396E-01 1.464552599E-01 1.422323935E-01
 1.380315346E-01 1.338533082E-01 1.296992479E-01 1.255719148E-01 1.214740334E-01
 1.174082605E-01 1.133771204E-01 1.093823588E-01 1.054245723E-01 1.015041286E-01
 9.762158239E-02 9.377797005E-02 8.997545944E-02 8.621683281E-02 8.250486298E-02
 7.884192394E-02 7.522925582E-02 7.166740122E-02 6.815704629E-02 6.469956447E-02
 6.129731686E-02 5.795286401E-02 5.466837406E-02 5.144512905E-02 4.828398232E-02
 4.518599198E-02 4.215279859E-02 3.918626943E-02 3.628797982E-02 3.345887215E-02
 3.069984811E-02 2.801257811E-02 2.539922479E-02 2.286130173E-02 2.039948649E-02
 1.801452523E-02 1.570754192E-02 1.347982899E-02 1.133289686E-02 9.268361915E-03
 7.287317479E-03 5.390386016E-03 3.576947347E-03 1.847764289E-03 2.044536206E-04
-1.356146279E-03-2.839585481E-03-4.241608984E-03-5.557250236E-03-6.784822330E-03
-7.922687701E-03-8.968942206E-03-9.922214417E-03-1.078142813E-02-1.154616412E-02
-1.221638053E-02-1.279210333E-02-1.327333038E-02-1.366005561E-02-1.395225850E-02
-1.414986043E-02-1.425273219E-02-1.426067678E-02-1.417343111E-02-1.399063412E-02
-1.371184340E-02-1.333651650E-02-1.286402506E-02-1.229370418E-02-1.162493382E-02
-1.085728905E-02-9.990801361E-03-9.026397942E-03-7.966531718E-03-6.816057341E-03
-5.583343472E-03-4.281378512E-03-2.929317841E-03-1.557335822E-03-1.880824681E-04
 1.253138017E-03 2.898734654E-03 4.790109435E-03 6.944790742E-03 9.391851866E-03
 1.210655907E-02 3.208859256E-01 3.163740483E-01 3.118621367E-01 3.073502032E-01
 3.028382897E-01 2.983264852E-01 2.938149408E-01 2.893038513E-01 2.847934331E-01
 2.802838989E-01 2.757754321E-01 2.712681732E-01 2.667622592E-01 2.622578557E-01
 2.577551694E-01 2.532544751E-01 2.487561172E-01 2.442604882E-01 2.397679977E-01
 2.352790288E-01 2.307939099E-01 2.263129648E-01 2.218365611E-01 2.173651290E-01
 2.128991847E-01 2.084393157E-01 2.039861420E-01 1.995403078E-01 1.951025249E-01
 1.906735862E-01 1.862543425E-01 1.818456113E-01 1.774480715E-01 1.730625023E-01
 1.686900953E-01 1.643323666E-01 1.599910039E-01 1.556677488E-01 1.513643297E-01
 1.470822555E-01 1.428223908E-01 1.385851441E-01 1.343708954E-01 1.301800932E-01
 1.260133191E-01 1.218717621E-01 1.177577935E-01 1.136741984E-01 1.096237103E-01
 1.056089750E-01 1.016321103E-01 9.769402689E-02 9.379518610E-02 8.993618897E-02
 8.611803862E-02 8.234275412E-02 7.861311669E-02 7.493195539E-02 7.130176249E-02
 6.772399375E-02 6.419932428E-02 6.072852715E-02 5.731302019E-02 5.395516628E-02
 5.065753082E-02 4.742229482E-02 4.425080602E-02 4.114403079E-02 3.810314922E-02
 3.512986910E-02 3.222605270E-02 2.939325492E-02 2.663250115E-02 2.394485709E-02
 2.133211073E-02 1.879633676E-02 1.633893180E-02 1.396065451E-02 1.166253426E-02
 9.446184240E-03 7.312952344E-03 5.263467037E-03 3.297058630E-03 1.415385261E-03
-3.806676070E-04-2.097454394E-03-3.735597495E-03-5.289152284E-03-6.754120224E-03
-8.128966446E-03-9.411471957E-03-1.059987654E-02-1.169295638E-02-1.269026614E-02
-1.359188212E-02-1.439798655E-02-1.510872767E-02-1.572425586E-02-1.624469135E-02
-1.667010248E-02-1.700051808E-02-1.723592805E-02-1.737626964E-02-1.742145217E-02
-1.737135284E-02-1.722581149E-02-1.698461358E-02-1.664747604E-02-1.621401078E-02
-1.568371019E-02-1.505592839E-02-1.432987237E-02-1.350462919E-02-1.257927811E-02
-1.155312118E-02-1.042608218E-02-9.199353320E-03-7.876382340E-03-6.464230600E-03
-4.975056166E-03-3.428161494E-03-1.855396136E-03-2.836360331E-04 1.360387171E-03
 3.227416217E-03 5.362114402E-03 7.779936192E-03 1.051035676E-02 1.352611978E-02
 3.131327171E-01 3.086127318E-01 3.040928860E-01 2.995732141E-01 2.950537418E-01
 2.905345226E-01 2.860156580E-01 2.814973162E-01 2.769797135E-01 2.724630910E-01
 2.679476879E-01 2.634337137E-01 2.589213342E-01 2.544107129E-01 2.499020444E-01
 2.453955689E-01 2.408916007E-01 2.363905260E-01 2.318927798E-01 2.273988102E-01
 2.229090320E-01 2.184238061E-01 2.139435030E-01 2.094685441E-01 2.049994239E-01
 2.005367285E-01 1.960811099E-01 1.916332470E-01 1.871938593E-01 1.827637469E-01
 1.783437926E-01 1.739349167E-01 1.695379467E-01 1.651536173E-01 1.607829279E-01
 1.564272907E-01 1.520883881E-01 1.477680128E-01 1.434679841E-01 1.391900212E-01
 1.349354054E-01 1.307047572E-01 1.264985343E-01 1.223172458E-01 1.181614915E-01
 1.140322428E-01 1.099315565E-01 1.058622301E-01 1.018270848E-01 9.782886167E-02
 9.386996678E-02 8.995170041E-02 8.607466182E-02 8.223951102E-02 7.844725487E-02
 7.469977355E-02 7.099982828E-02 6.735029690E-02 6.375377556E-02 6.021193325E-02
 5.672559479E-02 5.329563392E-02 4.992352684E-02 4.661164028E-02 4.336254025E-02
 4.017841876E-02 3.706069576E-02 3.401046049E-02 3.102901910E-02 2.811813698E-02
 2.527965821E-02 2.251512574E-02 1.982570659E-02 1.721270700E-02 1.467795156E-02
 1.222340947E-02 9.850722061E-03 7.560773628E-03 5.353865119E-03 3.229512997E-03
 1.189823087E-03-7.649677951E-04-2.641738055E-03-4.438012768E-03-6.147122381E-03
-7.765881418E-03-9.292111911E-03-1.072355510E-02-1.205868849E-02-1.329670362E-02
-1.443767393E-02-1.548191630E-02-1.642970152E-02-1.728126619E-02-1.803679686E-02
-1.869640710E-02-1.926015423E-02-1.972803160E-02-2.009998887E-02-2.037595100E-02
-2.055584345E-02-2.063958675E-02-2.062710266E-02-2.051832824E-02-2.031319389E-02
-2.001162907E-02-1.961353875E-02-1.911877619E-02-1.852711561E-02-1.783820254E-02
-1.705149434E-02-1.616621365E-02-1.518134143E-02-1.409566379E-02-1.290793686E-02
-1.161724469E-02-1.022366734E-02-8.729377930E-03-7.140208977E-03-5.467473577E-03
-3.730862053E-03-1.965394843E-03-1.976842351E-04 1.663871877E-03 3.772215283E-03
 6.168754847E-03 8.868531003E-03 1.190119316E-02 1.523528912E-02 3.053995910E-01
 3.008707595E-01 2.963422188E-01 2.918140462E-01 2.872862627E-01 2.827589115E-01
 2.782320615E-01 2.737058281E-01 2.691803978E-01 2.646560104E-01 2.601329339E-01
 2.556114365E-01 2.510917564E-01 2.465740874E-01 2.420586223E-01 2.375455877E-01
 2.330352612E-01 2.285280002E-01 2.240242371E-01 2.195244529E-01 2.150291369E-01
 2.105387379E-01 2.060536562E-01 2.015743147E-01 1.971011952E-01 1.926348651E-01
 1.881759851E-01 1.837252750E-01 1.792834818E-01 1.748514120E-01 1.704299636E-01
 1.660201126E-01 1.616228342E-01 1.572389648E-01 1.528693670E-01 1.485152933E-01
 1.441783614E-01 1.398603956E-01 1.355632849E-01 1.312888978E-01 1.270388530E-01
 1.228141200E-01 1.186152786E-01 1.144429042E-01 1.102976535E-01 1.061804039E-01
 1.020928583E-01 9.803774165E-02 9.401796008E-02 9.003633997E-02 8.609549722E-02
 8.219715274E-02 7.834210342E-02 7.453108717E-02 7.076514439E-02 6.704604419E-02
 6.337650776E-02 5.975945309E-02 5.619756717E-02 5.269272415E-02 4.924591596E-02
 4.585813229E-02 4.253092322E-02 3.926666334E-02 3.606791361E-02 3.293687251E-02
 2.987504017E-02 2.688363674E-02 2.396408690E-02 2.111822138E-02 1.834792170E-02
 1.565475802E-02 1.304005479E-02 1.050559471E-02 8.053212846E-03 5.683825239E-03
 3.396893313E-03 1.194216567E-03-9.241699993E-04-2.964730314E-03-4.923524926E-03
-6.793384430E-03-8.571189208E-03-1.025437582E-02-1.184074634E-02-1.332895016E-02
-1.471869470E-02-1.601036272E-02-1.720439365E-02-1.830112652E-02-1.930082679E-02
-2.020365090E-02-2.100966427E-02-2.171883822E-02-2.233108133E-02-2.284626928E-02
-2.326426684E-02-2.358493522E-02-2.380813856E-02-2.393375969E-02-2.396170320E-02
-2.389188974E-02-2.372427651E-02-2.345883966E-02-2.309559200E-02-2.263456117E-02
-2.207578574E-02-2.141929424E-02-2.066505511E-02-1.981291363E-02-1.886252428E-02
-1.781326537E-02-1.666416503E-02-1.541387808E-02-1.406078000E-02-1.260329154E-02
-1.104055723E-02-9.373633095E-03-7.607270239E-03-5.752203057E-03-3.829180436E-03
-1.877575371E-03 8.215469332E-05 2.177891742E-03 4.547355237E-03 7.224772728E-03
 1.022538930E-02 1.357732088E-02 1.724425537E-02 2.976884088E-01 2.931500283E-01
 2.886120383E-01 2.840745714E-01 2.795376794E-01 2.750014075E-01 2.704658156E-01
 2.659309884E-01 2.613970573E-01 2.568642289E-01 2.523327683E-01 2.478029727E-01
 2.432751424E-01 2.387495470E-01 2.342264114E-01 2.297059607E-01 2.251884569E-01
 2.206742195E-01 2.161636530E-01 2.116572403E-01 2.071555127E-01 2.026590037E-01
 1.981681994E-01 1.936835463E-01 1.892055270E-01 1.847346917E-01 1.802716881E-01
 1.758172571E-01 1.713721906E-01 1.669373158E-01 1.625135389E-01 1.581018640E-01
 1.537033590E-01 1.493190335E-01 1.449497640E-01 1.405966206E-01 1.362611022E-01
 1.319450179E-01 1.276503133E-01 1.233789639E-01 1.191328242E-01 1.149132819E-01
 1.107211202E-01 1.065570044E-01 1.024216665E-01 9.831597824E-02 9.424135945E-02
 9.020034531E-02 8.619590383E-02 8.223094867E-02 7.830824881E-02 7.442992287E-02
 7.059703659E-02 6.681043252E-02 6.307120847E-02 5.938106615E-02 5.574266734E-02
 5.215896122E-02 4.863271418E-02 4.516599200E-02 4.175997067E-02 3.841577247E-02
 3.513503662E-02 3.192015052E-02 2.877366432E-02 2.569776863E-02 2.269405743E-02
 1.976393797E-02 1.690900803E-02 1.413111879E-02 1.143233637E-02 8.814475093E-03
 6.278306200E-03 3.823640372E-03 1.452571687E-03-8.341323642E-04-3.042628486E-03
-5.168934985E-03-7.205272466E-03-9.148116807E-03-1.099468957E-02-1.274283762E-02
-1.439139507E-02-1.594042407E-02-1.739049888E-02-1.874213050E-02-1.999569151E-02
-2.115141973E-02-2.220940779E-02-2.316963335E-02-2.403197120E-02-2.479624571E-02
-2.546225678E-02-2.602979788E-02-2.649866535E-02-2.686866873E-02-2.713963321E-02
-2.731140246E-02-2.738384061E-02-2.735684505E-02-2.723033349E-02-2.700425896E-02
-2.667860687E-02-2.625340536E-02-2.572871719E-02-2.510465478E-02-2.438136753E-02
-2.355901806E-02-2.263775587E-02-2.161765751E-02-2.049863175E-02-1.928029564E-02
-1.796183810E-02-1.654191927E-02-1.501869724E-02-1.339009494E-02-1.165447327E-02
-9.811918937E-03-7.866370514E-03-5.828533735E-03-3.721307365E-03-1.587584458E-03
 5.687146590E-04 2.916667222E-03 5.567046669E-03 8.544251819E-03 1.186299760E-02
 1.554858783E-02 1.955942883E-02 2.900011192E-01 2.854524961E-01 2.809043370E-01
 2.763567979E-01 2.718099724E-01 2.672639455E-01 2.627187844E-01 2.581745657E-01
 2.536313920E-01 2.490894129E-01 2.445488564E-01 2.400100153E-01 2.354732192E-01
 2.309388030E-01 2.264070714E-01 2.218782832E-01 2.173526996E-01 2.128306221E-01
 2.083124160E-01 2.037985385E-01 1.992895275E-01 1.947859689E-01 1.902884438E-01
 1.857974798E-01 1.813135783E-01 1.768372881E-01 1.723692377E-01 1.679101633E-01
 1.634608906E-01 1.590222906E-01 1.545952852E-01 1.501808930E-01 1.457802312E-01
 1.413944505E-01 1.370245803E-01 1.326716043E-01 1.283368516E-01 1.240220529E-01
 1.197291845E-01 1.154603017E-01 1.112174306E-01 1.070023184E-01 1.028160780E-01
 9.865950598E-02 9.453341890E-02 9.043873974E-02 8.637673542E-02 8.234965437E-02
 7.836047817E-02 7.441221295E-02 7.050774592E-02 6.664952695E-02 6.283896332E-02
 5.907703740E-02 5.536492480E-02 5.170431193E-02 4.809778936E-02 4.454832844E-02
 4.105876488E-02 3.763133680E-02 3.426741731E-02 3.096827985E-02 2.773566696E-02
 2.457197741E-02 2.147977243E-02 1.846129578E-02 1.551822464E-02 1.265221621E-02
 9.865297887E-03 7.158846987E-03 4.533246264E-03 1.989866940E-03-4.696857690E-04
-2.850471190E-03-5.149699298E-03-7.358682864E-03-9.473091299E-03-1.149002309E-02
-1.340729236E-02-1.522384530E-02-1.693996795E-02-1.855637728E-02-2.007362802E-02
-2.149208421E-02-2.281191744E-02-2.403313436E-02-2.515560439E-02-2.617910290E-02
-2.710336895E-02-2.792812999E-02-2.865311302E-02-2.927805836E-02-2.980271837E-02
-3.022686567E-02-3.055029329E-02-3.077281858E-02-3.089428125E-02-3.091454171E-02
-3.083349462E-02-3.065106019E-02-3.036718667E-02-2.998186100E-02-2.949510244E-02
-2.890697022E-02-2.821757389E-02-2.742706774E-02-2.653566022E-02-2.554361506E-02
-2.445123078E-02-2.325878837E-02-2.196645278E-02-2.057411826E-02-1.908121597E-02
-1.748653537E-02-1.578815202E-02-1.398361556E-02-1.207061395E-02-1.004847051E-02
-7.920683804E-03-5.698586882E-03-3.409182904E-03-1.095299326E-03 1.274060648E-03
 3.894368340E-03 6.844686932E-03 1.013921133E-02 1.379096289E-02 1.782117033E-02
 2.218313781E-02 2.823398575E-01 2.777802325E-01 2.732211732E-01 2.686628213E-01
 2.641052618E-01 2.595486234E-01 2.549930199E-01 2.504385412E-01 2.458852832E-01
 2.413333687E-01 2.367829674E-01 2.322343310E-01 2.276877823E-01 2.231436861E-01
 2.186024157E-01 2.140643142E-01 2.095296783E-01 2.049988089E-01 2.004720513E-01
 1.959498223E-01 1.914326366E-01 1.869210928E-01 1.824158358E-01 1.779174984E-01
 1.734266554E-01 1.689438714E-01 1.644697703E-01 1.600050695E-01 1.555506014E-01
 1.511072820E-01 1.466760719E-01 1.422580036E-01 1.378542199E-01 1.334659549E-01
 1.290944240E-01 1.247406909E-01 1.204059287E-01 1.160917361E-01 1.118000627E-01
 1.075330269E-01 1.032927798E-01 9.908133012E-02 9.490020288E-02 9.075039511E-02
 8.663282975E-02 8.254851614E-02 7.849868246E-02 7.448528643E-02 7.051124257E-02
 6.657964483E-02 6.269348289E-02 5.885545547E-02 5.506736023E-02 5.133036594E-02
 4.764574787E-02 4.401522565E-02 4.044132507E-02 3.692702953E-02 3.347523220E-02
 3.008832113E-02 2.676786895E-02 2.351532741E-02 2.033260849E-02 1.722216413E-02
 1.418653679E-02 1.122823100E-02 8.348902661E-03 5.549191600E-03 2.829717683E-03
 1.928987881E-04-2.363623794E-03-4.840348256E-03-7.227920318E-03-9.520533202E-03
-1.171501149E-02-1.380892824E-02-1.580123875E-02-1.769234534E-02-1.948305839E-02
-2.117397006E-02-2.276542383E-02-2.425751471E-02-2.565014739E-02-2.694307586E-02
-2.813597879E-02-2.922850756E-02-3.022031498E-02-3.111105896E-02-3.190041577E-02
-3.258807822E-02-3.317376164E-02-3.365720094E-02-3.403815458E-02-3.431640423E-02
-3.449175984E-02-3.456405765E-02-3.453315926E-02-3.439895881E-02-3.416138498E-02
-3.382039127E-02-3.337597479E-02-3.282815688E-02-3.217700330E-02-3.142261632E-02
-3.056513622E-02-2.960475425E-02-2.854172209E-02-2.737635999E-02-2.610905636E-02
-2.474023914E-02-2.327029107E-02-2.169938771E-02-2.002725427E-02-1.825288955E-02
-1.637437346E-02-1.438895199E-02-1.229376670E-02-1.008765779E-02-7.773978392E-03
-5.365626699E-03-2.896875855E-03-4.030263283E-04 2.208976980E-03 5.124353827E-03
 8.391978589E-03 1.201905051E-02 1.601534123E-02 2.039727016E-02 2.511381507E-02
 2.747069405E-01 2.701355010E-01 2.655647449E-01 2.609948129E-01 2.564257531E-01
 2.518576793E-01 2.472907454E-01 2.427250928E-01 2.381608385E-01 2.335981004E-01
 2.290370234E-01 2.244778002E-01 2.199207080E-01 2.153661025E-01 2.108143872E-01
 2.062659776E-01 2.017212590E-01 1.971805702E-01 1.926442563E-01 1.881127113E-01
 1.835864091E-01 1.790659281E-01 1.745519335E-01 1.700451340E-01 1.655462187E-01
 1.610558171E-01 1.565745660E-01 1.521031745E-01 1.476424603E-01 1.431933599E-01
 1.387568863E-01 1.343341040E-01 1.299261730E-01 1.255343718E-01 1.211600477E-01
 1.168044598E-01 1.124687601E-01 1.081543802E-01 1.038631772E-01 9.959729766E-02
 9.535898581E-02 9.115044540E-02 8.697357694E-02 8.282968780E-02 7.871984695E-02
 7.464516947E-02 7.060692439E-02 6.660687072E-02 6.264775747E-02 5.873274489E-02
 5.486492244E-02 5.104717106E-02 4.728167732E-02 4.356985413E-02 3.991310399E-02
 3.631321928E-02 3.277268684E-02 2.929449343E-02 2.588156918E-02 2.253645362E-02
 1.926098217E-02 1.605678738E-02 1.292602507E-02 9.871424054E-03 6.894767826E-03
 3.996673118E-03 1.179458247E-03-1.556565198E-03-4.214835548E-03-6.786597936E-03
-9.263698308E-03-1.164248648E-02-1.392032564E-02-1.609605606E-02-1.816992628E-02
-2.014277635E-02-2.201531105E-02-2.378784992E-02-2.546038951E-02-2.703273088E-02
-2.850452586E-02-2.987534982E-02-3.114476508E-02-3.231233592E-02-3.337764411E-02
-3.434028816E-02-3.519988518E-02-3.595607447E-02-3.660851887E-02-3.715690346E-02
-3.760094225E-02-3.794037424E-02-3.817496895E-02-3.830452703E-02-3.832888288E-02
-3.824790238E-02-3.806148184E-02-3.776956072E-02-3.737210682E-02-3.686912842E-02
-3.626066680E-02-3.554680666E-02-3.472766430E-02-3.380339481E-02-3.277419587E-02
-3.164030776E-02-3.040201927E-02-2.905968230E-02-2.761372840E-02-2.606467323E-02
-2.441306583E-02-2.265933398E-02-2.080350059E-02-1.884480478E-02-1.678135773E-02
-1.461015684E-02-1.232796934E-02-9.933322576E-03-7.429834200E-03-4.833904544E-03
-2.187886801E-03 4.946973677E-04 3.385275933E-03 6.618251768E-03 1.021825110E-02
 1.418980467E-02 1.853830603E-02 2.327542482E-02 2.834687183E-02 2.671048904E-01
 2.625207582E-01 2.579374527E-01 2.533551086E-01 2.487737424E-01 2.441934373E-01
 2.396143244E-01 2.350365784E-01 2.304603715E-01 2.258858515E-01 2.213131613E-01
 2.167424704E-01 2.121739973E-01 2.076080474E-01 2.030450121E-01 1.984853376E-01
 1.939294854E-01 1.893778880E-01 1.848309306E-01 1.802890075E-01 1.757525670E-01
 1.712221465E-01 1.666983948E-01 1.621820502E-01 1.576738912E-01 1.531746677E-01
 1.486850730E-01 1.442058268E-01 1.397377347E-01 1.352817266E-01 1.308388511E-01
 1.264102274E-01 1.219970423E-01 1.176005999E-01 1.132223228E-01 1.088636588E-01
 1.045259088E-01 1.002103944E-01 9.591883324E-02 9.165333236E-02 8.741620553E-02
 8.320980342E-02 7.903631167E-02 7.489743570E-02 7.079444888E-02 6.672859512E-02
 6.270123628E-02 5.871405831E-02 5.476958761E-02 5.087100784E-02 4.702150794E-02
 4.322410823E-02 3.948133601E-02 3.579490541E-02 3.216638071E-02 2.859765824E-02
 2.509122739E-02 2.165011479E-02 1.827731751E-02 1.497547255E-02 1.174684155E-02
 8.593076967E-03 5.515244438E-03 2.515132921E-03-4.045044687E-04-3.246796833E-03
-6.006757229E-03-8.674036566E-03-1.124364455E-02-1.371249208E-02-1.607893546E-02
-1.834290020E-02-2.050542670E-02-2.256736363E-02-2.452892149E-02-2.639000138E-02
-2.815036690E-02-2.980955629E-02-3.136702142E-02-3.282222671E-02-3.417464206E-02
-3.542374891E-02-3.656904713E-02-3.761005690E-02-3.854632088E-02-3.937740859E-02
-4.010291114E-02-4.072245190E-02-4.123568426E-02-4.164229654E-02-4.194201017E-02
-4.213458378E-02-4.221981226E-02-4.219753097E-02-4.206761205E-02-4.182996222E-02
-4.148453311E-02-4.103131292E-02-4.047032641E-02-3.980164036E-02-3.902536164E-02
-3.814163122E-02-3.715063382E-02-3.605259592E-02-3.484778092E-02-3.353648975E-02
-3.211906304E-02-3.059589149E-02-2.896743905E-02-2.723427151E-02-2.539704695E-02
-2.345639375E-02-2.141260384E-02-1.926513400E-02-1.701212255E-02-1.465040865E-02
-1.217644373E-02-9.588489936E-03-6.891587134E-03-4.108892331E-03-1.283846687E-03
 1.621011686E-03 4.817517754E-03 8.384821661E-03 1.232956467E-02 1.665379332E-02
 2.135851680E-02 2.645119624E-02 3.187533745E-02 2.595364505E-01 2.549386824E-01
 2.503419053E-01 2.457462570E-01 2.411517144E-01 2.365583311E-01 2.319662095E-01
 2.273754953E-01 2.227863844E-01 2.181990824E-01 2.136137714E-01 2.090306230E-01
 2.044498344E-01 1.998716529E-01 1.952964146E-01 1.907245506E-01 1.861565535E-01
 1.815929358E-01 1.770341820E-01 1.724807292E-01 1.679330260E-01 1.633915817E-01
 1.588570041E-01 1.543300201E-01 1.498114487E-01 1.453021438E-01 1.408029221E-01
 1.363145519E-01 1.318378470E-01 1.273737232E-01 1.229232346E-01 1.184875505E-01
 1.140679094E-01 1.096656413E-01 1.052822105E-01 1.009191871E-01 9.657809880E-02
 9.226032317E-02 8.796743217E-02 8.370142852E-02 7.946465019E-02 7.525955624E-02
 7.108855301E-02 6.695372772E-02 6.285664757E-02 5.879872396E-02 5.478144584E-02
 5.080652837E-02 4.687630772E-02 4.299392740E-02 3.916266860E-02 3.538566799E-02
 3.166571917E-02 2.800487574E-02 2.440491465E-02 2.086791439E-02 1.739643025E-02
 1.399353435E-02 1.066247734E-02 7.405300695E-03 4.222817988E-03 1.117412068E-03
-1.910067059E-03-4.860446177E-03-7.722684111E-03-1.048874698E-02-1.315479339E-02
-1.571861077E-02-1.817975164E-02-2.053921756E-02-2.279784618E-02-2.495589697E-02
-2.701336694E-02-2.896995267E-02-3.082499057E-02-3.257781836E-02-3.422783271E-02
-3.577437270E-02-3.721678758E-02-3.855446351E-02-3.978679959E-02-4.091321663E-02
-4.193315825E-02-4.284610063E-02-4.365155072E-02-4.434905214E-02-4.493818548E-02
-4.541857327E-02-4.578987804E-02-4.605180799E-02-4.620411224E-02-4.624658447E-02
-4.617906390E-02-4.600143385E-02-4.571361813E-02-4.531558371E-02-4.480734494E-02
-4.418895024E-02-4.346049884E-02-4.262212240E-02-4.167399536E-02-4.061633734E-02
-3.944940510E-02-3.817349375E-02-3.678893879E-02-3.529611545E-02-3.369543614E-02
-3.198735225E-02-3.017237034E-02-2.825109116E-02-2.622424198E-02-2.409260260E-02
-2.185667608E-02-1.951608674E-02-1.706903295E-02-1.451218858E-02-1.184158158E-02
-9.055648168E-03-6.162339643E-03-3.195421114E-03-1.861492228E-04 2.990053336E-03
 6.516705388E-03 1.043026046E-02 1.472841878E-02 1.940990847E-02 2.447168748E-02
 2.991796082E-02 3.569092143E-02 2.520045676E-01 2.473921792E-01 2.427809489E-01
 2.381710316E-01 2.335623772E-01 2.289550057E-01 2.243489864E-01 2.197444359E-01
 2.151415179E-01 2.105404500E-01 2.059414730E-01 2.013448073E-01 1.967506575E-01
 1.921592518E-01 1.875708696E-01 1.829858813E-01 1.784047610E-01 1.738280526E-01
 1.692563250E-01 1.646901202E-01 1.601299329E-01 1.555762727E-01 1.510297166E-01
 1.464909512E-01 1.419607897E-01 1.374401398E-01 1.329299381E-01 1.284310749E-01
 1.239444065E-01 1.194708535E-01 1.150114576E-01 1.105674089E-01 1.061400076E-01
 1.017306301E-01 9.734077131E-02 9.297207096E-02 8.862624068E-02 8.430487296E-02
 8.000949651E-02 7.574197855E-02 7.150460458E-02 6.729991046E-02 6.313047396E-02
 5.899868753E-02 5.490649462E-02 5.085552350E-02 4.684742011E-02 4.288399976E-02
 3.896751178E-02 3.510099729E-02 3.128781368E-02 2.753120054E-02 2.383416805E-02
 2.019916136E-02 1.662820184E-02 1.312362883E-02 9.688142019E-03 6.323812093E-03
 3.032655000E-03-1.820442924E-04-3.321793169E-03-6.380904067E-03-9.347629980E-03
-1.221612413E-02-1.498327848E-02-1.764795367E-02-2.021074421E-02-2.267269425E-02
-2.503433237E-02-2.729564345E-02-2.945611661E-02-3.151503372E-02-3.347173367E-02
-3.532547174E-02-3.707535818E-02-3.872062838E-02-4.026055792E-02-4.169438212E-02
-4.302136564E-02-4.424081027E-02-4.535204105E-02-4.635441988E-02-4.724734591E-02
-4.803026459E-02-4.870266914E-02-4.926409732E-02-4.971413972E-02-5.005243689E-02
-5.027868242E-02-5.039261993E-02-5.039404560E-02-5.028280558E-02-5.005879863E-02
-4.972197098E-02-4.927231266E-02-4.870986786E-02-4.803471957E-02-4.724699971E-02
-4.634687701E-02-4.533456883E-02-4.421033184E-02-4.297446024E-02-4.162728858E-02
-4.016919183E-02-3.860058519E-02-3.692192341E-02-3.513369838E-02-3.323643691E-02
-3.123070613E-02-2.911714888E-02-2.689654680E-02-2.456978255E-02-2.213750230E-02
-1.959950383E-02-1.695401879E-02-1.419732769E-02-1.132518179E-02-8.336893799E-03
-5.246184407E-03-2.095075342E-03 1.122512432E-03 4.613542754E-03 8.489205555E-03
 1.275743752E-02 1.741402731E-02 2.245413678E-02 2.787148287E-02 3.366749702E-02
 3.978377802E-02 2.445123818E-01 2.398843644E-01 2.352576638E-01 2.306324576E-01
 2.260086828E-01 2.213863417E-01 2.167654718E-01 2.121461526E-01 2.075285170E-01
 2.029127488E-01 1.982990888E-01 1.936878147E-01 1.890791885E-01 1.844734533E-01
 1.798708720E-01 1.752717599E-01 1.706765255E-01 1.660856903E-01 1.614998544E-01
 1.569196491E-01 1.523456801E-01 1.477785066E-01 1.432187060E-01 1.386669313E-01
 1.341239569E-01 1.295906919E-01 1.250681417E-01 1.205573328E-01 1.160592390E-01
 1.115748183E-01 1.071051135E-01 1.026513090E-01 9.821474316E-02 9.379686035E-02
 8.939919805E-02 8.502343870E-02 8.067140790E-02 7.634494303E-02 7.204571666E-02
 6.777549401E-02 6.353645107E-02 5.933114216E-02 5.516227214E-02 5.103248024E-02
 4.694408599E-02 4.289900077E-02 3.889906650E-02 3.494624687E-02 3.104281724E-02
 2.719170602E-02 2.339634821E-02 1.966012705E-02 1.598619423E-02 1.237743269E-02
 8.835869503E-03 5.362784338E-03 1.960720827E-03-1.367338831E-03-4.621892637E-03
-7.791356805E-03-1.086584883E-02-1.384098934E-02-1.671456878E-02-1.948633644E-02
-2.215747462E-02-2.472880252E-02-2.720033883E-02-2.957161907E-02-3.184196367E-02
-3.401053888E-02-3.607633015E-02-3.803835777E-02-3.989580496E-02-4.164775024E-02
-4.329317853E-02-4.483122454E-02-4.626102785E-02-4.758171564E-02-4.879247071E-02
-4.989252100E-02-5.088113750E-02-5.175764289E-02-5.252141590E-02-5.317189223E-02
-5.370856942E-02-5.413100282E-02-5.443881148E-02-5.463167400E-02-5.470933256E-02
-5.467158697E-02-5.451829629E-02-5.424937912E-02-5.386480825E-02-5.336460586E-02
-5.274885068E-02-5.201766899E-02-5.117123196E-02-5.020975708E-02-4.913350895E-02
-4.794278922E-02-4.663794022E-02-4.521934544E-02-4.368742776E-02-4.204264799E-02
-4.028550424E-02-3.841653280E-02-3.643630867E-02-3.434544160E-02-3.214457370E-02
-2.983440804E-02-2.741577251E-02-2.488960228E-02-2.225669338E-02-1.951701622E-02
-1.666857487E-02-1.370723836E-02-1.062859556E-02-7.434153827E-03-4.148084140E-03
-8.081416005E-04 2.671319717E-03 6.503450368E-03 1.073747414E-02 1.536583926E-02
 2.038277998E-02 2.578042303E-02 3.154976857E-02 3.769040109E-02 4.414407491E-02
 2.370631976E-01 2.324185502E-01 2.277753472E-01 2.231338006E-01 2.184938477E-01
 2.138554845E-01 2.092187344E-01 2.045836475E-01 1.999503169E-01 1.953188920E-01
 1.906895796E-01 1.860626454E-01 1.814384050E-01 1.768171666E-01 1.721992172E-01
 1.675848591E-01 1.629744474E-01 1.583684332E-01 1.537673899E-01 1.491719800E-01
 1.445829035E-01 1.400008373E-01 1.354264121E-01 1.308602816E-01 1.263031836E-01
 1.217559908E-01 1.172197189E-01 1.126954806E-01 1.081844016E-01 1.036875504E-01
 9.920600293E-02 9.474094146E-02 9.029371077E-02 8.586581169E-02 8.145885011E-02
 7.707455157E-02 7.271480868E-02 6.838163570E-02 6.407697627E-02 5.980264004E-02
 5.556069038E-02 5.135361863E-02 4.718421421E-02 4.305531532E-02 3.896955883E-02
 3.492920327E-02 3.093632842E-02 2.699308439E-02 2.310189411E-02 1.926567451E-02
 1.548787776E-02 1.177213727E-02 8.121158066E-03 4.536725514E-03 1.021635967E-03
-2.422500289E-03-5.792608775E-03-9.074821112E-03-1.226096059E-02-1.534728394E-02
-1.833259324E-02-2.121768440E-02-2.400366441E-02-2.669080393E-02-2.927878921E-02
-3.176691482E-02-3.415418835E-02-3.643952819E-02-3.862189156E-02-4.070021517E-02
-4.267329678E-02-4.454000940E-02-4.629937647E-02-4.795027961E-02-4.949157758E-02
-5.092229525E-02-5.224144977E-02-5.344808362E-02-5.454131702E-02-5.552032573E-02
-5.638434841E-02-5.713268878E-02-5.776472456E-02-5.827990488E-02-5.867774969E-02
-5.895785380E-02-5.911988342E-02-5.916357736E-02-5.908874284E-02-5.889525588E-02
-5.858305739E-02-5.815215390E-02-5.760260946E-02-5.693454237E-02-5.614813154E-02
-5.524359810E-02-5.422121839E-02-5.308131042E-02-5.182423188E-02-5.045038377E-02
-4.896020767E-02-4.735418248E-02-4.563282310E-02-4.379668028E-02-4.184634033E-02
-3.978242525E-02-3.760559511E-02-3.531654537E-02-3.291600483E-02-3.040474634E-02
-2.778361893E-02-2.505363070E-02-2.221577859E-02-1.926997945E-02-1.621391541E-02
-1.304300530E-02-9.753013557E-03-6.349951439E-03-2.870472940E-03 6.738838586E-04
 4.472257735E-03 8.664629933E-03 1.326142430E-02 1.825222193E-02 2.362889130E-02
 2.938086826E-02 3.549755412E-02 4.197671912E-02 4.876017544E-02 2.296604364E-01
 2.249982065E-01 2.203374939E-01 2.156785505E-01 2.110213356E-01 2.063658547E-01
 2.017121282E-01 1.970601943E-01 1.924101197E-01 1.877620137E-01 1.831160434E-01
 1.784724402E-01 1.738314981E-01 1.691935713E-01 1.645590186E-01 1.599281771E-01
 1.553013934E-01 1.506790677E-01 1.460616984E-01 1.414499163E-01 1.368444525E-01
 1.322460834E-01 1.276555650E-01 1.230736083E-01 1.185009518E-01 1.139384294E-01
 1.093870232E-01 1.048478675E-01 1.003221936E-01 9.581123614E-02 9.131617308E-02
 8.683821598E-02 8.237870709E-02 7.793917016E-02 7.352128399E-02 6.912684018E-02
 6.475778209E-02 6.041623209E-02 5.610438546E-02 5.182428846E-02 4.757797290E-02
 4.336782856E-02 3.919665592E-02 3.506744127E-02 3.098309197E-02 2.694621911E-02
 2.295921678E-02 1.902449605E-02 1.514465432E-02 1.132279330E-02 7.561637261E-03
 3.863633593E-03 2.326730178E-04-3.329851826E-03-6.816732011E-03-1.021427589E-02
-1.351561635E-02-1.671773218E-02-1.982023017E-02-2.282434536E-02-2.573094556E-02
-2.854002033E-02-3.125088334E-02-3.386246087E-02-3.637360974E-02-3.878313596E-02
-4.108975182E-02-4.329215883E-02-4.538910936E-02-4.737931927E-02-4.926137469E-02
-5.103398630E-02-5.269600733E-02-5.424613758E-02-5.568313740E-02-5.700592884E-02
-5.821343168E-02-5.930462735E-02-6.027858885E-02-6.113445999E-02-6.187146663E-02
-6.248891680E-02-6.298620565E-02-6.336281631E-02-6.361831381E-02-6.375235148E-02
-6.376466435E-02-6.365507140E-02-6.342346785E-02-6.306982414E-02-6.259418469E-02
-6.199665936E-02-6.127741827E-02-6.043669745E-02-5.947478245E-02-5.839201604E-02
-5.718878044E-02-5.586550491E-02-5.442266160E-02-5.286075894E-02-5.118034044E-02
-4.938198489E-02-4.746630539E-02-4.543394729E-02-4.328558824E-02-4.102194013E-02
-3.864374969E-02-3.615180249E-02-3.354691826E-02-3.082991569E-02-2.800168263E-02
-2.506339472E-02-2.201609883E-02-1.885956884E-02-1.559107305E-02-1.220542219E-02
-8.699541089E-03-5.088884587E-03-1.412226345E-03 2.387352246E-03 6.535745792E-03
 1.109624031E-02 1.605818002E-02 2.141113875E-02 2.714480530E-02 3.324675128E-02
 3.970463006E-02 4.651455236E-02 5.361942349E-02 2.223075222E-01 2.176268957E-01
 2.129477493E-01 2.082703911E-01 2.035948394E-01 1.989211276E-01 1.942492918E-01
 1.895793711E-01 1.849114229E-01 1.802455336E-01 1.755818310E-01 1.709205021E-01
 1.662618043E-01 1.616060637E-01 1.569536743E-01 1.523050496E-01 1.476605838E-01
 1.430206739E-01 1.383857705E-01 1.337564250E-01 1.291333318E-01 1.245172975E-01
 1.199091836E-01 1.153098343E-01 1.107200504E-01 1.061406661E-01 1.015726228E-01
 9.701702556E-02 9.247514066E-02 8.794833036E-02 8.343794993E-02 7.894530431E-02
 7.447176122E-02 7.001884632E-02 6.558828183E-02 6.118194364E-02 5.680183969E-02
 5.245016219E-02 4.812927652E-02 4.384154296E-02 3.958914421E-02 3.537440590E-02
 3.120006023E-02 2.706918502E-02 2.298494915E-02 1.895030990E-02 1.496797253E-02
 1.104068974E-02 7.170416994E-03 3.359359547E-03-3.882024307E-04-4.070569488E-03
-7.676227540E-03-1.119197348E-02-1.461192313E-02-1.793401506E-02-2.115859038E-02
-2.428696046E-02-2.731966884E-02-3.025629655E-02-3.309590078E-02-3.583732887E-02
-3.847923413E-02-4.102012783E-02-4.345858899E-02-4.579317698E-02-4.802235042E-02
-5.014456196E-02-5.215833127E-02-5.406214378E-02-5.585438707E-02-5.753362722E-02
-5.909855447E-02-6.054771333E-02-6.187978900E-02-6.309360712E-02-6.418801222E-02
-6.516194468E-02-6.601444728E-02-6.674465392E-02-6.735179631E-02-6.783520869E-02
-6.819432579E-02-6.842868340E-02-6.853791734E-02-6.852176042E-02-6.838004055E-02
-6.811267484E-02-6.771966782E-02-6.720110704E-02-6.655715906E-02-6.578805582E-02
-6.489409843E-02-6.387564812E-02-6.273311929E-02-6.146697605E-02-6.007773182E-02
-5.856593960E-02-5.693218810E-02-5.517709994E-02-5.330133071E-02-5.130556630E-02
-4.919052103E-02-4.695693719E-02-4.460558587E-02-4.213727069E-02-3.955282999E-02
-3.685314351E-02-3.403909473E-02-3.111154033E-02-2.807151230E-02-2.492027475E-02
-2.165885953E-02-1.828685590E-02-1.480086702E-02-1.119513218E-02-7.469744749E-03
-3.654009472E-03 2.306811325E-04 4.348752300E-03 8.865602384E-03 1.379548382E-02
 1.912252818E-02 2.483546269E-02 3.092190654E-02 3.736757338E-02 4.415899353E-02
 5.129174662E-02 5.870994521E-02 2.150079506E-01 2.103081889E-01 2.056098171E-01
 2.009131440E-01 1.962182409E-01 1.915252104E-01 1.868341264E-01 1.821450499E-01
 1.774580452E-01 1.727731921E-01 1.680905993E-01 1.634104165E-01 1.587328533E-01
 1.540581948E-01 1.493868024E-01 1.447191121E-01 1.400555970E-01 1.353967149E-01
 1.307429204E-01 1.260947209E-01 1.214527275E-01 1.168177046E-01 1.121905429E-01
 1.075721982E-01 1.029636136E-01 9.836569034E-02 9.377937035E-02 8.920571631E-02
 8.464597130E-02 8.010154895E-02 7.557395627E-02 7.106468261E-02 6.657518156E-02
 6.210700050E-02 5.766187425E-02 5.324174479E-02 4.884871017E-02 4.448503097E-02
 4.015317877E-02 3.585576464E-02 3.159529568E-02 2.737416506E-02 2.319506413E-02
 1.906110660E-02 1.497562962E-02 1.094190885E-02 6.962038633E-03 3.038176703E-03
-8.257317964E-04-4.627548689E-03-8.353041919E-03-1.198942498E-02-1.553125818E-02
-1.897710436E-02-2.232787204E-02-2.558491635E-02-2.874848291E-02-3.181783471E-02
-3.479183568E-02-3.766908801E-02-4.044806781E-02-4.312725647E-02-4.570503184E-02
-4.817961041E-02-5.054927048E-02-5.281228338E-02-5.496683746E-02-5.701114048E-02
-5.894349163E-02-6.076215904E-02-6.246535250E-02-6.405150900E-02-6.551915788E-02
-6.686671668E-02-6.809281149E-02-6.919618094E-02-7.017561604E-02-7.103003495E-02
-7.175846932E-02-7.236006398E-02-7.283407812E-02-7.317989280E-02-7.339700803E-02
-7.348503508E-02-7.344370164E-02-7.327284361E-02-7.297240477E-02-7.254242638E-02
-7.198304343E-02-7.129448063E-02-7.047704345E-02-6.953110851E-02-6.845712736E-02
-6.725560180E-02-6.592709075E-02-6.447220219E-02-6.289158260E-02-6.118591530E-02
-5.935591663E-02-5.740233239E-02-5.532593627E-02-5.312752656E-02-5.080792133E-02
-4.836795909E-02-4.580850695E-02-4.313046298E-02-4.033476294E-02-3.742235951E-02
-3.439417076E-02-3.125118204E-02-2.799454024E-02-2.462552449E-02-2.114520356E-02
-1.755274597E-02-1.384384782E-02-1.001285399E-02-6.067390279E-03-2.043740130E-03
 2.091610177E-03 6.566148461E-03 1.145878871E-02 1.675750026E-02 2.244773564E-02
 2.851651294E-02 3.494948007E-02 4.173154525E-02 4.884891232E-02 5.629602730E-02
 6.401780535E-02 2.077654078E-01 2.030457850E-01 1.983274423E-01 1.936106668E-01
 1.888955384E-01 1.841821903E-01 1.794707635E-01 1.747613722E-01 1.700541087E-01
 1.653490670E-01 1.606463528E-01 1.559461007E-01 1.512484861E-01 1.465537443E-01
 1.418621900E-01 1.371742232E-01 1.324903257E-01 1.278110344E-01 1.231368775E-01
 1.184683762E-01 1.138061019E-01 1.091507326E-01 1.045031105E-01 9.986421965E-02
 9.523512089E-02 9.061686812E-02 8.601047570E-02 8.141700677E-02 7.683766112E-02
 7.227383689E-02 6.772711248E-02 6.319915532E-02 5.869160570E-02 5.420609070E-02
 4.974436487E-02 4.530840030E-02 4.090038277E-02 3.652266393E-02 3.217779566E-02
 2.786855383E-02 2.359781417E-02 1.936827729E-02 1.518264820E-02 1.104398602E-02
 6.954809715E-03 2.917835384E-03-1.062706274E-03-4.983840895E-03-8.829964459E-03
-1.258862779E-02-1.625467155E-02-1.982715235E-02-2.330749301E-02-2.669691027E-02
-2.999529949E-02-3.320176585E-02-3.631505928E-02-3.933359552E-02-4.225570379E-02
-4.507964450E-02-4.780356808E-02-5.042561427E-02-5.294383439E-02-5.535611932E-02
-5.766044152E-02-5.985479238E-02-6.193710243E-02-6.390534751E-02-6.575761787E-02
-6.749197400E-02-6.910646579E-02-7.059941204E-02-7.196918377E-02-7.321410156E-02
-7.433274078E-02-7.532376826E-02-7.618594574E-02-7.691818587E-02-7.751952968E-02
-7.798915426E-02-7.832637290E-02-7.853063527E-02-7.860152662E-02-7.853876237E-02
-7.834218622E-02-7.801176327E-02-7.754757274E-02-7.694980416E-02-7.621875090E-02
-7.535479608E-02-7.435840190E-02-7.323011344E-02-7.197053925E-02-7.058035315E-02
-6.906027052E-02-6.741104829E-02-6.563348204E-02-6.372839859E-02-6.169664874E-02
-5.953910545E-02-5.725666493E-02-5.485023975E-02-5.232075080E-02-4.966913584E-02
-4.689635959E-02-4.400341903E-02-4.099133376E-02-3.786109078E-02-3.461371162E-02
-3.125032314E-02-2.777206530E-02-2.418035500E-02-2.047614787E-02-1.665800250E-02
-1.272049587E-02-8.659577695E-03-4.495928888E-03-2.558750153E-04 4.193851669E-03
 9.042591326E-03 1.431001202E-02 1.997565556E-02 2.602502786E-02 3.244354831E-02
 3.921610861E-02 4.632702067E-02 5.376146196E-02 6.151260005E-02 6.952688382E-02
 2.005838107E-01 1.958436001E-01 1.911045471E-01 1.863669113E-01 1.816307669E-01
 1.768962451E-01 1.721635022E-01 1.674327042E-01 1.627040095E-01 1.579775478E-01
 1.532534472E-01 1.485318448E-01 1.438129046E-01 1.390968318E-01 1.343838915E-01
 1.296744304E-01 1.249688907E-01 1.202678046E-01 1.155717764E-01 1.108814130E-01
 1.061973117E-01 1.015201164E-01 9.685058083E-02 9.218963337E-02 8.753836177E-02
 8.289794464E-02 7.826955997E-02 7.365434963E-02 6.905351373E-02 6.446840722E-02
 5.990060291E-02 5.535186349E-02 5.082403494E-02 4.631892955E-02 4.183837643E-02
 3.738436805E-02 3.295914180E-02 2.856515454E-02 2.420507373E-02 1.988182315E-02
 1.559852992E-02 1.135829357E-02 7.163149220E-03 3.015306296E-03-1.080791465E-03
-5.121019684E-03-9.088688112E-03-1.297108609E-02-1.676314004E-02-2.046438462E-02
-2.407661527E-02-2.760099298E-02-3.103732996E-02-3.438459441E-02-3.764128475E-02
-4.080569837E-02-4.387611621E-02-4.685061817E-02-4.972715188E-02-5.250360429E-02
-5.517774821E-02-5.774736062E-02-6.021016789E-02-6.256374499E-02-6.480576817E-02
-6.693395837E-02-6.894599699E-02-7.083963682E-02-7.261276654E-02-7.426324684E-02
-7.578898448E-02-7.718818822E-02-7.845907816E-02-7.959990876E-02-8.060920816E-02
-8.148559314E-02-8.222781924E-02-8.283481083E-02-8.330564375E-02-8.363954859E-02
-8.383591549E-02-8.389429054E-02-8.381436941E-02-8.359599596E-02-8.323915411E-02
-8.274396495E-02-8.211067170E-02-8.133963372E-02-8.043132210E-02-7.938630364E-02
-7.820522744E-02-7.688881847E-02-7.543786733E-02-7.385322088E-02-7.213577355E-02
-7.028645122E-02-6.830620678E-02-6.619601621E-02-6.395687157E-02-6.158977982E-02
-5.909576187E-02-5.647584071E-02-5.373104064E-02-5.086240203E-02-4.787098965E-02
-4.475789335E-02-4.152417552E-02-3.817089880E-02-3.469923911E-02-3.111030700E-02
-2.740537615E-02-2.358589799E-02-1.965264732E-02-1.560325129E-02-1.143132593E-02
-7.138016221E-03-2.754741702E-03 1.732780167E-03 6.543298137E-03 1.177379172E-02
 1.741265529E-02 2.344107333E-02 2.984385939E-02 3.660549214E-02 4.370988617E-02
 5.114026550E-02 5.888114321E-02 6.692565408E-02 7.522247967E-02 1.934673038E-01
 1.887057945E-01 1.839452971E-01 1.791860468E-01 1.744281148E-01 1.696716212E-01
 1.649167136E-01 1.601635631E-01 1.554123595E-01 1.506632989E-01 1.459165582E-01
 1.411723029E-01 1.364307081E-01 1.316919713E-01 1.269563322E-01 1.222240899E-01
 1.174956276E-01 1.127714325E-01 1.080520930E-01 1.033382845E-01 9.863070115E-02
 9.393002787E-02 8.923699058E-02 8.455242843E-02 7.987736613E-02 7.521300712E-02
 7.056066167E-02 6.592164746E-02 6.129725032E-02 5.668882550E-02 5.209790397E-02
 4.752625568E-02 4.297585008E-02 3.844873193E-02 3.394690900E-02 2.947244272E-02
 2.502761171E-02 2.061499360E-02 1.623739262E-02 1.189782109E-02 7.598814858E-03
 3.342899851E-03-8.656150189E-04-5.022620901E-03-9.111254160E-03-1.311787781E-02
-1.703707868E-02-2.086857503E-02-2.461430941E-02-2.827545263E-02-3.185182572E-02
-3.534236311E-02-3.874554644E-02-4.205962832E-02-4.528266272E-02-4.841254564E-02
-5.144714599E-02-5.438415359E-02-5.722109442E-02-5.995546954E-02-6.258468033E-02
-6.510614692E-02-6.751727742E-02-6.981533857E-02-7.199771485E-02-7.406186089E-02
-7.600521440E-02-7.782531207E-02-7.951984791E-02-8.108649189E-02-8.252302499E-02
-8.382755174E-02-8.499815436E-02-8.603305073E-02-8.693072643E-02-8.768977230E-02
-8.830896046E-02-8.878724819E-02-8.912376908E-02-8.931783357E-02-8.936893355E-02
-8.927673562E-02-8.904107316E-02-8.866194557E-02-8.813950560E-02-8.747405074E-02
-8.666601671E-02-8.571596347E-02-8.462455847E-02-8.339257046E-02-8.202086385E-02
-8.051036260E-02-7.886205361E-02-7.707698056E-02-7.515622734E-02-7.310090100E-02
-7.091212047E-02-6.859101656E-02-6.613873018E-02-6.355640861E-02-6.084519427E-02
-5.800621593E-02-5.504060484E-02-5.194950659E-02-4.873408619E-02-4.539548890E-02
-4.193482697E-02-3.835331227E-02-3.465212444E-02-3.083247534E-02-2.689568075E-02
-2.284325704E-02-1.867561668E-02-1.438895541E-02-9.977067893E-03-5.452083872E-03
-8.420359032E-04 3.953820200E-03 9.142502804E-03 1.475173687E-02 2.075775161E-02
 2.714360752E-02 3.389326966E-02 4.098987725E-02 4.841630494E-02 5.615558913E-02
 6.419275300E-02 7.252081995E-02 8.109011983E-02 1.864202278E-01 1.816367525E-01
 1.768541101E-01 1.720725071E-01 1.672920227E-01 1.625127722E-01 1.577348914E-01
 1.529585389E-01 1.481839007E-01 1.434111889E-01 1.386406318E-01 1.338724562E-01
 1.291068716E-01 1.243440960E-01 1.195843669E-01 1.148279633E-01 1.100752242E-01
 1.053265741E-01 1.005825484E-01 9.584379745E-02 9.111107298E-02 8.638516594E-02
 8.166686064E-02 7.695697661E-02 7.225644969E-02 6.756641247E-02 6.288819769E-02
 5.822326338E-02 5.357308466E-02 4.893911047E-02 4.432287237E-02 3.972610124E-02
 3.515078846E-02 3.059913251E-02 2.607340318E-02 2.157587370E-02 1.710892918E-02
 1.267516845E-02 8.276908618E-03 3.916289156E-03-4.025914425E-04-4.674693991E-03
-8.882950232E-03-1.301257321E-02-1.705816537E-02-2.101978367E-02-2.489946969E-02
-2.869833342E-02-3.241607049E-02-3.605152199E-02-3.960320205E-02-4.306938818E-02
-4.644811278E-02-4.973722934E-02-5.293436853E-02-5.603696722E-02-5.904243026E-02
-6.194805471E-02-6.475095686E-02-6.744825305E-02-7.003698040E-02-7.251420341E-02
-7.487701162E-02-7.712236647E-02-7.924736262E-02-8.124919206E-02-8.312505407E-02
-8.487227659E-02-8.648836587E-02-8.797081252E-02-8.931729016E-02-9.052580332E-02
-9.159431777E-02-9.252103945E-02-9.330442037E-02-9.394305295E-02-9.443574744E-02
-9.478151643E-02-9.497957562E-02-9.502934325E-02-9.493043746E-02-9.468267140E-02
-9.428604558E-02-9.374073821E-02-9.304709991E-02-9.220563355E-02-9.121698869E-02
-9.008195231E-02-8.880141461E-02-8.737637291E-02-8.580791352E-02-8.409719449E-02
-8.224541818E-02-8.025383207E-02-7.812372141E-02-7.585638925E-02-7.345313016E-02
-7.091523604E-02-6.824400352E-02-6.544071869E-02-6.250663735E-02-5.944299782E-02
-5.625104340E-02-5.293202843E-02-4.948718498E-02-4.591768871E-02-4.222477856E-02
-3.840970789E-02-3.447372085E-02-3.041806619E-02-2.624414073E-02-2.195349243E-02
-1.754579827E-02-1.301569583E-02-8.359709464E-03-3.602490380E-03 1.254946850E-03
 6.411869736E-03 1.198561164E-02 1.796750591E-02 2.433541155E-02 3.107211979E-02
 3.816010667E-02 4.558169804E-02 5.331996538E-02 6.135835383E-02 6.968185252E-02
 7.828277349E-02 8.711299757E-02 1.794472205E-01 1.746410842E-01 1.698356238E-01
 1.650309787E-01 1.602272100E-01 1.554244332E-01 1.506227831E-01 1.458224087E-01
 1.410234816E-01 1.362262029E-01 1.314308053E-01 1.266375471E-01 1.218466998E-01
 1.170585256E-01 1.122732897E-01 1.074912776E-01 1.027128134E-01 9.793828187E-02
 9.316815473E-02 8.840301999E-02 8.364359624E-02 7.889071775E-02 7.414528205E-02
 6.940818617E-02 6.468035677E-02 5.996283953E-02 5.525688813E-02 5.056398029E-02
 4.588574032E-02 4.122382155E-02 3.657985709E-02 3.195557617E-02 2.735293509E-02
 2.277420153E-02 1.822188958E-02 1.369854080E-02 9.206339940E-03 4.746843090E-03
 3.230846049E-04-4.059803824E-03-8.386438649E-03-1.263928789E-02-1.681093778E-02
-2.090122660E-02-2.491315160E-02-2.884866360E-02-3.270754824E-02-3.648846022E-02
-4.018973764E-02-4.380952443E-02-4.734583958E-02-5.079655241E-02-5.415924327E-02
-5.743129112E-02-6.060987799E-02-6.369199067E-02-6.667456373E-02-6.955450050E-02
-7.232851973E-02-7.499334477E-02-7.754564879E-02-7.998213870E-02-8.229958337E-02
-8.449464143E-02-8.656411939E-02-8.850495072E-02-9.031410323E-02-9.198870509E-02
-9.352608330E-02-9.492356448E-02-9.617873414E-02-9.728949903E-02-9.825374048E-02
-9.906966979E-02-9.973572102E-02-1.002505172E-01-1.006129263E-01-1.008220435E-01
-1.008771899E-01-1.007779165E-01-1.005239973E-01-1.001154163E-01-9.955236769E-02
-9.883523853E-02-9.796459833E-02-9.694118690E-02-9.576589373E-02-9.443975043E-02
-9.296390331E-02-9.133959637E-02-8.956816526E-02-8.765101158E-02-8.558957183E-02
-8.338531718E-02-8.103974711E-02-7.855436912E-02-7.593065823E-02-7.317007978E-02
-7.027408794E-02-6.724409354E-02-6.408146823E-02-6.078757301E-02-5.736376838E-02
-5.381138328E-02-5.013166717E-02-4.632589493E-02-4.239538570E-02-3.834141833E-02
-3.416529527E-02-2.986831475E-02-2.545192769E-02-2.091763906E-02-1.626387006E-02
-1.148433301E-02-6.583191511E-03-1.587350703E-03 3.570897295E-03 9.107312683E-03
 1.506234024E-02 2.141123995E-02 2.813413064E-02 3.521283846E-02 4.262929060E-02
 5.036609924E-02 5.840643457E-02 6.673354821E-02 7.533203561E-02 8.419359483E-02
 9.327209592E-02 1.725534809E-01 1.677238178E-01 1.628947651E-01 1.580663822E-01
 1.532386454E-01 1.484116247E-01 1.435854408E-01 1.387602425E-01 1.339361962E-01
 1.291134891E-01 1.242923381E-01 1.194729956E-01 1.146557481E-01 1.098409065E-01
 1.050287899E-01 1.002197163E-01 9.541402692E-02 9.061209764E-02 8.581436663E-02
 8.102135949E-02 7.623372306E-02 7.145224984E-02 6.667786487E-02 6.191158239E-02
 5.715442682E-02 5.240744799E-02 4.767181658E-02 4.294892303E-02 3.824040791E-02
 3.354808091E-02 2.887379369E-02 2.421939755E-02 1.958689607E-02 1.497855340E-02
 1.039680409E-02 5.843369009E-03 1.320393534E-03-3.167300148E-03-7.607414022E-03
-1.198018734E-02-1.627639252E-02-2.049504528E-02-2.463865746E-02-2.870911619E-02
-3.270683507E-02-3.663135023E-02-4.048133710E-02-4.425478375E-02-4.794946888E-02
-5.156307311E-02-5.509306863E-02-5.853681806E-02-6.189144864E-02-6.515386080E-02
-6.832078936E-02-7.138878117E-02-7.435429883E-02-7.721383380E-02-7.996371524E-02
-8.260026212E-02-8.511978234E-02-8.751862325E-02-8.979323040E-02-9.193996409E-02
-9.395534647E-02-9.583605905E-02-9.757884751E-02-9.918065209E-02-1.006386311E-01
-1.019499669E-01-1.031121776E-01-1.041230741E-01-1.049804946E-01-1.056826660E-01
-1.062280277E-01-1.066152594E-01-1.068433089E-01-1.069113784E-01-1.068189226E-01
-1.065656485E-01-1.061515082E-01-1.055766888E-01-1.048415996E-01-1.039468643E-01
-1.028932978E-01-1.016819008E-01-1.003138307E-01-9.879038302E-02-9.711298820E-02
-9.528315892E-02-9.330249491E-02-9.117266530E-02-8.889535814E-02-8.647228262E-02
-8.390516710E-02-8.119572579E-02-7.834562301E-02-7.535650844E-02-7.222997853E-02
-6.896756709E-02-6.557078289E-02-6.204111712E-02-5.838000860E-02-5.458878959E-02
-5.066880019E-02-4.662141829E-02-4.244796079E-02-3.814977364E-02-3.372821544E-02
-2.918451383E-02-2.452033501E-02-1.973683808E-02-1.483082154E-02-9.796140168E-03
-4.649478651E-03 5.972461019E-04 6.111253352E-03 1.203384379E-02 1.836234597E-02
 2.507081398E-02 3.213982677E-02 3.955102079E-02 4.728638595E-02 5.532837909E-02
 6.365980085E-02 7.226361934E-02 8.112442902E-02 9.023415589E-02 9.954924892E-02
 1.657446672E-01 1.608905582E-01 1.560370055E-01 1.511840367E-01 1.463315811E-01
 1.414796220E-01 1.366282009E-01 1.317774299E-01 1.269274661E-01 1.220784942E-01
 1.172307206E-01 1.123843798E-01 1.075397442E-01 1.026971268E-01 9.785687558E-02
 9.301936324E-02 8.818496866E-02 8.335409379E-02 7.852717647E-02 7.370471578E-02
 6.888729958E-02 6.407564145E-02 5.927061350E-02 5.447324161E-02 4.968466709E-02
 4.490605845E-02 4.013860774E-02 3.538362755E-02 3.064265918E-02 2.591752457E-02
 2.121027453E-02 1.652306322E-02 1.185797910E-02 7.216529602E-03 2.600040869E-03
-1.987080011E-03-6.535785182E-03-1.102450848E-02-1.544137171E-02-1.978441063E-02
-2.405640649E-02-2.825994732E-02-3.239546548E-02-3.646199155E-02-4.045814287E-02
-4.438266944E-02-4.823404160E-02-5.200995332E-02-5.570759676E-02-5.932406912E-02
-6.285630081E-02-6.630111314E-02-6.965518225E-02-7.291493834E-02-7.607665942E-02
-7.913645068E-02-8.209030514E-02-8.493427422E-02-8.766430172E-02-9.027629458E-02
-9.276619386E-02-9.512998810E-02-9.736379914E-02-9.946369623E-02-1.014259244E-01
-1.032469236E-01-1.049232305E-01-1.064516130E-01-1.078290744E-01-1.090526770E-01
-1.101198924E-01-1.110284422E-01-1.117761651E-01-1.123613110E-01-1.127823530E-01
-1.130380518E-01-1.131274570E-01-1.130499004E-01-1.128049948E-01-1.123926304E-01
-1.118129592E-01-1.110663936E-01-1.101535861E-01-1.090754167E-01-1.078329749E-01
-1.064275414E-01-1.048605658E-01-1.031336391E-01-1.012484833E-01-9.920690965E-02
-9.701080652E-02-9.466212582E-02-9.216281830E-02-8.951484781E-02-8.672018782E-02
-8.378075645E-02-8.069842732E-02-7.747501868E-02-7.411226414E-02-7.061185286E-02
-6.697543730E-02-6.320459238E-02-5.930075197E-02-5.526534588E-02-5.109982792E-02
-4.680556453E-02-4.238390209E-02-3.783625453E-02-3.316389794E-02-2.836815062E-02
-2.345088531E-02-1.841230815E-02-1.324759133E-02-7.954902596E-03-2.557027534E-03
 2.981726264E-03 8.874435211E-03 1.517954691E-02 2.187301279E-02 2.893224197E-02
 3.633822103E-02 4.407226963E-02 5.211601474E-02 6.045153239E-02 6.906149604E-02
 7.792931136E-02 8.704040368E-02 9.638694291E-02 1.059273862E-01 1.590267182E-01
 1.541472764E-01 1.492683241E-01 1.443898608E-01 1.395117953E-01 1.346340779E-01
 1.297566881E-01 1.248796453E-01 1.200030364E-01 1.151270173E-01 1.102517874E-01
 1.053775745E-01 1.005046343E-01 9.563326032E-02 9.076379141E-02 8.589661169E-02
 8.103214189E-02 7.617082740E-02 7.131313577E-02 6.645957723E-02 6.161072071E-02
 5.676722649E-02 5.192988397E-02 4.709965222E-02 4.227766925E-02 3.746521489E-02
 3.266361851E-02 2.787423143E-02 2.309853636E-02 1.833830984E-02 1.359563319E-02
 8.872461606E-03 4.169963807E-03-5.093038209E-04-5.159467215E-03-9.759993295E-03
-1.429458424E-02-1.875853734E-02-2.315440882E-02-2.748586762E-02-3.175430076E-02
-3.595930453E-02-4.009964198E-02-4.417359121E-02-4.817911087E-02-5.211421249E-02
-5.597694163E-02-5.976475451E-02-6.347435798E-02-6.710221455E-02-7.064472482E-02
-7.409814681E-02-7.745867063E-02-8.072226771E-02-8.388474240E-02-8.694174960E-02
-8.988881955E-02-9.272153560E-02-9.543545516E-02-9.802607445E-02-1.004889668E-01
-1.028197666E-01-1.050142763E-01-1.070682864E-01-1.089777769E-01-1.107389612E-01
-1.123481851E-01-1.138020642E-01-1.150974636E-01-1.162313543E-01-1.172011823E-01
-1.180045940E-01-1.186394687E-01-1.191040870E-01-1.193969856E-01-1.195170262E-01
-1.194633845E-01-1.192355429E-01-1.188332934E-01-1.182567267E-01-1.175062228E-01
-1.165824359E-01-1.154862842E-01-1.142189254E-01-1.127817473E-01-1.111763299E-01
-1.094044372E-01-1.074679743E-01-1.053689849E-01-1.031095921E-01-1.006919912E-01
-9.811843458E-02-9.539115082E-02-9.251237857E-02-8.948433776E-02-8.630916650E-02
-8.298894181E-02-7.952563923E-02-7.592117201E-02-7.217738930E-02-6.829603457E-02
-6.427868358E-02-6.012687446E-02-5.584216828E-02-5.142597914E-02-4.687965722E-02
-4.220460632E-02-3.740227183E-02-3.247382826E-02-2.742093669E-02-2.224500474E-02
-1.694531575E-02-1.151578793E-02-5.963873865E-03-3.065277361E-04 5.576298766E-03
 1.185322000E-02 1.853090165E-02 2.558055947E-02 3.298154037E-02 4.071451300E-02
 4.876026204E-02 5.710013729E-02 6.571641436E-02 7.459253226E-02 8.371264865E-02
 9.306249706E-02 1.026341032E-01 1.123879606E-01 1.524058824E-01 1.475002287E-01
 1.425950096E-01 1.376901813E-01 1.327856211E-01 1.278812536E-01 1.229770302E-01
 1.180729278E-01 1.131689577E-01 1.082651815E-01 1.033617395E-01 9.845883635E-02
 9.355672068E-02 8.865567281E-02 8.375601000E-02 7.885809761E-02 7.396235470E-02
 6.906924852E-02 6.417928853E-02 5.929301523E-02 5.441101904E-02 4.953395033E-02
 4.466255331E-02 3.979770433E-02 3.494045917E-02 3.009207533E-02 2.525397999E-02
 2.042771207E-02 1.561490425E-02 1.081719633E-02 6.035621471E-03 1.271171014E-03
-3.471142306E-03-8.176417222E-03-1.282378438E-02-1.740475587E-02-2.192069187E-02
-2.637568687E-02-3.077187273E-02-3.510952204E-02-3.938802225E-02-4.360618438E-02
-4.776234360E-02-5.185438483E-02-5.587970883E-02-5.983548491E-02-6.371907322E-02
-6.752765517E-02-7.125762732E-02-7.490485160E-02-7.846513932E-02-8.193418606E-02
-8.530764095E-02-8.858101665E-02-9.174963066E-02-9.480867674E-02-9.775322774E-02
-1.005783842E-01-1.032793112E-01-1.058511045E-01-1.082889723E-01-1.105882055E-01
-1.127442986E-01-1.147527814E-01-1.166093878E-01-1.183101257E-01-1.198511734E-01
-1.212290187E-01-1.224404089E-01-1.234822568E-01-1.243520017E-01-1.250472378E-01
-1.255659151E-01-1.259063581E-01-1.260671956E-01-1.260474071E-01-1.258463118E-01
-1.254635644E-01-1.248991521E-01-1.241533844E-01-1.232268832E-01-1.221205660E-01
-1.208356304E-01-1.193735325E-01-1.177359735E-01-1.159248525E-01-1.139422712E-01
-1.117904665E-01-1.094718170E-01-1.069887773E-01-1.043438756E-01-1.015396720E-01
-9.857869412E-02-9.546347391E-02-9.219647051E-02-8.878006071E-02-8.521650680E-02
-8.150799446E-02-7.765661256E-02-7.366431233E-02-6.953286369E-02-6.526394455E-02
-6.085921675E-02-5.632019534E-02-5.164832323E-02-4.684490432E-02-4.191148468E-02
-3.684937982E-02-3.165988221E-02-2.634444593E-02-2.090454853E-02-1.533760505E-02
-9.638390264E-03-3.823093182E-03 2.117738086E-03 8.375589570E-03 1.503421423E-02
 2.207441227E-02 2.947090006E-02 3.720320247E-02 4.525139714E-02 5.359622338E-02
 6.221962550E-02 7.110464688E-02 8.023513555E-02 8.959555595E-02 9.917191242E-02
 1.089561182E-01 1.189108801E-01 1.458888074E-01 1.409560416E-01 1.360236729E-01
 1.310916253E-01 1.261597306E-01 1.212278667E-01 1.162959482E-01 1.113639209E-01
 1.064317596E-01 1.014994727E-01 9.656711248E-02 9.163479316E-02 8.670271410E-02
 8.177113704E-02 7.684036807E-02 7.191075259E-02 6.698268456E-02 6.205661726E-02
 5.713306461E-02 5.221259558E-02 4.729582953E-02 4.238344195E-02 3.747617920E-02
 3.257488122E-02 2.768051900E-02 2.279425708E-02 1.791754736E-02 1.305207033E-02
 8.199205516E-03 3.359310134E-03-1.465237001E-03-6.266500966E-03-1.102092009E-02
-1.571425744E-02-2.034494516E-02-2.491757432E-02-2.943582862E-02-3.390071204E-02
-3.831171107E-02-4.266777510E-02-4.696771254E-02-5.121000021E-02-5.539256048E-02
-5.951279122E-02-6.356760748E-02-6.755349711E-02-7.146694643E-02-7.530464144E-02
-7.906277617E-02-8.273674197E-02-8.632168800E-02-8.981274561E-02-9.320497192E-02
-9.649339134E-02-9.967284017E-02-1.027380401E-01-1.056836103E-01-1.085041722E-01
-1.111944884E-01-1.137492763E-01-1.161633874E-01-1.184317885E-01-1.205496851E-01
-1.225123723E-01-1.243153634E-01-1.259544883E-01-1.274257867E-01-1.287256469E-01
-1.298507236E-01-1.307979062E-01-1.315646415E-01-1.321485075E-01-1.325475408E-01
-1.327601286E-01-1.327850118E-01-1.326213040E-01-1.322684825E-01-1.317263865E-01
-1.309952132E-01-1.300755025E-01-1.289681273E-01-1.276742813E-01-1.261954537E-01
-1.245334149E-01-1.226901884E-01-1.206680157E-01-1.184693404E-01-1.160967543E-01
-1.135529921E-01-1.108408520E-01-1.079632177E-01-1.049229604E-01-1.017229370E-01
-9.836596877E-02-9.485477462E-02-9.119195373E-02-8.738001843E-02-8.342134428E-02
-7.931813108E-02-7.507240766E-02-7.068603860E-02-6.616080931E-02-6.149837609E-02
-5.670034332E-02-5.176802711E-02-4.670281784E-02-4.150632177E-02-3.617952460E-02
-3.072392610E-02-2.514102347E-02-1.943145806E-02-1.359114485E-02-7.619818370E-03
-1.534331011E-03 4.734245161E-03 1.137243639E-02 1.840270415E-02 2.579540261E-02
 3.352772045E-02 4.157911719E-02 4.992989942E-02 5.856153453E-02 6.745644124E-02
 7.659797373E-02 8.597031703E-02 9.555826310E-02 1.053482855E-01 1.153323594E-01
 1.254753515E-01 1.394823384E-01 1.345216902E-01 1.295613348E-01 1.246012042E-01
 1.196411287E-01 1.146809526E-01 1.097205364E-01 1.047597723E-01 9.979859273E-02
 9.483696746E-02 8.987490264E-02 8.491244678E-02 7.994970267E-02 7.498684903E-02
 7.002415124E-02 6.506193757E-02 6.010058414E-02 5.514051726E-02 5.018222591E-02
 4.522627002E-02 4.027327784E-02 3.532394701E-02 3.037904228E-02 2.543940982E-02
 2.050600988E-02 1.558003650E-02 1.066280681E-02 5.755036097E-03 8.568601735E-04
-4.027012973E-03-8.879222166E-03-1.367907358E-02-1.841967073E-02-2.310438789E-02
-2.773800343E-02-3.232267066E-02-3.685877561E-02-4.134591609E-02-4.578310761E-02
-5.016881266E-02-5.450113691E-02-5.877798575E-02-6.299686489E-02-6.715472210E-02
-7.124800500E-02-7.527267050E-02-7.922437556E-02-8.309900239E-02-8.689243338E-02
-9.059977270E-02-9.421553488E-02-9.773422525E-02-1.011502948E-01-1.044582241E-01
-1.076523828E-01-1.107270158E-01-1.136762955E-01-1.164943881E-01-1.191756424E-01
-1.217144321E-01-1.241052693E-01-1.263428263E-01-1.284220469E-01-1.303380252E-01
-1.320860867E-01-1.336619173E-01-1.350614516E-01-1.362810098E-01-1.373171836E-01
-1.381668754E-01-1.388275444E-01-1.392967976E-01-1.395727628E-01-1.396539129E-01
-1.395391131E-01-1.392276222E-01-1.387190847E-01-1.380135318E-01-1.371113731E-01
-1.360133868E-01-1.347207044E-01-1.332347987E-01-1.315574592E-01-1.296907753E-01
-1.276371022E-01-1.253990306E-01-1.229793689E-01-1.203810745E-01-1.176072456E-01
-1.146610489E-01-1.115457285E-01-1.082644907E-01-1.048205387E-01-1.012169785E-01
-9.745679507E-02-9.354288177E-02-8.947795764E-02-8.526451144E-02-8.090490469E-02
-7.640126722E-02-7.175556473E-02-6.696963182E-02-6.204519041E-02-5.698375474E-02
-5.178651615E-02-4.645521882E-02-4.099083930E-02-3.539487035E-02-2.966838185E-02
-2.381296481E-02-1.782832589E-02-1.170895070E-02-5.463104761E-03 9.028379879E-04
 7.536837751E-03 1.455377414E-02 2.194325360E-02 2.967674799E-02 3.773256861E-02
 4.609065902E-02 5.473180782E-02 6.363782004E-02 7.279147522E-02 8.217645891E-02
 9.177748214E-02 1.015798347E-01 1.115705050E-01 1.217419780E-01 1.320613759E-01
 1.331930017E-01 1.282040920E-01 1.232152101E-01 1.182262909E-01 1.132372420E-01
 1.082479402E-01 1.032582317E-01 9.826796706E-02 9.327701672E-02 8.828528902E-02
 8.329274018E-02 7.829937062E-02 7.330522629E-02 6.831040633E-02 6.331507632E-02
 5.831949118E-02 5.332399230E-02 4.832898645E-02 4.333493633E-02 3.834236999E-02
 3.335189412E-02 2.836419401E-02 2.338003415E-02 1.840030430E-02 1.342609988E-02
 8.458326825E-03 3.496770739E-03-1.457391005E-03-6.396401011E-03-1.129558337E-02
-1.614036783E-02-2.093055384E-02-2.567206824E-02-3.036900613E-02-3.502254264E-02
-3.963246036E-02-4.419811591E-02-4.871866395E-02-5.319281546E-02-5.761862280E-02
-6.199354753E-02-6.631474877E-02-7.057920121E-02-7.478344824E-02-7.892347410E-02
-8.299475617E-02-8.699229562E-02-9.091101180E-02-9.474616281E-02-9.849264690E-02
-1.021445043E-01-1.056955391E-01-1.091396041E-01-1.124705787E-01-1.156823670E-01
-1.187687521E-01-1.217234730E-01-1.245402800E-01-1.272131094E-01-1.297360304E-01
-1.321032468E-01-1.343091758E-01-1.363485370E-01-1.382162635E-01-1.399075333E-01
-1.414179265E-01-1.427433093E-01-1.438799672E-01-1.448244610E-01-1.455737407E-01
-1.461252785E-01-1.464767583E-01-1.466263946E-01-1.465727664E-01-1.463148686E-01
-1.458521081E-01-1.451842996E-01-1.443116696E-01-1.432348373E-01-1.419548146E-01
-1.404729911E-01-1.387911172E-01-1.369112837E-01-1.348358943E-01-1.325676519E-01
-1.301094964E-01-1.274646002E-01-1.246363086E-01-1.216280850E-01-1.184434952E-01
-1.150861324E-01-1.115595867E-01-1.078673829E-01-1.040129365E-01-9.999957121E-02
-9.583041202E-02-9.150829333E-02-8.703597979E-02-8.241594609E-02-7.765046270E-02
-7.274152781E-02-6.769091236E-02-6.250045130E-02-5.717150953E-02-5.170549224E-02
-4.610373399E-02-4.036751113E-02-3.449776628E-02-2.849598131E-02-2.236342987E-02
-1.609823248E-02-9.695941865E-03-3.169111198E-03 3.508072070E-03 1.051651119E-02
 1.790211025E-02 2.563823030E-02 3.370020486E-02 4.206722396E-02 5.071943077E-02
 5.963798848E-02 6.880506762E-02 7.820399025E-02 8.781895670E-02 9.763526231E-02
 1.076391074E-01 1.178181092E-01 1.281650463E-01 1.386493394E-01 1.270271378E-01
 1.220098173E-01 1.169922069E-01 1.119741908E-01 1.069556936E-01 1.019366291E-01
 9.691690263E-02 9.189639148E-02 8.687494449E-02 8.185241966E-02 7.682870095E-02
 7.180371809E-02 6.677745747E-02 6.174995855E-02 5.672131784E-02 5.169169818E-02
 4.666134271E-02 4.163059485E-02 3.659988592E-02 3.156971799E-02 2.654065650E-02
 2.151334878E-02 1.648860536E-02 1.146742590E-02 6.450299084E-03 1.436052704E-03
-3.572432772E-03-8.559676826E-03-1.350274130E-02-1.839354912E-02-2.323641892E-02
-2.803721816E-02-3.279879269E-02-3.752202720E-02-4.220700000E-02-4.685316406E-02
-5.145935567E-02-5.602399106E-02-6.054521564E-02-6.502072034E-02-6.944753994E-02
-7.382215019E-02-7.814078013E-02-8.239945953E-02-8.659374245E-02-9.071861991E-02
-9.476855539E-02-9.873762832E-02-1.026201313E-01-1.064105748E-01-1.101027435E-01
-1.136897891E-01-1.171649263E-01-1.205214207E-01-1.237526818E-01-1.268520728E-01
-1.298129251E-01-1.326286142E-01-1.352926954E-01-1.377989713E-01-1.401413856E-01
-1.423141477E-01-1.443117977E-01-1.461291542E-01-1.477612936E-01-1.492037325E-01
-1.504523071E-01-1.515033000E-01-1.523532728E-01-1.529992532E-01-1.534387280E-01
-1.536694959E-01-1.536898530E-01-1.534984938E-01-1.530945426E-01-1.524775542E-01
-1.516475107E-01-1.506048178E-01-1.493503028E-01-1.478852009E-01-1.462111485E-01
-1.443301668E-01-1.422446383E-01-1.399572814E-01-1.374711327E-01-1.347894911E-01
-1.319158909E-01-1.288540757E-01-1.256078871E-01-1.221812919E-01-1.185782636E-01
-1.148027603E-01-1.108586601E-01-1.067497513E-01-1.024796225E-01-9.805154372E-02
-9.346872879E-02-8.873409352E-02-8.385026148E-02-7.881948822E-02-7.364372845E-02
-6.832499115E-02-6.286513679E-02-5.726512398E-02-5.152670123E-02-4.565081574E-02
-3.963866238E-02-3.349144733E-02-2.721026645E-02-2.079579131E-02-1.424473384E-02
-7.557130563E-03-7.435500515E-04 6.279442159E-03 1.365911081E-02 2.139932231E-02
 2.946963823E-02 3.784753645E-02 4.651265322E-02 5.544545833E-02 6.462767631E-02
 7.404202778E-02 8.367244990E-02 9.350404017E-02 1.035227835E-01 1.137156255E-01
 1.240709669E-01 1.345819281E-01 1.452201137E-01 1.209911221E-01 1.159454376E-01
 1.108990787E-01 1.058518905E-01 1.008038127E-01 9.575475289E-02 9.070461734E-02
 8.565330946E-02 8.060072737E-02 7.554674783E-02 7.049122376E-02 6.543402308E-02
 6.037504776E-02 5.531425521E-02 5.025167020E-02 4.518738198E-02 4.012155117E-02
 3.505442068E-02 2.998632963E-02 2.491771609E-02 1.984911294E-02 1.478124558E-02
 9.714903427E-03 4.650044670E-03-4.144611061E-04-5.474185729E-03-1.050588103E-02
-1.549140713E-02-2.042914970E-02-2.532599988E-02-3.018714890E-02-3.501450795E-02
-3.980852444E-02-4.456921364E-02-4.929629318E-02-5.398895454E-02-5.864566225E-02
-6.326420248E-02-6.784194971E-02-7.237603613E-02-7.686314022E-02-8.129926830E-02
-8.567988938E-02-9.000027245E-02-9.425545790E-02-9.843997013E-02-1.025477666E-01
-1.065722784E-01-1.105067717E-01-1.143449752E-01-1.180804805E-01-1.217060098E-01
-1.252140878E-01-1.285974006E-01-1.318488212E-01-1.349613386E-01-1.379279236E-01
-1.407416256E-01-1.433956776E-01-1.458836505E-01-1.481992919E-01-1.503366581E-01
-1.522901618E-01-1.540545552E-01-1.556248612E-01-1.569965760E-01-1.581655434E-01
-1.591280737E-01-1.598807581E-01-1.604207251E-01-1.607454836E-01-1.608529620E-01
-1.607415378E-01-1.604100216E-01-1.598576638E-01-1.590841552E-01-1.580896311E-01
-1.568746660E-01-1.554402739E-01-1.537878974E-01-1.519194022E-01-1.498370655E-01
-1.475435445E-01-1.450418629E-01-1.423353821E-01-1.394277577E-01-1.363228905E-01
-1.330248968E-01-1.295380431E-01-1.258666706E-01-1.220151580E-01-1.179878552E-01
-1.137890332E-01-1.094227822E-01-1.048929118E-01-1.002031136E-01-9.535684308E-02
-9.035701558E-02-8.520646306E-02-7.990757772E-02-7.446218551E-02-6.887266501E-02
-6.314017568E-02-5.726640862E-02-5.125220547E-02-4.509902796E-02-3.880786580E-02
-3.237941283E-02-2.581488865E-02-1.911430978E-02-1.227285090E-02-5.296295857E-03
 1.815351657E-03 9.203332427E-03 1.694664628E-02 2.502747494E-02 3.341873928E-02
 4.209895885E-02 5.104821047E-02 6.024752774E-02 6.967928550E-02 7.932709753E-02
 8.917562208E-02 9.921076938E-02 1.094194027E-01 1.197892472E-01 1.303094862E-01
 1.409735404E-01 1.517548785E-01 1.150910471E-01 1.100173706E-01 1.049425599E-01
 9.986637791E-02 9.478879863E-02 8.970975932E-02 8.462917085E-02 7.954692619E-02
 7.446292003E-02 6.937704456E-02 6.428918869E-02 5.919922745E-02 5.410701932E-02
 4.901244543E-02 4.391543123E-02 3.881596981E-02 3.371413534E-02 2.861008147E-02
 2.350403920E-02 1.839634769E-02 1.328762471E-02 8.178412881E-03 3.067782102E-03
-2.044766636E-03-7.150745692E-03-1.222420794E-02-1.725217244E-02-2.223808338E-02
-2.718949807E-02-3.211070317E-02-3.700333048E-02-4.186804623E-02-4.670495692E-02
-5.151357621E-02-5.629291692E-02-6.104161935E-02-6.575782944E-02-7.043898934E-02
-7.508184449E-02-7.968271821E-02-8.423769833E-02-8.874240522E-02-9.319176666E-02
-9.758020306E-02-1.019019836E-01-1.061511173E-01-1.103210719E-01-1.144047471E-01
-1.183945966E-01-1.222832648E-01-1.260638923E-01-1.297290435E-01-1.332706504E-01
-1.366808277E-01-1.399519086E-01-1.430765283E-01-1.460473700E-01-1.488572169E-01
-1.514990624E-01-1.539662777E-01-1.562524887E-01-1.583516551E-01-1.602581205E-01
-1.619666191E-01-1.634721690E-01-1.647702862E-01-1.658568563E-01-1.667282429E-01
-1.673810917E-01-1.678126452E-01-1.680204484E-01-1.680025518E-01-1.677574213E-01
-1.672839727E-01-1.665815683E-01-1.656500206E-01-1.644895980E-01-1.631010238E-01
-1.614854737E-01-1.596445739E-01-1.575803966E-01-1.552954455E-01-1.527926400E-01
-1.500752883E-01-1.471470621E-01-1.440119498E-01-1.406742374E-01-1.371384060E-01
-1.334091184E-01-1.294911326E-01-1.253892459E-01-1.211082100E-01-1.166526267E-01
-1.120269284E-01-1.072353407E-01-1.022818159E-01-9.716984464E-02-9.190277023E-02
-8.648348413E-02-8.091424850E-02-7.519726495E-02-6.933451753E-02-6.332734431E-02
-5.717703373E-02-5.088493979E-02-4.445184290E-02-3.787842895E-02-3.116576104E-02
-2.431473830E-02-1.732398556E-02-1.018919888E-02-2.918349060E-03 4.516205939E-03
 1.226669389E-02 2.035964853E-02 2.876708883E-02 3.746524584E-02 4.643347533E-02
 5.565241544E-02 6.510397821E-02 7.477130374E-02 8.463890476E-02 9.469239015E-02
 1.049185345E-01 1.153050911E-01 1.258404309E-01 1.365141933E-01 1.473201161E-01
 1.582336821E-01 1.093331289E-01 1.042318645E-01 9.912908136E-02 9.402440674E-02
 8.891777075E-02 8.380907998E-02 7.869824872E-02 7.358519783E-02 6.846983363E-02
 6.335203615E-02 5.823168451E-02 5.310865766E-02 4.798283328E-02 4.285408317E-02
 3.772227287E-02 3.258730156E-02 2.744912580E-02 2.230777134E-02 1.716337302E-02
 1.201638214E-02 6.867041660E-03 1.713317402E-03-3.444625586E-03-8.592612279E-03
-1.370578201E-02-1.877618315E-02-2.381058363E-02-2.881637454E-02-3.379709616E-02
-3.875422186E-02-4.368858125E-02-4.860054988E-02-5.348991017E-02-5.835576472E-02
-6.319654719E-02-6.801016718E-02-7.279417812E-02-7.754567474E-02-8.226104996E-02
-8.693596007E-02-9.156561608E-02-9.614499734E-02-1.006686024E-01-1.051302282E-01
-1.095232156E-01-1.138408122E-01-1.180759834E-01-1.222211522E-01-1.262681922E-01
-1.302087556E-01-1.340350868E-01-1.377396350E-01-1.413140506E-01-1.447498692E-01
-1.480389528E-01-1.511735669E-01-1.541461975E-01-1.569494345E-01-1.595761169E-01
-1.620194633E-01-1.642730531E-01-1.663308058E-01-1.681870536E-01-1.698365581E-01
-1.712743781E-01-1.724960853E-01-1.734976354E-01-1.742754650E-01-1.748262949E-01
-1.751474775E-01-1.752366173E-01-1.750918648E-01-1.747117758E-01-1.740953540E-01
-1.732420577E-01-1.721518005E-01-1.708249598E-01-1.692623785E-01-1.674653667E-01
-1.654357051E-01-1.631756396E-01-1.606878751E-01-1.579755562E-01-1.550422565E-01
-1.518919454E-01-1.485289270E-01-1.449578321E-01-1.411835355E-01-1.372110888E-01
-1.330456821E-01-1.286925175E-01-1.241566844E-01-1.194432691E-01-1.145570747E-01
-1.095025877E-01-1.042841130E-01-9.890525366E-02-9.336958876E-02-8.768031115E-02
-8.183929997E-02-7.584938976E-02-6.971174851E-02-6.342826167E-02-5.700012069E-02
-5.042789762E-02-4.371258008E-02-3.685502486E-02-2.985579953E-02-2.271516274E-02
-1.543049210E-02-8.000722288E-03-4.325897076E-04 7.346743342E-03 1.545144181E-02
 2.387812565E-02 3.259760745E-02 4.158800114E-02 5.082952497E-02 6.030358384E-02
 6.999308101E-02 7.988219784E-02 8.995642869E-02 1.002023361E-01 1.106073219E-01
 1.211597550E-01 1.318487588E-01 1.426645484E-01 1.536011214E-01 1.646360545E-01
 1.037248009E-01 9.859592611E-02 9.346536809E-02 8.833264217E-02 8.319754092E-02
 7.805984119E-02 7.291937994E-02 6.777603108E-02 6.262968384E-02 5.748024010E-02
 5.232759570E-02 4.717161790E-02 4.201216677E-02 3.684910508E-02 3.168229763E-02
 2.651161182E-02 2.133690672E-02 1.615810492E-02 1.097546799E-02 5.788923424E-03
 5.954070956E-04-4.604420544E-03-9.791259198E-03-1.494260343E-02-2.005516459E-02
-2.513753946E-02-3.019661247E-02-3.523547611E-02-4.025571427E-02-4.525838957E-02
-5.024400608E-02-5.521243029E-02-6.016294701E-02-6.509425935E-02-7.000442635E-02
-7.489081501E-02-7.975021597E-02-8.457903672E-02-8.937324876E-02-9.412812256E-02
-9.883814991E-02-1.034973553E-01-1.080995454E-01-1.126380469E-01-1.171055008E-01
-1.214941811E-01-1.257963404E-01-1.300039491E-01-1.341084539E-01-1.381008391E-01
-1.419722716E-01-1.457147398E-01-1.493199423E-01-1.527789969E-01-1.560833569E-01
-1.592249153E-01-1.621960270E-01-1.649891860E-01-1.675971505E-01-1.700130568E-01
-1.722304997E-01-1.742434153E-01-1.760461758E-01-1.776336097E-01-1.790008550E-01
-1.801435671E-01-1.810577931E-01-1.817400562E-01-1.821871692E-01-1.823965728E-01
-1.823659600E-01-1.820935515E-01-1.815779849E-01-1.808183392E-01-1.798141436E-01
-1.785653905E-01-1.770725361E-01-1.753365124E-01-1.733587318E-01-1.711410952E-01
-1.686859882E-01-1.659962845E-01-1.630753237E-01-1.599269077E-01-1.565552644E-01
-1.529650183E-01-1.491611271E-01-1.451488259E-01-1.409335915E-01-1.365210047E-01
-1.319165947E-01-1.271260403E-01-1.221547256E-01-1.170078776E-01-1.116903649E-01
-1.062065609E-01-1.005603732E-01-9.475592901E-02-8.879583842E-02-8.268287159E-02
-7.641895936E-02-7.000616998E-02-6.344559379E-02-5.673809384E-02-4.988477119E-02
-4.288629566E-02-3.574290304E-02-2.845491936E-02-2.102232168E-02-1.344127234E-02
-5.713971453E-03 2.159011303E-03 1.028980419E-02 1.873691348E-02 2.748148445E-02
 3.649781147E-02 4.576529634E-02 5.526512755E-02 6.497985106E-02 7.489348761E-02
 8.499121774E-02 9.525920103E-02 1.056847696E-01 1.162561171E-01 1.269622531E-01
 1.377930411E-01 1.487396103E-01 1.597964455E-01 1.709430053E-01 9.827451868E-02
 9.311794909E-02 8.795953909E-02 8.279877617E-02 7.763542845E-02 7.246920641E-02
 6.729981311E-02 6.212696639E-02 5.695044045E-02 5.177007108E-02 4.658571495E-02
 4.139724599E-02 3.620454249E-02 3.100745908E-02 2.580583422E-02 2.059949399E-02
 1.538828990E-02 1.017237589E-02 4.951417653E-03-2.784230672E-04-5.516496795E-03
-1.073953466E-02-1.592760373E-02-2.108135333E-02-2.621032103E-02-3.132088553E-02
-3.641592826E-02-4.149721467E-02-4.656603780E-02-5.162309861E-02-5.666844886E-02
-6.170150261E-02-6.672103660E-02-7.172523400E-02-7.671170545E-02-8.167742082E-02
-8.661862448E-02-9.153091398E-02-9.640945170E-02-1.012489879E-01-1.060435863E-01
-1.107865032E-01-1.154705218E-01-1.200882452E-01-1.246318261E-01-1.290927879E-01
-1.334624222E-01-1.377320900E-01-1.418928909E-01-1.459354412E-01-1.498501156E-01
-1.536279952E-01-1.572608159E-01-1.607396790E-01-1.640556691E-01-1.672003830E-01
-1.701660448E-01-1.729451656E-01-1.755304943E-01-1.779151658E-01-1.800928274E-01
-1.820574889E-01-1.838036048E-01-1.853261020E-01-1.866202266E-01-1.876817374E-01
-1.885067853E-01-1.890919867E-01-1.894342601E-01-1.895311040E-01-1.893803192E-01
-1.889801761E-01-1.883293780E-01-1.874270574E-01-1.862727972E-01-1.848666373E-01
-1.832090850E-01-1.813011289E-01-1.791442492E-01-1.767404306E-01-1.740921635E-01
-1.712024516E-01-1.680747919E-01-1.647131886E-01-1.611220979E-01-1.573064120E-01
-1.532714054E-01-1.490226941E-01-1.445661254E-01-1.399075820E-01-1.350532106E-01
-1.300089358E-01-1.247807148E-01-1.193739687E-01-1.137941282E-01-1.080456772E-01
-1.021329545E-01-9.606014115E-02-8.982977645E-02-8.344496532E-02-7.690784434E-02
-7.021958000E-02-6.338163869E-02-5.639511911E-02-4.926049895E-02-4.197786565E-02
-3.454747191E-02-2.696978024E-02-1.924399997E-02-1.136549616E-02-3.337357976E-03
 4.855087450E-03 1.332862626E-02 2.210164770E-02 3.114813337E-02 4.044564882E-02
 4.997505862E-02 5.971872118E-02 6.966020463E-02 7.978431031E-02 9.007713322E-02
 1.005256621E-01 1.111179552E-01 1.218431613E-01 1.326912957E-01 1.436530097E-01
 1.547201487E-01 1.658876979E-01 1.771369371E-01 9.299027421E-02 8.780640293E-02
 8.262040300E-02 7.743173671E-02 7.224022363E-02 6.704560340E-02 6.184755877E-02
 5.664575510E-02 5.143985815E-02 4.622953701E-02 4.101449230E-02 3.579450096E-02
 3.056938100E-02 2.533896959E-02 2.010310102E-02 1.486161634E-02 9.614643302E-03
 4.361697531E-03-9.016230494E-04-6.174525815E-03-1.143156580E-02-1.665487623E-02
-2.184811113E-02-2.702141611E-02-3.218087439E-02-3.732938379E-02-4.246895297E-02
-4.760109689E-02-5.272669703E-02-5.784597896E-02-6.295853567E-02-6.806332948E-02
-7.315868945E-02-7.824229119E-02-8.331116014E-02-8.836172304E-02-9.338975577E-02
-9.839028573E-02-1.033576226E-01-1.082855806E-01-1.131675959E-01-1.179964632E-01
-1.227641739E-01-1.274622720E-01-1.320821955E-01-1.366150025E-01-1.410512271E-01
-1.453813554E-01-1.495960480E-01-1.536857366E-01-1.576404465E-01-1.614503683E-01
-1.651068146E-01-1.686012216E-01-1.719245171E-01-1.750681006E-01-1.780240307E-01
-1.807849208E-01-1.833435890E-01-1.856932472E-01-1.878276137E-01-1.897408224E-01
-1.914274420E-01-1.928825182E-01-1.941014242E-01-1.950800321E-01-1.958146017E-01
-1.963018393E-01-1.965387793E-01-1.965229548E-01-1.962522688E-01-1.957250356E-01
-1.949399997E-01-1.938963314E-01-1.925936429E-01-1.910319967E-01-1.892119236E-01
-1.871344382E-01-1.848010577E-01-1.822138087E-01-1.793752456E-01-1.762884664E-01
-1.729570897E-01-1.693852718E-01-1.655776714E-01-1.615394203E-01-1.572760988E-01
-1.527936540E-01-1.480982009E-01-1.431962083E-01-1.380941323E-01-1.327982518E-01
-1.273150019E-01-1.216503042E-01-1.158100046E-01-1.097984629E-01-1.036209818E-01
-9.728092798E-02-9.078208143E-02-8.412680075E-02-7.731701250E-02-7.035456648E-02
-6.324060739E-02-5.597552884E-02-4.855955862E-02-4.099299448E-02-3.327610386E-02
-2.540880557E-02-1.738873440E-02-9.212160121E-03-8.830201264E-04 7.638809958E-03
 1.644236802E-02 2.552355046E-02 3.485596059E-02 4.441950051E-02 5.419610962E-02
 6.416906774E-02 7.432296904E-02 8.464350215E-02 9.511766315E-02 1.057336107E-01
 1.164804040E-01 1.273480411E-01 1.383274221E-01 1.494100459E-01 1.605882784E-01
 1.718572991E-01 1.832000664E-01 8.787937032E-02 8.266886971E-02 7.745598020E-02
 7.224008874E-02 6.702098782E-02 6.179839917E-02 5.657202750E-02 5.134157613E-02
 4.610671768E-02 4.086707831E-02 3.562227393E-02 3.037192479E-02 2.511566389E-02
 1.985316756E-02 1.458419918E-02 9.308885861E-03 4.026699124E-03-1.267284059E-03
-6.572250317E-03-1.186169366E-02-1.711896716E-02-2.234974410E-02-2.756467480E-02
-3.276982781E-02-3.796834261E-02-4.316257450E-02-4.835432544E-02-5.354470952E-02
-5.873415406E-02-6.392243131E-02-6.910866486E-02-7.429133855E-02-7.946828579E-02
-8.463667357E-02-8.979298376E-02-9.493298744E-02-1.000517992E-01-1.051438738E-01
-1.102029176E-01-1.152218696E-01-1.201931274E-01-1.251087646E-01-1.299603069E-01
-1.347385297E-01-1.394338305E-01-1.440366202E-01-1.485370421E-01-1.529248741E-01
-1.571900655E-01-1.613228390E-01-1.653132143E-01-1.691509675E-01-1.728266053E-01
-1.763317604E-01-1.796576603E-01-1.827955724E-01-1.857374243E-01-1.884759272E-01
-1.910040621E-01-1.933151705E-01-1.954030616E-01-1.972620277E-01-1.988867690E-01
-2.002724604E-01-2.014146107E-01-2.023092072E-01-2.029526172E-01-2.033416271E-01
-2.034733895E-01-2.033454622E-01-2.029558263E-01-2.023028362E-01-2.013852642E-01
-2.002022982E-01-1.987535579E-01-1.970391084E-01-1.950594778E-01-1.928156798E-01
-1.903092280E-01-1.875421632E-01-1.845170670E-01-1.812370882E-01-1.777059351E-01
-1.739278744E-01-1.699077195E-01-1.656508224E-01-1.611630302E-01-1.564505255E-01
-1.515198615E-01-1.463779269E-01-1.410314666E-01-1.354873120E-01-1.297520149E-01
-1.238324247E-01-1.177341940E-01-1.114624966E-01-1.050224688E-01-9.841826834E-02
-9.165283619E-02-8.472910467E-02-7.764932490E-02-7.041478211E-02-6.302608327E-02
-5.548373897E-02-4.778821189E-02-3.993949128E-02-3.193710731E-02-2.378023453E-02
-1.546520296E-02-6.990543105E-03 1.638968369E-03 1.048938818E-02 1.960853868E-02
 2.898113438E-02 3.858378408E-02 4.839789869E-02 5.840644877E-02 6.859370132E-02
 7.894542697E-02 8.944859438E-02 1.000912290E-01 1.108624927E-01 1.217524668E-01
 1.327519097E-01 1.438522658E-01 1.550456754E-01 1.663252466E-01 1.776866135E-01
 1.891143526E-01 8.294945657E-02 7.771290414E-02 7.247382269E-02 6.723153532E-02
 6.198576999E-02 5.673617515E-02 5.148240181E-02 4.622411072E-02 4.096095710E-02
 3.569259066E-02 3.041865408E-02 2.513874675E-02 1.985241300E-02 1.455920219E-02
 9.259029872E-03 3.951251002E-03-1.369678190E-03-6.703784849E-03-1.202406341E-02
-1.731401941E-02-2.258039122E-02-2.783428556E-02-3.308191777E-02-3.832673600E-02
-4.357150121E-02-4.881840191E-02-5.406890626E-02-5.932374870E-02-6.458296000E-02
-6.984588207E-02-7.511117322E-02-8.037680789E-02-8.564006900E-02-9.089754809E-02
-9.614512512E-02-1.013779529E-01-1.065904339E-01-1.117762456E-01-1.169284089E-01
-1.220392288E-01-1.271002460E-01-1.321024494E-01-1.370365871E-01-1.418930102E-01
-1.466614370E-01-1.513313226E-01-1.558922952E-01-1.603338639E-01-1.646453665E-01
-1.688165483E-01-1.728374910E-01-1.766980794E-01-1.803882706E-01-1.838992976E-01
-1.872229844E-01-1.903506953E-01-1.932743214E-01-1.959865740E-01-1.984806821E-01
-2.007501443E-01-2.027888930E-01-2.045913864E-01-2.061524618E-01-2.074674244E-01
-2.085319175E-01-2.093420386E-01-2.098942556E-01-2.101854232E-01-2.102128038E-01
-2.099739829E-01-2.094669905E-01-2.086902188E-01-2.076424522E-01-2.063228839E-01
-2.047311267E-01-2.028672290E-01-2.007316943E-01-1.983255059E-01-1.956501561E-01
-1.927076665E-01-1.895006081E-01-1.860321374E-01-1.823060155E-01-1.783265770E-01
-1.740987574E-01-1.696281044E-01-1.649206737E-01-1.599828821E-01-1.548216540E-01
-1.494442809E-01-1.438578717E-01-1.380695845E-01-1.320864566E-01-1.259159353E-01
-1.195635184E-01-1.130355681E-01-1.063367790E-01-9.947131445E-02-9.244294554E-02
-8.525446667E-02-7.790754403E-02-7.040330957E-02-6.274277258E-02-5.492642152E-02
-4.695401495E-02-3.882485484E-02-3.053815402E-02-2.209296273E-02-1.348467864E-02
-4.712480921E-03 4.220895213E-03 1.338792420E-02 2.280549778E-02 3.245284289E-02
 4.230945045E-02 5.235808421E-02 6.258309978E-02 7.297008380E-02 8.350597343E-02
 9.417893796E-02 1.049780348E-01 1.158931216E-01 1.269150015E-01 1.380353115E-01
 1.492463476E-01 1.605409370E-01 1.719128155E-01 1.833580842E-01 1.948629504E-01
 7.820855779E-02 7.294660806E-02 6.768200376E-02 6.241404427E-02 5.714244784E-02
 5.186683481E-02 4.658679876E-02 4.130191770E-02 3.601176028E-02 3.071590998E-02
 2.541395786E-02 2.010547253E-02 1.479001149E-02 9.467479507E-03 4.137355233E-03
-1.206363571E-03-6.565874526E-03-1.191459129E-02-1.723513552E-02-2.253450880E-02
-2.782434487E-02-3.311113350E-02-3.839858758E-02-4.368979593E-02-4.898728684E-02
-5.429288712E-02-5.960771545E-02-6.493218100E-02-7.026597588E-02-7.560804794E-02
-8.095660136E-02-8.630909411E-02-9.166223421E-02-9.701197327E-02-1.023535092E-01
-1.076812886E-01-1.129889967E-01-1.182695583E-01-1.235151419E-01-1.287172764E-01
-1.338668551E-01-1.389540870E-01-1.439686722E-01-1.489001850E-01-1.537380155E-01
-1.584710952E-01-1.630882447E-01-1.675786391E-01-1.719314997E-01-1.761360920E-01
-1.801822967E-01-1.840603243E-01-1.877602086E-01-1.912725476E-01-1.945893961E-01
-1.977026752E-01-2.006043130E-01-2.032869686E-01-2.057441136E-01-2.079694360E-01
-2.099570227E-01-2.117014746E-01-2.131977685E-01-2.144413333E-01-2.154279370E-01
-2.161537766E-01-2.166154121E-01-2.168097547E-01-2.167341567E-01-2.163862455E-01
-2.157640759E-01-2.148660682E-01-2.136910161E-01-2.122381072E-01-2.105069360E-01
-2.084975195E-01-2.062103229E-01-2.036462838E-01-2.008068410E-01-1.976939738E-01
-1.943102171E-01-1.906587006E-01-1.867431841E-01-1.825680379E-01-1.781383074E-01
-1.734596824E-01-1.685383366E-01-1.633810064E-01-1.579947295E-01-1.523872250E-01
-1.465663627E-01-1.405391685E-01-1.343136208E-01-1.278968741E-01-1.212957392E-01
-1.145158782E-01-1.075627469E-01-1.004410666E-01-9.315430477E-02-8.570480977E-02
-7.809461544E-02-7.032520512E-02-6.239713761E-02-5.431017945E-02-4.606359906E-02
-3.765682970E-02-2.908915324E-02-2.035864607E-02-1.145963774E-02-2.392534213E-03
 6.845146094E-03 1.631339199E-02 2.601096416E-02 3.591582706E-02 4.600996495E-02
 5.627761862E-02 6.670450944E-02 7.727755082E-02 8.798462629E-02 9.881475221E-02
 1.097579971E-01 1.208052523E-01 1.319481481E-01 1.431790933E-01 1.544912134E-01
 1.658781359E-01 1.773341724E-01 1.888556929E-01 2.004303025E-01 7.366407220E-02
 6.837773803E-02 6.308859450E-02 5.779591188E-02 5.249941775E-02 4.719874376E-02
 4.189347944E-02 3.658318136E-02 3.126737863E-02 2.594558339E-02 2.061727584E-02
 1.528190729E-02 9.939254960E-03 4.589057612E-03-7.743937033E-04-6.156260621E-03
-1.153149510E-02-1.688042306E-02-2.220948348E-02-2.753120088E-02-3.285282281E-02
-3.817848446E-02-4.351158438E-02-4.885492014E-02-5.421057467E-02-5.957996500E-02
-6.496382614E-02-7.036220480E-02-7.577443165E-02-8.119907938E-02-8.663393300E-02
-9.207594947E-02-9.752125543E-02-1.029651471E-01-1.084020962E-01-1.138257596E-01
-1.192290163E-01-1.246039866E-01-1.299420560E-01-1.352339047E-01-1.404696108E-01
-1.456387601E-01-1.507304130E-01-1.557332326E-01-1.606358912E-01-1.654271340E-01
-1.700954661E-01-1.746294480E-01-1.790181715E-01-1.832509285E-01-1.873172635E-01
-1.912074750E-01-1.949120978E-01-1.984216013E-01-2.017275937E-01-2.048227054E-01
-2.076991235E-01-2.103495157E-01-2.127674441E-01-2.149468418E-01-2.168819671E-01
-2.185675244E-01-2.199986284E-01-2.211708179E-01-2.220799689E-01-2.227223642E-01
-2.230946459E-01-2.231937753E-01-2.230171651E-01-2.225624996E-01-2.218278494E-01
-2.208116542E-01-2.195127141E-01-2.179302060E-01-2.160637019E-01-2.139131817E-01
-2.114790629E-01-2.087622187E-01-2.057640251E-01-2.024863911E-01-1.989317902E-01
-1.951032970E-01-1.910046272E-01-1.866401875E-01-1.820150808E-01-1.771349616E-01
-1.720062498E-01-1.666358829E-01-1.610311444E-01-1.552001814E-01-1.491510414E-01
-1.428912566E-01-1.364293797E-01-1.297727199E-01-1.229281745E-01-1.159023860E-01
-1.087011076E-01-1.013285347E-01-9.378821184E-02-8.608320732E-02-7.821554116E-02
-7.018608028E-02-6.199476572E-02-5.364142718E-02-4.512547722E-02-3.644588899E-02
-2.760128047E-02-1.858854652E-02-9.402183492E-03-4.638030782E-05 9.489926247E-03
 1.924284288E-02 2.920219953E-02 3.934791402E-02 4.966396130E-02 6.013584849E-02
 7.075033395E-02 8.149550591E-02 9.236049972E-02 1.033353572E-01 1.144110789E-01
 1.255795545E-01 1.368333568E-01 1.481656115E-01 1.595700361E-01 1.710408660E-01
 1.825730638E-01 1.941634389E-01 2.058009853E-01 6.932285327E-02 6.401325354E-02
 5.870077939E-02 5.338465782E-02 4.806458410E-02 4.274016187E-02 3.741096280E-02
 3.207653895E-02 2.673642397E-02 2.139011586E-02 1.603704482E-02 1.067682901E-02
 5.309291562E-03-7.054014707E-05-5.470683789E-03-1.087048878E-02-1.624655826E-02
-2.160313184E-02-2.695345473E-02-3.230566447E-02-3.766447354E-02-4.303382028E-02
-4.841706557E-02-5.381676784E-02-5.923467531E-02-6.467179152E-02-7.012839628E-02
-7.560409161E-02-8.109775629E-02-8.660751165E-02-9.213068027E-02-9.766372873E-02
-1.032022325E-01-1.087408429E-01-1.142733034E-01-1.197924761E-01-1.252903821E-01
-1.307582605E-01-1.361866486E-01-1.415654363E-01-1.468839391E-01-1.521309755E-01
-1.572950551E-01-1.623643904E-01-1.673269662E-01-1.721709260E-01-1.768847519E-01
-1.814569150E-01-1.858760944E-01-1.901316403E-01-1.942132261E-01-1.981109580E-01
-2.018157243E-01-2.053184988E-01-2.086104792E-01-2.116843654E-01-2.145330231E-01
-2.171492190E-01-2.195264475E-01-2.216589064E-01-2.235410067E-01-2.251675410E-01
-2.265337495E-01-2.276352590E-01-2.284680344E-01-2.290284285E-01-2.293131539E-01
-2.293192221E-01-2.290440800E-01-2.284854716E-01-2.276414906E-01-2.265105894E-01
-2.250915768E-01-2.233836209E-01-2.213862691E-01-2.190994662E-01-2.165235755E-01
-2.136594015E-01-2.105082426E-01-2.070719258E-01-2.033528320E-01-1.993539651E-01
-1.950789947E-01-1.905323046E-01-1.857189267E-01-1.806445983E-01-1.753160019E-01
-1.697399746E-01-1.639240440E-01-1.578769594E-01-1.516066177E-01-1.451217590E-01
-1.384303616E-01-1.315404751E-01-1.244599772E-01-1.171953328E-01-1.097518663E-01
-1.021346690E-01-9.434786509E-02-8.639418847E-02-7.827495842E-02-6.999099654E-02
-6.154248694E-02-5.292890020E-02-4.414920385E-02-3.520198145E-02-2.608538893E-02
-1.679507361E-02-7.325948597E-03 2.312060876E-03 1.213417182E-02 2.215420165E-02
 3.235812756E-02 4.272839541E-02 5.325051095E-02 6.391144123E-02 7.469922972E-02
 8.560311590E-02 9.661344564E-02 1.077213920E-01 1.189188302E-01 1.301983837E-01
 1.415533899E-01 1.529777995E-01 1.644660843E-01 1.760131193E-01 1.876144094E-01
 1.992671299E-01 2.109615726E-01 6.519229058E-02 5.986038331E-02 5.452563626E-02
 4.918727915E-02 4.384498603E-02 3.849832167E-02 3.314680885E-02 2.778995522E-02
 2.242725082E-02 1.705814308E-02 1.168217253E-02 6.299250559E-03 9.057764861E-04
-4.508188179E-03-9.929490296E-03-1.533068578E-02-2.071209365E-02-2.608763292E-02
-3.146671795E-02-3.685456973E-02-4.225542633E-02-4.767297889E-02-5.311023680E-02
-5.856950543E-02-6.405236674E-02-6.955964274E-02-7.509130693E-02-8.064650903E-02
-8.622358119E-02-9.182007173E-02-9.743271497E-02-1.030573820E-01-1.086890474E-01
-1.143217384E-01-1.199485179E-01-1.255614834E-01-1.311518321E-01-1.367099397E-01
-1.422254545E-01-1.476874295E-01-1.530844383E-01-1.584046696E-01-1.636360202E-01
-1.687662669E-01-1.737831595E-01-1.786744320E-01-1.834281131E-01-1.880327967E-01
-1.924772781E-01-1.967506756E-01-2.008428608E-01-2.047441075E-01-2.084452554E-01
-2.119378284E-01-2.152133086E-01-2.182638722E-01-2.210829955E-01-2.236637614E-01
-2.259996168E-01-2.280848832E-01-2.299141198E-01-2.314822099E-01-2.327844870E-01
-2.338166428E-01-2.345747128E-01-2.350551040E-01-2.352545866E-01-2.351702254E-01
-2.347994894E-01-2.341401759E-01-2.331904107E-01-2.319486643E-01-2.304137555E-01
-2.285848529E-01-2.264614849E-01-2.240435601E-01-2.213313927E-01-2.183257224E-01
-2.150277585E-01-2.114392346E-01-2.075624401E-01-2.034002900E-01-1.989563320E-01
-1.942348771E-01-1.892409580E-01-1.839802357E-01-1.784596572E-01-1.726860646E-01
-1.666673638E-01-1.604121565E-01-1.539291041E-01-1.472266143E-01-1.403138395E-01
-1.331994325E-01-1.258903611E-01-1.183937558E-01-1.107161716E-01-1.028628160E-01
-9.483708706E-02-8.664152602E-02-7.827781374E-02-6.974664063E-02-6.104800831E-02
-5.218104084E-02-4.314434650E-02-3.393612088E-02-2.455402106E-02-1.499223456E-02
-5.246097363E-03 4.666956407E-03 1.475784375E-02 2.502630607E-02 3.545725908E-02
 4.603554037E-02 5.674816749E-02 6.758355795E-02 7.853112584E-02 8.958119513E-02
 1.007250396E-01 1.119548162E-01 1.232634127E-01 1.346443433E-01 1.460916826E-01
 1.576000674E-01 1.691646501E-01 1.807809859E-01 1.924451420E-01 2.041545814E-01
 2.159006932E-01 6.127954986E-02 5.592656862E-02 5.057073878E-02 4.521132034E-02
 3.984802168E-02 3.448043099E-02 2.910808021E-02 2.373046282E-02 1.834701681E-02
 1.295718194E-02 7.560845924E-03 2.155990867E-03-3.267741776E-03-8.707257573E-03
-1.413211323E-02-1.953627358E-02-2.493351845E-02-3.033503535E-02-3.574693613E-02
-4.117394700E-02-4.662025596E-02-5.208928307E-02-5.758367410E-02-6.310533519E-02
-6.865544828E-02-7.423451009E-02-7.984225991E-02-8.547761420E-02-9.113856009E-02
-9.682210198E-02-1.025242904E-01-1.082402546E-01-1.139642210E-01-1.196894729E-01
-1.254083557E-01-1.311122602E-01-1.367916498E-01-1.424361165E-01-1.480345121E-01
-1.535750923E-01-1.590456701E-01-1.644338017E-01-1.697269052E-01-1.749123761E-01
-1.799776816E-01-1.849105225E-01-1.896987953E-01-1.943307990E-01-1.987955499E-01
-2.030824351E-01-2.071812295E-01-2.110824803E-01-2.147771704E-01-2.182569219E-01
-2.215138344E-01-2.245399736E-01-2.273285939E-01-2.298734314E-01-2.321680074E-01
-2.342065378E-01-2.359837600E-01-2.374946454E-01-2.387345719E-01-2.396992755E-01
-2.403848484E-01-2.407877367E-01-2.409047542E-01-2.407330231E-01-2.402700365E-01
-2.395136357E-01-2.384619866E-01-2.371135889E-01-2.354672809E-01-2.335222396E-01
-2.312779867E-01-2.287344049E-01-2.258917613E-01-2.227507358E-01-2.193124527E-01
-2.155785471E-01-2.115512206E-01-2.072332035E-01-2.026280049E-01-1.977397822E-01
-1.925735045E-01-1.871350035E-01-1.814310791E-01-1.754685648E-01-1.692560446E-01
-1.628015726E-01-1.561141700E-01-1.492038292E-01-1.420786825E-01-1.347472784E-01
-1.272183467E-01-1.194997026E-01-1.115971751E-01-1.035155897E-01-9.525883783E-02
-8.682968169E-02-7.822992155E-02-6.946007221E-02-6.051972672E-02-5.140753537E-02
-4.212173429E-02-3.266012023E-02-2.301970289E-02-1.319344340E-02-3.178779345E-03
 6.997946018E-03 1.733913066E-02 2.783740127E-02 3.847831021E-02 4.924875829E-02
 6.013715054E-02 7.113309153E-02 8.222726226E-02 9.341122899E-02 1.046773137E-01
 1.160185659E-01 1.274287412E-01 1.389022189E-01 1.504338635E-01 1.620189463E-01
 1.736531329E-01 1.853324371E-01 1.970533620E-01 2.088136480E-01 2.206057872E-01
 5.759025789E-02 5.221785244E-02 4.684258366E-02 4.146372075E-02 3.608099022E-02
 3.069400442E-02 2.530232958E-02 1.990548664E-02 1.450294118E-02 9.094472551E-03
 3.679503524E-03-1.750197408E-03-7.202906552E-03-1.264943464E-02-1.807489702E-02
-2.349110472E-02-2.891129095E-02-3.434276716E-02-3.979070260E-02-4.525973163E-02
-5.075381241E-02-5.627614149E-02-6.182916474E-02-6.741456798E-02-7.303323197E-02
-7.868522830E-02-8.436980155E-02-9.008536811E-02-9.582951116E-02-1.015988802E-01
-1.073891014E-01-1.131946667E-01-1.190089833E-01-1.248244485E-01-1.306325402E-01
-1.364238270E-01-1.421880333E-01-1.479140852E-01-1.535901901E-01-1.592039516E-01
-1.647425603E-01-1.701929807E-01-1.755421441E-01-1.807771252E-01-1.858852333E-01
-1.908540709E-01-1.956716533E-01-2.003263812E-01-2.048071192E-01-2.091035090E-01
-2.132056784E-01-2.171041590E-01-2.207902152E-01-2.242555507E-01-2.274925106E-01
-2.304936647E-01-2.332517786E-01-2.357609185E-01-2.380149151E-01-2.400078447E-01
-2.417345407E-01-2.431900462E-01-2.443697493E-01-2.452694151E-01-2.458851784E-01
-2.462135115E-01-2.462512609E-01-2.459956063E-01-2.454440755E-01-2.445945490E-01
-2.434452400E-01-2.419946920E-01-2.402417757E-01-2.381856891E-01-2.358259610E-01
-2.331624637E-01-2.301954272E-01-2.269254685E-01-2.233536454E-01-2.194814932E-01
-2.153110385E-01-2.108450223E-01-2.060867919E-01-2.010403411E-01-1.957104106E-01
-1.901031524E-01-1.842248095E-01-1.780831135E-01-1.716854215E-01-1.650416236E-01
-1.581603989E-01-1.510505155E-01-1.437219725E-01-1.361846556E-01-1.284465401E-01
-1.205147970E-01-1.123958659E-01-1.040952161E-01-9.561718781E-02-8.696461255E-02
-7.813871864E-02-6.913957382E-02-5.996641468E-02-5.061765769E-02-4.109142956E-02
-3.138536779E-02-2.149563064E-02-1.141398678E-02-1.142336482E-03 9.283809296E-03
 1.985708746E-02 3.056737274E-02 4.140169287E-02 5.234874221E-02 6.339843756E-02
 7.454163500E-02 8.577014664E-02 9.707666054E-02 1.084545681E-01 1.198978145E-01
 1.314008771E-01 1.429587539E-01 1.545669114E-01 1.662212157E-01 1.779178979E-01
 1.896534795E-01 2.014249105E-01 2.132302275E-01 2.250629587E-01 5.412914841E-02
 4.873911777E-02 4.334625181E-02 3.794983024E-02 3.254958941E-02 2.714515726E-02
 2.173611357E-02 1.632198043E-02 1.090239200E-02 5.477439224E-03 4.230058288E-05
-5.416847956E-03-1.088215683E-02-1.632833524E-02-2.176144914E-02-2.719669299E-02
-3.264330499E-02-3.810712206E-02-4.359326619E-02-4.910620225E-02-5.464961187E-02
-6.022641899E-02-6.583879386E-02-7.148816128E-02-7.717516313E-02-8.289960454E-02
-8.866040156E-02-9.445550861E-02-1.002818953E-01-1.061355250E-01-1.120113802E-01
-1.179034394E-01-1.238046001E-01-1.297065959E-01-1.356000261E-01-1.414745254E-01
-1.473189465E-01-1.531214519E-01-1.588696333E-01-1.645506223E-01-1.701511985E-01
-1.756579345E-01-1.810574069E-01-1.863363771E-01-1.914819760E-01-1.964818010E-01
-2.013239543E-01-2.059970377E-01-2.104901779E-01-2.147929831E-01-2.188958030E-01
-2.227895410E-01-2.264654761E-01-2.299155479E-01-2.331321231E-01-2.361081291E-01
-2.388365151E-01-2.413108748E-01-2.435255540E-01-2.454746354E-01-2.471528456E-01
-2.485552936E-01-2.496773774E-01-2.505148735E-01-2.510639388E-01-2.513210636E-01
-2.512831230E-01-2.509473483E-01-2.503113086E-01-2.493729352E-01-2.481304985E-01
-2.465825972E-01-2.447281497E-01-2.425663900E-01-2.400968730E-01-2.373194652E-01
-2.342343837E-01-2.308421961E-01-2.271438923E-01-2.231409177E-01-2.188351349E-01
-2.142291656E-01-2.093263012E-01-2.041304801E-01-1.986460809E-01-1.928796265E-01
-1.868365482E-01-1.805249391E-01-1.739534285E-01-1.671296282E-01-1.600634868E-01
-1.527658465E-01-1.452458637E-01-1.375123910E-01-1.295740946E-01-1.214391926E-01
-1.131149349E-01-1.046069099E-01-9.591876267E-02-8.705292391E-02-7.801048443E-02
-6.879168593E-02-5.939581161E-02-4.982111047E-02-4.006526984E-02-3.012536931E-02
-1.999635757E-02-9.669368241E-03 8.460271026E-04 1.150508338E-02 2.229205377E-02
 3.319694036E-02 4.420873479E-02 5.531765603E-02 6.651504500E-02 7.779302897E-02
 8.914445856E-02 1.005628934E-01 1.120425442E-01 1.235781730E-01 1.351650305E-01
 1.467987989E-01 1.584755594E-01 1.701917530E-01 1.819441485E-01 1.937297784E-01
 2.055460561E-01 2.173913285E-01 2.292600631E-01 5.090082591E-02 4.549491440E-02
 4.008628212E-02 3.467422497E-02 2.925847903E-02 2.383868149E-02 1.841440616E-02
 1.298523304E-02 7.551265133E-03 2.110599551E-03-3.349011712E-03-8.828202716E-03
-1.429494397E-02-1.974462036E-02-2.519263424E-02-3.065089029E-02-3.612621164E-02
-4.162418119E-02-4.714983667E-02-5.270745645E-02-5.830054744E-02-6.393186105E-02
-6.960336040E-02-7.531619525E-02-8.107068072E-02-8.686625341E-02-9.270144215E-02
-9.857381591E-02-1.044799121E-01-1.104151758E-01-1.163739045E-01-1.223492539E-01
-1.283332763E-01-1.343170233E-01-1.402905615E-01-1.462429515E-01-1.521622640E-01
-1.580358225E-01-1.638504933E-01-1.695928483E-01-1.752493028E-01-1.808062543E-01
-1.862501703E-01-1.915677049E-01-1.967458826E-01-2.017722341E-01-2.066349242E-01
-2.113227561E-01-2.158251001E-01-2.201318923E-01-2.242335408E-01-2.281210886E-01
-2.317861563E-01-2.352206877E-01-2.384172052E-01-2.413686371E-01-2.440683224E-01
-2.465095880E-01-2.486867595E-01-2.505941840E-01-2.522264020E-01-2.535785577E-01
-2.546460458E-01-2.554246353E-01-2.559104877E-01-2.561001097E-01-2.559904031E-01
-2.555786386E-01-2.548624434E-01-2.538398119E-01-2.525090811E-01-2.508689180E-01
-2.489183064E-01-2.466565338E-01-2.440831935E-01-2.411981696E-01-2.380016702E-01
-2.344942378E-01-2.306767932E-01-2.265507011E-01-2.221176705E-01-2.173802595E-01
-2.123417202E-01-2.070054963E-01-2.013765717E-01-1.954596861E-01-1.892629660E-01
-1.827919582E-01-1.760552431E-01-1.690633243E-01-1.618251778E-01-1.543500909E-01
-1.466479216E-01-1.387289201E-01-1.306028616E-01-1.222777211E-01-1.137600329E-01
-1.050551066E-01-9.616702737E-02-8.709866028E-02-7.785129369E-02-6.842500880E-02
-5.881853562E-02-4.902956634E-02-3.905538444E-02-2.889277988E-02-1.853559013E-02
-7.974733435E-03 2.769843755E-03 1.364335242E-02 2.462586557E-02 3.570876792E-02
 4.688283318E-02 5.813954975E-02 6.947139848E-02 8.087164287E-02 9.233420657E-02
 1.038535975E-01 1.154248576E-01 1.270435139E-01 1.387055319E-01 1.504072717E-01
 1.621454436E-01 1.739170449E-01 1.857193265E-01 1.975497419E-01 2.094060559E-01
 2.212868327E-01 2.331873886E-01 4.791095097E-02 4.249058346E-02 3.706771531E-02
 3.164168985E-02 2.621224800E-02 2.077902631E-02 1.534159391E-02 9.899721381E-03
 4.453546916E-03-1.003797967E-03-6.488213976E-03-1.197352946E-02-1.744027909E-02
-2.289959020E-02-2.836646213E-02-3.384954490E-02-3.935493925E-02-4.488816954E-02
-5.045406288E-02-5.605666397E-02-6.169925989E-02-6.738438837E-02-7.311381653E-02
-7.888848687E-02-8.470847339E-02-9.057292016E-02-9.647996870E-02-1.024267078E-01
-1.084091332E-01-1.144221184E-01-1.204593962E-01-1.265135291E-01-1.325759002E-01
-1.386367367E-01-1.446852064E-01-1.507095873E-01-1.566974722E-01-1.626358319E-01
-1.685110261E-01-1.743090165E-01-1.800157391E-01-1.856173188E-01-1.911001452E-01
-1.964509827E-01-2.016570018E-01-2.067058276E-01-2.115856637E-01-2.162853791E-01
-2.207945487E-01-2.251033728E-01-2.292025607E-01-2.330832814E-01-2.367371945E-01
-2.401565247E-01-2.433337596E-01-2.462618921E-01-2.489342874E-01-2.513445614E-01
-2.534865207E-01-2.553548253E-01-2.569439512E-01-2.582489568E-01-2.592652278E-01
-2.599885147E-01-2.604149704E-01-2.605411178E-01-2.603638826E-01-2.598805754E-01
-2.590888945E-01-2.579869048E-01-2.565730228E-01-2.548459984E-01-2.528048937E-01
-2.504490699E-01-2.477781732E-01-2.447921271E-01-2.414911429E-01-2.378757267E-01
-2.339467749E-01-2.297056356E-01-2.251538493E-01-2.202936112E-01-2.151288308E-01
-2.096612145E-01-2.038976426E-01-1.978417092E-01-1.914996349E-01-1.848806074E-01
-1.779921658E-01-1.708426591E-01-1.634417651E-01-1.558005116E-01-1.479297497E-01
-1.398389227E-01-1.315369809E-01-1.230321849E-01-1.143319525E-01-1.054422026E-01
-9.636734340E-02-8.710984592E-02-7.767051895E-02-6.804908362E-02-5.824404032E-02
-4.825291393E-02-3.807272220E-02-2.769988553E-02-1.712689604E-02-6.345211279E-03
 4.612289402E-03 1.568148843E-02 2.684167125E-02 3.808599315E-02 4.940682161E-02
 6.079697041E-02 7.225006960E-02 8.376042726E-02 9.532294774E-02 1.069330645E-01
 1.185866460E-01 1.302799354E-01 1.420095128E-01 1.537722790E-01 1.655654373E-01
 1.773864526E-01 1.892330214E-01 2.011030274E-01 2.129946180E-01 2.249065971E-01
 2.368350537E-01 4.516571875E-02 3.973229149E-02 3.429661356E-02 2.885809293E-02
 2.341649177E-02 1.797145647E-02 1.252265759E-02 7.070366103E-03 1.612062004E-03
-3.866601354E-03-9.364538262E-03-1.484942448E-02-2.032018379E-02-2.579334460E-02
-3.128066221E-02-3.678918653E-02-4.232492759E-02-4.789330299E-02-5.349895500E-02
-5.914575228E-02-6.483679800E-02-7.057441700E-02-7.636012621E-02-8.219458509E-02
-8.807754526E-02-9.400780865E-02-9.998316730E-02-1.060003217E-01-1.120548251E-01
-1.181410217E-01-1.242520144E-01-1.303796767E-01-1.365147004E-01-1.426466794E-01
-1.487641876E-01-1.548548751E-01-1.609055890E-01-1.669025828E-01-1.728318118E-01
-1.786791713E-01-1.844304949E-01-1.900715811E-01-1.955885709E-01-2.009682161E-01
-2.061978385E-01-2.112653510E-01-2.161592313E-01-2.208685070E-01-2.253828159E-01
-2.296924653E-01-2.337884004E-01-2.376620233E-01-2.413051567E-01-2.447099710E-01
-2.478691570E-01-2.507756192E-01-2.534227217E-01-2.558041472E-01-2.579137001E-01
-2.597457559E-01-2.612949856E-01-2.625562766E-01-2.635249990E-01-2.641968803E-01
-2.645680515E-01-2.646350486E-01-2.643948193E-01-2.638447302E-01-2.629825477E-01
-2.618064181E-01-2.603148499E-01-2.585066899E-01-2.563810932E-01-2.539375102E-01
-2.511756513E-01-2.480954927E-01-2.446972796E-01-2.409814360E-01-2.369488980E-01
-2.326010860E-01-2.279393973E-01-2.229654704E-01-2.176832682E-01-2.120955342E-01
-2.062056429E-01-2.000211400E-01-1.935473556E-01-1.867906534E-01-1.797595418E-01
-1.724643918E-01-1.649151165E-01-1.571213621E-01-1.490933103E-01-1.408413690E-01
-1.323754783E-01-1.237046678E-01-1.148362143E-01-1.057756866E-01-9.652723422E-02
-8.709324974E-02-7.747463153E-02-6.767099859E-02-5.768063590E-02-4.750080695E-02
-3.712823668E-02-2.655891787E-02-1.578398779E-02-4.796648407E-03 6.355309292E-03
 1.760102684E-02 2.892121700E-02 4.031086859E-02 5.176372119E-02 6.327383997E-02
 7.483595684E-02 8.644532351E-02 9.809766571E-02 1.097891545E-01 1.215163491E-01
 1.332761492E-01 1.450657534E-01 1.568826263E-01 1.687244604E-01 1.805891452E-01
 1.924747613E-01 2.043795531E-01 2.163019861E-01 2.282410656E-01 2.401935917E-01
 4.267001531E-02 3.722500796E-02 3.177804241E-02 2.632859596E-02 2.087644565E-02
 1.542125593E-02 9.962890798E-03 4.501746227E-03-9.693000898E-04-6.468859525E-03
-1.197086530E-02-1.745565864E-02-2.293488007E-02-2.842410080E-02-3.393242849E-02
-3.946642377E-02-4.503207076E-02-5.063464953E-02-5.627865958E-02-6.196783689E-02
-6.770513600E-02-7.349270673E-02-7.933185755E-02-8.522300461E-02-9.116561116E-02
-9.715812618E-02-1.031979211E-01-1.092812193E-01-1.154030428E-01-1.215571939E-01
-1.277362450E-01-1.339315261E-01-1.401331578E-01-1.463300981E-01-1.525102579E-01
-1.586606680E-01-1.647676976E-01-1.708172476E-01-1.767949105E-01-1.826861055E-01
-1.884763270E-01-1.941514895E-01-1.996980117E-01-2.051026212E-01-2.103525145E-01
-2.154357204E-01-2.203409977E-01-2.250577094E-01-2.295757577E-01-2.338855572E-01
-2.379780571E-01-2.418447832E-01-2.454777237E-01-2.488691937E-01-2.520117832E-01
-2.548985159E-01-2.575226108E-01-2.598777133E-01-2.619577463E-01-2.637567493E-01
-2.652694883E-01-2.664907467E-01-2.674158402E-01-2.680404632E-01-2.683607273E-01
-2.683731761E-01-2.680747849E-01-2.674629807E-01-2.665355994E-01-2.652908780E-01
-2.637274281E-01-2.618442038E-01-2.596404702E-01-2.571157703E-01-2.542698858E-01
-2.511028592E-01-2.476150388E-01-2.438068201E-01-2.396789329E-01-2.352331799E-01
-2.304700697E-01-2.253927871E-01-2.200019247E-01-2.143036048E-01-2.083008103E-01
-2.019975227E-01-1.954008196E-01-1.885190990E-01-1.813598254E-01-1.739316232E-01
-1.662445409E-01-1.583094689E-01-1.501375711E-01-1.417392628E-01-1.331241588E-01
-1.243010588E-01-1.152773860E-01-1.060591017E-01-9.665041665E-02-8.705373061E-02
-7.726997156E-02-6.729863497E-02-5.713777433E-02-4.678432928E-02-3.623462035E-02
-2.548402013E-02-1.452227574E-02-3.345643373E-03 7.981959196E-03 1.938595771E-02
 3.084961651E-02 4.236953786E-02 5.394055954E-02 6.555779747E-02 7.721698086E-02
 8.891428679E-02 1.006462703E-01 1.124098106E-01 1.242020926E-01 1.360205878E-01
 1.478630196E-01 1.597273334E-01 1.716116681E-01 1.835143375E-01 1.954338123E-01
 2.073686896E-01 2.193177399E-01 2.312801675E-01 2.432534050E-01 4.042804584E-02
 3.497281346E-02 2.951594900E-02 2.405701248E-02 1.859579465E-02 1.313205461E-02
 7.666060081E-03 2.196163678E-03-3.291102115E-03-8.802598848E-03-1.430435411E-02
-1.979201387E-02-2.528237178E-02-3.078833053E-02-3.631757652E-02-4.187657432E-02
-4.747121437E-02-5.310661845E-02-5.878713627E-02-6.451636045E-02-7.029710222E-02
-7.613135612E-02-8.202025232E-02-8.796399828E-02-9.396180916E-02-1.000118268E-01
-1.061110513E-01-1.122552826E-01-1.184390682E-01-1.246556764E-01-1.308970887E-01
-1.371540108E-01-1.434159290E-01-1.496712287E-01-1.559073443E-01-1.621108949E-01
-1.682678489E-01-1.743636869E-01-1.803836401E-01-1.863129578E-01-1.921371481E-01
-1.978420643E-01-2.034139107E-01-2.088394610E-01-2.141063712E-01-2.192029424E-01
-2.241178411E-01-2.288405026E-01-2.333611462E-01-2.376704855E-01-2.417596256E-01
-2.456200851E-01-2.492438170E-01-2.526232293E-01-2.557509882E-01-2.586200291E-01
-2.612235989E-01-2.635551663E-01-2.656085958E-01-2.673780081E-01-2.688578102E-01
-2.700429136E-01-2.709285150E-01-2.715102519E-01-2.717842298E-01-2.717469967E-01
-2.713955672E-01-2.707274177E-01-2.697404645E-01-2.684330424E-01-2.668038725E-01
-2.648520260E-01-2.625768803E-01-2.599780730E-01-2.570554925E-01-2.538092453E-01
-2.502398300E-01-2.463477644E-01-2.421329099E-01-2.375984128E-01-2.327427885E-01
-2.275711328E-01-2.220843192E-01-2.162844806E-01-2.101775449E-01-2.037687104E-01
-1.970628583E-01-1.900669352E-01-1.827896776E-01-1.752408977E-01-1.674305432E-01
-1.593689885E-01-1.510670614E-01-1.425354469E-01-1.337842130E-01-1.248223453E-01
-1.156576424E-01-1.062963532E-01-9.674267645E-02-8.699889740E-02-7.706568297E-02
-6.694219272E-02-5.662620920E-02-4.611440382E-02-3.540281094E-02-2.448625323E-02
-1.335328843E-02-2.004560555E-03 9.479557777E-03 2.102371241E-02 3.261424674E-02
 4.424918266E-02 5.592437762E-02 6.763591142E-02 7.938038952E-02 9.115478371E-02
 1.029563794E-01 1.147827386E-01 1.266316676E-01 1.385011883E-01 1.503895162E-01
 1.622950396E-01 1.742163018E-01 1.861519866E-01 1.981009012E-01 2.100619504E-01
 2.220341769E-01 2.340169657E-01 2.460082987E-01 3.844323342E-02 3.297916893E-02
 2.751378094E-02 2.204671211E-02 1.657777170E-02 1.110687302E-02 5.634729393E-03
 1.562557063E-04-5.348224991E-03-1.086434204E-02-1.636535489E-02-2.185855118E-02
-2.736098307E-02-3.288323765E-02-3.843244779E-02-4.401506438E-02-4.963687625E-02
-5.530288715E-02-6.101733213E-02-6.678367447E-02-7.260457898E-02-7.848187043E-02
-8.441647871E-02-9.040837273E-02-9.645649426E-02-1.025586891E-01-1.087116295E-01
-1.149107475E-01-1.211501845E-01-1.274227560E-01-1.337199366E-01-1.400318991E-01
-1.463475949E-01-1.526548773E-01-1.589406521E-01-1.651910442E-01-1.713915915E-01
-1.775274985E-01-1.835838903E-01-1.895459845E-01-1.953992035E-01-2.011292905E-01
-2.067225376E-01-2.121659947E-01-2.174473900E-01-2.225549413E-01-2.274776018E-01
-2.322052450E-01-2.367280877E-01-2.410367550E-01-2.451226167E-01-2.489774248E-01
-2.525931460E-01-2.559620606E-01-2.590768285E-01-2.619303830E-01-2.645159144E-01
-2.668268422E-01-2.688568591E-01-2.706000323E-01-2.720506908E-01-2.732036638E-01
-2.740540528E-01-2.745974772E-01-2.748300173E-01-2.747482248E-01-2.743491551E-01
-2.736303372E-01-2.725897702E-01-2.712258905E-01-2.695375327E-01-2.675238874E-01
-2.651844387E-01-2.625189606E-01-2.595274934E-01-2.562100601E-01-2.525670408E-01
-2.485999513E-01-2.443071504E-01-2.396928606E-01-2.347561602E-01-2.294986407E-01
-2.239250793E-01-2.180372003E-01-2.118379407E-01-2.053329184E-01-1.985288391E-01
-1.914324445E-01-1.840516173E-01-1.763956337E-01-1.684746385E-01-1.602993190E-01
-1.518808339E-01-1.432303428E-01-1.343580995E-01-1.252731828E-01-1.159833534E-01
-1.064946738E-01-9.681127187E-02-8.693543863E-02-7.686778664E-02-6.660735580E-02
-5.615178501E-02-4.549758105E-02-3.464055786E-02-2.357494188E-02-1.228825024E-02
-7.864839356E-04 1.083427840E-02 2.250037545E-02 3.420121580E-02 4.593594833E-02
 5.770140395E-02 6.949458186E-02 8.131289976E-02 9.315405005E-02 1.050159637E-01
 1.168967884E-01 1.287948611E-01 1.407086846E-01 1.526369095E-01 1.645783185E-01
 1.765318127E-01 1.884963969E-01 2.004711609E-01 2.124552626E-01 2.244479650E-01
 2.364487944E-01 2.484561976E-01 3.671777390E-02 3.124631002E-02 2.577381623E-02
 2.030000823E-02 1.482473379E-02 9.348119233E-03 3.870555352E-03-1.617099971E-03
-7.134897604E-03-1.265224317E-02-1.815388543E-02-2.365419647E-02-2.916863078E-02
-3.470624652E-02-4.027401128E-02-4.587834027E-02-5.152491926E-02-5.721865291E-02
-6.296368142E-02-6.876336566E-02-7.462025414E-02-8.053603439E-02-8.651147182E-02
-9.254633964E-02-9.863934316E-02-1.047880424E-01-1.109887765E-01-1.172365987E-01
-1.235252289E-01-1.298470282E-01-1.361930146E-01-1.425529195E-01-1.489152677E-01
-1.552674992E-01-1.615961233E-01-1.678868932E-01-1.741250323E-01-1.802954888E-01
-1.863831653E-01-1.923731117E-01-1.982506836E-01-2.040017426E-01-2.096128262E-01
-2.150711318E-01-2.203644038E-01-2.254810275E-01-2.304102531E-01-2.351419784E-01
-2.396664195E-01-2.439744990E-01-2.480577331E-01-2.519076631E-01-2.555163859E-01
-2.588763554E-01-2.619801093E-01-2.648204353E-01-2.673904858E-01-2.696836281E-01
-2.716934596E-01-2.734139095E-01-2.748392849E-01-2.759642044E-01-2.767838223E-01
-2.772936861E-01-2.774898411E-01-2.773688548E-01-2.769278125E-01-2.761643061E-01
-2.750764156E-01-2.736626760E-01-2.719220309E-01-2.698538085E-01-2.674576380E-01
-2.647332690E-01-2.616810469E-01-2.583011823E-01-2.545930605E-01-2.505596499E-01
-2.461990661E-01-2.415136349E-01-2.365057868E-01-2.311750355E-01-2.255242538E-01
-2.195576561E-01-2.132785206E-01-2.066911088E-01-1.998012777E-01-1.926160491E-01
-1.851436906E-01-1.773937679E-01-1.693764661E-01-1.611024998E-01-1.525829583E-01
-1.438288010E-01-1.348503656E-01-1.256570303E-01-1.162567529E-01-1.066556913E-01
-9.685806480E-02-8.686618246E-02-7.668056074E-02-6.630006534E-02-5.572214669E-02
-4.494313088E-02-3.395864651E-02-2.276233549E-02-1.134090960E-02 2.936885568E-04
 1.203138683E-02 2.380181540E-02 3.559719938E-02 4.741751208E-02 5.926041503E-02
 7.112370724E-02 8.300551598E-02 9.490416276E-02 1.068181299E-01 1.187460511E-01
 1.306866988E-01 1.426389685E-01 1.546018648E-01 1.665744893E-01 1.785560298E-01
 1.905457508E-01 2.025429803E-01 2.145470970E-01 2.265575561E-01 2.385740062E-01
 2.505953000E-01 3.525369255E-02 2.977617186E-02 2.429789630E-02 1.881864416E-02
 1.333834046E-02 7.857408439E-03 2.374620964E-03-3.123739217E-03-8.648711824E-03
-1.416568280E-02-1.966940309E-02-2.517721637E-02-3.070276993E-02-3.625427787E-02
-4.183867364E-02-4.746232048E-02-5.313081556E-02-5.884898008E-02-6.462086763E-02
-7.044974317E-02-7.633804488E-02-8.228733133E-02-8.829821542E-02-9.437029021E-02
-1.005020499E-01-1.066908086E-01-1.129326262E-01-1.192222445E-01-1.255530410E-01
-1.319170087E-01-1.383047764E-01-1.447056637E-01-1.511077783E-01-1.574981541E-01
-1.638629287E-01-1.701875479E-01-1.764570127E-01-1.826561238E-01-1.887696939E-01
-1.947827447E-01-2.006806543E-01-2.064493112E-01-2.120752445E-01-2.175456707E-01
-2.228485038E-01-2.279724215E-01-2.329068709E-01-2.376418181E-01-2.421676259E-01
-2.464752973E-01-2.505562975E-01-2.544022372E-01-2.580053268E-01-2.613578824E-01
-2.644523803E-01-2.672817369E-01-2.698389019E-01-2.721171166E-01-2.741099556E-01
-2.758112319E-01-2.772151377E-01-2.783162657E-01-2.791096760E-01-2.795908700E-01
-2.797558818E-01-2.796012884E-01-2.791242073E-01-2.783222879E-01-2.771936893E-01
-2.757370374E-01-2.739513658E-01-2.718361524E-01-2.693912660E-01-2.666163332E-01
-2.635113256E-01-2.600778554E-01-2.563143015E-01-2.522236481E-01-2.478052513E-01
-2.430594516E-01-2.379893520E-01-2.325961447E-01-2.268811212E-01-2.208473059E-01
-2.144986962E-01-2.078402940E-01-2.008777002E-01-1.936176221E-01-1.860680698E-01
-1.782382567E-01-1.701384384E-01-1.617796000E-01-1.531730127E-01-1.443298090E-01
-1.352605629E-01-1.259747732E-01-1.164804376E-01-1.067837520E-01-9.688895105E-02
-8.679829820E-02-7.651218760E-02-6.602933318E-02-5.534701354E-02-4.446137595E-02
-3.336786937E-02-2.205956612E-02-1.052268245E-02 1.224694273E-03 1.306100700E-02
 2.491947826E-02 3.679478178E-02 4.868752181E-02 6.059603114E-02 7.251875547E-02
 8.445439033E-02 9.640176425E-02 1.083598208E-01 1.203276096E-01 1.323042754E-01
 1.442890472E-01 1.562812288E-01 1.682801895E-01 1.802853556E-01 1.922962056E-01
 2.043122654E-01 2.163330998E-01 2.283583272E-01 2.403877006E-01 2.524204234E-01
 3.405291970E-02 2.857064658E-02 2.308786120E-02 1.760439474E-02 1.212026097E-02
 6.636189438E-03 1.148887226E-03-4.359657548E-03-9.888002686E-03-1.540435228E-02
-2.091096085E-02-2.642582540E-02-3.196111338E-02-3.752461831E-02-4.312326545E-02
-4.876336129E-02-5.445043210E-02-6.018923309E-02-6.598374806E-02-7.183716369E-02
-7.775182676E-02-8.372918771E-02-8.976973061E-02-9.587289505E-02-1.020369933E-01
-1.082591278E-01-1.145351139E-01-1.208594181E-01-1.272251169E-01-1.336238845E-01
-1.400460167E-01-1.464804948E-01-1.529150993E-01-1.593365610E-01-1.657307545E-01
-1.720829144E-01-1.783778676E-01-1.846002686E-01-1.907348224E-01-1.967664865E-01
-2.026806395E-01-2.084632212E-01-2.141008574E-01-2.195809266E-01-2.248915464E-01
-2.300215134E-01-2.349602457E-01-2.396977404E-01-2.442245382E-01-2.485317459E-01
-2.526109329E-01-2.564538312E-01-2.600524563E-01-2.633991080E-01-2.664862676E-01
-2.693067878E-01-2.718535060E-01-2.741196755E-01-2.760986921E-01-2.777843303E-01
-2.791706875E-01-2.802522911E-01-2.810241264E-01-2.814816723E-01-2.816209517E-01
-2.814385452E-01-2.809315996E-01-2.800978184E-01-2.789354319E-01-2.774431293E-01
-2.756200505E-01-2.734657675E-01-2.709801086E-01-2.681633847E-01-2.650151047E-01
-2.615367301E-01-2.577274246E-01-2.535893459E-01-2.491228344E-01-2.443279480E-01
-2.392064128E-01-2.337605801E-01-2.279923256E-01-2.219039963E-01-2.154990147E-01
-2.087820668E-01-2.017589125E-01-1.944364280E-01-1.868227095E-01-1.789269645E-01
-1.707594163E-01-1.623310418E-01-1.536531778E-01-1.447370745E-01-1.355933909E-01
-1.262316852E-01-1.166600018E-01-1.068845639E-01-9.690960157E-02-8.673734182E-02
-7.636810700E-02-6.580050841E-02-5.503169558E-02-4.405767412E-02-3.287373331E-02
-2.147241335E-02-9.839690935E-03 2.000462834E-03 1.391754474E-02 2.584810415E-02
 3.778884810E-02 4.974088150E-02 6.170307994E-02 7.367441077E-02 8.565402894E-02
 9.764117511E-02 1.096351660E-01 1.216353881E-01 1.336412897E-01 1.456523733E-01
 1.576681899E-01 1.696883330E-01 1.817124345E-01 1.937401603E-01 2.057712072E-01
 2.178052970E-01 2.298421861E-01 2.418817162E-01 2.539233798E-01 3.311649723E-02
 2.763070240E-02 2.214460579E-02 1.665808330E-02 1.117122653E-02 5.685029745E-03
 1.943465988E-04-5.322367896E-03-1.085225974E-02-1.636820981E-02-2.187772601E-02
-2.739852617E-02-3.294172454E-02-3.851491840E-02-4.412502472E-02-4.977829882E-02
-5.548021199E-02-6.123546744E-02-6.704799332E-02-7.292091364E-02-7.885650172E-02
-8.485612040E-02-9.092014831E-02-9.704789939E-02-1.032375373E-01-1.094859913E-01
-1.157888794E-01-1.221404495E-01-1.285335402E-01-1.349595725E-01-1.414085819E-01
-1.478692908E-01-1.543292299E-01-1.607748954E-01-1.671919489E-01-1.735654428E-01
-1.798800574E-01-1.861203398E-01-1.922709344E-01-1.983167852E-01-2.042433094E-01
-2.100365314E-01-2.156831754E-01-2.211707024E-01-2.264872952E-01-2.316218165E-01
-2.365637578E-01-2.413032114E-01-2.458308545E-01-2.501378693E-01-2.542157863E-01
-2.580563439E-01-2.616515146E-01-2.649936240E-01-2.680752555E-01-2.708890323E-01
-2.734277833E-01-2.756846481E-01-2.776529777E-01-2.793264998E-01-2.806992115E-01
-2.817655963E-01-2.825205831E-01-2.829596174E-01-2.830787193E-01-2.828744748E-01
-2.823440549E-01-2.814852080E-01-2.802962076E-01-2.787757922E-01-2.769232360E-01
-2.747383435E-01-2.722208641E-01-2.693706578E-01-2.661886429E-01-2.626748458E-01
-2.588296038E-01-2.546543970E-01-2.501498554E-01-2.453164356E-01-2.401552682E-01
-2.346682308E-01-2.288575526E-01-2.227259048E-01-2.162766793E-01-2.095142729E-01
-2.024442638E-01-1.950734485E-01-1.874098595E-01-1.794627030E-01-1.712422146E-01
-1.627594170E-01-1.540257247E-01-1.450524675E-01-1.358503735E-01-1.264290709E-01
-1.167966636E-01-1.069594128E-01-9.692155716E-02-8.668528870E-02-7.625086015E-02
-6.561678806E-02-5.478010730E-02-4.373670215E-02-3.248171883E-02-2.100722309E-02
-9.299098077E-03 2.613532018E-03 1.459349012E-02 2.658009849E-02 3.857164875E-02
 5.056963969E-02 6.257338371E-02 7.458226879E-02 8.659582067E-02 9.861361124E-02
 1.106352542E-01 1.226604023E-01 1.346887436E-01 1.467199968E-01 1.587539081E-01
 1.707902485E-01 1.828288108E-01 1.948694075E-01 2.069118684E-01 2.189560371E-01
 2.310017768E-01 2.430489985E-01 2.550974173E-01 3.244607336E-02 2.695780843E-02
 2.146940553E-02 1.598077690E-02 1.049207637E-02 5.004468433E-03-4.886188091E-04
-6.011112681E-03-1.154171360E-02-1.705755082E-02-2.256949591E-02-2.809476006E-02
-3.364378393E-02-3.922407644E-02-4.484254451E-02-5.050540503E-02-5.621809107E-02
-6.198526907E-02-6.781082755E-02-7.369784556E-02-7.964854351E-02-8.566422057E-02
-9.174517921E-02-9.789064260E-02-1.040986675E-01-1.103660592E-01-1.166882948E-01
-1.230594639E-01-1.294722323E-01-1.359178375E-01-1.423861256E-01-1.488656305E-01
-1.553436995E-01-1.618066576E-01-1.682400128E-01-1.746286885E-01-1.809572670E-01
-1.872102315E-01-1.933721964E-01-1.994281079E-01-2.053634143E-01-2.111641858E-01
-2.168171922E-01-2.223099400E-01-2.276306703E-01-2.327683298E-01-2.377125174E-01
-2.424534196E-01-2.469817451E-01-2.512886553E-01-2.553656780E-01-2.592046119E-01
-2.627974636E-01-2.661364746E-01-2.692141683E-01-2.720231842E-01-2.745562866E-01
-2.768065546E-01-2.787673353E-01-2.804322117E-01-2.817951821E-01-2.828506801E-01
-2.835935896E-01-2.840193424E-01-2.841239425E-01-2.839039870E-01-2.833566680E-01
-2.824797451E-01-2.812715497E-01-2.797309550E-01-2.778571956E-01-2.756501557E-01
-2.731094516E-01-2.702355901E-01-2.670289336E-01-2.634896645E-01-2.596186199E-01
-2.554166837E-01-2.508845810E-01-2.460231759E-01-2.408336099E-01-2.353173934E-01
-2.294765803E-01-2.233138789E-01-2.168327582E-01-2.100376029E-01-2.029338951E-01
-1.955283453E-01-1.878289371E-01-1.798448740E-01-1.715864141E-01-1.630646005E-01
-1.542908748E-01-1.452766067E-01-1.360325784E-01-1.265684798E-01-1.168924691E-01
-1.070108425E-01-9.692784851E-02-8.664565689E-02-7.616446843E-02-6.548272768E-02
-5.459738105E-02-4.350421605E-02-3.219825759E-02-2.067118640E-02-8.908862386E-03
 3.055595728E-03 1.508042499E-02 2.710701279E-02 3.913478070E-02 5.116550997E-02
 6.319882843E-02 7.523442765E-02 8.727210102E-02 9.931165929E-02 1.113529306E-01
 1.233957608E-01 1.354400114E-01 1.474855576E-01 1.595322868E-01 1.715800973E-01
 1.836288971E-01 1.956786030E-01 2.077291391E-01 2.197804362E-01 2.318324331E-01
 2.438850905E-01 2.559382814E-01 3.204360179E-02 2.655386130E-02 2.106408391E-02
 1.557420861E-02 1.008443862E-02 4.595918051E-03-8.989101942E-04-6.424560527E-03
-1.195541379E-02-1.747132121E-02-2.298489401E-02-2.851295477E-02-3.406557985E-02
-3.965024081E-02-4.527383640E-02-5.094255985E-02-5.666182152E-02-6.243626560E-02
-6.826975648E-02-7.416534574E-02-8.012522108E-02-8.615064254E-02-9.224186563E-02
-9.839805731E-02-1.046172081E-01-1.108960464E-01-1.172299620E-01-1.236129471E-01
-1.300375613E-01-1.364949309E-01-1.429747870E-01-1.494655494E-01-1.559544560E-01
-1.624277318E-01-1.688707972E-01-1.752685044E-01-1.816053823E-01-1.878658802E-01
-1.940345980E-01-2.000964838E-01-2.060369996E-01-2.118422399E-01-2.174990064E-01
-2.229948446E-01-2.283180410E-01-2.334575908E-01-2.384031432E-01-2.431449292E-01
-2.476736811E-01-2.519805584E-01-2.560570800E-01-2.598950542E-01-2.634865229E-01
-2.668237297E-01-2.698991127E-01-2.727052868E-01-2.752350362E-01-2.774813933E-01
-2.794376454E-01-2.810973467E-01-2.824544802E-01-2.835034358E-01-2.842390781E-01
-2.846568334E-01-2.847526967E-01-2.845232715E-01-2.839657625E-01-2.830779166E-01
-2.818581639E-01-2.803054004E-01-2.784188373E-01-2.761983249E-01-2.736437719E-01
-2.707554824E-01-2.675338486E-01-2.639794214E-01-2.600928538E-01-2.558748397E-01
-2.513261838E-01-2.464478514E-01-2.412410208E-01-2.357071892E-01-2.298483318E-01
-2.236670648E-01-2.171668023E-01-2.103519140E-01-2.032278771E-01-1.958013932E-01
-1.880804344E-01-1.800741959E-01-1.717929369E-01-1.632477076E-01-1.544499658E-01
-1.454111068E-01-1.361419444E-01-1.266522002E-01-1.169500578E-01-1.070418276E-01
-9.693175811E-02-8.662200356E-02-7.611273397E-02-6.540235030E-02-5.448774430E-02
-4.336464275E-02-3.202799193E-02-2.046922594E-02-8.674214597E-03 3.321399918E-03
 1.537318819E-02 2.742380175E-02 3.947333649E-02 5.152374370E-02 6.357484108E-02
 7.562650254E-02 8.767868206E-02 9.973133365E-02 1.117844140E-01 1.238378845E-01
 1.358917106E-01 1.479458611E-01 1.600003079E-01 1.720550254E-01 1.841099907E-01
 1.961651830E-01 2.082205832E-01 2.202761740E-01 2.323319401E-01 2.443878717E-01
 2.564439369E-01 3.190949046E-02 2.641926076E-02 2.092902771E-02 1.543874034E-02
 9.948621379E-03 4.459773939E-03-1.035719865E-03-6.562335453E-03-1.209323914E-02
-1.760919750E-02-2.312334141E-02-2.865235390E-02-3.420619748E-02-3.979233345E-02
-4.541765754E-02-5.108835504E-02-5.680982880E-02-6.258671558E-02-6.842287165E-02
-7.432133933E-02-8.028429525E-02-8.631298628E-02-9.240765200E-02-9.856744030E-02
-1.047903192E-01-1.110729912E-01-1.174108164E-01-1.237977544E-01-1.302263293E-01
-1.366876300E-01-1.431713496E-01-1.496658700E-01-1.561583927E-01-1.626351099E-01
-1.690814130E-01-1.754821309E-01-1.818217751E-01-1.880847838E-01-1.942557515E-01
-2.003196268E-01-2.062618761E-01-2.120686022E-01-2.177266194E-01-2.232234876E-01
-2.285475078E-01-2.336876886E-01-2.386336909E-01-2.433757570E-01-2.479046309E-01
-2.522114808E-01-2.562878259E-01-2.601254744E-01-2.637164750E-01-2.670530759E-01
-2.701276951E-01-2.729329298E-01-2.754615722E-01-2.777066296E-01-2.796613650E-01
-2.813193497E-01-2.826745383E-01-2.837213085E-01-2.844545269E-01-2.848696123E-01
-2.849625588E-01-2.847299643E-01-2.841690427E-01-2.832775775E-01-2.820539733E-01
-2.804971168E-01-2.786063063E-01-2.763812996E-01-2.738221383E-01-2.709290343E-01
-2.677024486E-01-2.641429692E-01-2.602512016E-01-2.560278444E-01-2.514737157E-01
-2.465897759E-01-2.413772038E-01-2.358375081E-01-2.299726580E-01-2.237852427E-01
-2.172786493E-01-2.104572325E-01-2.033264642E-01-1.958930419E-01-1.881649316E-01
-1.801513233E-01-1.718624752E-01-1.633094419E-01-1.545036893E-01-1.454566236E-01
-1.361790700E-01-1.266807607E-01-1.169698870E-01-1.070527636E-01-9.693363899E-02
-8.661466227E-02-7.609599383E-02-6.537602063E-02-5.445161655E-02-4.331848842E-02
-3.197155626E-02-2.040217079E-02-8.596211219E-03 3.409818868E-03 1.547062051E-02
 2.752927043E-02 3.958608802E-02 5.164308132E-02 6.370013150E-02 7.575717331E-02
 8.781421436E-02 9.987125642E-02 1.119282990E-01 1.239853421E-01 1.360423855E-01
 1.480994293E-01 1.601564734E-01 1.722135176E-01 1.842705621E-01 1.963276066E-01
 2.083846513E-01 2.204416961E-01 2.324987409E-01 2.445557857E-01 2.566128306E-01
 3.204361136E-02 2.655387187E-02 2.106409460E-02 1.557421836E-02 1.008444626E-02
 4.595922224E-03-8.989106891E-04-6.424565326E-03-1.195542149E-02-1.747133069E-02
-2.298490461E-02-2.851296607E-02-3.406559157E-02-3.965025279E-02-4.527384853E-02
-5.094257203E-02-5.666183369E-02-6.243627770E-02-6.826976845E-02-7.416535752E-02
-8.012523259E-02-8.615065371E-02-9.224187639E-02-9.839806758E-02-1.046172177E-01
-1.108960554E-01-1.172299702E-01-1.236129544E-01-1.300375676E-01-1.364949362E-01
-1.429747912E-01-1.494655525E-01-1.559544580E-01-1.624277326E-01-1.688707969E-01
-1.752685029E-01-1.816053797E-01-1.878658765E-01-1.940345933E-01-2.000964782E-01
-2.060369935E-01-2.118422336E-01-2.174990005E-01-2.229948394E-01-2.283180368E-01
-2.334575881E-01-2.384031422E-01-2.431449296E-01-2.476736823E-01-2.519805598E-01
-2.560570809E-01-2.598950539E-01-2.634865214E-01-2.668237282E-01-2.698991128E-01
-2.727052879E-01-2.752350367E-01-2.774813936E-01-2.794376457E-01-2.810973480E-01
-2.824544803E-01-2.835034364E-01-2.842390788E-01-2.846568339E-01-2.847526972E-01
-2.845232719E-01-2.839657626E-01-2.830779165E-01-2.818581625E-01-2.803054019E-01
-2.784188355E-01-2.761983236E-01-2.736437729E-01-2.707554845E-01-2.675338480E-01
-2.639794188E-01-2.600928505E-01-2.558748366E-01-2.513261810E-01-2.464478490E-01
-2.412410195E-01-2.357071892E-01-2.298483323E-01-2.236670646E-01-2.171668006E-01
-2.103519109E-01-2.032278726E-01-1.958013876E-01-1.880804275E-01-1.800741877E-01
-1.717929274E-01-1.632476970E-01-1.544499541E-01-1.454110943E-01-1.361419311E-01
-1.266521863E-01-1.169500435E-01-1.070418130E-01-9.693174337E-02-8.662198876E-02
-7.611271920E-02-6.540233570E-02-5.448773005E-02-4.336462916E-02-3.202797956E-02
-2.046921590E-02-8.674209463E-03 3.321397895E-03 1.537318500E-02 2.742380699E-02
 3.947335874E-02 5.152379027E-02 6.357491833E-02 7.562661602E-02 8.767883660E-02
 9.973153342E-02 1.117846626E-01 1.238381851E-01 1.358920659E-01 1.479462733E-01
 1.600007789E-01 1.720555570E-01 1.841105842E-01 1.961658394E-01 2.082213035E-01
 2.202769590E-01 2.323327903E-01 2.443887875E-01 2.564449187E-01 3.244605061E-02
 2.695779366E-02 2.146939743E-02 1.598077380E-02 1.049207649E-02 5.004469695E-03
-4.886185111E-04-6.011114206E-03-1.154171635E-02-1.705755401E-02-2.256949900E-02
-2.809476274E-02-3.364378602E-02-3.922407786E-02-4.484254524E-02-5.050540504E-02
-5.621809040E-02-6.198526773E-02-6.781082557E-02-7.369784297E-02-7.964854034E-02
-8.566421687E-02-9.174517502E-02-9.789063797E-02-1.040986625E-01-1.103660539E-01
-1.166882892E-01-1.230594582E-01-1.294722265E-01-1.359178318E-01-1.423861203E-01
-1.488656256E-01-1.553436952E-01-1.618066540E-01-1.682400098E-01-1.746286862E-01
-1.809572651E-01-1.872102295E-01-1.933721936E-01-1.994281038E-01-2.053634088E-01
-2.111641795E-01-2.168171857E-01-2.223099341E-01-2.276306658E-01-2.327683274E-01
-2.377125168E-01-2.424534203E-01-2.469817463E-01-2.512886565E-01-2.553656790E-01
-2.592046126E-01-2.627974628E-01-2.661364736E-01-2.692141708E-01-2.720231879E-01
-2.745562876E-01-2.768065561E-01-2.787673368E-01-2.804322137E-01-2.817951832E-01
-2.828506807E-01-2.835935899E-01-2.840193437E-01-2.841239435E-01-2.839039866E-01
-2.833566728E-01-2.824797688E-01-2.812715500E-01-2.797309356E-01-2.778571827E-01
-2.756501446E-01-2.731094444E-01-2.702355794E-01-2.670289342E-01-2.634896704E-01
-2.596186194E-01-2.554166772E-01-2.508845751E-01-2.460231746E-01-2.408336131E-01
-2.353173998E-01-2.294765861E-01-2.233138811E-01-2.168327557E-01-2.100375976E-01
-2.029338889E-01-1.955283393E-01-1.878289314E-01-1.798448685E-01-1.715864084E-01
-1.630645944E-01-1.542908679E-01-1.452765989E-01-1.360325697E-01-1.265684702E-01
-1.168924587E-01-1.070108315E-01-9.692783689E-02-8.664564457E-02-7.616445536E-02
-6.548271387E-02-5.459736663E-02-4.350420136E-02-3.219824330E-02-2.067117407E-02
-8.908855861E-03 3.055593447E-03 1.508042579E-02 2.710703524E-02 3.913484139E-02
 5.116562305E-02 6.319900621E-02 7.523468084E-02 8.727243893E-02 9.931208995E-02
 1.113534610E-01 1.233963968E-01 1.354407582E-01 1.474864196E-01 1.595332677E-01
 1.715812002E-01 1.836301246E-01 1.956799571E-01 2.077306217E-01 2.197820484E-01
 2.318341762E-01 2.438869652E-01 2.559402881E-01 3.311640567E-02 2.763063167E-02
 2.214455417E-02 1.665804861E-02 1.117120636E-02 5.685021387E-03 1.943469165E-04
-5.322362446E-03-1.085225178E-02-1.636820047E-02-2.187771574E-02-2.739851523E-02
-3.294171313E-02-3.851490667E-02-4.412501278E-02-4.977828676E-02-5.548019988E-02
-6.123545537E-02-6.704798135E-02-7.292090182E-02-7.885649012E-02-8.485610905E-02
-9.092013723E-02-9.704788857E-02-1.032375267E-01-1.094859807E-01-1.157888688E-01
-1.221404388E-01-1.285335293E-01-1.349595619E-01-1.414085718E-01-1.478692816E-01
-1.543292218E-01-1.607748886E-01-1.671919436E-01-1.735654389E-01-1.798800550E-01
-1.861203389E-01-1.922709347E-01-1.983167858E-01-2.042433095E-01-2.100365301E-01
-2.156831722E-01-2.211706982E-01-2.264872919E-01-2.316218148E-01-2.365637568E-01
-2.413032106E-01-2.458308553E-01-2.501378737E-01-2.542157935E-01-2.580563501E-01
-2.616515169E-01-2.649936247E-01-2.680752571E-01-2.708890339E-01-2.734277835E-01
-2.756846505E-01-2.776529793E-01-2.793265011E-01-2.806992129E-01-2.817655975E-01
-2.825205837E-01-2.829596197E-01-2.830787211E-01-2.828744757E-01-2.823440575E-01
-2.814852145E-01-2.802961904E-01-2.787757416E-01-2.769232160E-01-2.747383261E-01
-2.722208420E-01-2.693706284E-01-2.661886308E-01-2.626748440E-01-2.588295961E-01
-2.546543808E-01-2.501498463E-01-2.453164387E-01-2.401552739E-01-2.346682338E-01
-2.288575512E-01-2.227259016E-01-2.162766773E-01-2.095142730E-01-2.024442656E-01
-1.950734519E-01-1.874098641E-01-1.794627092E-01-1.712422218E-01-1.627594238E-01
-1.540257299E-01-1.450524702E-01-1.358503737E-01-1.264290693E-01-1.167966608E-01
-1.069594094E-01-9.692155322E-02-8.668528407E-02-7.625085461E-02-6.561678147E-02
-5.478009965E-02-4.373669359E-02-3.248170978E-02-2.100721470E-02-9.299093705E-03
 2.613530914E-03 1.459350161E-02 2.658014970E-02 3.857176398E-02 5.056983966E-02
 6.257368642E-02 7.458268989E-02 8.659637373E-02 9.861430798E-02 1.106361046E-01
 1.226614152E-01 1.346899261E-01 1.467213553E-01 1.587554479E-01 1.707919739E-01
 1.828307254E-01 1.948715143E-01 2.069141696E-01 2.189585347E-01 2.310044720E-01
 2.430518923E-01 2.551005102E-01 3.405275363E-02 2.857051561E-02 2.308776294E-02
 1.760432611E-02 1.212021856E-02 6.636169383E-03 1.148884979E-03-4.359648115E-03
-9.887987842E-03-1.540433533E-02-2.091094317E-02-2.642580766E-02-3.196109593E-02
-3.752460133E-02-4.312324899E-02-4.876334537E-02-5.445041673E-02-6.018921833E-02
-6.598373403E-02-7.183715052E-02-7.775181461E-02-8.372917675E-02-8.976972094E-02
-9.587288676E-02-1.020369865E-01-1.082591224E-01-1.145351098E-01-1.208594151E-01
-1.272251148E-01-1.336238832E-01-1.400460161E-01-1.464804945E-01-1.529150988E-01
-1.593365596E-01-1.657307513E-01-1.720829084E-01-1.783778596E-01-1.846002603E-01
-1.907348150E-01-1.967664807E-01-2.026806354E-01-2.084632185E-01-2.141008568E-01
-2.195809292E-01-2.248915529E-01-2.300215231E-01-2.349602568E-01-2.396977497E-01
-2.442245430E-01-2.485317481E-01-2.526109350E-01-2.564538316E-01-2.600524571E-01
-2.633991085E-01-2.664862705E-01-2.693067907E-01-2.718535073E-01-2.741196772E-01
-2.760986936E-01-2.777843319E-01-2.791706897E-01-2.802522949E-01-2.810241312E-01
-2.814816745E-01-2.816209533E-01-2.814385471E-01-2.809316014E-01-2.800978193E-01
-2.789354215E-01-2.774430889E-01-2.756200436E-01-2.734658507E-01-2.709801224E-01
-2.681633858E-01-2.650150772E-01-2.615367035E-01-2.577273807E-01-2.535893207E-01
-2.491228318E-01-2.443279418E-01-2.392064020E-01-2.337605674E-01-2.279923134E-01
-2.219039879E-01-2.154990132E-01-2.087820695E-01-2.017589168E-01-1.944364323E-01
-1.868227133E-01-1.789269689E-01-1.707594218E-01-1.623310486E-01-1.536531856E-01
-1.447370826E-01-1.355933991E-01-1.262316938E-01-1.166600109E-01-1.068845735E-01
-9.690961149E-02-8.673735129E-02-7.636811533E-02-6.580051512E-02-5.503170040E-02
-4.405767695E-02-3.287373429E-02-2.147241300E-02-9.839691282E-03 2.000463120E-03
 1.391756994E-02 2.584818982E-02 3.778902617E-02 4.974117912E-02 6.170352063E-02
 7.367501492E-02 8.565481420E-02 9.764215674E-02 1.096363571E-01 1.216368000E-01
 1.336429319E-01 1.456542540E-01 1.576703159E-01 1.696907101E-01 1.817150672E-01
 1.937430524E-01 2.057743617E-01 2.178087162E-01 2.298458714E-01 2.418856689E-01
 2.539276003E-01 3.525347164E-02 2.977599817E-02 2.429776635E-02 1.881855341E-02
 1.333828386E-02 7.857380342E-03 2.374614947E-03-3.123731090E-03-8.648698001E-03
-1.416566779E-02-1.966938853E-02-2.517720287E-02-3.070275775E-02-3.625426714E-02
-4.183866439E-02-4.746231270E-02-5.313080921E-02-5.884897510E-02-6.462086391E-02
-7.044974056E-02-7.633804315E-02-8.228733024E-02-8.829821480E-02-9.437028981E-02
-1.005020493E-01-1.066908074E-01-1.129326237E-01-1.192222398E-01-1.255530333E-01
-1.319169985E-01-1.383047649E-01-1.447056518E-01-1.511077668E-01-1.574981436E-01
-1.638629196E-01-1.701875402E-01-1.764570075E-01-1.826561223E-01-1.887696972E-01
-1.947827529E-01-2.006806663E-01-2.064493257E-01-2.120752600E-01-2.175456850E-01
-2.228485135E-01-2.279724266E-01-2.329068743E-01-2.376418194E-01-2.421676236E-01
-2.464752959E-01-2.505562974E-01-2.544022377E-01-2.580053318E-01-2.613578860E-01
-2.644523822E-01-2.672817387E-01-2.698389032E-01-2.721171180E-01-2.741099573E-01
-2.758112347E-01-2.772151418E-01-2.783162677E-01-2.791096771E-01-2.795908703E-01
-2.797558834E-01-2.796012909E-01-2.791242096E-01-2.783222899E-01-2.771936908E-01
-2.757370325E-01-2.739513655E-01-2.718362157E-01-2.693913628E-01-2.666164407E-01
-2.635112681E-01-2.600778495E-01-2.563142154E-01-2.522236158E-01-2.478052045E-01
-2.430593888E-01-2.379893298E-01-2.325961371E-01-2.268811097E-01-2.208472978E-01
-2.144986885E-01-2.078402836E-01-2.008776880E-01-1.936176111E-01-1.860680636E-01
-1.782382565E-01-1.701384423E-01-1.617796063E-01-1.531730209E-01-1.443298183E-01
-1.352605727E-01-1.259747835E-01-1.164804486E-01-1.067837640E-01-9.688896395E-02
-8.679831162E-02-7.651220113E-02-6.602934646E-02-5.534702618E-02-4.446138752E-02
-3.336787930E-02-2.205957381E-02-1.052268812E-02 1.224695022E-03 1.306104443E-02
 2.491959679E-02 3.679502139E-02 4.868791633E-02 6.059660975E-02 7.251954341E-02
 8.445540948E-02 9.640303357E-02 1.083613566E-01 1.203294258E-01 1.323063839E-01
 1.442914581E-01 1.562839505E-01 1.682832291E-01 1.802887184E-01 1.922998962E-01
 2.043162873E-01 2.163374555E-01 2.283630189E-01 2.403927293E-01 2.524257897E-01
 3.671752784E-02 3.124611817E-02 2.577367385E-02 2.029990938E-02 1.482467208E-02
 9.348087676E-03 3.870546290E-03-1.617095264E-03-7.134888208E-03-1.265223399E-02
-1.815387787E-02-2.365419062E-02-2.916862638E-02-3.470624319E-02-4.027400864E-02
-4.587833802E-02-5.152491706E-02-5.721865035E-02-6.296367801E-02-6.876336077E-02
-7.462024696E-02-8.053602447E-02-8.651145954E-02-9.254632559E-02-9.863932795E-02
-1.047880266E-01-1.109887607E-01-1.172365834E-01-1.235252146E-01-1.298470155E-01
-1.361930044E-01-1.425529130E-01-1.489152658E-01-1.552675027E-01-1.615961324E-01
-1.678869073E-01-1.741250502E-01-1.802955090E-01-1.863831863E-01-1.923731314E-01
-1.982506986E-01-2.040017516E-01-2.096128311E-01-2.150711342E-01-2.203644019E-01
-2.254810217E-01-2.304102487E-01-2.351419766E-01-2.396664183E-01-2.439745030E-01
-2.480577398E-01-2.519076673E-01-2.555163882E-01-2.588763572E-01-2.619801104E-01
-2.648204366E-01-2.673904873E-01-2.696836299E-01-2.716934633E-01-2.734139160E-01
-2.748392863E-01-2.759642110E-01-2.767838248E-01-2.772936877E-01-2.774898438E-01
-2.773688585E-01-2.769278157E-01-2.761643089E-01-2.750764184E-01-2.736626812E-01
-2.719220401E-01-2.698538098E-01-2.674576154E-01-2.647331451E-01-2.616809006E-01
-2.583013215E-01-2.545930268E-01-2.505596823E-01-2.461989335E-01-2.415135712E-01
-2.365057506E-01-2.311749555E-01-2.255241883E-01-2.195576342E-01-2.132785111E-01
-2.066911010E-01-1.998012728E-01-1.926160449E-01-1.851436839E-01-1.773937585E-01
-1.693764560E-01-1.611024910E-01-1.525829526E-01-1.438288006E-01-1.348503703E-01
-1.256570379E-01-1.162567623E-01-1.066557021E-01-9.685807690E-02-8.686619543E-02
-7.668057415E-02-6.630007902E-02-5.572216044E-02-4.494314436E-02-3.395865908E-02
-2.276234616E-02-1.134091791E-02 2.936884071E-04 1.203142950E-02 2.380195484E-02
 3.559748485E-02 4.741798530E-02 5.926111210E-02 7.112465941E-02 8.300675026E-02
 9.490570231E-02 1.068199944E-01 1.187482572E-01 1.306892605E-01 1.426418977E-01
 1.546051713E-01 1.665781809E-01 1.785601132E-01 1.905502310E-01 2.025478614E-01
 2.145523823E-01 2.265632478E-01 2.385801057E-01 2.506018081E-01 3.844296746E-02
 3.297896076E-02 2.751362522E-02 2.204660230E-02 1.657770100E-02 1.110683418E-02
 5.634714752E-03 1.562569209E-04-5.348216679E-03-1.086433230E-02-1.636534533E-02
-2.185854164E-02-2.736097287E-02-3.288322601E-02-3.843243430E-02-4.401504910E-02
-4.963685941E-02-5.530286903E-02-6.101731308E-02-6.678365489E-02-7.260455925E-02
-7.848185104E-02-8.441646031E-02-9.040835597E-02-9.645647991E-02-1.025586780E-01
-1.087116225E-01-1.149107454E-01-1.211501880E-01-1.274227654E-01-1.337199515E-01
-1.400319188E-01-1.463476182E-01-1.526549027E-01-1.589406780E-01-1.651910686E-01
-1.713916114E-01-1.775275118E-01-1.835838977E-01-1.895459878E-01-1.953992026E-01
-2.011292847E-01-2.067225287E-01-2.121659869E-01-2.174473852E-01-2.225549380E-01
-2.274776028E-01-2.322052524E-01-2.367280955E-01-2.410367601E-01-2.451226193E-01
-2.489774262E-01-2.525931466E-01-2.559620612E-01-2.590768299E-01-2.619303852E-01
-2.645159165E-01-2.668268457E-01-2.688568681E-01-2.706000390E-01-2.720506924E-01
-2.732036712E-01-2.740540652E-01-2.745974869E-01-2.748300221E-01-2.747482304E-01
-2.743491592E-01-2.736303407E-01-2.725897736E-01-2.712258941E-01-2.695375386E-01
-2.675238927E-01-2.651844130E-01-2.625188921E-01-2.595275851E-01-2.562103215E-01
-2.525669834E-01-2.486000049E-01-2.443071008E-01-2.396929514E-01-2.347560484E-01
-2.294985203E-01-2.239250293E-01-2.180371239E-01-2.118378576E-01-2.053328532E-01
-1.985288112E-01-1.914324371E-01-1.840516174E-01-1.763956390E-01-1.684746426E-01
-1.602993189E-01-1.518808290E-01-1.432303363E-01-1.343580937E-01-1.252731786E-01
-1.159833513E-01-1.064946751E-01-9.681127696E-02-8.693544657E-02-7.686779603E-02
-6.660736589E-02-5.615179564E-02-4.549759208E-02-3.464056882E-02-2.357495182E-02
-1.228825880E-02-7.864854764E-04 1.083432031E-02 2.250052419E-02 3.420153050E-02
 4.593647896E-02 5.770219372E-02 6.949566818E-02 8.131431485E-02 9.315582160E-02
 1.050181155E-01 1.168993406E-01 1.287978308E-01 1.407120865E-01 1.526407556E-01
 1.645826188E-01 1.765365755E-01 1.885016287E-01 2.004768666E-01 2.124614457E-01
 2.244546278E-01 2.364559383E-01 2.484638230E-01 4.042773238E-02 3.497256172E-02
 2.951575409E-02 2.405686842E-02 1.859569526E-02 1.313199335E-02 7.666030140E-03
 2.196157760E-03-3.291092536E-03-8.802581866E-03-1.430433386E-02-1.979199187E-02
-2.528234869E-02-3.078830681E-02-3.631755268E-02-4.187655093E-02-4.747119203E-02
-5.310659777E-02-5.878711789E-02-6.451634509E-02-7.029709056E-02-7.613134884E-02
-8.202025001E-02-8.796400143E-02-9.396181803E-02-1.000118413E-01-1.061110711E-01
-1.122553069E-01-1.184390958E-01-1.246557059E-01-1.308971184E-01-1.371540387E-01
-1.434159526E-01-1.496712458E-01-1.559073547E-01-1.621108998E-01-1.682678490E-01
-1.743636820E-01-1.803836306E-01-1.863129456E-01-1.921371367E-01-1.978420559E-01
-2.034139049E-01-2.088394590E-01-2.141063766E-01-2.192029525E-01-2.241178502E-01
-2.288405087E-01-2.333611488E-01-2.376704863E-01-2.417596255E-01-2.456200852E-01
-2.492438175E-01-2.526232303E-01-2.557509910E-01-2.586200318E-01-2.612236019E-01
-2.635551754E-01-2.656086049E-01-2.673780045E-01-2.688578182E-01-2.700429168E-01
-2.709285257E-01-2.715102658E-01-2.717842360E-01-2.717470000E-01-2.713955718E-01
-2.707274222E-01-2.697404685E-01-2.684330461E-01-2.668038757E-01-2.648520296E-01
-2.625768782E-01-2.599780964E-01-2.570555801E-01-2.538092176E-01-2.502396488E-01
-2.463478425E-01-2.421331736E-01-2.375984574E-01-2.327427120E-01-2.275712570E-01
-2.220842564E-01-2.162843112E-01-2.101774581E-01-2.037686332E-01-1.970627802E-01
-1.900668575E-01-1.827896111E-01-1.752408673E-01-1.674305396E-01-1.593689974E-01
-1.510670782E-01-1.425354631E-01-1.337842227E-01-1.248223485E-01-1.156576414E-01
-1.062963515E-01-9.674267559E-02-8.699889785E-02-7.706568476E-02-6.694219599E-02
-5.662621402E-02-4.611440998E-02-3.540281783E-02-2.448626007E-02-1.335329535E-02
-2.004563320E-03 9.479594636E-03 2.102386095E-02 3.261457622E-02 4.424975151E-02
 5.592523640E-02 6.763710400E-02 7.938195385E-02 9.115675254E-02 1.029587808E-01
 1.147855968E-01 1.266350029E-01 1.385050179E-01 1.503938544E-01 1.622998984E-01
 1.742216908E-01 1.861579137E-01 1.981073724E-01 2.100689704E-01 2.220417488E-01
 2.340250915E-01 2.460169795E-01 4.266961055E-02 3.722467497E-02 3.177777749E-02
 2.632839412E-02 2.087630108E-02 1.542116186E-02 9.962839386E-03 4.501728391E-03
-9.692950218E-04-6.468842636E-03-1.197084377E-02-1.745563603E-02-2.293485832E-02
-2.842408120E-02-3.393241199E-02-3.946641110E-02-4.503206254E-02-5.063464633E-02
-5.627866188E-02-6.196784484E-02-6.770514950E-02-7.349272551E-02-7.933188117E-02
-8.522303228E-02-9.116564177E-02-9.715815832E-02-1.031979532E-01-1.092812495E-01
-1.154030690E-01-1.215572139E-01-1.277362582E-01-1.339315332E-01-1.401331593E-01
-1.463300942E-01-1.525102489E-01-1.586606548E-01-1.647676823E-01-1.708172329E-01
-1.767948983E-01-1.826860965E-01-1.884763219E-01-1.941514911E-01-1.996980210E-01
-2.051026334E-01-2.103525251E-01-2.154357273E-01-2.203410002E-01-2.250577093E-01
-2.295757566E-01-2.338855564E-01-2.379780568E-01-2.418447835E-01-2.454777246E-01
-2.488691966E-01-2.520117864E-01-2.548985182E-01-2.575226182E-01-2.598777272E-01
-2.619577455E-01-2.637567499E-01-2.652695028E-01-2.664907466E-01-2.674158445E-01
-2.680404768E-01-2.683607346E-01-2.683731771E-01-2.680747896E-01-2.674629862E-01
-2.665356045E-01-2.652908827E-01-2.637274319E-01-2.618442072E-01-2.596404730E-01
-2.571157736E-01-2.542698808E-01-2.511027903E-01-2.476150158E-01-2.438069477E-01
-2.396792361E-01-2.352330256E-01-2.304703809E-01-2.253927981E-01-2.200018414E-01
-2.143037391E-01-2.083008141E-01-2.019973755E-01-1.954006875E-01-1.885190069E-01
-1.813597408E-01-1.739315521E-01-1.662444669E-01-1.583094021E-01-1.501375421E-01
-1.417392647E-01-1.331241763E-01-1.243010852E-01-1.152774130E-01-1.060591222E-01
-9.665042922E-02-8.705373756E-02-7.726997549E-02-6.729863813E-02-5.713777749E-02
-4.678433261E-02-3.623462386E-02-2.548402382E-02-1.452228043E-02-3.345646937E-03
 7.981988673E-03 1.938609903E-02 3.084994865E-02 4.237012787E-02 5.394146562E-02
 6.555907041E-02 7.721866485E-02 8.891642005E-02 1.006488856E-01 1.124129358E-01
 1.242057516E-01 1.360248007E-01 1.478678035E-01 1.597327023E-01 1.716176337E-01
 1.835209090E-01 1.954409972E-01 2.073764934E-01 2.193261667E-01 2.312892198E-01
 2.432630842E-01 4.516522698E-02 3.973188806E-02 3.429629353E-02 2.885784968E-02
 2.341631772E-02 1.797134275E-02 1.252259386E-02 7.070340339E-03 1.612060290E-03
-3.866592887E-03-9.364527973E-03-1.484941624E-02-2.032017961E-02-2.579334562E-02
-3.128066882E-02-3.678919863E-02-4.232494493E-02-4.789332520E-02-5.349898156E-02
-5.914578239E-02-6.483683058E-02-7.057445076E-02-7.636015969E-02-8.219461669E-02
-8.807757312E-02-9.400783083E-02-9.998318279E-02-1.060003309E-01-1.120548284E-01
-1.181410193E-01-1.242520066E-01-1.303796640E-01-1.365146841E-01-1.426466611E-01
-1.487641696E-01-1.548548594E-01-1.609055766E-01-1.669025745E-01-1.728318097E-01
-1.786791774E-01-1.844305072E-01-1.900715951E-01-1.955885829E-01-2.009682235E-01
-2.061978406E-01-2.112653501E-01-2.161592291E-01-2.208685050E-01-2.253828146E-01
-2.296924647E-01-2.337884001E-01-2.376620241E-01-2.413051596E-01-2.447099747E-01
-2.478691586E-01-2.507756248E-01-2.534227398E-01-2.558041558E-01-2.579136925E-01
-2.597457675E-01-2.612949944E-01-2.625562839E-01-2.635250018E-01-2.641968917E-01
-2.645680605E-01-2.646350520E-01-2.643948229E-01-2.638447360E-01-2.629825538E-01
-2.618064236E-01-2.603148551E-01-2.585066948E-01-2.563810988E-01-2.539375106E-01
-2.511756351E-01-2.480954823E-01-2.446973085E-01-2.409814922E-01-2.369489436E-01
-2.326008859E-01-2.279396386E-01-2.229653335E-01-2.176835816E-01-2.120955450E-01
-2.062055737E-01-2.000212889E-01-1.935474279E-01-1.867905601E-01-1.797593623E-01
-1.724642706E-01-1.649150280E-01-1.571212899E-01-1.490932435E-01-1.408412959E-01
-1.323754164E-01-1.237046440E-01-1.148362224E-01-1.057757117E-01-9.652726778E-02
-8.709328403E-02-7.747466013E-02-6.767101937E-02-5.768065024E-02-4.750081664E-02
-3.712824321E-02-2.655892252E-02-1.578399202E-02-4.796652689E-03 6.355330746E-03
 1.760115663E-02 2.892154333E-02 4.031146726E-02 5.176465820E-02 6.327517294E-02
 7.483773583E-02 8.644759174E-02 9.810046056E-02 1.097925083E-01 1.215202897E-01
 1.332807004E-01 1.450709353E-01 1.568884560E-01 1.687309515E-01 1.805963087E-01
 1.924826058E-01 2.043880855E-01 2.163112115E-01 2.282509874E-01 2.402042118E-01
 4.791041901E-02 4.249015420E-02 3.706738196E-02 3.164144342E-02 2.621207808E-02
 2.077892101E-02 1.534153984E-02 9.899703475E-03 4.453547935E-03-1.003795456E-03
-6.488218700E-03-1.197354158E-02-1.744029750E-02-2.289961401E-02-2.836649038E-02
-3.384957653E-02-3.935497309E-02-4.488820430E-02-5.045409718E-02-5.605669639E-02
-6.169928884E-02-6.738441213E-02-7.311383392E-02-7.888849791E-02-8.470847844E-02
-9.057291940E-02-9.647996231E-02-1.024266963E-01-1.084091173E-01-1.144220992E-01
-1.204593751E-01-1.265135082E-01-1.325758813E-01-1.386367211E-01-1.446851950E-01
-1.507095816E-01-1.566974741E-01-1.626358417E-01-1.685110410E-01-1.743090321E-01
-1.800157522E-01-1.856173264E-01-1.911001470E-01-1.964509810E-01-2.016569984E-01
-2.067058241E-01-2.115856611E-01-2.162853775E-01-2.207945476E-01-2.251033719E-01
-2.292025612E-01-2.330832842E-01-2.367371984E-01-2.401565258E-01-2.433337631E-01
-2.462619124E-01-2.489343054E-01-2.513445495E-01-2.534865207E-01-2.553548507E-01
-2.569439571E-01-2.582489765E-01-2.592652293E-01-2.599885233E-01-2.604149813E-01
-2.605411264E-01-2.603638899E-01-2.598805825E-01-2.590889013E-01-2.579869116E-01
-2.565730293E-01-2.548460047E-01-2.528049007E-01-2.504490775E-01-2.477781745E-01
-2.447921207E-01-2.414911417E-01-2.378756998E-01-2.339466750E-01-2.297054523E-01
-2.251538846E-01-2.202938190E-01-2.151288802E-01-2.096612971E-01-2.038979551E-01
-1.978417237E-01-1.914995871E-01-1.848807784E-01-1.779922958E-01-1.708426325E-01
-1.634415939E-01-1.558003596E-01-1.479296493E-01-1.398388435E-01-1.315369137E-01
-1.230321163E-01-1.143318818E-01-1.054421505E-01-9.636732785E-02-8.710986019E-02
-7.767054954E-02-6.804912101E-02-5.824407721E-02-4.825294499E-02-3.807274490E-02
-2.769990002E-02-1.712690455E-02-6.345217413E-03 4.612303266E-03 1.568160487E-02
 2.684198684E-02 3.808659224E-02 4.940777740E-02 6.079834701E-02 7.225192291E-02
 8.376280600E-02 9.532589448E-02 1.069366163E-01 1.185908345E-01 1.302847877E-01
 1.420150516E-01 1.537785235E-01 1.655724036E-01 1.773941541E-01 1.892414690E-01
 2.011122298E-01 2.130045818E-01 2.249173274E-01 2.368465529E-01 5.090031609E-02
 4.549451630E-02 4.008598662E-02 3.467402009E-02 2.925835064E-02 2.383861416E-02
 1.841438379E-02 1.298523899E-02 7.551281996E-03 2.110609695E-03-3.349019383E-03
-8.828224498E-03-1.429497335E-02-1.974465330E-02-2.519266809E-02-3.065092299E-02
-3.612624139E-02-4.162420628E-02-4.714985578E-02-5.270746933E-02-5.830055423E-02
-6.393186193E-02-6.960335557E-02-7.531618511E-02-8.107066583E-02-8.686623450E-02
-9.270142027E-02-9.857379229E-02-1.044798885E-01-1.104151541E-01-1.163738860E-01
-1.223492396E-01-1.283332673E-01-1.343170212E-01-1.402905674E-01-1.462429645E-01
-1.521622809E-01-1.580358395E-01-1.638505071E-01-1.695928559E-01-1.752493042E-01
-1.808062518E-01-1.862501657E-01-1.915676999E-01-1.967458784E-01-2.017722313E-01
-2.066349222E-01-2.113227542E-01-2.158250987E-01-2.201318929E-01-2.242335436E-01
-2.281210928E-01-2.317861569E-01-2.352206893E-01-2.384172257E-01-2.413686625E-01
-2.440683190E-01-2.465095751E-01-2.486867767E-01-2.505942005E-01-2.522263997E-01
-2.535785760E-01-2.546460451E-01-2.554246426E-01-2.559105001E-01-2.561001231E-01
-2.559904175E-01-2.555786473E-01-2.548624508E-01-2.538398195E-01-2.525090884E-01
-2.508689254E-01-2.489183138E-01-2.466565432E-01-2.440832016E-01-2.411981716E-01
-2.380016575E-01-2.344942324E-01-2.306768181E-01-2.265507542E-01-2.221177961E-01
-2.173804427E-01-2.123415903E-01-2.070058049E-01-2.013765150E-01-1.954599555E-01
-1.892632583E-01-1.827919601E-01-1.760552155E-01-1.690635209E-01-1.618253599E-01
-1.543501272E-01-1.466477871E-01-1.387287383E-01-1.306027406E-01-1.222776344E-01
-1.137599596E-01-1.050550359E-01-9.616695576E-02-8.709859755E-02-7.785125562E-02
-6.842500358E-02-5.881855526E-02-4.902959832E-02-3.905541863E-02-2.889280851E-02
-1.853560920E-02-7.974744743E-03 2.769851037E-03 1.364345580E-02 2.462616785E-02
 3.570936125E-02 4.688379780E-02 5.814095683E-02 6.947331016E-02 8.087411343E-02
 9.233728331E-02 1.038573215E-01 1.154292642E-01 1.270486333E-01 1.387113902E-01
 1.504138914E-01 1.621528437E-01 1.739252410E-01 1.857283312E-01 1.975595649E-01
 2.094167049E-01 2.212983137E-01 2.331997053E-01 5.412871222E-02 4.873878973E-02
 4.334601974E-02 3.794967958E-02 3.254950538E-02 2.714512481E-02 2.173611754E-02
 1.632200577E-02 1.090242390E-02 5.477463025E-03 4.230434621E-05-5.416863241E-03
-1.088218033E-02-1.632835912E-02-2.176146936E-02-2.719670784E-02-3.264331385E-02
-3.810712484E-02-4.359326302E-02-4.910619356E-02-5.464959818E-02-6.022640089E-02
-6.583877211E-02-7.148813683E-02-7.717513710E-02-8.289957856E-02-8.866037731E-02
-9.445548739E-02-1.002818781E-01-1.061355129E-01-1.120113745E-01-1.179034411E-01
-1.238046096E-01-1.297066114E-01-1.356000446E-01-1.414745434E-01-1.473189607E-01
-1.531214594E-01-1.588696344E-01-1.645506190E-01-1.701511928E-01-1.756579280E-01
-1.810574010E-01-1.863363725E-01-1.914819729E-01-1.964817984E-01-2.013239513E-01
-2.059970357E-01-2.104901786E-01-2.147929859E-01-2.188958073E-01-2.227895413E-01
-2.264654756E-01-2.299155674E-01-2.331321556E-01-2.361081397E-01-2.388364898E-01
-2.413108749E-01-2.435255925E-01-2.454746416E-01-2.471528450E-01-2.485553054E-01
-2.496773775E-01-2.505148813E-01-2.510639525E-01-2.513210798E-01-2.512831396E-01
-2.509473589E-01-2.503113168E-01-2.493729435E-01-2.481305068E-01-2.465826051E-01
-2.447281581E-01-2.425663996E-01-2.400968813E-01-2.373194739E-01-2.342343861E-01
-2.308421909E-01-2.271439041E-01-2.231409146E-01-2.188351082E-01-2.142292747E-01
-2.093261817E-01-2.041303413E-01-1.986461902E-01-1.928797828E-01-1.868364674E-01
-1.805252769E-01-1.739536941E-01-1.671296195E-01-1.600634791E-01-1.527660658E-01
-1.452460849E-01-1.375124729E-01-1.295740066E-01-1.214390168E-01-1.131147965E-01
-1.046068109E-01-9.591867857E-02-8.705284434E-02-7.801040710E-02-6.879161732E-02
-5.939576324E-02-4.982108980E-02-4.006527518E-02-3.012538912E-02-1.999637889E-02
-9.669384322E-03 8.460281658E-04 1.150517325E-02 2.229234206E-02 3.319752711E-02
 4.420970588E-02 5.531908751E-02 6.651700411E-02 7.779557496E-02 8.914764402E-02
 1.005667650E-01 1.120471417E-01 1.235835306E-01 1.351711776E-01 1.468057606E-01
 1.584833564E-01 1.702004029E-01 1.819536655E-01 1.937401745E-01 2.055573411E-01
 2.174035102E-01 2.292731464E-01 5.758987831E-02 5.221756845E-02 4.684238313E-02
 4.146358961E-02 3.608091499E-02 3.069397195E-02 2.530232729E-02 1.990550291E-02
 1.450296545E-02 9.094495230E-03 3.679516161E-03-1.750198220E-03-7.202913262E-03
-1.264943940E-02-1.807489656E-02-2.349109836E-02-2.891127897E-02-3.434275018E-02
-3.979068137E-02-4.525970699E-02-5.075378533E-02-5.627611306E-02-6.182913644E-02
-6.741454132E-02-7.303320819E-02-7.868520848E-02-8.436978657E-02-9.008535906E-02
-9.582950906E-02-1.015988856E-01-1.073891139E-01-1.131946843E-01-1.190090030E-01
-1.248244670E-01-1.306325545E-01-1.364238344E-01-1.421880341E-01-1.479140813E-01
-1.535901833E-01-1.592039436E-01-1.647425527E-01-1.701929744E-01-1.755421394E-01
-1.807771217E-01-1.858852297E-01-1.908540670E-01-1.956716509E-01-2.003263816E-01
-2.048071221E-01-2.091035135E-01-2.132056784E-01-2.171041563E-01-2.207902322E-01
-2.242555873E-01-2.274925361E-01-2.304936445E-01-2.332517594E-01-2.357609414E-01
-2.380149476E-01-2.400078442E-01-2.417345606E-01-2.431900566E-01-2.443697562E-01
-2.452694247E-01-2.458851935E-01-2.462135288E-01-2.462512723E-01-2.459956138E-01
-2.454440847E-01-2.445945583E-01-2.434452491E-01-2.419947012E-01-2.402417853E-01
-2.381856983E-01-2.358259693E-01-2.331624718E-01-2.301954370E-01-2.269254724E-01
-2.233536354E-01-2.194814902E-01-2.153110761E-01-2.108450456E-01-2.060865066E-01
-2.010400590E-01-1.957105082E-01-1.901030815E-01-1.842250634E-01-1.780831499E-01
-1.716854209E-01-1.650419696E-01-1.581606254E-01-1.510505010E-01-1.437219926E-01
-1.361848927E-01-1.284467844E-01-1.205149104E-01-1.123958210E-01-1.040950700E-01
-9.561704135E-02-8.696450100E-02-7.813862270E-02-6.913948250E-02-5.996632814E-02
-5.061758379E-02-4.109137807E-02-3.138534342E-02-2.149562858E-02-1.141399663E-02
-1.142340136E-03 9.283879051E-03 1.985735043E-02 3.056794103E-02 4.140266093E-02
 5.235019177E-02 6.340043975E-02 7.454425201E-02 8.577343368E-02 9.708066697E-02
 1.084593371E-01 1.199033840E-01 1.314072809E-01 1.429660218E-01 1.545750677E-01
 1.662302805E-01 1.779278879E-01 1.896644085E-01 2.014367891E-01 2.132430641E-01
 2.250767589E-01 6.127916215E-02 5.592626169E-02 5.057050172E-02 4.521114135E-02
 3.984789022E-02 3.448033730E-02 2.910801575E-02 2.373042131E-02 1.834699322E-02
 1.295717164E-02 7.560844278E-03 2.155993343E-03-3.267736425E-03-8.707246691E-03
-1.413209595E-02-1.953625080E-02-2.493349156E-02-3.033500576E-02-3.574690520E-02
-4.117391624E-02-4.662022680E-02-5.208925670E-02-5.758365158E-02-6.310531742E-02
-6.865543614E-02-7.423450447E-02-7.984226144E-02-8.547762298E-02-9.113857501E-02
-9.682212107E-02-1.025243108E-01-1.082402734E-01-1.139642352E-01-1.196894801E-01
-1.254083562E-01-1.311122556E-01-1.367916420E-01-1.424361073E-01-1.480345029E-01
-1.535750842E-01-1.590456637E-01-1.644337969E-01-1.697269009E-01-1.749123713E-01
-1.799776768E-01-1.849105196E-01-1.896987955E-01-1.943308018E-01-1.987955544E-01
-2.030824346E-01-2.071812244E-01-2.110824935E-01-2.147772082E-01-2.182569584E-01
-2.215138280E-01-2.245399367E-01-2.273285945E-01-2.298734816E-01-2.321680213E-01
-2.342065289E-01-2.359837945E-01-2.374946556E-01-2.387345899E-01-2.396992873E-01
-2.403848645E-01-2.407877542E-01-2.409047577E-01-2.407330260E-01-2.402700459E-01
-2.395136461E-01-2.384619963E-01-2.371135986E-01-2.354672911E-01-2.335222497E-01
-2.312779967E-01-2.287344147E-01-2.258917737E-01-2.227507471E-01-2.193124565E-01
-2.155785471E-01-2.115512526E-01-2.072332275E-01-2.026279678E-01-1.977398506E-01
-1.925737798E-01-1.871352098E-01-1.814309088E-01-1.754686438E-01-1.692561757E-01
-1.628015231E-01-1.561143259E-01-1.492041603E-01-1.420788480E-01-1.347472629E-01
-1.272184035E-01-1.194999507E-01-1.115974266E-01-1.035157203E-01-9.525882564E-02
-8.682957361E-02-7.822978818E-02-6.945995711E-02-6.051962282E-02-5.140743648E-02
-4.212164518E-02-3.266005152E-02-2.301966254E-02-1.319343145E-02-3.178782347E-03
 6.997988260E-03 1.733934813E-02 2.783792235E-02 3.847924266E-02 4.925019363E-02
 6.013916714E-02 7.113575705E-02 8.223063525E-02 9.341536009E-02 1.046822466E-01
 1.160243394E-01 1.274353899E-01 1.389097740E-01 1.504423516E-01 1.620283907E-01
 1.736635542E-01 1.853438536E-01 1.970657870E-01 2.088270917E-01 2.206202567E-01
 6.519179801E-02 5.985995815E-02 5.452527046E-02 4.918696601E-02 4.384472120E-02
 3.849810140E-02 3.314662973E-02 2.778981430E-02 2.242714533E-02 1.705807008E-02
 1.168212864E-02 6.299231531E-03 9.057771187E-04-4.508172843E-03-9.929465244E-03
-1.533065550E-02-2.071206156E-02-2.608760146E-02-3.146668887E-02-3.685454433E-02
-4.225540560E-02-4.767296364E-02-5.311022781E-02-5.856950329E-02-6.405237175E-02
-6.955965441E-02-7.509132391E-02-8.064652931E-02-8.622360215E-02-9.182009062E-02
-9.743272904E-02-1.030573890E-01-1.086890477E-01-1.143217334E-01-1.199485093E-01
-1.255614730E-01-1.311518214E-01-1.367099299E-01-1.422254463E-01-1.476874231E-01
-1.530844332E-01-1.584046643E-01-1.636360141E-01-1.687662612E-01-1.737831564E-01
-1.786744319E-01-1.834281158E-01-1.880328011E-01-1.924772772E-01-1.967506682E-01
-2.008428693E-01-2.047441449E-01-2.084453008E-01-2.119378407E-01-2.152132696E-01
-2.182638475E-01-2.210830241E-01-2.236638131E-01-2.259996147E-01-2.280848759E-01
-2.299141538E-01-2.314822149E-01-2.327845144E-01-2.338166563E-01-2.345747296E-01
-2.350551212E-01-2.352545857E-01-2.351702324E-01-2.347995002E-01-2.341401863E-01
-2.331904211E-01-2.319486752E-01-2.304137666E-01-2.285848635E-01-2.264614959E-01
-2.240435716E-01-2.213314047E-01-2.183257325E-01-2.150277701E-01-2.114392419E-01
-2.075624456E-01-2.034003207E-01-1.989563488E-01-1.942348699E-01-1.892410795E-01
-1.839804502E-01-1.784593634E-01-1.726858707E-01-1.666673036E-01-1.604123305E-01
-1.539291313E-01-1.472265565E-01-1.403140829E-01-1.331997125E-01-1.258904602E-01
-1.183937498E-01-1.107162701E-01-1.028630687E-01-9.483733242E-02-8.664166126E-02
-7.827782559E-02-6.974657046E-02-6.104790469E-02-5.218093706E-02-4.314424854E-02
-3.393603198E-02-2.455395201E-02-1.499219672E-02-5.246091831E-03 4.666972700E-03
 1.475800114E-02 2.502674815E-02 3.545811008E-02 4.603690659E-02 5.675013985E-02
 6.758621390E-02 7.853453041E-02 8.958540317E-02 1.007300980E-01 1.119607654E-01
 1.232702872E-01 1.346521728E-01 1.461004925E-01 1.576098804E-01 1.691754869E-01
 1.807928650E-01 1.924580786E-01 2.041685888E-01 2.159157817E-01 6.932215052E-02
 6.401261891E-02 5.870021047E-02 5.338415251E-02 4.806414091E-02 4.273977945E-02
 3.741063981E-02 3.207627381E-02 2.673621469E-02 2.138995986E-02 1.603693860E-02
 1.067676754E-02 5.309267733E-03-7.053605221E-05-5.470663472E-03-1.087046233E-02
-1.624653172E-02-2.160310843E-02-2.695343623E-02-3.230565199E-02-3.766446774E-02
-4.303382153E-02-4.841707376E-02-5.381678202E-02-5.923469403E-02-6.467181279E-02
-7.012841767E-02-7.560411057E-02-8.109777023E-02-8.660751856E-02-9.213068040E-02
-9.766372333E-02-1.032022233E-01-1.087408315E-01-1.142732914E-01-1.197924648E-01
-1.252903723E-01-1.307582526E-01-1.361866422E-01-1.415654304E-01-1.468839325E-01
-1.521309682E-01-1.572950489E-01-1.623643872E-01-1.673269659E-01-1.721709286E-01
-1.768847562E-01-1.814569136E-01-1.858760850E-01-1.901316442E-01-1.942132616E-01
-1.981110096E-01-2.018157553E-01-2.053184708E-01-2.086104335E-01-2.116843664E-01
-2.145330838E-01-2.171492517E-01-2.195264330E-01-2.216589179E-01-2.235410344E-01
-2.251675380E-01-2.265337824E-01-2.276352729E-01-2.284680514E-01-2.290284453E-01
-2.293131541E-01-2.293192391E-01-2.290440953E-01-2.284854833E-01-2.276415017E-01
-2.265106008E-01-2.250915877E-01-2.233836324E-01-2.213862813E-01-2.190994779E-01
-2.165235862E-01-2.136594114E-01-2.105082565E-01-2.070719391E-01-2.033528414E-01
-1.993539758E-01-1.950790189E-01-1.905323135E-01-1.857189469E-01-1.806444778E-01
-1.753155826E-01-1.697396512E-01-1.639242570E-01-1.578767534E-01-1.516067008E-01
-1.451218321E-01-1.384302872E-01-1.315404900E-01-1.244602328E-01-1.171955338E-01
-1.097519106E-01-1.021346868E-01-9.434800625E-02-8.639444048E-02-7.827518815E-02
-6.999112774E-02-6.154251689E-02-5.292886424E-02-4.414913653E-02-3.520190639E-02
-2.608531973E-02-1.679502367E-02-7.325932044E-03 2.312062487E-03 1.213427264E-02
 2.215455257E-02 3.235886607E-02 4.272964225E-02 5.325237225E-02 6.391400841E-02
 7.470258024E-02 8.560731479E-02 9.661854729E-02 1.077274410E-01 1.189258631E-01
 1.302064312E-01 1.415624779E-01 1.529879499E-01 1.644773156E-01 1.760254465E-01
 1.876278456E-01 1.992816874E-01 2.109772614E-01 7.366310542E-02 6.837685311E-02
 6.308779144E-02 5.779519068E-02 5.249877838E-02 4.719818609E-02 4.189300315E-02
 3.658278557E-02 3.126706143E-02 2.594534153E-02 2.061710434E-02 1.528179863E-02
 9.939198804E-03 4.589040776E-03-7.743869792E-04-6.156245378E-03-1.153148057E-02
-1.688041342E-02-2.220948047E-02-2.753120504E-02-3.285283364E-02-3.817850076E-02
-4.351160459E-02-4.885494227E-02-5.421059647E-02-5.957998404E-02-6.496384001E-02
-7.036221168E-02-7.577443175E-02-8.119907379E-02-8.663392330E-02-9.207593734E-02
-9.752124240E-02-1.029651345E-01-1.084020849E-01-1.138257501E-01-1.192290086E-01
-1.246039800E-01-1.299420493E-01-1.352338968E-01-1.404696025E-01-1.456387534E-01
-1.507304096E-01-1.557332322E-01-1.606358938E-01-1.654271380E-01-1.700954641E-01
-1.746294370E-01-1.790181711E-01-1.832509610E-01-1.873173184E-01-1.912075206E-01
-1.949120886E-01-1.984215450E-01-2.017275648E-01-2.048227389E-01-2.076991929E-01
-2.103495224E-01-2.127674238E-01-2.149468808E-01-2.168819879E-01-2.185675148E-01
-2.199986640E-01-2.211708311E-01-2.220799857E-01-2.227223809E-01-2.230946510E-01
-2.231937991E-01-2.230171798E-01-2.225625114E-01-2.218278614E-01-2.208116660E-01
-2.195127260E-01-2.179302187E-01-2.160637143E-01-2.139131937E-01-2.114790759E-01
-2.087622330E-01-2.057640403E-01-2.024864040E-01-1.989318041E-01-1.951033089E-01
-1.910046412E-01-1.866402163E-01-1.820151022E-01-1.771349751E-01-1.720061610E-01
-1.666357877E-01-1.610315287E-01-1.552003012E-01-1.491507203E-01-1.428911803E-01
-1.364294947E-01-1.297726830E-01-1.229280780E-01-1.159024975E-01-1.087013257E-01
-1.013286437E-01-9.378822015E-02-8.608326069E-02-7.821572062E-02-7.018632650E-02
-6.199497476E-02-5.364154979E-02-4.512551983E-02-3.644588114E-02-2.760124838E-02
-1.858851120E-02-9.402165105E-03-4.638145851E-05 9.489987774E-03 1.924311463E-02
 2.920282587E-02 3.934902500E-02 4.966567419E-02 6.013826728E-02 7.075355038E-02
 8.149959939E-02 9.236553703E-02 1.033413936E-01 1.144181593E-01 1.255877155E-01
 1.368426269E-01 1.481760131E-01 1.595815870E-01 1.710535807E-01 1.825869541E-01
 1.941785143E-01 2.058172523E-01 7.820731132E-02 7.294546381E-02 6.768096309E-02
 6.241310886E-02 5.714161906E-02 5.186611337E-02 4.658618456E-02 4.130140946E-02
 3.601135446E-02 3.071560048E-02 2.541373615E-02 2.010532756E-02 1.478992981E-02
 9.467445424E-03 4.137350644E-03-1.206357709E-03-6.565871475E-03-1.191459546E-02
-1.723514680E-02-2.253452586E-02-2.782436584E-02-3.311115623E-02-3.839860975E-02
-4.368981515E-02-4.898730080E-02-5.429289414E-02-5.960771568E-02-6.493217540E-02
-7.026596590E-02-7.560803521E-02-8.095658742E-02-8.630908034E-02-9.166222159E-02
-9.701196233E-02-1.023535001E-01-1.076812809E-01-1.129889895E-01-1.182695504E-01
-1.235151329E-01-1.287172673E-01-1.338668480E-01-1.389540834E-01-1.439686718E-01
-1.489001875E-01-1.537380191E-01-1.584710925E-01-1.630882322E-01-1.675786348E-01
-1.719315282E-01-1.761361479E-01-1.801823527E-01-1.840603368E-01-1.877601578E-01
-1.912724940E-01-1.945893970E-01-1.977027443E-01-2.006043677E-01-2.032869529E-01
-2.057440975E-01-2.079694899E-01-2.099570345E-01-2.117014631E-01-2.131978057E-01
-2.144413451E-01-2.154279532E-01-2.161537931E-01-2.166154225E-01-2.168097775E-01
-2.167341648E-01-2.163862552E-01-2.157640877E-01-2.148660802E-01-2.136910285E-01
-2.122381193E-01-2.105069487E-01-2.084975326E-01-2.062103361E-01-2.036462966E-01
-2.008068537E-01-1.976939858E-01-1.943102311E-01-1.906587161E-01-1.867431979E-01
-1.825680558E-01-1.781383392E-01-1.734597054E-01-1.685383504E-01-1.633810934E-01
-1.579950657E-01-1.523875609E-01-1.465660158E-01-1.405391515E-01-1.343133854E-01
-1.278969732E-01-1.212957428E-01-1.145157402E-01-1.075627097E-01-1.004412316E-01
-9.315444896E-02-8.570483207E-02-7.809460906E-02-7.032529752E-02-6.239734441E-02
-5.431041311E-02-4.606378354E-02-3.765693782E-02-2.908919762E-02-2.035865284E-02
-1.145963335E-02-2.392535417E-03 6.845185851E-03 1.631360941E-02 2.601150404E-02
 3.591682058E-02 4.601153355E-02 5.627987503E-02 6.670755639E-02 7.728147913E-02
 8.798951527E-02 9.882067101E-02 1.097650042E-01 1.208133954E-01 1.319574651E-01
 1.431896135E-01 1.545029592E-01 1.658911237E-01 1.773484131E-01 1.888711943E-01
 2.004470695E-01 8.294794297E-02 7.771151986E-02 7.247257029E-02 6.723041747E-02
 6.198478848E-02 5.673532973E-02 5.148168993E-02 4.622352756E-02 4.096049550E-02
 3.569224113E-02 3.041840500E-02 2.513858445E-02 1.985232163E-02 1.455916388E-02
 9.259025144E-03 3.951259014E-03-1.369675299E-03-6.703793240E-03-1.202408020E-02
-1.731404032E-02-2.258041280E-02-2.783430478E-02-3.308193199E-02-3.832674345E-02
-4.357150186E-02-4.881839657E-02-5.406889625E-02-5.932373560E-02-6.458294535E-02
-6.984586732E-02-7.511115948E-02-8.037679572E-02-8.564005862E-02-9.089753932E-02
-9.614511727E-02-1.013779449E-01-1.065904249E-01-1.117762356E-01-1.169283993E-01
-1.220392215E-01-1.271002423E-01-1.321024489E-01-1.370365895E-01-1.418930134E-01
-1.466614336E-01-1.513313089E-01-1.558922872E-01-1.603338874E-01-1.646454216E-01
-1.688166120E-01-1.728375244E-01-1.766980448E-01-1.803882005E-01-1.838992652E-01
-1.872230214E-01-1.903507807E-01-1.932743482E-01-1.959865424E-01-1.984806832E-01
-2.007502004E-01-2.027888938E-01-2.045913782E-01-2.061525001E-01-2.074674341E-01
-2.085319329E-01-2.093420546E-01-2.098942698E-01-2.101854390E-01-2.102128085E-01
-2.099739932E-01-2.094670036E-01-2.086902314E-01-2.076424646E-01-2.063228965E-01
-2.047311403E-01-2.028672418E-01-2.007317077E-01-1.983255198E-01-1.956501715E-01
-1.927076811E-01-1.895006235E-01-1.860321542E-01-1.823060314E-01-1.783265917E-01
-1.740987780E-01-1.696281268E-01-1.649206847E-01-1.599829324E-01-1.548217224E-01
-1.494442805E-01-1.438575174E-01-1.380693442E-01-1.320866923E-01-1.259155699E-01
-1.195634190E-01-1.130356707E-01-1.063366705E-01-9.947115834E-02-9.244300135E-02
-8.525461459E-02-7.790759356E-02-7.040326654E-02-6.274276984E-02-5.492654509E-02
-4.695422948E-02-3.882506261E-02-3.053830244E-02-2.209304077E-02-1.348470745E-02
-4.712489703E-03 4.220918783E-03 1.338810316E-02 2.280597844E-02 3.245375372E-02
 4.231091060E-02 5.236020673E-02 6.258598999E-02 7.297383965E-02 8.351068521E-02
 9.418468623E-02 1.049848892E-01 1.159011422E-01 1.269242395E-01 1.380458090E-01
 1.492581371E-01 1.605540431E-01 1.719272553E-01 1.833738688E-01 1.948800862E-01
 8.787763595E-02 8.266729811E-02 7.745457341E-02 7.223884730E-02 6.701991003E-02
 6.179748115E-02 5.657126313E-02 5.134095720E-02 4.610623415E-02 4.086671806E-02
 3.562202250E-02 3.037176577E-02 2.511557875E-02 1.985313609E-02 1.458420157E-02
 9.308903388E-03 4.026714575E-03-1.267282319E-03-6.572261077E-03-1.186170907E-02
-1.711898070E-02-2.234975221E-02-2.756467644E-02-3.276982328E-02-3.796833302E-02
-4.316256136E-02-4.835431032E-02-5.354469398E-02-5.873413937E-02-6.392241809E-02
-6.910865338E-02-7.429132874E-02-7.946827719E-02-8.463666534E-02-8.979297488E-02
-9.493297732E-02-1.000517883E-01-1.051438638E-01-1.102029101E-01-1.152218656E-01
-1.201931268E-01-1.251087669E-01-1.299603095E-01-1.347385255E-01-1.394338157E-01
-1.440366088E-01-1.485370599E-01-1.529249267E-01-1.571901340E-01-1.613228893E-01
-1.653132020E-01-1.691508965E-01-1.728265451E-01-1.763317611E-01-1.796577355E-01
-1.827956482E-01-1.857374195E-01-1.884758908E-01-1.910040926E-01-1.933152224E-01
-1.954030503E-01-1.972620276E-01-1.988868084E-01-2.002724675E-01-2.014146251E-01
-2.023092226E-01-2.029526336E-01-2.033416346E-01-2.034733994E-01-2.033454776E-01
-2.029558407E-01-2.023028493E-01-2.013852769E-01-2.002023108E-01-1.987535708E-01
-1.970391223E-01-1.950594924E-01-1.928156944E-01-1.903092430E-01-1.875421758E-01
-1.845170829E-01-1.812371045E-01-1.777059505E-01-1.739278901E-01-1.699077352E-01
-1.656508416E-01-1.611630394E-01-1.564505447E-01-1.515199098E-01-1.463778708E-01
-1.410312196E-01-1.354870221E-01-1.297523593E-01-1.238324242E-01-1.177340117E-01
-1.114622452E-01-1.050225821E-01-9.841822416E-02-9.165262857E-02-8.472901234E-02
-7.764945332E-02-7.041486499E-02-6.302603797E-02-5.548365554E-02-4.778822039E-02
-3.993962648E-02-3.193730073E-02-2.378039140E-02-1.546529188E-02-6.990576756E-03
 1.638976543E-03 1.048952808E-02 1.960895928E-02 2.898197502E-02 3.858516643E-02
 4.839992974E-02 5.840922692E-02 6.859732393E-02 7.894998581E-02 8.945417503E-02
 1.000979108E-01 1.108703473E-01 1.217615569E-01 1.327622880E-01 1.438639770E-01
 1.550587566E-01 1.663397268E-01 1.777025138E-01 1.891316857E-01 9.298839390E-02
 8.780471629E-02 8.261890886E-02 7.743043187E-02 7.223910280E-02 6.704465957E-02
 6.184678313E-02 5.664513656E-02 5.143938331E-02 4.622919029E-02 4.101425483E-02
 3.579435256E-02 3.056930184E-02 2.533894059E-02 2.010310455E-02 1.486163668E-02
 9.614666804E-03 4.361713212E-03-9.016198566E-04-6.174529370E-03-1.143156816E-02
-1.665487357E-02-2.184810310E-02-2.702140378E-02-3.218085935E-02-3.732936777E-02
-4.246893751E-02-4.760108279E-02-5.272668463E-02-5.784596825E-02-6.295852633E-02
-6.806332088E-02-7.315868067E-02-7.824228137E-02-8.331114911E-02-8.836171155E-02
-9.338974543E-02-9.839027823E-02-1.033576186E-01-1.082855801E-01-1.131675981E-01
-1.179964651E-01-1.227641689E-01-1.274622563E-01-1.320821811E-01-1.366150144E-01
-1.410512757E-01-1.453814261E-01-1.495961104E-01-1.536857476E-01-1.576403872E-01
-1.614502881E-01-1.651067797E-01-1.686012611E-01-1.719246149E-01-1.750681507E-01
-1.780239992E-01-1.807848914E-01-1.833436472E-01-1.856932898E-01-1.878275919E-01
-1.897408342E-01-1.914274827E-01-1.928825227E-01-1.941014375E-01-1.950800466E-01
-1.958146200E-01-1.963018406E-01-1.965387980E-01-1.965229710E-01-1.962522819E-01
-1.957250478E-01-1.949400122E-01-1.938963444E-01-1.925936563E-01-1.910320110E-01
-1.892119371E-01-1.871344530E-01-1.848010719E-01-1.822138221E-01-1.793752631E-01
-1.762884805E-01-1.729571045E-01-1.693852886E-01-1.655776879E-01-1.615394373E-01
-1.572761136E-01-1.527936417E-01-1.480982170E-01-1.431962435E-01-1.380941056E-01
-1.327981909E-01-1.273152085E-01-1.216506852E-01-1.158097458E-01-1.097986180E-01
-1.036206107E-01-9.728082683E-02-9.078219549E-02-8.412663315E-02-7.731678854E-02
-7.035456634E-02-6.324073562E-02-5.597552048E-02-4.855943646E-02-4.099289359E-02
-3.327612189E-02-2.540892513E-02-1.738886782E-02-9.212237314E-03-8.830316917E-04
 7.638915114E-03 1.644272746E-02 2.552431017E-02 3.485725189E-02 4.442144060E-02
 5.419880183E-02 6.417260263E-02 7.432742628E-02 8.464896347E-02 9.512420856E-02
 1.057413153E-01 1.164893376E-01 1.273582676E-01 1.383389980E-01 1.494230192E-01
 1.606026882E-01 1.718731786E-01 1.832174391E-01 9.827256533E-02 9.311621276E-02
 8.795801567E-02 8.279745960E-02 7.763431071E-02 7.246827701E-02 6.729905939E-02
 6.212637247E-02 5.694998683E-02 5.176973761E-02 4.658548150E-02 4.139709303E-02
 3.620445164E-02 3.100741340E-02 2.580581850E-02 2.059949556E-02 1.538829916E-02
 1.017238662E-02 4.951426080E-03-2.784178437E-04-5.516491417E-03-1.073952568E-02
-1.592759076E-02-2.108133798E-02-2.621030528E-02-3.132087076E-02-3.641591506E-02
-4.149720316E-02-4.656602779E-02-5.162308961E-02-5.666844011E-02-6.170149320E-02
-6.672102593E-02-7.172522223E-02-7.671169350E-02-8.167741027E-02-8.661861694E-02
-9.153091006E-02-9.640945128E-02-1.012489900E-01-1.060435876E-01-1.107864973E-01
-1.154705053E-01-1.200882283E-01-1.246318319E-01-1.290928312E-01-1.334624929E-01
-1.377321615E-01-1.418929233E-01-1.459354019E-01-1.498500284E-01-1.536279300E-01
-1.572608165E-01-1.607397581E-01-1.640557637E-01-1.672003989E-01-1.701659960E-01
-1.729451538E-01-1.755305672E-01-1.779151938E-01-1.800927986E-01-1.820575140E-01
-1.838036463E-01-1.853261036E-01-1.866202387E-01-1.876817511E-01-1.885068058E-01
-1.890919849E-01-1.894342861E-01-1.895311149E-01-1.893803283E-01-1.889801887E-01
-1.883293909E-01-1.874270706E-01-1.862728106E-01-1.848666508E-01-1.832090991E-01
-1.813011429E-01-1.791442634E-01-1.767404460E-01-1.740921813E-01-1.712024662E-01
-1.680748111E-01-1.647132068E-01-1.611221154E-01-1.573064289E-01-1.532714234E-01
-1.490227035E-01-1.445660937E-01-1.399075828E-01-1.350532450E-01-1.300090129E-01
-1.247808523E-01-1.193742331E-01-1.137939839E-01-1.080455541E-01-1.021330875E-01
-9.605986379E-02-8.982951555E-02-8.344508411E-02-7.690778306E-02-7.021931843E-02
-6.338148180E-02-5.639519030E-02-4.926055644E-02-4.197776427E-02-3.454730932E-02
-2.696968907E-02-1.924402373E-02-1.136557026E-02-3.337396906E-03 4.855158753E-03
 1.332893695E-02 2.210233539E-02 3.114932952E-02 4.044747923E-02 4.997763824E-02
 5.972215163E-02 6.966457360E-02 7.978969441E-02 9.008359776E-02 1.005332717E-01
 1.111267789E-01 1.218532651E-01 1.327027414E-01 1.436658543E-01 1.547344433E-01
 1.659034873E-01 1.771542540E-01 1.037228353E-01 9.859419498E-02 9.346386443E-02
 8.833135580E-02 8.319645927E-02 7.805894692E-02 7.291865328E-02 6.777545178E-02
 6.262923144E-02 5.747989465E-02 5.232733823E-02 4.717143040E-02 4.201203254E-02
 3.684900962E-02 3.168222924E-02 2.651156297E-02 2.133687348E-02 1.615808474E-02
 1.097545867E-02 5.788922383E-03 5.954120775E-04-4.604410849E-03-9.791246203E-03
-1.494258932E-02-2.005515106E-02-2.513752730E-02-3.019660182E-02-3.523546669E-02
-4.025570546E-02-4.525838054E-02-5.024399604E-02-5.521241892E-02-6.016293468E-02
-6.509424709E-02-7.000441570E-02-7.489080749E-02-7.975021220E-02-8.457903645E-02
-8.937325068E-02-9.412812311E-02-9.883814299E-02-1.034973380E-01-1.080995263E-01
-1.126380471E-01-1.171055380E-01-1.214942500E-01-1.257964181E-01-1.300039992E-01
-1.341084381E-01-1.381007589E-01-1.419721839E-01-1.457147030E-01-1.493199836E-01
-1.527791031E-01-1.560834297E-01-1.592248963E-01-1.621959734E-01-1.649892020E-01
-1.675972275E-01-1.700130666E-01-1.722304677E-01-1.742434526E-01-1.760462171E-01
-1.776336087E-01-1.790008659E-01-1.801435801E-01-1.810578159E-01-1.817400538E-01
-1.821871978E-01-1.823965792E-01-1.823659693E-01-1.820935655E-01-1.815779983E-01
-1.808183518E-01-1.798141570E-01-1.785654045E-01-1.770725507E-01-1.753365263E-01
-1.733587464E-01-1.711411102E-01-1.686860042E-01-1.659962986E-01-1.630753391E-01
-1.599269227E-01-1.565552815E-01-1.529650357E-01-1.491611441E-01-1.451488452E-01
-1.409335997E-01-1.365209674E-01-1.319165832E-01-1.271260626E-01-1.221547994E-01
-1.170079633E-01-1.116902603E-01-1.062062503E-01-1.005606331E-01-9.475590134E-02
-8.879587921E-02-8.268250390E-02-7.641887394E-02-7.000629602E-02-6.344539795E-02
-5.673782143E-02-4.988470253E-02-4.288637432E-02-3.574286346E-02-2.845475968E-02
-2.102217705E-02-1.344122730E-02-5.713991519E-03 2.159041532E-03 1.029005860E-02
 1.873754056E-02 2.748260859E-02 3.649954643E-02 4.576775806E-02 5.526842880E-02
 6.498409330E-02 7.489875951E-02 8.499759436E-02 9.526674653E-02 1.056935386E-01
 1.162661578E-01 1.269736230E-01 1.378057977E-01 1.487538087E-01 1.598121380E-01
 1.709602339E-01 1.093312012E-01 1.042301799E-01 9.912762732E-02 9.402316433E-02
 8.891672005E-02 8.380820047E-02 7.869751965E-02 7.358459894E-02 6.846934543E-02
 6.335163970E-02 5.823136183E-02 5.310839275E-02 4.798261275E-02 4.285389857E-02
 3.772211988E-02 3.258717756E-02 2.744902903E-02 2.230770025E-02 1.716332586E-02
 1.201635643E-02 6.867033326E-03 1.713320822E-03-3.444616328E-03-8.592601226E-03
-1.370577123E-02-1.877617335E-02-2.381057469E-02-2.881636581E-02-3.379708682E-02
-3.875421130E-02-4.368856936E-02-4.860053717E-02-5.348989774E-02-5.835575409E-02
-6.319653981E-02-6.801016365E-02-7.279417806E-02-7.754567651E-02-8.226104977E-02
-8.693595217E-02-9.156559793E-02-9.614497638E-02-1.006685977E-01-1.051302589E-01
-1.095232810E-01-1.138408933E-01-1.180760474E-01-1.222211597E-01-1.262681281E-01
-1.302086564E-01-1.340350178E-01-1.377396356E-01-1.413141318E-01-1.447499782E-01
-1.480389926E-01-1.511735190E-01-1.541461521E-01-1.569494830E-01-1.595761909E-01
-1.620194532E-01-1.642730213E-01-1.663308530E-01-1.681870935E-01-1.698365546E-01
-1.712743880E-01-1.724960975E-01-1.734976605E-01-1.742754630E-01-1.748263193E-01
-1.751474845E-01-1.752366308E-01-1.750918794E-01-1.747117876E-01-1.740953659E-01
-1.732420705E-01-1.721518141E-01-1.708249732E-01-1.692623921E-01-1.674653810E-01
-1.654357196E-01-1.631756537E-01-1.606878874E-01-1.579755706E-01-1.550422758E-01
-1.518919611E-01-1.485289430E-01-1.449578491E-01-1.411835525E-01-1.372111096E-01
-1.330456936E-01-1.286924854E-01-1.241566677E-01-1.194432780E-01-1.145571016E-01
-1.095025656E-01-1.042839232E-01-9.890525403E-02-9.336991817E-02-8.768016146E-02
-8.183944057E-02-7.584906686E-02-6.971149358E-02-6.342837394E-02-5.700007405E-02
-5.042762789E-02-4.371238084E-02-3.685501763E-02-2.985582061E-02-2.271505509E-02
-1.543035894E-02-8.000665753E-03-4.325834027E-04 7.346880183E-03 1.545194380E-02
 2.387915945E-02 3.259926526E-02 4.159037776E-02 5.083271686E-02 6.030769444E-02
 6.999821198E-02 7.988843920E-02 8.996385846E-02 1.002110193E-01 1.106173118E-01
 1.211710969E-01 1.318614894E-01 1.426787108E-01 1.536167671E-01 1.646532267E-01
 1.150891811E-01 1.100157363E-01 1.049411392E-01 9.986514930E-02 9.478774117E-02
 8.970885255E-02 8.462839481E-02 7.954626110E-02 7.446234682E-02 6.937654600E-02
 6.428875005E-02 5.919883979E-02 5.410667813E-02 4.901214819E-02 4.391517656E-02
 3.881575675E-02 3.371396305E-02 2.860994896E-02 2.350394464E-02 1.839628768E-02
 1.328759340E-02 8.178402592E-03 3.067784435E-03-2.044759072E-03-7.150737010E-03
-1.222419938E-02-1.725216370E-02-2.223807377E-02-2.718948714E-02-3.211069095E-02
-3.700331759E-02-4.186803379E-02-4.670494645E-02-5.151356911E-02-5.629291376E-02
-6.104161955E-02-6.575783105E-02-7.043898840E-02-7.508183559E-02-7.968269921E-02
-8.423767577E-02-8.874239624E-02-9.319179082E-02-9.758026380E-02-1.019020660E-01
-1.061511919E-01-1.103211003E-01-1.144047044E-01-1.183944995E-01-1.222831710E-01
-1.260638541E-01-1.297290857E-01-1.332707611E-01-1.366809202E-01-1.399519107E-01
-1.430764631E-01-1.460473432E-01-1.488572905E-01-1.514991267E-01-1.539662494E-01
-1.562524606E-01-1.583517097E-01-1.602581577E-01-1.619666132E-01-1.634721778E-01
-1.647702976E-01-1.658568830E-01-1.667282414E-01-1.673811073E-01-1.678126570E-01
-1.680204616E-01-1.680025640E-01-1.677574330E-01-1.672839847E-01-1.665815805E-01
-1.656500335E-01-1.644896117E-01-1.631010379E-01-1.614854875E-01-1.596445886E-01
-1.575804102E-01-1.552954595E-01-1.527926562E-01-1.500753068E-01-1.471470750E-01
-1.440119676E-01-1.406742541E-01-1.371384227E-01-1.334091352E-01-1.294911546E-01
-1.253892629E-01-1.211081911E-01-1.166526222E-01-1.120269458E-01-1.072353620E-01
-1.022817715E-01-9.716979695E-02-9.190297228E-02-8.648349415E-02-8.091421252E-02
-7.519733683E-02-6.933446010E-02-6.332699720E-02-5.717696876E-02-5.088506460E-02
-4.445167320E-02-3.787817397E-02-3.116564490E-02-2.431472836E-02-1.732393950E-02
-1.018912021E-02-2.918326090E-03 4.516231737E-03 1.226696322E-02 2.036041840E-02
 2.876855086E-02 3.746750801E-02 4.643658116E-02 5.565643534E-02 6.510899352E-02
 7.477740702E-02 8.464618838E-02 9.470093437E-02 1.049284085E-01 1.153163516E-01
 1.258531223E-01 1.365283529E-01 1.473357745E-01 1.582508621E-01 1.209892905E-01
 1.159438150E-01 1.108976464E-01 1.058506271E-01 1.008026977E-01 9.575376581E-02
 9.070373826E-02 8.565252008E-02 8.060001198E-02 7.554609728E-02 7.049063352E-02
 6.543349083E-02 6.037457252E-02 5.531383658E-02 5.025130812E-02 4.518707665E-02
 4.012130251E-02 3.505422739E-02 2.998618795E-02 2.491761974E-02 1.984905411E-02
 1.478121568E-02 9.714893620E-03 4.650046414E-03-4.144545441E-04-5.474177441E-03
-1.050587142E-02-1.549139607E-02-2.042913739E-02-2.532598699E-02-3.018713661E-02
-3.501449779E-02-3.980851778E-02-4.456921095E-02-4.929629368E-02-5.398895599E-02
-5.864566056E-02-6.326419257E-02-6.784192981E-02-7.237601211E-02-7.686312736E-02
-8.129928594E-02-8.567994444E-02-9.000035412E-02-9.425554041E-02-9.844001669E-02
-1.025477468E-01-1.065721933E-01-1.105066633E-01-1.143449032E-01-1.180804810E-01
-1.217060917E-01-1.252142064E-01-1.285974635E-01-1.318487865E-01-1.349612691E-01
-1.379279232E-01-1.407417130E-01-1.433957265E-01-1.458836080E-01-1.481992709E-01
-1.503367184E-01-1.522901952E-01-1.540545470E-01-1.556248692E-01-1.569965865E-01
-1.581655706E-01-1.591280732E-01-1.598807640E-01-1.604207440E-01-1.607454916E-01
-1.608529697E-01-1.607415499E-01-1.604100339E-01-1.598576752E-01-1.590841670E-01
-1.580896439E-01-1.568746786E-01-1.554402862E-01-1.537879107E-01-1.519194166E-01
-1.498370797E-01-1.475435602E-01-1.450418784E-01-1.423353938E-01-1.394277724E-01
-1.363229056E-01-1.330249136E-01-1.295380593E-01-1.258666868E-01-1.220151809E-01
-1.179878781E-01-1.137890314E-01-1.094227975E-01-1.048929366E-01-1.002031447E-01
-9.535684162E-02-9.035709090E-02-8.520656271E-02-7.990738683E-02-7.446237668E-02
-6.887265586E-02-6.314029745E-02-5.726608473E-02-5.125197911E-02-4.509912311E-02
-3.880785891E-02-3.237920871E-02-2.581470402E-02-1.911423421E-02-1.227281802E-02
-5.296274330E-03 1.815339708E-03 9.203417798E-03 1.694707625E-02 2.502851541E-02
 3.342061199E-02 4.210180939E-02 5.105209861E-02 6.025245410E-02 6.968529844E-02
 7.933426523E-02 8.918402762E-02 9.922049727E-02 1.094305249E-01 1.198018252E-01
 1.303235700E-01 1.409891687E-01 1.517720777E-01 1.270252894E-01 1.220081525E-01
 1.169907070E-01 1.119728339E-01 1.069544590E-01 1.019354978E-01 9.691585811E-02
 9.189542464E-02 8.687405089E-02 8.185159724E-02 7.682794914E-02 7.180303699E-02
 6.677684770E-02 6.174942131E-02 5.672085448E-02 5.169130929E-02 4.666102683E-02
 4.163034719E-02 3.659969959E-02 3.156958476E-02 2.654056736E-02 2.151329437E-02
 1.648857651E-02 1.146741431E-02 6.450298050E-03 1.436057814E-03-3.572423884E-03
-8.559665483E-03-1.350272889E-02-1.839353722E-02-2.323640922E-02-2.803721205E-02
-3.279879053E-02-3.752202799E-02-4.220700127E-02-4.685316162E-02-5.145934474E-02
-5.602397021E-02-6.054519019E-02-6.502070395E-02-6.944755125E-02-7.382219894E-02
-7.814085943E-02-8.239954735E-02-8.659380429E-02-9.071862224E-02-9.476848824E-02
-9.873751766E-02-1.026200326E-01-1.064105355E-01-1.101027859E-01-1.136899017E-01
-1.171650342E-01-1.205214468E-01-1.237526183E-01-1.268520115E-01-1.298129561E-01
-1.326287066E-01-1.352927246E-01-1.377989190E-01-1.401413743E-01-1.423142122E-01
-1.443118263E-01-1.461291439E-01-1.477613008E-01-1.492037420E-01-1.504523337E-01
-1.515033013E-01-1.523532708E-01-1.529992792E-01-1.534387317E-01-1.536695041E-01
-1.536898655E-01-1.534985042E-01-1.530945530E-01-1.524775653E-01-1.516475222E-01
-1.506048305E-01-1.493503158E-01-1.478852132E-01-1.462111618E-01-1.443301803E-01
-1.422446515E-01-1.399572929E-01-1.374711427E-01-1.347895046E-01-1.319159091E-01
-1.288540899E-01-1.256079025E-01-1.221813072E-01-1.185782791E-01-1.148027838E-01
-1.108586884E-01-1.067497655E-01-1.024796521E-01-9.805156768E-02-9.346877358E-02
-8.873415951E-02-8.385033857E-02-7.881939089E-02-7.364364349E-02-6.832524131E-02
-6.286507327E-02-5.726522720E-02-5.152657978E-02-4.565051149E-02-3.963861450E-02
-3.349156054E-02-2.721017210E-02-2.079561337E-02-1.424461342E-02-7.557085328E-03
-7.435531615E-04 6.279467216E-03 1.365933159E-02 2.139996327E-02 2.947096215E-02
 3.784979776E-02 4.651604233E-02 5.545007916E-02 6.463354567E-02 7.404910837E-02
 8.368077015E-02 9.351365668E-02 1.035337710E-01 1.137280618E-01 1.240849170E-01
 1.345974477E-01 1.452372437E-01 1.331910762E-01 1.282023216E-01 1.232135756E-01
 1.182247718E-01 1.132358214E-01 1.082466092E-01 1.032569860E-01 9.826680498E-02
 9.327593807E-02 8.828429435E-02 8.329183073E-02 7.829854839E-02 7.330449381E-02
 6.830976586E-02 6.331452856E-02 5.831903315E-02 5.332361832E-02 4.832868900E-02
 4.333470663E-02 3.834219843E-02 3.335177059E-02 2.836410843E-02 2.337997732E-02
 1.840026884E-02 1.342608047E-02 8.458319593E-03 3.496772575E-03-1.457383153E-03
-6.396390711E-03-1.129557414E-02-1.614036195E-02-2.093055188E-02-2.567206910E-02
-3.036900712E-02-3.502253945E-02-3.963244843E-02-4.419809406E-02-4.871863708E-02
-5.319279579E-02-5.761862803E-02-6.199358962E-02-6.631482435E-02-7.057929202E-02
-7.478352266E-02-7.892349691E-02-8.299470981E-02-8.699219251E-02-9.091089595E-02
-9.474608842E-02-9.849264720E-02-1.021445859E-01-1.056956635E-01-1.091396873E-01
-1.124705655E-01-1.156822870E-01-1.187687093E-01-1.217235341E-01-1.245403700E-01
-1.272131157E-01-1.297359723E-01-1.321032474E-01-1.343092433E-01-1.363485600E-01
-1.382162510E-01-1.399075398E-01-1.414179348E-01-1.427433346E-01-1.438799714E-01
-1.448244533E-01-1.455737714E-01-1.461252811E-01-1.464767689E-01-1.466264071E-01
-1.465727762E-01-1.463148789E-01-1.458521185E-01-1.451843104E-01-1.443116809E-01
-1.432348487E-01-1.419548251E-01-1.404730019E-01-1.387911299E-01-1.369112959E-01
-1.348359065E-01-1.325676638E-01-1.301095123E-01-1.274646191E-01-1.246363209E-01
-1.216280997E-01-1.184435099E-01-1.150861466E-01-1.115596014E-01-1.078674069E-01
-1.040129693E-01-9.999959885E-02-9.583045000E-02-9.150831526E-02-8.703603213E-02
-8.241602238E-02-7.765048444E-02-7.274142311E-02-6.769097855E-02-6.250053138E-02
-5.717153474E-02-5.170555140E-02-4.610381079E-02-4.036722783E-02-3.449758402E-02
-2.849605192E-02-2.236345772E-02-1.609811986E-02-9.695823137E-03-3.169072212E-03
 3.508085278E-03 1.051667368E-02 1.790256609E-02 2.563916509E-02 3.370186069E-02
 4.206987320E-02 5.072331311E-02 5.964326303E-02 6.881180012E-02 7.821215946E-02
 8.782849165E-02 9.764617322E-02 1.076514407E-01 1.178319322E-01 1.281804328E-01
 1.386663432E-01 1.394802643E-01 1.345197412E-01 1.295594958E-01 1.245994660E-01
 1.196394872E-01 1.146794063E-01 1.097190856E-01 1.047584180E-01 9.979733671E-02
 9.483581236E-02 8.987385198E-02 8.491150423E-02 7.994887088E-02 7.498612703E-02
 7.002353478E-02 6.506142008E-02 6.010015742E-02 5.514017191E-02 5.018195158E-02
 4.522605571E-02 4.027311256E-02 3.532382083E-02 3.037894744E-02 2.543934075E-02
 2.050596262E-02 1.558000798E-02 1.066279410E-02 5.755035525E-03 8.568664313E-04
-4.027006010E-03-8.879218354E-03-1.367907303E-02-1.841967071E-02-2.310438384E-02
-2.773799067E-02-3.232264796E-02-3.685874738E-02-4.134589335E-02-4.578310702E-02
-5.016884785E-02-5.450120774E-02-5.877807750E-02-6.299694921E-02-6.715476341E-02
-7.124798010E-02-7.527258142E-02-7.922425330E-02-8.309889943E-02-8.689239311E-02
-9.059981464E-02-9.421564762E-02-9.773434418E-02-1.011503439E-01-1.044581733E-01
-1.076522987E-01-1.107269983E-01-1.136763784E-01-1.164944687E-01-1.191756248E-01
-1.217143720E-01-1.241052828E-01-1.263428955E-01-1.284220640E-01-1.303380107E-01
-1.320860927E-01-1.336619243E-01-1.350614750E-01-1.362810178E-01-1.373171716E-01
-1.381669059E-01-1.388275494E-01-1.392968064E-01-1.395727718E-01-1.396539228E-01
-1.395391232E-01-1.392276315E-01-1.387190944E-01-1.380135419E-01-1.371113843E-01
-1.360133983E-01-1.347207148E-01-1.332348097E-01-1.315574709E-01-1.296907872E-01
-1.276371157E-01-1.253990474E-01-1.229793854E-01-1.203810853E-01-1.176072568E-01
-1.146610638E-01-1.115457423E-01-1.082645039E-01-1.048205527E-01-1.012170029E-01
-9.745683174E-02-9.354292020E-02-8.947800063E-02-8.526453185E-02-8.090494305E-02
-7.640132032E-02-7.175555621E-02-6.696960353E-02-6.204529494E-02-5.698369300E-02
-5.178667112E-02-4.645522918E-02-4.099095559E-02-3.539472689E-02-2.966813741E-02
-2.381292659E-02-1.782839649E-02-1.170890701E-02-5.463035407E-03 9.028377382E-04
 7.536905937E-03 1.455413928E-02 2.194405303E-02 2.967808343E-02 3.773464394E-02
 4.609373973E-02 5.473616867E-02 6.364368128E-02 7.279896567E-02 8.218560963E-02
 9.178823805E-02 1.015920948E-01 1.115842630E-01 1.217572736E-01 1.320782623E-01
 1.458865116E-01 1.409538569E-01 1.360215958E-01 1.310896546E-01 1.261578668E-01
 1.212261112E-01 1.162943033E-01 1.113623897E-01 1.064303464E-01 1.014981824E-01
 9.656594932E-02 9.163375847E-02 8.670180514E-02 8.177034837E-02 7.683969231E-02
 7.191018086E-02 6.698220673E-02 6.205622209E-02 5.713274015E-02 5.221233005E-02
 4.729561275E-02 4.238326615E-02 3.747603889E-02 3.257477260E-02 2.768043931E-02
 2.279420406E-02 1.791751834E-02 1.305206093E-02 8.199208809E-03 3.359318021E-03
-1.465230699E-03-6.266497079E-03-1.102091444E-02-1.571424447E-02-2.034492255E-02
-2.491754547E-02-2.943580330E-02-3.390070593E-02-3.831173911E-02-4.266784022E-02
-4.696780344E-02-5.121009198E-02-5.539261828E-02-5.951278735E-02-6.356753612E-02
-6.755337789E-02-7.146682355E-02-7.530456470E-02-7.906277573E-02-8.273682268E-02
-8.632181569E-02-8.981284516E-02-9.320498241E-02-9.649331291E-02-9.967276377E-02
-1.027380519E-01-1.056837061E-01-1.085042379E-01-1.111944493E-01-1.137492174E-01
-1.161634136E-01-1.184318583E-01-1.205496959E-01-1.225123559E-01-1.243153687E-01
-1.259544938E-01-1.274258078E-01-1.287256592E-01-1.298507080E-01-1.307979309E-01
-1.315646518E-01-1.321485110E-01-1.325475463E-01-1.327601379E-01-1.327850200E-01
-1.326213121E-01-1.322684914E-01-1.317263960E-01-1.309952229E-01-1.300755122E-01
-1.289681361E-01-1.276742905E-01-1.261954652E-01-1.245334258E-01-1.226901995E-01
-1.206680267E-01-1.184693505E-01-1.160967618E-01-1.135530008E-01-1.108408671E-01
-1.079632304E-01-1.049229730E-01-1.017229494E-01-9.836598192E-02-9.485479927E-02
-9.119199384E-02-8.738006486E-02-8.342138802E-02-7.931814890E-02-7.507242075E-02
-7.068606265E-02-6.616079908E-02-6.149840457E-02-5.670036448E-02-5.176796456E-02
-4.670300684E-02-4.150632519E-02-3.617961011E-02-3.072394997E-02-2.514080483E-02
-1.943132727E-02-1.359115743E-02-7.619816951E-03-1.534328313E-03 4.734220381E-03
 1.137258827E-02 1.840329571E-02 2.579659891E-02 3.352957110E-02 4.158172923E-02
 4.993350103E-02 5.856640982E-02 6.746286027E-02 7.660613499E-02 8.598032050E-02
 9.557010827E-02 1.053618872E-01 1.153475913E-01 1.254921892E-01 1.524033339E-01
 1.474977970E-01 1.425926956E-01 1.376879868E-01 1.327835486E-01 1.278793069E-01
 1.229752142E-01 1.180712483E-01 1.131674203E-01 1.082637898E-01 1.033604923E-01
 9.845772963E-02 9.355574798E-02 8.865482600E-02 8.375527945E-02 7.885747231E-02
 7.396182246E-02 6.906879653E-02 6.417890453E-02 5.929268919E-02 5.441074351E-02
 4.953372018E-02 4.466236514E-02 3.979755594E-02 3.494034914E-02 3.009200201E-02
 2.525393971E-02 2.042769784E-02 1.561490675E-02 1.081720598E-02 6.035630812E-03
 1.271178020E-03-3.471132808E-03-8.176399395E-03-1.282375855E-02-1.740473019E-02
-2.192068103E-02-2.637570715E-02-3.077193069E-02-3.510961007E-02-3.938811899E-02
-4.360625675E-02-4.776235998E-02-5.185433295E-02-5.587959927E-02-5.983535165E-02
-6.371896596E-02-6.752761349E-02-7.125766822E-02-7.490496379E-02-7.846526610E-02
-8.193425572E-02-8.530761103E-02-8.858092279E-02-9.174957168E-02-9.480871925E-02
-9.775332908E-02-1.005784311E-01-1.032792551E-01-1.058510501E-01-1.082890103E-01
-1.105882748E-01-1.127443034E-01-1.147527632E-01-1.166093926E-01-1.183101296E-01
-1.198511921E-01-1.212290355E-01-1.224403909E-01-1.234822722E-01-1.243520187E-01
-1.250472365E-01-1.255659214E-01-1.259063677E-01-1.260672030E-01-1.260474150E-01
-1.258463196E-01-1.254635726E-01-1.248991608E-01-1.241533937E-01-1.232268930E-01
-1.221205751E-01-1.208356402E-01-1.193735434E-01-1.177359837E-01-1.159248626E-01
-1.139422796E-01-1.117904738E-01-1.094718265E-01-1.069887919E-01-1.043438888E-01
-1.015396829E-01-9.857870627E-02-9.546348541E-02-9.219648294E-02-8.878008551E-02
-8.521654975E-02-8.150804695E-02-7.765665502E-02-7.366432272E-02-6.953285805E-02
-6.526395509E-02-6.085922201E-02-5.632023088E-02-5.164826727E-02-4.684490302E-02
-4.191158806E-02-3.684944724E-02-3.165993506E-02-2.634454073E-02-2.090442574E-02
-1.533744071E-02-9.638327859E-03-3.823090499E-03 2.117706902E-03 8.375603264E-03
 1.503448906E-02 2.207523328E-02 2.947248746E-02 3.720563709E-02 4.525466799E-02
 5.360047089E-02 6.222510356E-02 7.111165095E-02 8.024392476E-02 8.960630664E-02
 9.918469687E-02 1.089709014E-01 1.189275745E-01 1.590239203E-01 1.541446085E-01
 1.492657891E-01 1.443874629E-01 1.395095399E-01 1.346319716E-01 1.297547376E-01
 1.248778560E-01 1.200014093E-01 1.151255496E-01 1.102504737E-01 1.053764076E-01
 1.005036053E-01 9.563235866E-02 9.076300519E-02 8.589592774E-02 8.103154670E-02
 7.617030879E-02 7.131268414E-02 6.645918570E-02 6.161038470E-02 5.676694318E-02
 5.192965193E-02 4.709947101E-02 4.227753822E-02 3.746513074E-02 3.266357379E-02
 2.787421538E-02 2.309853676E-02 1.833831492E-02 1.359563439E-02 8.872457653E-03
 4.169961678E-03-5.092959422E-04-5.159450286E-03-9.759980723E-03-1.429459538E-02
-1.875858454E-02-2.315448994E-02-2.748596562E-02-3.175438509E-02-3.595934048E-02
-4.009961063E-02-4.417349570E-02-4.817897590E-02-5.211408226E-02-5.597686216E-02
-5.976475281E-02-6.347443742E-02-6.710234446E-02-7.064483737E-02-7.409817997E-02
-7.745860371E-02-8.072216977E-02-8.388470727E-02-8.694181891E-02-8.988891943E-02
-9.272156058E-02-9.543538651E-02-9.802602694E-02-1.004890150E-01-1.028198343E-01
-1.050142753E-01-1.070682663E-01-1.089777811E-01-1.107389636E-01-1.123482012E-01
-1.138020850E-01-1.150974445E-01-1.162313593E-01-1.172012061E-01-1.180045900E-01
-1.186394759E-01-1.191040953E-01-1.193969928E-01-1.195170336E-01-1.194633911E-01
-1.192355501E-01-1.188333013E-01-1.182567348E-01-1.175062308E-01-1.165824430E-01
-1.154862923E-01-1.142189357E-01-1.127817569E-01-1.111763393E-01-1.094044477E-01
-1.074679864E-01-1.053689983E-01-1.031096076E-01-1.006920052E-01-9.811844339E-02
-9.539116122E-02-9.251239019E-02-8.948434827E-02-8.630917837E-02-8.298896659E-02
-7.952568463E-02-7.592122986E-02-7.217743094E-02-6.829603966E-02-6.427867767E-02
-6.012689049E-02-5.584219985E-02-5.142599950E-02-4.687960801E-02-4.220464812E-02
-3.740228619E-02-3.247396391E-02-2.742096793E-02-2.224508791E-02-1.694530449E-02
-1.151564870E-02-5.963780006E-03-3.065149713E-04 5.576326493E-03 1.185337099E-02
 1.853136491E-02 2.558162451E-02 3.298349369E-02 4.071750387E-02 4.876428639E-02
 5.710516351E-02 6.572262379E-02 7.460020481E-02 8.372208395E-02 9.307393834E-02
 1.026477019E-01 1.124037687E-01 1.657416376E-01 1.608876766E-01 1.560342773E-01
 1.511814692E-01 1.463291820E-01 1.414773983E-01 1.366261556E-01 1.317755617E-01
 1.269257708E-01 1.220769656E-01 1.172293505E-01 1.123831586E-01 1.075386603E-01
 1.026961674E-01 9.785602665E-02 9.301861091E-02 8.818430123E-02 8.335350237E-02
 7.852665491E-02 7.370426016E-02 6.888690783E-02 6.407531304E-02 5.927034905E-02
 5.447304136E-02 4.968452777E-02 4.490597185E-02 4.013856154E-02 3.538360688E-02
 3.064264817E-02 2.591750905E-02 2.121024758E-02 1.652302918E-02 1.185794960E-02
 7.216515756E-03 2.600044123E-03-1.987075492E-03-6.535805497E-03-1.102456749E-02
-1.544146027E-02-1.978450087E-02-2.405646102E-02-2.825993851E-02-3.239538801E-02
-3.646186191E-02-4.045799787E-02-4.438255706E-02-4.823399789E-02-5.200999282E-02
-5.570770835E-02-5.932420207E-02-6.285638816E-02-6.630110636E-02-6.965508909E-02
-7.291484706E-02-7.607665183E-02-7.913653941E-02-8.209039699E-02-8.493427508E-02
-8.766422421E-02-9.027625585E-02-9.276625064E-02-9.513005321E-02-9.736379251E-02
-9.946367449E-02-1.014259280E-01-1.032469245E-01-1.049232439E-01-1.064516368E-01
-1.078290558E-01-1.090526724E-01-1.101199213E-01-1.110284380E-01-1.117761698E-01
-1.123613160E-01-1.127823594E-01-1.130380574E-01-1.131274626E-01-1.130499066E-01
-1.128050015E-01-1.123926374E-01-1.118129666E-01-1.110664017E-01-1.101535937E-01
-1.090754248E-01-1.078329839E-01-1.064275492E-01-1.048605743E-01-1.031336484E-01
-1.012484941E-01-9.920692238E-02-9.701081758E-02-9.466213206E-02-9.216282617E-02
-8.951485905E-02-8.672019850E-02-8.378076602E-02-8.069843875E-02-7.747504318E-02
-7.411231161E-02-7.061191563E-02-6.697547776E-02-6.320459518E-02-5.930075566E-02
-5.526537747E-02-5.109987784E-02-4.680557592E-02-4.238388831E-02-3.783629617E-02
-3.316388027E-02-2.836830105E-02-2.345093794E-02-1.841237172E-02-1.324764068E-02
-7.954822080E-03-2.556966962E-03 2.981737437E-03 8.874594999E-03 1.517995109E-02
 2.187376347E-02 2.893359927E-02 3.634052480E-02 4.407576476E-02 5.212076287E-02
 6.045745247E-02 6.906858174E-02 7.793778146E-02 8.705056057E-02 9.639908772E-02
 1.059417267E-01 1.725502490E-01 1.677207579E-01 1.628918850E-01 1.580636902E-01
 1.532361469E-01 1.484093198E-01 1.435833266E-01 1.387583137E-01 1.339344457E-01
 1.291119079E-01 1.242909157E-01 1.194717196E-01 1.146546045E-01 1.098398805E-01
 1.050278680E-01 1.002188877E-01 9.541328341E-02 9.061143394E-02 8.581377962E-02
 8.102084796E-02 7.623328748E-02 7.145189191E-02 6.667758548E-02 6.191137801E-02
 5.715428825E-02 5.240736124E-02 4.767176423E-02 4.294888539E-02 3.824036573E-02
 3.354802225E-02 2.887372056E-02 2.421932362E-02 1.958683988E-02 1.497853127E-02
 1.039682062E-02 5.843405870E-03 1.320414025E-03-3.167324984E-03-7.607477068E-03
-1.198025030E-02-1.627640987E-02-2.049499398E-02-2.463854234E-02-2.870896587E-02
-3.270669577E-02-3.663126646E-02-4.048133337E-02-4.425486203E-02-4.794960092E-02
-5.156319633E-02-5.509312259E-02-5.853677015E-02-6.189134053E-02-6.515378513E-02
-6.832081154E-02-7.138888230E-02-7.435437723E-02-7.721380993E-02-7.996363220E-02
-8.260023360E-02-8.511984615E-02-8.751868495E-02-8.979321857E-02-9.193994075E-02
-9.395534934E-02-9.583605863E-02-9.757885820E-02-9.918067804E-02-1.006386146E-01
-1.019499539E-01-1.031122088E-01-1.041230735E-01-1.049804943E-01-1.056826692E-01
-1.062280338E-01-1.066152640E-01-1.068433141E-01-1.069113835E-01-1.068189280E-01
-1.065656546E-01-1.061515146E-01-1.055766951E-01-1.048416053E-01-1.039468708E-01
-1.028933055E-01-1.016819085E-01-1.003138382E-01-9.879039073E-02-9.711299440E-02
-9.528316465E-02-9.330249949E-02-9.117266863E-02-8.889536403E-02-8.647229301E-02
-8.390517753E-02-8.119573519E-02-7.834563179E-02-7.535651940E-02-7.223000244E-02
-6.896761590E-02-6.557084886E-02-6.204115465E-02-5.838000864E-02-5.458879754E-02
-5.066884406E-02-4.662146956E-02-4.244796961E-02-3.814978125E-02-3.372821365E-02
-2.918450419E-02-2.452043690E-02-1.973693270E-02-1.483087841E-02-9.796190917E-03
-4.649457435E-03 5.972279304E-04 6.111265396E-03 1.203416159E-02 1.836309544E-02
 2.507196827E-02 3.214157014E-02 3.955369746E-02 4.729033666E-02 5.533377397E-02
 6.366661273E-02 7.227171069E-02 8.113385185E-02 9.024517170E-02 9.956214244E-02
 1.794438293E-01 1.746378935E-01 1.698326398E-01 1.650282037E-01 1.602246424E-01
 1.554220687E-01 1.506206156E-01 1.458204302E-01 1.410216823E-01 1.362245711E-01
 1.314293277E-01 1.266362088E-01 1.218454860E-01 1.170574233E-01 1.122722890E-01
 1.074903714E-01 1.027119972E-01 9.793755343E-02 9.316751378E-02 8.840246810E-02
 8.364313615E-02 7.889035067E-02 7.414500392E-02 6.940798664E-02 6.468022015E-02
 5.996274591E-02 5.525681429E-02 5.056390240E-02 4.588564201E-02 4.122370273E-02
 3.657973300E-02 3.195547137E-02 2.735287755E-02 2.277421395E-02 1.822197322E-02
 1.369866735E-02 9.206463578E-03 4.746920301E-03 3.230988351E-04-4.059820777E-03
-8.386426969E-03-1.263921144E-02-1.681080226E-02-2.090107149E-02-2.491303007E-02
-2.884861403E-02-3.270758485E-02-3.648857171E-02-4.018987661E-02-4.380962706E-02
-4.734585497E-02-5.079646850E-02-5.415913057E-02-5.743123747E-02-6.060992956E-02
-6.369209785E-02-6.667462464E-02-6.955445388E-02-7.232843438E-02-7.499332749E-02
-7.754571830E-02-7.998219632E-02-8.229956672E-02-8.449461658E-02-8.656412160E-02
-8.850494904E-02-9.031411119E-02-9.198873221E-02-9.352607016E-02-9.492354412E-02
-9.617876343E-02-9.728950495E-02-9.825373507E-02-9.906967364E-02-9.973572654E-02
-1.002505215E-01-1.006129308E-01-1.008220474E-01-1.008771944E-01-1.007779216E-01
-1.005240027E-01-1.001154219E-01-9.955237409E-02-9.883524427E-02-9.796460402E-02
-9.694119418E-02-9.576590046E-02-9.443975730E-02-9.296391088E-02-9.133960361E-02
-8.956817110E-02-8.765101659E-02-8.558957851E-02-8.338532763E-02-8.103975787E-02
-7.855437765E-02-7.593066647E-02-7.317008786E-02-7.027409831E-02-6.724411657E-02
-6.408151759E-02-6.078763984E-02-5.736380049E-02-5.381137893E-02-5.013167343E-02
-4.632593933E-02-4.239542891E-02-3.834142609E-02-3.416530452E-02-2.986828529E-02
-2.545193295E-02-2.091768372E-02-1.626399327E-02-1.148440088E-02-6.583227179E-03
-1.587360703E-03 3.570826018E-03 9.107341566E-03 1.506280788E-02 2.141234820E-02
 2.813580556E-02 3.521509322E-02 4.263241599E-02 5.037049500E-02 5.841239594E-02
 6.674115360E-02 7.534117650E-02 8.420412283E-02 9.328410316E-02 1.864167290E-01
 1.816334768E-01 1.768510572E-01 1.720696741E-01 1.672894043E-01 1.625103615E-01
 1.577326795E-01 1.529565150E-01 1.481820521E-01 1.434095012E-01 1.386390897E-01
 1.338710451E-01 1.291055794E-01 1.243429139E-01 1.195832888E-01 1.148269858E-01
 1.100743458E-01 1.053257956E-01 1.005818724E-01 9.584322778E-02 9.111061078E-02
 8.638480638E-02 8.166659212E-02 7.695678170E-02 7.225630612E-02 6.756629374E-02
 6.288807582E-02 5.822311812E-02 5.357291401E-02 4.893893080E-02 4.432271309E-02
 3.972599972E-02 3.515078279E-02 3.059924285E-02 2.607361361E-02 2.157613825E-02
 1.710918833E-02 1.267536609E-02 8.277013106E-03 3.916316954E-03-4.025814309E-04
-4.674638386E-03-8.882832204E-03-1.301243353E-02-1.705806695E-02-2.101976674E-02
-2.489954198E-02-2.869846782E-02-3.241620465E-02-3.605159555E-02-3.960317603E-02
-4.306927871E-02-4.644800523E-02-4.973720171E-02-5.293444493E-02-5.603707416E-02
-5.904247083E-02-6.194798905E-02-6.475087228E-02-6.744824779E-02-7.003705446E-02
-7.251425640E-02-7.487699049E-02-7.712234018E-02-7.924736415E-02-8.124918925E-02
-8.312505931E-02-8.487230399E-02-8.648835688E-02-8.797078572E-02-8.931731336E-02
-9.052581682E-02-9.159430808E-02-9.252104320E-02-9.330442401E-02-9.394305679E-02
-9.443575037E-02-9.478151952E-02-9.497957903E-02-9.502934701E-02-9.493044172E-02
-9.468267622E-02-9.428605014E-02-9.374074236E-02-9.304710476E-02-9.220563916E-02
-9.121699518E-02-9.008195788E-02-8.880142060E-02-8.737638000E-02-8.580792277E-02
-8.409720419E-02-8.224542864E-02-8.025384433E-02-7.812373243E-02-7.585639672E-02
-7.345313702E-02-7.091524341E-02-6.824401084E-02-6.544072834E-02-6.250665927E-02
-5.944304693E-02-5.625110851E-02-5.293205317E-02-4.948717708E-02-4.591769022E-02
-4.222480925E-02-3.840973852E-02-3.447373044E-02-3.041807248E-02-2.624411794E-02
-2.195350802E-02-1.754580855E-02-1.301581610E-02-8.359797610E-03-3.602514458E-03
 1.254926123E-03 6.411826362E-03 1.198570415E-02 1.796810721E-02 2.433683835E-02
 3.107437111E-02 3.816300203E-02 4.558539545E-02 5.332485339E-02 6.136483544E-02
 6.969014422E-02 7.829285335E-02 8.712471829E-02 1.934637365E-01 1.887024626E-01
 1.839421965E-01 1.791831715E-01 1.744254569E-01 1.696691707E-01 1.649144589E-01
 1.601614905E-01 1.554104538E-01 1.506615445E-01 1.459149413E-01 1.411708126E-01
 1.364293366E-01 1.316907136E-01 1.269551857E-01 1.222230542E-01 1.174947046E-01
 1.127706260E-01 1.080514074E-01 1.033377207E-01 9.863025334E-02 9.392968314E-02
 8.923672979E-02 8.455222702E-02 7.987719456E-02 7.521283369E-02 7.056046271E-02
 6.592141923E-02 6.129701001E-02 5.668860634E-02 5.209775089E-02 4.752621960E-02
 4.297596893E-02 3.844900427E-02 3.394729297E-02 2.947287012E-02 2.502800298E-02
 2.061527598E-02 1.623752973E-02 1.189783121E-02 7.598758083E-03 3.342853553E-03
-8.655931842E-04-5.022541569E-03-9.111185361E-03-1.311788270E-02-1.703717424E-02
-2.086871881E-02-2.461443023E-02-2.827549231E-02-3.185175856E-02-3.534223799E-02
-3.874545197E-02-4.205962945E-02-4.528275774E-02-4.841264641E-02-5.144716392E-02
-5.438407269E-02-5.722101329E-02-5.995547671E-02-6.258475791E-02-6.510619485E-02
-6.751725209E-02-6.981531090E-02-7.199771570E-02-7.406185704E-02-7.600521694E-02
-7.782533907E-02-7.951984356E-02-8.108645995E-02-8.252303939E-02-8.382757242E-02
-8.499814217E-02-8.603305195E-02-8.693072778E-02-8.768977553E-02-8.830896243E-02
-8.878725081E-02-8.912377137E-02-8.931783641E-02-8.936893711E-02-8.927673939E-02
-8.904107694E-02-8.866195034E-02-8.813950954E-02-8.747405438E-02-8.666602264E-02
-8.571596878E-02-8.462456354E-02-8.339257588E-02-8.202086807E-02-8.051036798E-02
-7.886206215E-02-7.707699079E-02-7.515623582E-02-7.310090639E-02-7.091212532E-02
-6.859102262E-02-6.613873672E-02-6.355641510E-02-6.084520301E-02-5.800623657E-02
-5.504065293E-02-5.194956734E-02-4.873410213E-02-4.539548089E-02-4.193482333E-02
-3.835332233E-02-3.465214172E-02-3.083248938E-02-2.689568560E-02-2.284324631E-02
-1.867562565E-02-1.438895315E-02-9.977151092E-03-5.452174227E-03-8.420542356E-04
 3.953835904E-03 9.142584308E-03 1.475197261E-02 2.075849942E-02 2.714529786E-02
 3.389604808E-02 4.099352349E-02 4.842072047E-02 5.616107632E-02 6.419976495E-02
 7.252971044E-02 8.110101958E-02 2.005801990E-01 1.958402299E-01 1.911014121E-01
 1.863640023E-01 1.816280732E-01 1.768937540E-01 1.721611991E-01 1.674305732E-01
 1.627020353E-01 1.579757178E-01 1.532517517E-01 1.485302771E-01 1.438114606E-01
 1.390955101E-01 1.343826926E-01 1.296733572E-01 1.249679481E-01 1.202669976E-01
 1.155711054E-01 1.108808709E-01 1.061968843E-01 1.015197828E-01 9.685031440E-02
 9.218940171E-02 8.753812983E-02 8.289768574E-02 7.826926880E-02 7.365404390E-02
 6.905322970E-02 6.446819588E-02 5.990052567E-02 5.535197444E-02 5.082434840E-02
 4.631941146E-02 4.183895571E-02 3.738495000E-02 3.295962246E-02 2.856545026E-02
 2.420515856E-02 1.988173011E-02 1.559832991E-02 1.135807445E-02 7.162995187E-03
 3.015253776E-03-1.080777871E-03-5.121028364E-03-9.088775500E-03-1.297121988E-02
-1.676324261E-02-2.046439154E-02-2.407651522E-02-2.760086089E-02-3.103725379E-02
-3.438462581E-02-3.764139285E-02-4.080578794E-02-4.387610962E-02-4.685052519E-02
-4.972707639E-02-5.250362389E-02-5.517782836E-02-5.774740316E-02-6.021013860E-02
-6.256371600E-02-6.480576834E-02-6.693395360E-02-6.894599689E-02-7.083966289E-02
-7.261276702E-02-7.426321148E-02-7.578898884E-02-7.718821473E-02-7.845906666E-02
-7.959990563E-02-8.060920906E-02-8.148559564E-02-8.222782080E-02-8.283481264E-02
-8.330564510E-02-8.363955047E-02-8.383591780E-02-8.389429329E-02-8.381437271E-02
-8.359599895E-02-8.323915683E-02-8.274396826E-02-8.211067573E-02-8.133963870E-02
-8.043132603E-02-7.938630802E-02-7.820523232E-02-7.688882226E-02-7.543786997E-02
-7.385322320E-02-7.213577561E-02-7.028645291E-02-6.830620928E-02-6.619602056E-02
-6.395687713E-02-6.158978549E-02-5.909576751E-02-5.647584840E-02-5.373105986E-02
-5.086244836E-02-4.787104362E-02-4.475789928E-02-4.152417019E-02-3.817089310E-02
-3.469923176E-02-3.111031512E-02-2.740539450E-02-2.358590180E-02-1.965263981E-02
-1.560323698E-02-1.143131609E-02-7.138059152E-03-2.754805068E-03 1.732777476E-03
 6.543402837E-03 1.177407891E-02 1.741314490E-02 2.344202286E-02 2.984577239E-02
 3.660870574E-02 4.371429285E-02 5.114553521E-02 5.888737899E-02 6.693328483E-02
 7.523193136E-02 2.077617670E-01 2.030423873E-01 1.983242788E-01 1.936077256E-01
 1.888928055E-01 1.841796505E-01 1.794684005E-01 1.747591718E-01 1.700520593E-01
 1.653471602E-01 1.606445831E-01 1.559444649E-01 1.512469837E-01 1.465523771E-01
 1.418609618E-01 1.371731400E-01 1.324893927E-01 1.278102510E-01 1.231362357E-01
 1.184678602E-01 1.138056892E-01 1.091503946E-01 1.045028121E-01 9.986392280E-02
 9.523479627E-02 9.061650900E-02 8.601010007E-02 8.141665325E-02 7.683738550E-02
 7.227370911E-02 6.772720084E-02 6.319949050E-02 5.869216417E-02 5.420680306E-02
 4.974512811E-02 4.530908909E-02 4.090087381E-02 3.652288372E-02 3.217774180E-02
 2.786828032E-02 2.359741096E-02 1.936785719E-02 1.518232207E-02 1.104380924E-02
 6.954769787E-03 2.917859376E-03-1.062715852E-03-4.983913175E-03-8.830034507E-03
-1.258860972E-02-1.625455443E-02-1.982702044E-02-2.330743632E-02-2.669696959E-02
-2.999541568E-02-3.320184065E-02-3.631502759E-02-3.933349321E-02-4.225563569E-02
-4.507967616E-02-4.780364989E-02-5.042565115E-02-5.294380134E-02-5.535608904E-02
-5.766044102E-02-5.985478679E-02-6.193709976E-02-6.390537223E-02-6.575762312E-02
-6.749193717E-02-6.910645988E-02-7.059944237E-02-7.196917706E-02-7.321409337E-02
-7.433274223E-02-7.532376954E-02-7.618594704E-02-7.691818637E-02-7.751953047E-02
-7.798915513E-02-7.832637424E-02-7.853063730E-02-7.860152881E-02-7.853876456E-02
-7.834218949E-02-7.801176555E-02-7.754757478E-02-7.694980834E-02-7.621875478E-02
-7.535479931E-02-7.435840561E-02-7.323011813E-02-7.197054526E-02-7.058035719E-02
-6.906027209E-02-6.741104897E-02-6.563348349E-02-6.372840189E-02-6.169665364E-02
-5.953911061E-02-5.725666980E-02-5.485024449E-02-5.232075728E-02-4.966915355E-02
-4.689640352E-02-4.400346438E-02-4.099132966E-02-3.786108984E-02-3.461370850E-02
-3.125030795E-02-2.777207257E-02-2.418037638E-02-2.047614944E-02-1.665799161E-02
-1.272046857E-02-8.659566494E-03-4.495949491E-03-2.558821998E-04 4.193938499E-03
 9.042842930E-03 1.431055214E-02 1.997650281E-02 2.602627639E-02 3.244569367E-02
 3.921966409E-02 4.633207989E-02 5.376767631E-02 6.151976250E-02 6.953523101E-02
 2.150042889E-01 2.103047673E-01 2.056066239E-01 2.009101643E-01 1.962154585E-01
 1.915226097E-01 1.868316941E-01 1.821427758E-01 1.774559221E-01 1.727712154E-01
 1.680887670E-01 1.634087291E-01 1.587313135E-01 1.540568077E-01 1.493855747E-01
 1.447180489E-01 1.400546969E-01 1.353959684E-01 1.307423105E-01 1.260942235E-01
 1.214523119E-01 1.168173334E-01 1.121901753E-01 1.075718025E-01 1.029631818E-01
 9.836524060E-02 9.377894304E-02 8.920537103E-02 8.464578470E-02 8.010160161E-02
 7.557429519E-02 7.106529683E-02 6.657600690E-02 6.210793091E-02 5.766277119E-02
 5.324245496E-02 4.884911374E-02 4.448508392E-02 4.015290879E-02 3.585525146E-02
 3.159465884E-02 2.737355857E-02 2.319461773E-02 1.906088183E-02 1.497562399E-02
 1.094205349E-02 6.962198421E-03 3.038255207E-03-8.257280704E-04-4.627523485E-03
-8.352940780E-03-1.198930558E-02-1.553121830E-02-1.897718332E-02-2.232799195E-02
-2.558497541E-02-2.874842780E-02-3.181772544E-02-3.479177618E-02-3.766913111E-02
-4.044815048E-02-4.312728746E-02-4.570499518E-02-4.817957892E-02-5.054926935E-02
-5.281227706E-02-5.496683232E-02-5.701116353E-02-5.894350143E-02-6.076212264E-02
-6.246533676E-02-6.405154034E-02-6.551915878E-02-6.686670332E-02-6.809281253E-02
-6.919618048E-02-7.017561705E-02-7.103003456E-02-7.175846962E-02-7.236006385E-02
-7.283407860E-02-7.317989381E-02-7.339700940E-02-7.348503695E-02-7.344370317E-02
-7.327284502E-02-7.297240668E-02-7.254242880E-02-7.198304696E-02-7.129448348E-02
-7.047704632E-02-6.953111174E-02-6.845712971E-02-6.725560606E-02-6.592709665E-02
-6.447220768E-02-6.289158743E-02-6.118592040E-02-5.935592234E-02-5.740233778E-02
-5.532594076E-02-5.312753062E-02-5.080792514E-02-4.836796423E-02-4.580852307E-02
-4.313050402E-02-4.033479900E-02-3.742234686E-02-3.439417395E-02-3.125118189E-02
-2.799452815E-02-2.462553834E-02-2.114522690E-02-1.755274608E-02-1.384383505E-02
-1.001282731E-02-6.067382474E-03-2.043748205E-03 2.091689628E-03 6.566407959E-03
 1.145925239E-02 1.675833053E-02 2.244901040E-02 2.851819015E-02 3.495192508E-02
 4.173538217E-02 4.885448966E-02 5.630314880E-02 6.402600626E-02 2.223038405E-01
 2.176234461E-01 2.129445178E-01 2.082673610E-01 2.035919959E-01 1.989184586E-01
 1.942467885E-01 1.895770272E-01 1.849092351E-01 1.802435009E-01 1.755799549E-01
 1.709187862E-01 1.662602550E-01 1.616046884E-01 1.569524774E-01 1.523040288E-01
 1.476597283E-01 1.430199653E-01 1.383851831E-01 1.337559263E-01 1.291328820E-01
 1.245168536E-01 1.199087118E-01 1.153093255E-01 1.107195226E-01 1.061401610E-01
 1.015722029E-01 9.701677288E-02 9.247514600E-02 8.794865654E-02 8.343859997E-02
 7.894622200E-02 7.447284161E-02 7.001994409E-02 6.558922321E-02 6.118256765E-02
 5.680205710E-02 5.244996699E-02 4.812872923E-02 4.384075617E-02 3.958828373E-02
 3.537366249E-02 3.119956888E-02 2.706901065E-02 2.298508987E-02 1.895065813E-02
 1.496834309E-02 1.104094162E-02 7.170501844E-03 3.359346028E-03-3.881900379E-04
-4.070507947E-03-7.676206152E-03-1.119205433E-02-1.461204029E-02-1.793406106E-02
-2.115851656E-02-2.428684571E-02-2.731961790E-02-3.025635019E-02-3.309598377E-02
-3.583735378E-02-3.847919394E-02-4.102009522E-02-4.345858728E-02-4.579317005E-02
-4.802234292E-02-5.014458311E-02-5.215834529E-02-5.406210941E-02-5.585436219E-02
-5.753365607E-02-5.909856394E-02-6.054769576E-02-6.187978786E-02-6.309360548E-02
-6.418801242E-02-6.516194385E-02-6.601444676E-02-6.674465311E-02-6.735179590E-02
-6.783520870E-02-6.819432636E-02-6.842868418E-02-6.853791811E-02-6.852176231E-02
-6.838004134E-02-6.811267551E-02-6.771967009E-02-6.720110984E-02-6.655716070E-02
-6.578805803E-02-6.489410107E-02-6.387564954E-02-6.273312105E-02-6.146698085E-02
-6.007773887E-02-5.856594730E-02-5.693219523E-02-5.517710568E-02-5.330133494E-02
-5.130556979E-02-4.919052430E-02-4.695694004E-02-4.460558962E-02-4.213728523E-02
-3.955286792E-02-3.685317080E-02-3.403907579E-02-3.111154625E-02-2.807151446E-02
-2.492026937E-02-2.165888002E-02-1.828687984E-02-1.480086790E-02-1.119512089E-02
-7.469724968E-03-3.654008176E-03 2.306981662E-04 4.348955461E-03 8.866107229E-03
 1.379624191E-02 1.912368702E-02 2.483718848E-02 3.092413140E-02 3.737043446E-02
 4.416311932E-02 5.129769770E-02 5.871783097E-02 2.296567279E-01 2.249947182E-01
 2.203342115E-01 2.156754598E-01 2.110184259E-01 2.063631183E-01 2.017095601E-01
 1.970577921E-01 1.924078836E-01 1.877599460E-01 1.831141489E-01 1.784707261E-01
 1.738299724E-01 1.691922378E-01 1.645578735E-01 1.599272085E-01 1.553005816E-01
 1.506783855E-01 1.460611114E-01 1.414493829E-01 1.368439273E-01 1.322455309E-01
 1.276549750E-01 1.230729986E-01 1.185003651E-01 1.139379305E-01 1.093866981E-01
 1.048478153E-01 1.003224920E-01 9.581190313E-02 9.131716253E-02 8.683942726E-02
 8.237999296E-02 7.794034475E-02 7.352215339E-02 6.912726924E-02 6.475772549E-02
 6.041572388E-02 5.610352226E-02 5.182322785E-02 4.757693827E-02 4.336702375E-02
 3.919621242E-02 3.506742494E-02 3.098347867E-02 2.694681924E-02 2.295979500E-02
 1.902487064E-02 1.514473591E-02 1.132266318E-02 7.561481690E-03 3.863566568E-03
 2.326724744E-04-3.329888462E-03-6.816814408E-03-1.021430880E-02-1.351553444E-02
-1.671761315E-02-1.982018461E-02-2.282440787E-02-2.573102927E-02-2.854003940E-02
-3.125083951E-02-3.386242721E-02-3.637360761E-02-3.878312851E-02-4.108974210E-02
-4.329217793E-02-4.538912720E-02-4.737928820E-02-4.926134154E-02-5.103400929E-02
-5.269602497E-02-5.424611810E-02-5.568313247E-02-5.700592757E-02-5.821343076E-02
-5.930462639E-02-6.027858726E-02-6.113445883E-02-6.187146531E-02-6.248891603E-02
-6.298620547E-02-6.336281645E-02-6.361831439E-02-6.375235172E-02-6.376466460E-02
-6.365507201E-02-6.342346861E-02-6.306982651E-02-6.259418634E-02-6.199666059E-02
-6.127741999E-02-6.043669992E-02-5.947478521E-02-5.839201655E-02-5.718878065E-02
-5.586550713E-02-5.442266514E-02-5.286076244E-02-5.118034332E-02-4.938198741E-02
-4.746630797E-02-4.543394978E-02-4.328559012E-02-4.102194248E-02-3.864376271E-02
-3.615183729E-02-3.354693809E-02-3.082989339E-02-2.800169000E-02-2.506339748E-02
-2.201609681E-02-1.885959086E-02-1.559109593E-02-1.220542683E-02-8.699535312E-03
-5.088874698E-03-1.412230717E-03 2.387420647E-03 6.536098597E-03 1.109703661E-02
 1.605931912E-02 2.141267320E-02 2.714698754E-02 3.324959449E-02 3.970805477E-02
 4.651905681E-02 5.362567838E-02 2.370594499E-01 2.324150110E-01 2.277720057E-01
 2.231306469E-01 2.184908752E-01 2.138526893E-01 2.092161152E-01 2.045812053E-01
 1.999480552E-01 1.953168166E-01 1.906876986E-01 1.860609670E-01 1.814369321E-01
 1.768158942E-01 1.721981320E-01 1.675839400E-01 1.629736659E-01 1.583677533E-01
 1.537667680E-01 1.491713687E-01 1.445822659E-01 1.400001622E-01 1.354257171E-01
 1.308596098E-01 1.263026016E-01 1.217555875E-01 1.172196000E-01 1.126957377E-01
 1.081850678E-01 1.036885914E-01 9.920732503E-02 9.474239914E-02 9.029511259E-02
 8.586694061E-02 8.145952734E-02 7.707468880E-02 7.271440730E-02 6.838077055E-02
 6.407578821E-02 5.980135059E-02 5.555955904E-02 5.135284471E-02 4.718392482E-02
 4.305556636E-02 3.897025357E-02 3.493006577E-02 3.093707886E-02 2.699349855E-02
 2.310186778E-02 1.926536618E-02 1.548754047E-02 1.177195876E-02 8.121183787E-03
 4.536817629E-03 1.021671444E-03-2.422500462E-03-5.792546885E-03-9.074714160E-03
-1.226091569E-02-1.534734979E-02-1.833267971E-02-2.121770015E-02-2.400361669E-02
-2.669076881E-02-2.927878696E-02-3.176690705E-02-3.415417648E-02-3.643954515E-02
-3.862191282E-02-4.070018834E-02-4.267325652E-02-4.454002406E-02-4.629940124E-02
-4.795026194E-02-4.949156771E-02-5.092229476E-02-5.224144752E-02-5.344808279E-02
-5.454131467E-02-5.552032409E-02-5.638434629E-02-5.713268724E-02-5.776472345E-02
-5.827990420E-02-5.867774928E-02-5.895785334E-02-5.911988411E-02-5.916357683E-02
-5.908874236E-02-5.889525664E-02-5.858305910E-02-5.815215456E-02-5.760261041E-02
-5.693454370E-02-5.614813216E-02-5.524360095E-02-5.422122036E-02-5.308130957E-02
-5.182422993E-02-5.045038238E-02-4.896020725E-02-4.735418295E-02-4.563282438E-02
-4.379668205E-02-4.184634207E-02-3.978242623E-02-3.760559617E-02-3.531655699E-02
-3.291603668E-02-3.040476024E-02-2.778359556E-02-2.505363843E-02-2.221578038E-02
-1.926997668E-02-1.621393193E-02-1.304302463E-02-9.753022832E-03-6.349952661E-03
-2.870471803E-03 6.738927545E-04 4.472411438E-03 8.665154422E-03 1.326252458E-02
 1.825380907E-02 2.363087068E-02 2.938352032E-02 3.550103091E-02 4.198087796E-02
 4.876513210E-02 2.445085838E-01 2.398807686E-01 2.352542632E-01 2.306292464E-01
 2.260056582E-01 2.213835033E-01 2.167628217E-01 2.121436952E-01 2.075262590E-01
 2.029106994E-01 1.982972559E-01 1.936862000E-01 1.890777858E-01 1.844722481E-01
 1.798698420E-01 1.752708751E-01 1.706757484E-01 1.660849754E-01 1.614991527E-01
 1.569189223E-01 1.523449163E-01 1.477777228E-01 1.432179458E-01 1.386662624E-01
 1.341234703E-01 1.295904986E-01 1.250683453E-01 1.205579819E-01 1.160603122E-01
 1.115762308E-01 1.071067244E-01 1.026529263E-01 9.821613603E-02 9.379781188E-02
 8.939957509E-02 8.502320532E-02 8.067061179E-02 7.634370309E-02 7.204423303E-02
 6.777405393E-02 6.353531796E-02 5.933050328E-02 5.516224969E-02 5.103309360E-02
 4.694511442E-02 4.290010331E-02 3.889992336E-02 3.494659789E-02 3.104260228E-02
 2.719118919E-02 2.339585504E-02 1.965991328E-02 1.598632818E-02 1.237771345E-02
 8.836076553E-03 5.362831959E-03 1.960704914E-03-1.367311319E-03-4.621863770E-03
-7.791408328E-03-1.086593326E-02-1.384100862E-02-1.671451910E-02-1.948629773E-02
-2.215747192E-02-2.472879507E-02-2.720032495E-02-2.957163376E-02-3.184198794E-02
-3.401051697E-02-3.607628420E-02-3.803836256E-02-3.989583541E-02-4.164773839E-02
-4.329316303E-02-4.483122389E-02-4.626102426E-02-4.758171429E-02-4.879246797E-02
-4.989251862E-02-5.088113498E-02-5.175764058E-02-5.252141406E-02-5.317189099E-02
-5.370856849E-02-5.413100227E-02-5.443881062E-02-5.463167325E-02-5.470933202E-02
-5.467158620E-02-5.451829750E-02-5.424937989E-02-5.386480812E-02-5.336460630E-02
-5.274885156E-02-5.201766874E-02-5.117123276E-02-5.020975986E-02-4.913351060E-02
-4.794278864E-02-4.663793860E-02-4.521934416E-02-4.368742746E-02-4.204264862E-02
-4.028550537E-02-3.841653393E-02-3.643630889E-02-3.434544151E-02-3.214458406E-02
-2.983443716E-02-2.741578176E-02-2.488957924E-02-2.225670065E-02-1.951701637E-02
-1.666856880E-02-1.370724517E-02-1.062860959E-02-7.434165746E-03-4.148089971E-03
-8.081445926E-04 2.671370996E-03 6.503723197E-03 1.073819062E-02 1.536724162E-02
 2.038485805E-02 2.578294178E-02 3.155292160E-02 3.769447899E-02 4.414902474E-02
 2.520007160E-01 2.473885294E-01 2.427774971E-01 2.381677758E-01 2.335593180E-01
 2.289521462E-01 2.243463318E-01 2.197419942E-01 2.151392987E-01 2.105384608E-01
 2.059397145E-01 2.013432719E-01 1.967493294E-01 1.921581075E-01 1.875698777E-01
 1.829850029E-01 1.784039491E-01 1.738272565E-01 1.692555054E-01 1.646892641E-01
 1.601290572E-01 1.555754210E-01 1.510289573E-01 1.464903769E-01 1.419605152E-01
 1.374402791E-01 1.329305549E-01 1.284321617E-01 1.239458890E-01 1.194725977E-01
 1.150132747E-01 1.105690617E-01 1.061412495E-01 1.017312835E-01 9.734075946E-02
 9.297140956E-02 8.862502373E-02 8.430327330E-02 8.000779258E-02 7.574048669E-02
 7.150357491E-02 6.729952020E-02 6.313082851E-02 5.899971134E-02 5.490784728E-02
 5.085681630E-02 4.684829145E-02 4.288417441E-02 3.896705326E-02 3.510027040E-02
 3.128721513E-02 2.753104584E-02 2.383448275E-02 2.019965515E-02 1.662856017E-02
 1.312367588E-02 9.687987853E-03 6.323672851E-03 3.032623243E-03-1.820441760E-04
-3.321830136E-03-6.380922052E-03-9.347588493E-03-1.221608119E-02-1.498327225E-02
-1.764794718E-02-2.021072905E-02-2.267270643E-02-2.503435923E-02-2.729562687E-02
-2.945606663E-02-3.151502791E-02-3.347176765E-02-3.532546837E-02-3.707533737E-02
-3.872062606E-02-4.026055400E-02-4.169437968E-02-4.302136289E-02-4.424080698E-02
-4.535203833E-02-4.635441679E-02-4.724734342E-02-4.803026258E-02-4.870266747E-02
-4.926409592E-02-4.971413820E-02-5.005243656E-02-5.027868074E-02-5.039261848E-02
-5.039404515E-02-5.028280627E-02-5.005879850E-02-4.972197061E-02-4.927231278E-02
-4.870986845E-02-4.803471976E-02-4.724699897E-02-4.634687899E-02-4.533457247E-02
-4.421033444E-02-4.297446123E-02-4.162728876E-02-4.016919197E-02-3.860058560E-02
-3.692192408E-02-3.513369906E-02-3.323643651E-02-3.123070506E-02-2.911715808E-02
-2.689657336E-02-2.456978806E-02-2.213748035E-02-1.959951054E-02-1.695401754E-02
-1.419731799E-02-1.132517917E-02-8.336903673E-03-5.246198150E-03-2.095082594E-03
 1.122518369E-03 4.613665506E-03 8.489625886E-03 1.275836688E-02 1.741572817E-02
 2.245671322E-02 2.787462242E-02 3.367120614E-02 3.978843367E-02 2.595325502E-01
 2.549349883E-01 2.503384169E-01 2.457429759E-01 2.411486444E-01 2.365554786E-01
 2.319635833E-01 2.273731055E-01 2.227842377E-01 2.181971782E-01 2.136121008E-01
 2.090291692E-01 2.044485725E-01 1.998705504E-01 1.952954312E-01 1.907236378E-01
 1.861556592E-01 1.815920196E-01 1.770332304E-01 1.724797585E-01 1.679320797E-01
 1.633907288E-01 1.588563381E-01 1.543296584E-01 1.498115138E-01 1.453027144E-01
 1.408040049E-01 1.363160844E-01 1.318397039E-01 1.273757212E-01 1.229251364E-01
 1.184890896E-01 1.140688663E-01 1.096658963E-01 1.052817432E-01 1.009180635E-01
 9.657646368E-02 9.225842234E-02 8.796560925E-02 8.369999431E-02 7.946383657E-02
 7.525953165E-02 7.108937775E-02 6.695516967E-02 6.285828510E-02 5.880013094E-02
 5.478222209E-02 5.080643492E-02 4.687557810E-02 4.299301405E-02 3.916203611E-02
 3.538566734E-02 3.166626820E-02 2.800558563E-02 2.440537832E-02 2.086789778E-02
 1.739610492E-02 1.399322191E-02 1.066239526E-02 7.405399548E-03 4.222917347E-03
 1.117441769E-03-1.910049273E-03-4.860415629E-03-7.722672199E-03-1.048873961E-02
-1.315477844E-02-1.571862041E-02-1.817978073E-02-2.053920672E-02-2.279779382E-02
-2.495588052E-02-2.701340163E-02-2.896995887E-02-3.082496595E-02-3.257781269E-02
-3.422782977E-02-3.577436909E-02-3.721678524E-02-3.855445957E-02-3.978679646E-02
-4.091321296E-02-4.193315511E-02-4.284609791E-02-4.365154857E-02-4.434905030E-02
-4.493818395E-02-4.541857146E-02-4.578987642E-02-4.605180645E-02-4.620411022E-02
-4.624658439E-02-4.617906400E-02-4.600143274E-02-4.571361755E-02-4.531558355E-02
-4.480734420E-02-4.418895159E-02-4.346049806E-02-4.262212098E-02-4.167399704E-02
-4.061634096E-02-3.944940830E-02-3.817349565E-02-3.678893969E-02-3.529611586E-02
-3.369543650E-02-3.198735261E-02-3.017236944E-02-2.825108921E-02-2.622425007E-02
-2.409262670E-02-2.185667844E-02-1.951606633E-02-1.706903944E-02-1.451218666E-02
-1.184156964E-02-9.055639408E-03-6.162348133E-03-3.195437131E-03-1.861561788E-04
 2.990092671E-03 6.516927048E-03 1.043085153E-02 1.472958540E-02 1.941190964E-02
 2.447473097E-02 2.992178856E-02 3.569524370E-02 2.671009532E-01 2.625170364E-01
 2.579339489E-01 2.533518275E-01 2.487706913E-01 2.441906259E-01 2.396117631E-01
 2.350342729E-01 2.304583199E-01 2.258840438E-01 2.213115793E-01 2.167410881E-01
 2.121727811E-01 2.076069555E-01 2.030439948E-01 1.984843415E-01 1.939284694E-01
 1.893768379E-01 1.848298622E-01 1.802879640E-01 1.757516175E-01 1.712213851E-01
 1.666979405E-01 1.621820327E-01 1.576744029E-01 1.531757302E-01 1.486866364E-01
 1.442077757E-01 1.397398935E-01 1.352838618E-01 1.308406860E-01 1.264115058E-01
 1.219976008E-01 1.176003792E-01 1.132213573E-01 1.088620646E-01 1.045238937E-01
 1.002082924E-01 9.591700632E-02 9.165207074E-02 8.741572692E-02 8.321025554E-02
 7.903764662E-02 7.489927001E-02 7.079630860E-02 6.673001562E-02 6.270179594E-02
 5.871364271E-02 5.476858814E-02 5.086995480E-02 4.702092904E-02 4.322434082E-02
 3.948215299E-02 3.579581715E-02 3.216689377E-02 2.859752430E-02 2.509071276E-02
 2.164965264E-02 1.827722854E-02 1.497570078E-02 1.174710874E-02 8.593187586E-03
 5.515234526E-03 2.515115646E-03-4.045002088E-04-3.246787028E-03-6.006744138E-03
-8.674042959E-03-1.124367478E-02-1.371248839E-02-1.607888198E-02-1.834287273E-02
-2.050545901E-02-2.256737939E-02-2.452889578E-02-2.638999092E-02-2.815036519E-02
-2.980955144E-02-3.136701905E-02-3.282222251E-02-3.417463830E-02-3.542374512E-02
-3.656904331E-02-3.761005362E-02-3.854631811E-02-3.937740611E-02-4.010290893E-02
-4.072244947E-02-4.123568307E-02-4.164229392E-02-4.194200790E-02-4.213458228E-02
-4.221981219E-02-4.219753010E-02-4.206761057E-02-4.182996130E-02-4.148453265E-02
-4.103131134E-02-4.047032633E-02-3.980164053E-02-3.902535936E-02-3.814162907E-02
-3.715063417E-02-3.605259790E-02-3.484778295E-02-3.353649092E-02-3.211906339E-02
-3.059589161E-02-2.896743916E-02-2.723427022E-02-2.539704423E-02-2.345640073E-02
-2.141262558E-02-1.926513364E-02-1.701210390E-02-1.465041508E-02-1.217644203E-02
-9.588477880E-03-6.891575961E-03-4.108899802E-03-1.283860461E-03 1.621015111E-03
 4.817616715E-03 8.385167279E-03 1.233034922E-02 1.665522342E-02 2.136082991E-02
 2.645464961E-02 3.187988313E-02 2.747029846E-01 2.701317742E-01 2.655612524E-01
 2.609915631E-01 2.564227564E-01 2.518549460E-01 2.472882801E-01 2.427228924E-01
 2.381588917E-01 2.335963879E-01 2.290355180E-01 2.244764671E-01 2.199195044E-01
 2.153649773E-01 2.108132861E-01 2.062648586E-01 2.017201074E-01 1.971794012E-01
 1.926431128E-01 1.881116623E-01 1.835855489E-01 1.790653766E-01 1.745518256E-01
 1.700455754E-01 1.655472456E-01 1.610573928E-01 1.565765864E-01 1.521054729E-01
 1.476448102E-01 1.431954818E-01 1.387584956E-01 1.343349941E-01 1.299262440E-01
 1.255336229E-01 1.211585657E-01 1.168024178E-01 1.124664514E-01 1.081521965E-01
 1.038614664E-01 9.959632753E-02 9.535896260E-02 9.115146714E-02 8.697541550E-02
 8.283186073E-02 7.872184453E-02 7.464648479E-02 7.060715095E-02 6.660610532E-02
 6.264651313E-02 5.873162076E-02 5.486449798E-02 5.104769654E-02 4.728277642E-02
 4.357093748E-02 3.991360091E-02 3.631292303E-02 3.277197457E-02 2.929390936E-02
 2.588151670E-02 2.253683334E-02 1.926141521E-02 1.605697110E-02 1.292598325E-02
 9.871344765E-03 6.894747220E-03 3.996676581E-03 1.179463016E-03-1.556564311E-03
-4.214853772E-03-6.786600014E-03-9.263648846E-03-1.164244627E-02-1.392035141E-02
-1.609608195E-02-1.816990335E-02-2.014275982E-02-2.201530986E-02-2.378784414E-02
-2.546038630E-02-2.703272682E-02-2.850452129E-02-2.987534594E-02-3.114476063E-02
-3.231233209E-02-3.337764068E-02-3.434028521E-02-3.519988256E-02-3.595607211E-02
-3.660851628E-02-3.715690111E-02-3.760093983E-02-3.794037130E-02-3.817496766E-02
-3.830452650E-02-3.832888124E-02-3.824790077E-02-3.806148075E-02-3.776955995E-02
-3.737210534E-02-3.686912698E-02-3.626066756E-02-3.554680591E-02-3.472766128E-02
-3.380339204E-02-3.277419496E-02-3.164030815E-02-3.040201982E-02-2.905968243E-02
-2.761372832E-02-2.606467315E-02-2.441306423E-02-2.265933059E-02-2.080350650E-02
-1.884482430E-02-1.678135505E-02-1.461014001E-02-1.232797576E-02-9.933322408E-03
-7.429824001E-03-4.833893713E-03-2.187893458E-03 4.946935359E-04 3.385313500E-03
 6.618437089E-03 1.021874335E-02 1.419080264E-02 1.854001934E-02 2.327806770E-02
 2.835071523E-02 2.823359071E-01 2.777765289E-01 2.732177247E-01 2.686596393E-01
 2.641023561E-01 2.595459975E-01 2.549906693E-01 2.504364534E-01 2.458834380E-01
 2.413317377E-01 2.367815148E-01 2.322330127E-01 2.276865462E-01 2.231424769E-01
 2.186011908E-01 2.140630584E-01 2.095284062E-01 2.049975629E-01 2.004709002E-01
 1.959488602E-01 1.914319837E-01 1.869208881E-01 1.824161965E-01 1.779184755E-01
 1.734282259E-01 1.689459432E-01 1.644721869E-01 1.600076131E-01 1.555529956E-01
 1.511092235E-01 1.466773135E-01 1.422584033E-01 1.378537396E-01 1.334646498E-01
 1.290924344E-01 1.247382621E-01 1.204034462E-01 1.160895977E-01 1.117985903E-01
 1.075324710E-01 1.032933243E-01 9.908295827E-02 9.490250594E-02 9.075283258E-02
 8.663485868E-02 8.254959840E-02 7.849850369E-02 7.448417119E-02 7.050979782E-02
 6.657853621E-02 6.269331809E-02 5.885631801E-02 5.506873848E-02 5.133157712E-02
 4.764616037E-02 4.401473070E-02 4.044041624E-02 3.692635618E-02 3.347525494E-02
 3.008887030E-02 2.676846289E-02 2.351556965E-02 2.033252958E-02 1.722202313E-02
 1.418648896E-02 1.122822359E-02 8.348890001E-03 5.549201669E-03 2.829748025E-03
 1.929146453E-04-2.363597122E-03-4.840310531E-03-7.227931716E-03-9.520567004E-03
-1.171499787E-02-1.380890476E-02-1.580123648E-02-1.769234005E-02-1.948305410E-02
-2.117396659E-02-2.276541869E-02-2.425751051E-02-2.565014260E-02-2.694307147E-02
-2.813597487E-02-2.922850418E-02-3.022031185E-02-3.111105608E-02-3.190041258E-02
-3.258807632E-02-3.317375824E-02-3.365719802E-02-3.403815206E-02-3.431640346E-02
-3.449175852E-02-3.456405527E-02-3.453315753E-02-3.439895757E-02-3.416138318E-02
-3.382039101E-02-3.337597268E-02-3.282815690E-02-3.217700436E-02-3.142261509E-02
-3.056513319E-02-2.960475153E-02-2.854172077E-02-2.737635964E-02-2.610905617E-02
-2.474023892E-02-2.327029086E-02-2.169938590E-02-2.002725031E-02-1.825289447E-02
-1.637439104E-02-1.438894746E-02-1.229375181E-02-1.008766431E-02-7.773980784E-03
-5.365619576E-03-2.896867797E-03-4.030266940E-04 2.209011183E-03 5.124455674E-03
 8.392274858E-03 1.201970978E-02 1.601656773E-02 2.039928693E-02 2.511678921E-02
 2.899972037E-01 2.854488496E-01 2.809009699E-01 2.763537196E-01 2.718071851E-01
 2.672614435E-01 2.627165541E-01 2.581725857E-01 2.536296331E-01 2.490878380E-01
 2.445474205E-01 2.400086654E-01 2.354718989E-01 2.309374694E-01 2.264057088E-01
 2.218769056E-01 2.173513488E-01 2.128293664E-01 2.083113492E-01 2.037977806E-01
 1.992892200E-01 1.947862395E-01 1.902893581E-01 1.857990285E-01 1.813156820E-01
 1.768398016E-01 1.723719530E-01 1.679128111E-01 1.634631583E-01 1.590238955E-01
 1.545960430E-01 1.501807264E-01 1.457791612E-01 1.413925864E-01 1.370221249E-01
 1.326688997E-01 1.283343284E-01 1.240200877E-01 1.197280740E-01 1.154602831E-01
 1.112186361E-01 1.070045355E-01 1.028187797E-01 9.866211605E-02 9.453535340E-02
 9.043945680E-02 8.637612127E-02 8.234821530E-02 7.835889642E-02 7.441121833E-02
 7.050792757E-02 6.665075307E-02 6.284060283E-02 5.907832198E-02 5.536519017E-02
 5.170359153E-02 4.809669345E-02 4.454760329E-02 4.105889734E-02 3.763206917E-02
 3.426816642E-02 3.096856830E-02 2.773554640E-02 2.457177570E-02 2.147969811E-02
 1.846127746E-02 1.551819124E-02 1.265222832E-02 9.865392082E-03 7.158920131E-03
 4.533233765E-03 1.989838552E-03-4.696903587E-04-2.850487337E-03-5.149696017E-03
-7.358657646E-03-9.473084860E-03-1.149001950E-02-1.340728682E-02-1.522384228E-02
-1.693996263E-02-1.855637251E-02-2.007362331E-02-2.149207923E-02-2.281191306E-02
-2.403313038E-02-2.515560077E-02-2.617909964E-02-2.710336589E-02-2.792812677E-02
-2.865311007E-02-2.927805517E-02-2.980271472E-02-3.022686344E-02-3.055029220E-02
-3.077281650E-02-3.089427876E-02-3.091453978E-02-3.083349315E-02-3.065105762E-02
-3.036718616E-02-2.998185933E-02-2.949510007E-02-2.890697104E-02-2.821757489E-02
-2.742706647E-02-2.653565774E-02-2.554361300E-02-2.445122972E-02-2.325878788E-02
-2.196645246E-02-2.057411798E-02-1.908121406E-02-1.748653099E-02-1.578815610E-02
-1.398363154E-02-1.207060808E-02-1.004845770E-02-7.920690140E-03-5.698591693E-03
-3.409179072E-03-1.095287537E-03 1.274103354E-03 3.894475859E-03 6.844884405E-03
 1.013964097E-02 1.379180817E-02 1.782264467E-02 2.218544215E-02 2.976845635E-01
 2.931464768E-01 2.886087871E-01 2.840716220E-01 2.795350249E-01 2.749990332E-01
 2.704636990E-01 2.659290994E-01 2.613953578E-01 2.568626729E-01 2.523313017E-01
 2.478015387E-01 2.432736974E-01 2.387480751E-01 2.342249259E-01 2.297045028E-01
 2.251870943E-01 2.206730453E-01 2.161627867E-01 2.116568249E-01 2.071556851E-01
 2.026598433E-01 1.981697108E-01 1.936856634E-01 1.892081164E-01 1.847375563E-01
 1.802745681E-01 1.758198387E-01 1.713741628E-01 1.669384529E-01 1.625137238E-01
 1.581010811E-01 1.537016859E-01 1.493166360E-01 1.449469276E-01 1.405937755E-01
 1.362586740E-01 1.319433536E-01 1.276496901E-01 1.233795961E-01 1.191347280E-01
 1.149160379E-01 1.107241365E-01 1.065596766E-01 1.024233703E-01 9.831622212E-02
 9.424030557E-02 9.019862741E-02 8.619426722E-02 8.223017564E-02 7.830883503E-02
 7.443152012E-02 7.059890600E-02 6.681172754E-02 6.307127437E-02 5.938010352E-02
 5.574140112E-02 5.215822574E-02 4.863298721E-02 4.516691738E-02 4.176086747E-02
 3.841609566E-02 3.513487045E-02 3.191988857E-02 2.877356350E-02 2.569773967E-02
 2.269400239E-02 1.976394335E-02 1.690915752E-02 1.413126459E-02 1.143230091E-02
 8.814334475E-03 6.278255529E-03 3.823684401E-03 1.452602814E-03-8.341211228E-04
-3.042621021E-03-5.168931196E-03-7.205265250E-03-9.148113033E-03-1.099468459E-02
-1.274283207E-02-1.439139034E-02-1.594041859E-02-1.739049403E-02-1.874212606E-02
-1.999568761E-02-2.115141607E-02-2.220940437E-02-2.316962951E-02-2.403196873E-02
-2.479624168E-02-2.546225334E-02-2.602979442E-02-2.649866379E-02-2.686866711E-02
-2.713963035E-02-2.731139994E-02-2.738383863E-02-2.735684331E-02-2.723033090E-02
-2.700425701E-02-2.667860593E-02-2.625340227E-02-2.572871544E-02-2.510465579E-02
-2.438136811E-02-2.355901687E-02-2.263775405E-02-2.161765615E-02-2.049863100E-02
-1.928029521E-02-1.796183779E-02-1.654191737E-02-1.501869258E-02-1.339009829E-02
-1.165448793E-02-9.811912165E-03-7.866359852E-03-5.828539017E-03-3.721313221E-03
-1.587585825E-03 5.687238504E-04 2.916768708E-03 5.567258059E-03 8.544576609E-03
 1.186358120E-02 1.554964312E-02 1.956114240E-02 3.053958543E-01 3.008673356E-01
 2.963391068E-01 2.918112383E-01 2.872837431E-01 2.827566568E-01 2.782300404E-01
 2.737040016E-01 2.691787192E-01 2.646544247E-01 2.601313835E-01 2.556098778E-01
 2.510901728E-01 2.465724918E-01 2.420570552E-01 2.375441158E-01 2.330339773E-01
 2.285270227E-01 2.240237096E-01 2.195245197E-01 2.150298908E-01 2.105401976E-01
 2.060557688E-01 2.015769595E-01 1.971041867E-01 1.926379542E-01 1.881788631E-01
 1.837276118E-01 1.792850125E-01 1.748519788E-01 1.704295135E-01 1.660186894E-01
 1.616205703E-01 1.572360943E-01 1.528662802E-01 1.485124509E-01 1.441761619E-01
 1.398591592E-01 1.355632738E-01 1.312902749E-01 1.270414300E-01 1.228173391E-01
 1.186185106E-01 1.144455094E-01 1.102989874E-01 1.061801255E-01 1.020913875E-01
 9.803580508E-02 9.401636692E-02 9.003590262E-02 8.609652574E-02 8.219911242E-02
 7.834415858E-02 7.453232219E-02 7.076496997E-02 6.704483224E-02 6.337509420E-02
 5.975875079E-02 5.619800811E-02 5.269384898E-02 4.924695151E-02 4.585847942E-02
 4.253070801E-02 3.926634164E-02 3.606778618E-02 3.293683297E-02 2.987496291E-02
 2.688362817E-02 2.396427991E-02 2.111844478E-02 1.834789028E-02 1.565450412E-02
 1.303991004E-02 1.050568758E-02 8.053320869E-03 5.683825958E-03 3.396878861E-03
 1.194221295E-03-9.241624877E-04-2.964725157E-03-4.923520231E-03-6.793378382E-03
-8.571184065E-03-1.025437019E-02-1.184074096E-02-1.332894536E-02-1.471869032E-02
-1.601035861E-02-1.720438987E-02-1.830112285E-02-1.930082303E-02-2.020364744E-02
-2.100966037E-02-2.171883399E-02-2.233107833E-02-2.284626776E-02-2.326426441E-02
-2.358493197E-02-2.380813597E-02-2.393375765E-02-2.396170060E-02-2.389188817E-02
-2.372427373E-02-2.345883914E-02-2.309558991E-02-2.263455766E-02-2.207578450E-02
-2.141929491E-02-2.066505509E-02-1.981291246E-02-1.886252293E-02-1.781326442E-02
-1.666416448E-02-1.541387776E-02-1.406077818E-02-1.260328670E-02-1.104055992E-02
-9.373646583E-03-7.607262895E-03-5.752194545E-03-3.829184013E-03-1.877583311E-03
 8.214433447E-05 2.177904967E-03 4.547526086E-03 7.225115492E-03 1.022587239E-02
 1.357808290E-02 1.724551257E-02 3.131291203E-01 3.086094567E-01 3.040899238E-01
 2.995705479E-01 2.950513471E-01 2.905323674E-01 2.860137024E-01 2.814955126E-01
 2.769780062E-01 2.724614218E-01 2.679460130E-01 2.634320163E-01 2.589196264E-01
 2.544090344E-01 2.499004613E-01 2.453941729E-01 2.408905093E-01 2.363898827E-01
 2.318927347E-01 2.273994686E-01 2.229104266E-01 2.184258976E-01 2.139461835E-01
 2.094716401E-01 2.050026984E-01 2.005398815E-01 1.960838018E-01 1.916351780E-01
 1.871948310E-01 1.827636682E-01 1.783426716E-01 1.739328538E-01 1.695351340E-01
 1.651503821E-01 1.607797381E-01 1.564245928E-01 1.520865490E-01 1.477673312E-01
 1.434686999E-01 1.391921838E-01 1.349385971E-01 1.307083467E-01 1.265018678E-01
 1.223196404E-01 1.181623202E-01 1.140314326E-01 1.099297140E-01 1.058601506E-01
 1.018256439E-01 9.782886220E-02 9.387146010E-02 8.995400099E-02 8.607684718E-02
 8.224061016E-02 7.844680764E-02 7.469831356E-02 7.099829553E-02 6.734967049E-02
 6.375440801E-02 6.021326104E-02 5.672675897E-02 5.329599494E-02 4.992325962E-02
 4.661125936E-02 4.336238613E-02 4.017836868E-02 3.706059596E-02 3.401043202E-02
 3.102924458E-02 2.811844026E-02 2.527965573E-02 2.251477286E-02 1.982543395E-02
 1.721280440E-02 1.467815129E-02 1.222342541E-02 9.850667579E-03 7.560767139E-03
 5.353866823E-03 3.229514656E-03 1.189830211E-03-7.649613533E-04-2.641732410E-03
-4.438007055E-03-6.147116491E-03-7.765876203E-03-9.292107057E-03-1.072355077E-02
-1.205868438E-02-1.329669973E-02-1.443766953E-02-1.548191337E-02-1.642969696E-02
-1.728126232E-02-1.803679258E-02-1.869640467E-02-1.926015227E-02-1.972802844E-02
-2.009998559E-02-2.037594829E-02-2.055584128E-02-2.063958341E-02-2.062710168E-02
-2.051832542E-02-2.031319260E-02-2.001162841E-02-1.961353558E-02-1.911877292E-02
-1.852711465E-02-1.783820266E-02-1.705149368E-02-1.616621241E-02-1.518134033E-02
-1.409566309E-02-1.290793651E-02-1.161724299E-02-1.022366237E-02-8.729379932E-03
-7.140221286E-03-5.467466076E-03-3.730855878E-03-1.965393912E-03-1.976897101E-04
 1.663842549E-03 3.772236176E-03 6.169002300E-03 8.869031416E-03 1.190187309E-02
 1.523621520E-02 3.208824875E-01 3.163709306E-01 3.118593227E-01 3.073476671E-01
 3.028359988E-01 2.983243985E-01 2.938130101E-01 2.893020201E-01 2.847916429E-01
 2.802821056E-01 2.757736187E-01 2.712663512E-01 2.667604675E-01 2.622561594E-01
 2.577536592E-01 2.532532675E-01 2.487553547E-01 2.442603253E-01 2.397685516E-01
 2.352803460E-01 2.307959644E-01 2.263156619E-01 2.218397401E-01 2.173685650E-01
 2.129025890E-01 2.084423478E-01 2.039884734E-01 1.995417007E-01 1.951028493E-01
 1.906728137E-01 1.862525403E-01 1.818429352E-01 1.774447885E-01 1.730590479E-01
 1.686869528E-01 1.643299510E-01 1.599896543E-01 1.556677480E-01 1.513658676E-01
 1.470851737E-01 1.428261128E-01 1.385889990E-01 1.343742001E-01 1.301821303E-01
 1.260135519E-01 1.218704358E-01 1.177556393E-01 1.136720677E-01 1.096225365E-01
 1.056094833E-01 1.016340733E-01 9.769663579E-02 9.379743760E-02 8.993707979E-02
 8.611729384E-02 8.234105445E-02 7.861149727E-02 7.493144526E-02 7.130260635E-02
 6.772552547E-02 6.420060593E-02 6.072889280E-02 5.731269846E-02 5.395472669E-02
 5.065734992E-02 4.742223424E-02 4.425068365E-02 4.114397747E-02 3.810339627E-02
 3.513025164E-02 3.222610102E-02 2.939282361E-02 2.663207846E-02 2.394490730E-02
 2.133239696E-02 1.879640472E-02 1.633883298E-02 1.396061495E-02 1.166252539E-02
 9.446170451E-03 7.312957523E-03 5.263474180E-03 3.297061905E-03 1.415390289E-03
-3.806619377E-04-2.097448804E-03-3.735592037E-03-5.289147277E-03-6.754115520E-03
-8.128962190E-03-9.411467734E-03-1.059987228E-02-1.169295243E-02-1.269026154E-02
-1.359187732E-02-1.439798275E-02-1.510872569E-02-1.572425324E-02-1.624468757E-02
-1.667009925E-02-1.700051543E-02-1.723592558E-02-1.737626618E-02-1.742145010E-02
-1.737135054E-02-1.722580841E-02-1.698461340E-02-1.664747446E-02-1.621400719E-02
-1.568370753E-02-1.505592754E-02-1.432987177E-02-1.350462803E-02-1.257927687E-02
-1.155312029E-02-1.042608177E-02-9.199351756E-03-7.876377329E-03-6.464231918E-03
-4.975067116E-03-3.428153835E-03-1.855394448E-03-2.836411328E-04 1.360382235E-03
 3.227385640E-03 5.362151961E-03 7.780264813E-03 1.051103745E-02 1.352700430E-02
 3.286541359E-01 3.241499428E-01 3.196455218E-01 3.151408592E-01 3.106360329E-01
 3.061311717E-01 3.016264423E-01 2.971220366E-01 2.926181579E-01 2.881149925E-01
 2.836126864E-01 2.791113795E-01 2.746112375E-01 2.701124622E-01 2.656153183E-01
 2.611201378E-01 2.566272902E-01 2.521371202E-01 2.476499130E-01 2.431658970E-01
 2.386852861E-01 2.342083340E-01 2.297353492E-01 2.252667199E-01 2.208029127E-01
 2.163444806E-01 2.118920778E-01 2.074464434E-01 2.030083900E-01 1.985787911E-01
 1.941585241E-01 1.897483553E-01 1.853490666E-01 1.809617371E-01 1.765876652E-01
 1.722283389E-01 1.678853486E-01 1.635603200E-01 1.592546715E-01 1.549691140E-01
 1.507038918E-01 1.464592620E-01 1.422355234E-01 1.380330685E-01 1.338529190E-01
 1.296974472E-01 1.255695211E-01 1.214719580E-01 1.174074730E-01 1.133781742E-01
 1.093847791E-01 1.054274464E-01 1.015063760E-01 9.762220359E-02 9.377691173E-02
 8.997353455E-02 8.621516289E-02 8.250450631E-02 7.884299548E-02 7.523099020E-02
 7.166878835E-02 6.815740801E-02 6.469918611E-02 6.129681912E-02 5.795265621E-02
 5.466830297E-02 5.144498430E-02 4.828390009E-02 4.518624994E-02 4.215325703E-02
 3.918638692E-02 3.628749536E-02 3.345828790E-02 3.069979915E-02 2.801293272E-02
 2.539938103E-02 2.286116696E-02 2.039938938E-02 1.801450059E-02 1.570750364E-02
 1.347981628E-02 1.133289963E-02 9.268355416E-03 7.287314128E-03 5.390387029E-03
 3.576950233E-03 1.847768863E-03 2.044587728E-04-1.356141076E-03-2.839580458E-03
-4.241604218E-03-5.557245136E-03-6.784818799E-03-7.922682729E-03-8.968937851E-03
-9.922209408E-03-1.078142490E-02-1.154616193E-02-1.221637715E-02-1.279209933E-02
-1.327332705E-02-1.366005294E-02-1.395225524E-02-1.414985779E-02-1.425272895E-02
-1.426067516E-02-1.417342742E-02-1.399063250E-02-1.371184321E-02-1.333651399E-02
-1.286402167E-02-1.229370218E-02-1.162493280E-02-1.085728783E-02-9.990799987E-03
-9.026396871E-03-7.966531224E-03-6.816055931E-03-5.583338532E-03-4.281379057E-03
-2.929327571E-03-1.557329879E-03-1.880705668E-04 1.253183839E-03 2.898758982E-03
 4.790096233E-03 6.944852505E-03 9.392252553E-03 1.210744906E-02 3.364423429E-01
 3.319448072E-01 3.274468782E-01 3.229485531E-01 3.184499605E-01 3.139512505E-01
 3.094525938E-01 3.049541719E-01 3.004561493E-01 2.959586508E-01 2.914617942E-01
 2.869657215E-01 2.824706071E-01 2.779766826E-01 2.734842450E-01 2.689936311E-01
 2.645051600E-01 2.600190928E-01 2.555356342E-01 2.510549630E-01 2.465772897E-01
 2.421028730E-01 2.376320416E-01 2.331652008E-01 2.287028317E-01 2.242455129E-01
 2.197939095E-01 2.153487578E-01 2.109108574E-01 2.064810405E-01 2.020600709E-01
 1.976486269E-01 1.932476070E-01 1.888581753E-01 1.844816825E-01 1.801196209E-01
 1.757735458E-01 1.714449747E-01 1.671349822E-01 1.628438974E-01 1.585718765E-01
 1.543191260E-01 1.500858811E-01 1.458725851E-01 1.416806811E-01 1.375127872E-01
 1.333717185E-01 1.292602160E-01 1.251808615E-01 1.211353254E-01 1.171239735E-01
 1.131468435E-01 1.092040886E-01 1.052964341E-01 1.014261212E-01 9.759620779E-02
 9.380972905E-02 9.006925801E-02 8.637594281E-02 8.272998085E-02 7.913158306E-02
 7.558176016E-02 7.208287360E-02 6.863760820E-02 6.524828679E-02 6.191645623E-02
 5.864326785E-02 5.542984832E-02 5.227732342E-02 4.918683368E-02 4.615974957E-02
 4.319788979E-02 4.030300230E-02 3.747614136E-02 3.471805048E-02 3.203022108E-02
 2.941481672E-02 2.687318060E-02 2.440556846E-02 2.201259920E-02 1.969564557E-02
 1.745615764E-02 1.529539890E-02 1.321439490E-02 1.121425758E-02 9.296499739E-03
 7.462247887E-03 5.712122835E-03 4.045946164E-03 2.463414863E-03 9.666392861E-04
-4.439417822E-04-1.775038794E-03-3.027508313E-03-4.196844639E-03-5.279618970E-03
-6.274919358E-03-7.181268198E-03-7.996994501E-03-8.720886655E-03-9.351889148E-03
-9.889296717E-03-1.033279479E-02-1.068214926E-02-1.093711955E-02-1.109741708E-02
-1.116271340E-02-1.113263965E-02-1.100678578E-02-1.078471061E-02-1.046597668E-02
-1.005022289E-02-9.537298339E-03-8.927458898E-03-8.221661651E-03-7.421986260E-03
-6.532225240E-03-5.558647447E-03-4.510846847E-03-3.402451787E-03-2.252693737E-03
-1.090662305E-03 7.237539311E-05 1.327906871E-03 2.771922879E-03 4.438488062E-03
 6.347954218E-03 8.530294121E-03 1.096352565E-02 3.442455102E-01 3.397539689E-01
 3.352619091E-01 3.307693430E-01 3.262764237E-01 3.217833058E-01 3.172901497E-01
 3.127970999E-01 3.083042621E-01 3.038117341E-01 2.993196361E-01 2.948281179E-01
 2.903373812E-01 2.858476903E-01 2.813593515E-01 2.768726607E-01 2.723878569E-01
 2.679051247E-01 2.634246129E-01 2.589464934E-01 2.544709811E-01 2.499983512E-01
 2.455289525E-01 2.410632032E-01 2.366016104E-01 2.321447698E-01 2.276933478E-01
 2.232480732E-01 2.188097219E-01 2.143790486E-01 2.099566918E-01 2.055433767E-01
 2.011401287E-01 1.967481631E-01 1.923688643E-01 1.880037034E-01 1.836541855E-01
 1.793216338E-01 1.750066816E-01 1.707094443E-01 1.664300333E-01 1.621686016E-01
 1.579253461E-01 1.537008792E-01 1.494971192E-01 1.453167788E-01 1.411625904E-01
 1.370372249E-01 1.329430730E-01 1.288813064E-01 1.248520370E-01 1.208552197E-01
 1.168909819E-01 1.129602036E-01 1.090653596E-01 1.052095038E-01 1.013956073E-01
 9.762608002E-02 9.390179284E-02 9.022280260E-02 8.658924948E-02 8.300215444E-02
 7.946390183E-02 7.597716065E-02 7.254422492E-02 6.916658453E-02 6.584532227E-02
 6.258149715E-02 5.937616697E-02 5.623039603E-02 5.314546091E-02 5.012313039E-02
 4.716518696E-02 4.427273471E-02 4.144638943E-02 3.868739754E-02 3.599797348E-02
 3.337975637E-02 3.083297056E-02 2.835790119E-02 2.595576747E-02 2.362802705E-02
 2.137591515E-02 1.920046138E-02 1.710265336E-02 1.508364461E-02 1.314444777E-02
 1.128584692E-02 9.508869582E-03 7.814817497E-03 6.204762484E-03 4.679409186E-03
 3.238228567E-03 1.881981195E-03 6.126487074E-04-5.702445682E-04-1.673513059E-03
-2.697126745E-03-3.637184414E-03-4.490703384E-03-5.256683749E-03-5.934182912E-03
-6.521653360E-03-7.017794457E-03-7.421601761E-03-7.732111871E-03-7.948512698E-03
-8.070294959E-03-8.097049220E-03-8.028447883E-03-7.864314778E-03-7.604715204E-03
-7.250098977E-03-6.801521077E-03-6.260954160E-03-5.631690775E-03-4.918849810E-03
-4.129966681E-03-3.275548586E-03-2.369806413E-03-1.433015382E-03-4.875632837E-04
 4.839980420E-04 1.572980803E-03 2.833653473E-03 4.292832660E-03 5.975079518E-03
 7.910157489E-03 1.007937357E-02 3.520621630E-01 3.475760289E-01 3.430892860E-01
 3.386019441E-01 3.341141647E-01 3.296260931E-01 3.251378545E-01 3.206495370E-01
 3.161612202E-01 3.116730048E-01 3.071850180E-01 3.026974345E-01 2.982104883E-01
 2.937244574E-01 2.892396157E-01 2.847561827E-01 2.802743253E-01 2.757941675E-01
 2.713158465E-01 2.668395385E-01 2.623654707E-01 2.578939405E-01 2.534253102E-01
 2.489600203E-01 2.444986015E-01 2.400416554E-01 2.355898449E-01 2.311438850E-01
 2.267045042E-01 2.222723392E-01 2.178479892E-01 2.134323174E-01 2.090264180E-01
 2.046315543E-01 2.002491116E-01 1.958805291E-01 1.915272190E-01 1.871901856E-01
 1.828696705E-01 1.785657007E-01 1.742783507E-01 1.700077194E-01 1.657540157E-01
 1.615181850E-01 1.573025258E-01 1.531097454E-01 1.489424925E-01 1.448033579E-01
 1.406944546E-01 1.366164682E-01 1.325693342E-01 1.285529510E-01 1.245674463E-01
 1.206139248E-01 1.166950425E-01 1.128138289E-01 1.089731857E-01 1.051753289E-01
 1.014208687E-01 9.770974149E-02 9.404203065E-02 9.041878277E-02 8.684240228E-02
 8.331553862E-02 7.984045495E-02 7.641858596E-02 7.305095059E-02 6.973854508E-02
 6.648236456E-02 6.328340305E-02 6.014284628E-02 5.706240075E-02 5.404387419E-02
 5.108844380E-02 4.819663342E-02 4.536943351E-02 4.260901853E-02 3.991731462E-02
 3.729466472E-02 3.474103804E-02 3.225739913E-02 2.984521643E-02 2.750579146E-02
 2.524017529E-02 2.304925311E-02 2.093403384E-02 1.889556730E-02 1.693460974E-02
 1.505184219E-02 1.324807649E-02 1.152426983E-02 9.881595017E-03 8.321592770E-03
 6.845551077E-03 5.454420810E-03 4.148537104E-03 2.927237957E-03 1.791315557E-03
 7.426829116E-04-2.178824371E-04-1.095202401E-03-1.891660114E-03-2.604572393E-03
-3.231033419E-03-3.769051920E-03-4.217818002E-03-4.576755580E-03-4.844764215E-03
-5.020931696E-03-5.104733651E-03-5.096014919E-03-4.995098301E-03-4.802928959E-03
-4.521279360E-03-4.153028316E-03-3.702529471E-03-3.176024868E-03-2.582079793E-03
-1.932048369E-03-1.240250156E-03-5.221108811E-04 2.217271188E-04 1.039828221E-03
 1.980519162E-03 3.072402770E-03 4.340823787E-03 5.811955585E-03 7.517268313E-03
 9.439883051E-03 3.598909787E-01 3.554097295E-01 3.509277913E-01 3.464451642E-01
 3.419620039E-01 3.374784224E-01 3.329944910E-01 3.285102725E-01 3.240258498E-01
 3.195413297E-01 3.150568623E-01 3.105726539E-01 3.060889558E-01 3.016060212E-01
 2.971240525E-01 2.926432004E-01 2.881635686E-01 2.836852638E-01 2.792084274E-01
 2.747332446E-01 2.702599653E-01 2.657889016E-01 2.613204337E-01 2.568550305E-01
 2.523932337E-01 2.479356447E-01 2.434829182E-01 2.390357419E-01 2.345947575E-01
 2.301605022E-01 2.257336673E-01 2.213152279E-01 2.169063240E-01 2.125082471E-01
 2.081223608E-01 2.037500627E-01 1.993925916E-01 1.950505241E-01 1.907238745E-01
 1.864126342E-01 1.821168366E-01 1.778365359E-01 1.735720363E-01 1.693247548E-01
 1.650971968E-01 1.608920103E-01 1.567117756E-01 1.525589771E-01 1.484353397E-01
 1.443411469E-01 1.402762149E-01 1.362404003E-01 1.322338656E-01 1.282579947E-01
 1.243155650E-01 1.204095682E-01 1.165428301E-01 1.127173403E-01 1.089334745E-01
 1.051910665E-01 1.014901549E-01 9.783182513E-02 9.421849810E-02 9.065280023E-02
 8.713696224E-02 8.367236537E-02 8.025996900E-02 7.690071114E-02 7.359552888E-02
 7.034535172E-02 6.715127875E-02 6.401494345E-02 6.093816819E-02 5.792221589E-02
 5.496755601E-02 5.207494012E-02 4.924640949E-02 4.648413066E-02 4.378870499E-02
 4.115986085E-02 3.859821687E-02 3.610520164E-02 3.368217956E-02 3.133024082E-02
 2.905023420E-02 2.684306613E-02 2.470980575E-02 2.265124710E-02 2.066791613E-02
 1.876039089E-02 1.692948337E-02 1.517621389E-02 1.350172252E-02 1.190715491E-02
 1.039356234E-02 8.961776857E-03 7.612912524E-03 6.347938494E-03 5.167631623E-03
 4.072697577E-03 3.062971820E-03 2.138832130E-03 1.301639581E-03 5.529710448E-04
-1.064029073E-04-6.795639357E-04-1.169212599E-03-1.573980223E-03-1.892275067E-03
-2.123317705E-03-2.267034696E-03-2.324038044E-03-2.295757118E-03-2.184591317E-03
-1.994054418E-03-1.728957467E-03-1.395558909E-03-1.001773747E-03-5.579217384E-04
-7.370952107E-05 4.568671644E-04 1.055221257E-03 1.744829413E-03 2.545547685E-03
 3.479704073E-03 4.571874137E-03 5.847358378E-03 7.337552455E-03 9.030483088E-03
 3.677307588E-01 3.632539069E-01 3.587762869E-01 3.542978777E-01 3.498188061E-01
 3.453391329E-01 3.408589044E-01 3.363781874E-01 3.318970703E-01 3.274156806E-01
 3.229341995E-01 3.184528529E-01 3.139718746E-01 3.094914518E-01 3.050117202E-01
 3.005327675E-01 2.960546732E-01 2.915775478E-01 2.871015395E-01 2.826268545E-01
 2.781537596E-01 2.736825816E-01 2.692137301E-01 2.647476910E-01 2.602850088E-01
 2.558262809E-01 2.513721465E-01 2.469232381E-01 2.424800828E-01 2.380432279E-01
 2.336135085E-01 2.291919541E-01 2.247797489E-01 2.203781818E-01 2.159885882E-01
 2.116122857E-01 2.072502202E-01 2.029025692E-01 1.985692555E-01 1.942502447E-01
 1.899455275E-01 1.856551443E-01 1.813796276E-01 1.771208690E-01 1.728814402E-01
 1.686639069E-01 1.644707919E-01 1.603044271E-01 1.561660579E-01 1.520556779E-01
 1.479730264E-01 1.439179282E-01 1.398906243E-01 1.358928036E-01 1.319273124E-01
 1.279970949E-01 1.241048917E-01 1.202524375E-01 1.164399032E-01 1.126670364E-01
 1.089338416E-01 1.052414540E-01 1.015923070E-01 9.798900097E-02 9.443373284E-02
 9.092783218E-02 8.747220270E-02 8.406772833E-02 8.071529240E-02 7.741576516E-02
 7.417016400E-02 7.098004098E-02 6.784722186E-02 6.477305861E-02 6.175800525E-02
 5.880260438E-02 5.590868133E-02 5.307857746E-02 5.031325446E-02 4.761230765E-02
 4.497595594E-02 4.240551887E-02 3.990241939E-02 3.746779544E-02 3.510250756E-02
 3.280734743E-02 3.058333441E-02 2.843136530E-02 2.635193017E-02 2.434546340E-02
 2.241257955E-02 2.055414215E-02 1.877114978E-02 1.706467175E-02 1.543580896E-02
 1.388541321E-02 1.241398541E-02 1.102226137E-02 9.710880708E-03 8.480496945E-03
 7.332228700E-03 6.267225972E-03 5.286365101E-03 4.390506601E-03 3.580377615E-03
 2.855889411E-03 2.216704046E-03 1.663161228E-03 1.195448749E-03 8.131951908E-04
 5.152892090E-04 2.999307428E-04 1.646457709E-04 1.063022310E-04 1.212140169E-04
 2.054302377E-04 3.551161540E-04 5.670195747E-04 8.389223241E-04 1.170826896E-03
 1.568521514E-03 2.042716246E-03 2.604137490E-03 3.267457387E-03 4.051621323E-03
 4.978260592E-03 6.071282682E-03 7.360777285E-03 8.836857092E-03 3.755804304E-01
 3.711075093E-01 3.666337306E-01 3.621590311E-01 3.576834907E-01 3.532071466E-01
 3.487300493E-01 3.442522706E-01 3.397739174E-01 3.352951477E-01 3.308161637E-01
 3.263371805E-01 3.218583722E-01 3.173798607E-01 3.129017207E-01 3.084240083E-01
 3.039468061E-01 2.994702301E-01 2.949944463E-01 2.905196803E-01 2.860462120E-01
 2.815743950E-01 2.771046623E-01 2.726375054E-01 2.681734685E-01 2.637131399E-01
 2.592571267E-01 2.548059663E-01 2.503601214E-01 2.459202642E-01 2.414873213E-01
 2.370623645E-01 2.326466007E-01 2.282412979E-01 2.238477564E-01 2.194671399E-01
 2.150999839E-01 2.107462244E-01 2.064057544E-01 2.020785084E-01 1.977644356E-01
 1.934636199E-01 1.891769889E-01 1.849067721E-01 1.806555215E-01 1.764257246E-01
 1.722198419E-01 1.680399800E-01 1.638868818E-01 1.597603450E-01 1.556600627E-01
 1.515858417E-01 1.475380548E-01 1.435186895E-01 1.395306184E-01 1.355767318E-01
 1.316596719E-01 1.277808990E-01 1.239404077E-01 1.201378746E-01 1.163732804E-01
 1.126478186E-01 1.089639310E-01 1.053241889E-01 1.017307547E-01 9.818490781E-02
 9.468750006E-02 9.123936503E-02 8.784133614E-02 8.449422938E-02 8.119898575E-02
 7.795706989E-02 7.477029977E-02 7.164011148E-02 6.856698279E-02 6.555128199E-02
 6.259455822E-02 5.969925055E-02 5.686672750E-02 5.409658250E-02 5.138863676E-02
 4.874400977E-02 4.616416255E-02 4.365028920E-02 4.120329658E-02 3.882389423E-02
 3.651299154E-02 3.427157534E-02 3.210018588E-02 2.999914443E-02 2.796887549E-02
 2.601007371E-02 2.412364682E-02 2.231060014E-02 2.057199568E-02 1.890880600E-02
 1.732144812E-02 1.581032213E-02 1.437605593E-02 1.301905354E-02 1.173984562E-02
 1.053920183E-02 9.417942461E-03 8.376806898E-03 7.416543298E-03 6.538065842E-03
 5.742001010E-03 5.028370216E-03 4.397313264E-03 3.848733628E-03 3.382130667E-03
 2.996301829E-03 2.689710536E-03 2.460446187E-03 2.306173309E-03 2.224398248E-03
 2.212838404E-03 2.269803377E-03 2.394792563E-03 2.589007314E-03 2.855123332E-03
 3.197985065E-03 3.625981885E-03 4.151167292E-03 4.789009760E-03 5.557374011E-03
 6.477557353E-03 7.578240018E-03 8.851188023E-03 3.834391990E-01 3.789697355E-01
 3.744992958E-01 3.700277565E-01 3.655551773E-01 3.610816005E-01 3.566070819E-01
 3.521317089E-01 3.476556181E-01 3.431789879E-01 3.387020148E-01 3.342248620E-01
 3.297476389E-01 3.252704109E-01 3.207932149E-01 3.163161078E-01 3.118391781E-01
 3.073625552E-01 3.028864266E-01 2.984110316E-01 2.939366715E-01 2.894637281E-01
 2.849926443E-01 2.805239139E-01 2.760580753E-01 2.715956977E-01 2.671373247E-01
 2.626833971E-01 2.582344316E-01 2.537912357E-01 2.493547787E-01 2.449261726E-01
 2.405066187E-01 2.360973582E-01 2.316996194E-01 2.273142988E-01 2.229415342E-01
 2.185811650E-01 2.142330673E-01 2.098971428E-01 2.055733154E-01 2.012618135E-01
 1.969640547E-01 1.926824310E-01 1.884194305E-01 1.841774785E-01 1.799589506E-01
 1.757656265E-01 1.715978042E-01 1.674551554E-01 1.633373438E-01 1.592441787E-01
 1.551762294E-01 1.511357407E-01 1.471255796E-01 1.431485790E-01 1.392072657E-01
 1.353028149E-01 1.314350729E-01 1.276036590E-01 1.238085403E-01 1.200509755E-01
 1.163334097E-01 1.126583833E-01 1.090280228E-01 1.054435598E-01 1.019057973E-01
 9.841552227E-02 9.497352176E-02 9.158056217E-02 8.823751383E-02 8.494575014E-02
 8.170707013E-02 7.852298303E-02 7.539402672E-02 7.232043283E-02 6.930344301E-02
 6.634550836E-02 6.344838513E-02 6.061181845E-02 5.783529538E-02 5.511962510E-02
 5.246626491E-02 4.987647747E-02 4.735122963E-02 4.489120503E-02 4.249717600E-02
 4.017014796E-02 3.791079119E-02 3.571937260E-02 3.359615922E-02 3.154165230E-02
 2.955662921E-02 2.764201823E-02 2.579881211E-02 2.402803910E-02 2.233035007E-02
 2.070586561E-02 1.915507402E-02 1.767831821E-02 1.627579345E-02 1.494794287E-02
 1.369544523E-02 1.251894854E-02 1.141905944E-02 1.039639997E-02 9.451636721E-03
 8.584934730E-03 7.796360559E-03 7.086267284E-03 6.454915087E-03 5.902102685E-03
 5.427222104E-03 5.029516641E-03 4.708204929E-03 4.462153920E-03 4.290105396E-03
 4.191210663E-03 4.165170070E-03 4.212582402E-03 4.335584209E-03 4.538105425E-03
 4.826547672E-03 5.210307634E-03 5.701571885E-03 6.315327996E-03 7.069496368E-03
 7.990225616E-03 9.070737215E-03 3.913051347E-01 3.868387136E-01 3.823711574E-01
 3.779023003E-01 3.734322117E-01 3.689609385E-01 3.644885483E-01 3.600151588E-01
 3.555409292E-01 3.510660411E-01 3.465906486E-01 3.421148483E-01 3.376386963E-01
 3.331622106E-01 3.286854249E-01 3.242084026E-01 3.197312403E-01 3.152540908E-01
 3.107771564E-01 3.063006911E-01 3.018250284E-01 2.973505665E-01 2.928777524E-01
 2.884070781E-01 2.839390728E-01 2.794742697E-01 2.750131153E-01 2.705560149E-01
 2.661036295E-01 2.616568413E-01 2.572166593E-01 2.527842150E-01 2.483606900E-01
 2.439472969E-01 2.395451340E-01 2.351547138E-01 2.307759054E-01 2.264085193E-01
 2.220524093E-01 2.177074451E-01 2.133735567E-01 2.090512405E-01 2.047423775E-01
 2.004494049E-01 1.961747307E-01 1.919207304E-01 1.876896642E-01 1.834828848E-01
 1.793003436E-01 1.751416309E-01 1.710063849E-01 1.668944394E-01 1.628066213E-01
 1.587453760E-01 1.547135441E-01 1.507139013E-01 1.467488407E-01 1.428192510E-01
 1.389248525E-01 1.350652178E-01 1.312403092E-01 1.274514547E-01 1.237010990E-01
 1.199917493E-01 1.163254962E-01 1.127035245E-01 1.091265916E-01 1.055954404E-01
 1.021108147E-01 9.867343492E-02 9.528410577E-02 9.194410750E-02 8.865521071E-02
 8.541898659E-02 8.223605916E-02 7.910655628E-02 7.603140734E-02 7.301299900E-02
 7.005341885E-02 6.715270113E-02 6.431008145E-02 6.152597207E-02 5.880177755E-02
 5.613883646E-02 5.353817470E-02 5.100050066E-02 4.852645640E-02 4.611698874E-02
 4.377292875E-02 4.149455907E-02 3.928202719E-02 3.713563819E-02 3.505601042E-02
 3.304397535E-02 3.110045616E-02 2.922645224E-02 2.742285928E-02 2.568981117E-02
 2.402743235E-02 2.243613990E-02 2.091597161E-02 1.946703888E-02 1.808977223E-02
 1.678474733E-02 1.555243483E-02 1.439329813E-02 1.330787595E-02 1.229666933E-02
 1.135950354E-02 1.049671372E-02 9.708753261E-03 8.996268629E-03 8.359206823E-03
 7.797658089E-03 7.311528835E-03 6.901010533E-03 6.566238317E-03 6.307013684E-03
 6.123765681E-03 6.017750533E-03 5.990853723E-03 6.046534070E-03 6.189908381E-03
 6.428065694E-03 6.770952110E-03 7.230529249E-03 7.822405646E-03 8.569189388E-03
 9.464240595E-03
 1.029999912E+00 1.036673208E+00 1.043033426E+00 1.049271185E+00 1.055396109E+00
 1.061418779E+00 1.067348685E+00 1.073195799E+00 1.078970320E+00 1.084682084E+00
 1.090341374E+00 1.095958258E+00 1.101542070E+00 1.107103161E+00 1.112651882E+00
 1.118197912E+00 1.123751165E+00 1.129321785E+00 1.134919740E+00 1.140555172E+00
 1.146238103E+00 1.151978521E+00 1.157786455E+00 1.163671889E+00 1.169644633E+00
 1.175714763E+00 1.181892606E+00 1.188188049E+00 1.194611046E+00 1.201171642E+00
 1.207879614E+00 1.214745340E+00 1.221778915E+00 1.228989905E+00 1.236388300E+00
 1.243984550E+00 1.251788628E+00 1.259810332E+00 1.268059719E+00 1.276546883E+00
 1.285281810E+00 1.294274402E+00 1.303534660E+00 1.313072945E+00 1.322899319E+00
 1.333023289E+00 1.343454764E+00 1.354204193E+00 1.365281763E+00 1.376697210E+00
 1.388460438E+00 1.400581577E+00 1.413070592E+00 1.425937524E+00 1.439192459E+00
 1.452845181E+00 1.466905902E+00 1.481384964E+00 1.496292233E+00 1.511637264E+00
 1.527430154E+00 1.543681373E+00 1.560401021E+00 1.577598563E+00 1.595283875E+00
 1.613467312E+00 1.632158851E+00 1.651368671E+00 1.671106875E+00 1.691383520E+00
 1.712207934E+00 1.733590435E+00 1.755541412E+00 1.778070842E+00 1.801188289E+00
 1.824904002E+00 1.849228252E+00 1.874170597E+00 1.899741295E+00 1.925950380E+00
 1.952807723E+00 1.980323583E+00 2.008507917E+00 2.037370575E+00 2.066921613E+00
 2.097171038E+00 2.128128955E+00 2.159805450E+00 2.192210344E+00 2.225353617E+00
 2.259245545E+00 2.293896044E+00 2.329315026E+00 2.365512854E+00 2.402499018E+00
 2.440283733E+00 2.478876831E+00 2.518288812E+00 2.558529629E+00 2.599609021E+00
 2.641536824E+00 2.684323155E+00 2.727978861E+00 2.772513110E+00 2.817936301E+00
 2.864257532E+00 2.911487682E+00 2.959636918E+00 3.008714914E+00 3.058732043E+00
 3.109697398E+00 3.161622485E+00 3.214515357E+00 3.268380753E+00 3.323235541E+00
 3.379150950E+00 3.436247787E+00 3.494531909E+00 3.553597458E+00 3.612376292E+00
 3.669185942E+00 3.722275177E+00 3.770881216E+00 3.816603002E+00 3.864825959E+00
 3.926096912E+00 4.020115501E+00 4.181830045E+00 4.518129674E+00
  300    5
 3.333332741E+00-1.052367478E-04 3.333353442E+00 1.032235237E-02 3.333416991E+00
 2.076183009E-02 3.333523862E+00 3.122518578E-02 3.333674763E+00 4.172455018E-02
 3.333870689E+00 5.227226727E-02 3.334112287E+00 6.288088780E-02 3.334400618E+00
 7.356329001E-02 3.334736410E+00 8.433264387E-02 3.335120981E+00 9.520260100E-02
 3.335556136E+00 1.061873897E-01 3.336043801E+00 1.173018376E-01 3.336587508E+00
 1.285618296E-01 3.337190423E+00 1.399840017E-01 3.337855632E+00 1.515858619E-01
 3.338585715E+00 1.633857237E-01 3.339384182E+00 1.754032372E-01 3.340255273E+00
 1.876595213E-01 3.341204146E+00 2.001774335E-01 3.342237605E+00 2.129821146E-01
 3.343361994E+00 2.261003904E-01 3.344583532E+00 2.395610356E-01 3.345909639E+00
 2.533955979E-01 3.347350230E+00 2.676394337E-01 3.348915889E+00 2.823312711E-01
 3.350617974E+00 2.975136366E-01 3.352470505E+00 3.132344256E-01 3.354488712E+00
 3.295467235E-01 3.356689311E+00 3.465095987E-01 3.359092891E+00 3.641904930E-01
 3.361723645E+00 3.826662114E-01 3.364607839E+00 4.020230401E-01 3.367776720E+00
 4.223602447E-01 3.371268423E+00 4.437935006E-01 3.375126665E+00 4.664561931E-01
 3.379401242E+00 4.905023744E-01 3.384154543E+00 5.161158678E-01 3.389459587E+00
 5.435130404E-01 3.395402827E+00 5.729506584E-01 3.402087842E+00 6.047361899E-01
 3.409635602E+00 6.392363066E-01 3.418189535E+00 6.768923966E-01 3.427905938E+00
 7.182214319E-01 3.438943466E+00 7.638147846E-01 3.451414488E+00 8.142852129E-01
 3.465281998E+00 8.701233214E-01 3.480116501E+00 9.313123189E-01 3.494670243E+00
 9.965620907E-01 3.506447948E+00 1.062331320E+00 3.512031394E+00 1.122845364E+00
 3.508700428E+00 1.172422948E+00 3.495994669E+00 1.208434770E+00 3.475460018E+00
 1.231670295E+00 3.449315929E+00 1.244564506E+00 3.419540983E+00 1.249669682E+00
 3.387617398E+00 1.249070073E+00 3.354580831E+00 1.244324280E+00 3.321134558E+00
 1.236563526E+00 3.287750735E+00 1.226606173E+00 3.254742784E+00 1.215045510E+00
 3.222317455E+00 1.202319729E+00 3.190606310E+00 1.188750346E+00 3.159689445E+00
 1.174575080E+00 3.129612858E+00 1.159975822E+00 3.100398476E+00 1.145092810E+00
 3.072050082E+00 1.130029503E+00 3.044559595E+00 1.114863732E+00 3.017911466E+00
 1.099657167E+00 2.992084694E+00 1.084457194E+00 2.967054611E+00 1.069299369E+00
 2.942794207E+00 1.054208735E+00 2.919275750E+00 1.039207280E+00 2.896470748E+00
 1.024309391E+00 2.874350799E+00 1.009525730E+00 2.852887876E+00 9.948629813E-01
 2.832054646E+00 9.803248569E-01 2.811824635E+00 9.659141175E-01 2.792172240E+00
 9.516324364E-01 2.773072898E+00 9.374784970E-01 2.754503225E+00 9.234490014E-01
 2.736440692E+00 9.095428296E-01 2.718863803E+00 8.957574306E-01 2.701752361E+00
 8.820876675E-01 2.685087243E+00 8.685283370E-01 2.668849925E+00 8.550763514E-01
 2.653022796E+00 8.417280321E-01 2.637589471E+00 8.284778618E-01 2.622534798E+00
 8.153190882E-01 2.607844247E+00 8.022462007E-01 2.593503669E+00 7.892551615E-01
 2.579499504E+00 7.763421634E-01 2.565820082E+00 7.634998156E-01 2.552454249E+00
 7.507217950E-01 2.539390548E+00 7.380045330E-01 2.526618341E+00 7.253437527E-01
 2.514127959E+00 7.127342806E-01 2.501910899E+00 7.001698434E-01 2.489958997E+00
 6.876449468E-01 2.478263996E+00 6.751554961E-01 2.466818661E+00 6.626964448E-01
 2.455616654E+00 6.502622118E-01 2.444651318E+00 6.378487766E-01 2.433916356E+00
 6.254522732E-01 2.423406838E+00 6.130674600E-01 2.413118254E+00 6.006893510E-01
 2.403045733E+00 5.883142316E-01 2.393185032E+00 5.759381220E-01 2.383532821E+00
 5.635564773E-01 2.374086085E+00 5.511650244E-01 2.364842019E+00 5.387598495E-01
 2.355798191E+00 5.263371596E-01 2.346952546E+00 5.138932767E-01 2.338303298E+00
 5.014247390E-01 2.329848967E+00 4.889282463E-01 2.321588435E+00 4.764005960E-01
 2.313521005E+00 4.638386378E-01 2.305646686E+00 4.512390447E-01 2.297966009E+00
 4.385985337E-01 2.290479673E+00 4.259141691E-01 2.283188464E+00 4.131833988E-01
 2.276092424E+00 4.004046075E-01 2.269191922E+00 3.875762259E-01 2.262489432E+00
 3.746955878E-01 2.255987829E+00 3.617602703E-01 2.249688544E+00 3.487692048E-01
 2.243593199E+00 3.357215068E-01 2.237704800E+00 3.226158353E-01 2.232026413E+00
 3.094512286E-01 2.226560217E+00 2.962275440E-01 2.221309003E+00 2.829446292E-01
 2.216277026E+00 2.696020094E-01 2.211468241E+00 2.561997735E-01 2.206885596E+00
 2.427387863E-01 2.202531939E+00 2.292202228E-01 2.198410098E+00 2.156455156E-01
 2.194523802E+00 2.020160532E-01 2.190877697E+00 1.883332712E-01 2.187475426E+00
 1.745992611E-01 2.184319792E+00 1.608166085E-01 2.181414136E+00 1.469879844E-01
 2.178762055E+00 1.331162588E-01 2.176366313E+00 1.192047222E-01 2.174229362E+00
 1.052569105E-01 2.172354049E+00 9.127647568E-02 2.170742921E+00 7.726730904E-02
 2.169397027E+00 6.323362592E-02 2.168317576E+00 4.917968734E-02 2.167507021E+00
 3.510976569E-02 2.166967113E+00 2.102834113E-02 2.166698135E+00 6.940041394E-03
 2.166700158E+00-7.150493623E-03 2.166973182E+00-2.123862328E-02 2.167517124E+00
-3.531970796E-02 2.168331687E+00-4.938912116E-02 2.169415087E+00-6.344238650E-02
 2.170764876E+00-7.747523369E-02 2.172379857E+00-9.148340201E-02 2.174258959E+00
-1.054626805E-01 2.176399612E+00-1.194091837E-01 2.178798970E+00-1.333192633E-01
 2.181454579E+00-1.471893865E-01 2.184363657E+00-1.610162703E-01 2.187522596E+00
-1.747970510E-01 2.190928062E+00-1.885290606E-01 2.194577248E+00-2.022097182E-01
 2.198466484E+00-2.158369449E-01 2.202591121E+00-2.294093121E-01 2.206947446E+00
-2.429254306E-01 2.211532631E+00-2.563838724E-01 2.216343823E+00-2.697834688E-01
 2.221378065E+00-2.831233635E-01 2.226631384E+00-2.964034818E-01 2.232099532E+00
-3.096243010E-01 2.237779736E+00-3.227859696E-01 2.243669809E+00-3.358886396E-01
 2.249766672E+00-3.489332851E-01 2.256067330E+00-3.619212465E-01 2.262570174E+00
-3.748534052E-01 2.269273759E+00-3.877308443E-01 2.276175195E+00-4.005560014E-01
 2.283272028E+00-4.133315348E-01 2.290563906E+00-4.260590066E-01 2.298050777E+00
-4.387400432E-01 2.305731850E+00-4.513772059E-01 2.313606426E+00-4.639734348E-01
 2.321673976E+00-4.765320167E-01 2.329934498E+00-4.890562773E-01 2.338388693E+00
-5.015493674E-01 2.347037681E+00-5.140144916E-01 2.355882944E+00-5.264549519E-01
 2.364926267E+00-5.388742133E-01 2.374169710E+00-5.512759556E-01 2.383615704E+00
-5.636639736E-01 2.393267056E+00-5.760421827E-01 2.403126781E+00-5.884148606E-01
 2.413198211E+00-6.007865508E-01 2.423485597E+00-6.131612276E-01 2.433993807E+00
-6.255426104E-01 2.444727346E+00-6.379356950E-01 2.455691151E+00-6.503457154E-01
 2.466891525E+00-6.627765308E-01 2.478335118E+00-6.752321718E-01 2.490028268E+00
-6.877182235E-01 2.501978215E+00-7.002397240E-01 2.514193217E+00-7.128007688E-01
 2.526681431E+00-7.254068626E-01 2.539451366E+00-7.380642746E-01 2.552512690E+00
-7.507781729E-01 2.565876043E+00-7.635528309E-01 2.579552880E+00-7.763918206E-01
 2.593554349E+00-7.893014799E-01 2.607892125E+00-8.022891889E-01 2.622579767E+00
-8.153587479E-01 2.637631422E+00-8.285142021E-01 2.653061617E+00-8.417610660E-01
 2.668885505E+00-8.551060931E-01 2.685119468E+00-8.685547958E-01 2.701781118E+00
-8.821108526E-01 2.718888974E+00-8.957773549E-01 2.736462159E+00-9.095595116E-01
 2.754520867E+00-9.234624579E-01 2.773086594E+00-9.374887458E-01 2.792181865E+00
-9.516395000E-01 2.811830062E+00-9.659180229E-01 2.832055748E+00-9.803256337E-01
 2.852884522E+00-9.948606652E-01 2.874342858E+00-1.009520364E+00 2.896458087E+00
-1.024301023E+00 2.919258237E+00-1.039195973E+00 2.942771709E+00-1.054194559E+00
 2.967026996E+00-1.069282415E+00 2.992051835E+00-1.084437570E+00 3.017873241E+00
-1.099635004E+00 3.044515889E+00-1.114839195E+00 3.072000796E+00-1.130002798E+00
 3.100343527E+00-1.145064195E+00 3.129552193E+00-1.159945616E+00 3.159623049E+00
-1.174543703E+00 3.190534231E+00-1.188718343E+00 3.222239819E+00-1.202287803E+00
 3.254659838E+00-1.215014588E+00 3.287662907E+00-1.226577514E+00 3.321042541E+00
-1.236538853E+00 3.354485715E+00-1.244305974E+00 3.387520879E+00-1.249061495E+00
 3.419445691E+00-1.249675644E+00 3.449225889E+00-1.244591893E+00 3.475381247E+00
-1.231728746E+00 3.495935493E+00-1.208536686E+00 3.508670342E+00-1.172580888E+00
 3.512036908E+00-1.123065014E+00 3.506487267E+00-1.062604213E+00 3.494733447E+00
-9.968683774E-01 3.480191871E+00-9.316319847E-01 3.465361041E+00-8.704433123E-01
 3.451492517E+00-8.145991463E-01 3.439018316E+00-7.641202819E-01 3.427976759E+00
-7.185180273E-01 3.418256144E+00-6.771804870E-01 3.409698094E+00-6.395165768E-01
 3.402146457E+00-6.050094241E-01 3.395457839E+00-5.732176083E-01 3.389511255E+00
-5.437743744E-01 3.384203136E+00-5.163722039E-01 3.379446984E+00-4.907542379E-01
 3.375169784E+00-4.667040653E-01 3.371309111E+00-4.440377927E-01 3.367815124E+00
-4.226012968E-01 3.364644130E+00-4.022611842E-01 3.361757958E+00-3.829017251E-01
 3.359125328E+00-3.644236087E-01 3.356719980E+00-3.467405355E-01 3.354517732E+00
-3.297756906E-01 3.352497941E+00-3.134615828E-01 3.350643898E+00-2.977391382E-01
 3.348940383E+00-2.825552640E-01 3.347373348E+00-2.678620401E-01 3.345931443E+00
-2.536169369E-01 3.344604073E+00-2.397812118E-01 3.343381335E+00-2.263195076E-01
 3.342255759E+00-2.132002480E-01 3.341221148E+00-2.003946636E-01 3.340271165E+00
-1.878759263E-01 3.339399017E+00-1.756188956E-01 3.338599510E+00-1.636006956E-01
 3.337868418E+00-1.518002093E-01 3.337202200E+00-1.401977750E-01 3.336598290E+00
-1.287750813E-01 3.336053609E+00-1.175146197E-01 3.335565005E+00-1.063997548E-01
 3.335128938E+00-9.541459763E-02 3.334743460E+00-8.454431382E-02 3.334406777E+00
-7.377467600E-02 3.334117549E+00-6.309202827E-02 3.333875058E+00-5.248320152E-02
 3.333678243E+00-4.193531690E-02 3.333526457E+00-3.143582311E-02 3.333418716E+00
-2.097237612E-02 3.333354298E+00-1.053284386E-02 3.333332741E+00-1.052367478E-04
 2.099486908E+00-1.312507056E+00 3.579396087E+00-1.312507056E+00 3.579396087E+00
 1.312507075E+00 2.099486908E+00 1.312507075E+00 2.099486908E+00-1.312507056E+00
 
    2.11088898E-02 abs(PSI-AXIS) --> [T M**2]    -2.84970012E-01
    9.45658225E-01 R OF MAGAXE --> [M]       2.83697468E+00
    3.18866841E-09 Z OF MAGAXE --> [M]       9.56600524E-09
   -3.50789159E-05 Z0 --> [M]      -1.05236748E-04
    3.00000000E+00 R0 [M] USED FOR CONVERTING TO MKSA
    1.50000000E+00 B0 [T] USED FOR CONVERTING TO MKSA
    1.00000000E+00 SIGN OF B0 IN EXPERIMENT (CHEASE ASSUMES 1.0) 
    2.39278800E-01 TOTAL CURRENT --> [A]     8.56854084E+05
    1.00000000E+00 SIGN OF IP IN EXPERIMENT (CHEASE ASSUMES 1.0) 
    1.85810773E+00 b/a
    1.02999991E+00 Q_ZERO, USING SIGNS OF IP AND B0, WOULD GIVE:     1.02999991E+00
    4.51812967E+00 Q_EDGE, USING SIGNS OF IP AND B0, WOULD GIVE:     4.51812967E+00
    4.84973688E-01 POLOIDAL BETA
    7.87033763E-03 BETA_EXP=<P>*2*MU0/B0**2
    6.10514969E-01 LI
    1.17871704E-02 PRESSURE ON AXIS --> [Pa]     2.11048475E+04  --> [10**19 M**-3 KEV]:     1.31740621E+01
    8.04755236E-03 BETA
    1.09615024E-02 BETA* (SQRT(<P**2>))
    2.05353630E-02 BETA-AXIS=2p0/(T0/Rmag)^2;      with Rmag->Rgeo(LCFS):    2.05705330E-02
   -2.11088898E-02 PSI-AXIS --> [T M**2]    -2.84970012E-01
   -1.32631066E-01 2*PI*PSI-AXIS -->        -1.79051939E+00
   -2.11088898E-02 IP_SIGN*PSI-AXIS --> [T M**2]    -2.84970012E-01
   -1.32631066E-01 IP_SIGN*2*PI*PSI-AXIS -->        -1.79051939E+00
    4.22066848E+00 ASPECT RATIO ; a/R=     2.36929293E-01
    1.49560619E+00 VOLUME ->     4.03813672E+01
    2.45230593E-01 AREA   ->     2.20707534E+00
    1.32935665E+01 SURFACE   ->     1.19642098E+02
    2.13519291E+00 LENGTH ->     6.40557872E+00
    7.22232712E-01 RMIN -> RMIN [m]     2.16669813E+00
    1.17067897E+00 RMAX -> RMAX [m]     3.51203691E+00
   -4.16558548E-01 ZMIN -> ZMIN [m]    -1.24967564E+00
    4.16556561E-01 ZMAX -> ZMAX [m]     1.24966968E+00
    9.46455840E-01 RGEOM -> RGEOM [m]     2.83936752E+00
    2.24223129E-01 MINOR RADIUS -> A [m]     6.72669387E-01
