      FROM CHEASE BUT COCOS=02 ,SI UNITS20260214   3 129 129
 1.336368475E+00 2.831409325E+00 1.800000000E+00 1.244293335E+00 2.714956062E-06
 1.883902193E+00 2.714956062E-06-2.714409337E-01 0.000000000E+00 1.500000000E+00
 1.312843277E+06-2.714409337E-01 0.000000000E+00 1.883902193E+00 0.000000000E+00
 2.714956062E-06 0.000000000E+00 0.000000000E+00 0.000000000E+00 0.000000000E+00
 2.737195145E+00 2.734239989E+00 2.731346711E+00 2.728514052E+00 2.725740821E+00
 2.723025977E+00 2.720368592E+00 2.717767846E+00 2.715223025E+00 2.712733501E+00
 2.710298731E+00 2.707918250E+00 2.705591663E+00 2.703318645E+00 2.701098941E+00
 2.698932332E+00 2.696818673E+00 2.694757847E+00 2.692749794E+00 2.690794482E+00
 2.688891940E+00 2.687042205E+00 2.685245346E+00 2.683501458E+00 2.681810661E+00
 2.680173101E+00 2.678588935E+00 2.677058312E+00 2.675581405E+00 2.674158374E+00
 2.672789407E+00 2.671474700E+00 2.670214388E+00 2.669008625E+00 2.667857552E+00
 2.666761304E+00 2.665720004E+00 2.664733714E+00 2.663802498E+00 2.662926388E+00
 2.662105385E+00 2.661339454E+00 2.660628516E+00 2.659972469E+00 2.659371167E+00
 2.658824396E+00 2.658331898E+00 2.657893407E+00 2.657508600E+00 2.657177083E+00
 2.656898399E+00 2.656672063E+00 2.656497554E+00 2.656374258E+00 2.656301528E+00
 2.656278679E+00 2.656304969E+00 2.656379604E+00 2.656501732E+00 2.656670437E+00
 2.656884775E+00 2.657143768E+00 2.657446395E+00 2.657791548E+00 2.658178094E+00
 2.658604899E+00 2.659070750E+00 2.659574429E+00 2.660114660E+00 2.660690145E+00
 2.661299550E+00 2.661941514E+00 2.662614664E+00 2.663317581E+00 2.664048828E+00
 2.664806963E+00 2.665590510E+00 2.666397971E+00 2.667227839E+00 2.668078588E+00
 2.668948686E+00 2.669836575E+00 2.670740698E+00 2.671659455E+00 2.672591257E+00
 2.673534505E+00 2.674487585E+00 2.675448857E+00 2.676416675E+00 2.677389392E+00
 2.678365332E+00 2.679342828E+00 2.680320180E+00 2.681295685E+00 2.682267606E+00
 2.683234217E+00 2.684193755E+00 2.685144465E+00 2.686084551E+00 2.687012206E+00
 2.687925602E+00 2.688822899E+00 2.689702241E+00 2.690561732E+00 2.691399469E+00
 2.692213502E+00 2.693001883E+00 2.693762624E+00 2.694493703E+00 2.695193066E+00
 2.695858616E+00 2.696488213E+00 2.697079625E+00 2.697630754E+00 2.698139898E+00
 2.698605237E+00 2.699023299E+00 2.699387909E+00 2.699691047E+00 2.699925411E+00
 2.700087441E+00 2.700179394E+00 2.700209974E+00 2.700193498E+00 2.700147895E+00
 2.700091975E+00 2.700042281E+00 2.700010295E+00 2.700000000E+00
 8.371741740E+04 8.370719784E+04 8.367654419E+04 8.362546760E+04 8.355398644E+04
 8.346212669E+04 8.334992259E+04 8.321741469E+04 8.306465201E+04 8.289169047E+04
 8.269859401E+04 8.248543351E+04 8.225228782E+04 8.199924281E+04 8.172639215E+04
 8.143383689E+04 8.112168548E+04 8.079005414E+04 8.043906592E+04 8.006885224E+04
 7.967955103E+04 7.927130870E+04 7.884427857E+04 7.839862153E+04 7.793450617E+04
 7.745210785E+04 7.695161080E+04 7.643320510E+04 7.589708989E+04 7.534347085E+04
 7.477256093E+04 7.418458080E+04 7.357975895E+04 7.295833116E+04 7.232054114E+04
 7.166663924E+04 7.099688318E+04 7.031153903E+04 6.961088025E+04 6.889518758E+04
 6.816474856E+04 6.741985962E+04 6.666082332E+04 6.588795016E+04 6.510155897E+04
 6.430197494E+04 6.348953184E+04 6.266456938E+04 6.182743549E+04 6.097848620E+04
 6.011808447E+04 5.924660069E+04 5.836441248E+04 5.747190588E+04 5.656947337E+04
 5.565751576E+04 5.473644148E+04 5.380666530E+04 5.286860998E+04 5.192270629E+04
 5.096939199E+04 5.000911233E+04 4.904231992E+04 4.806947547E+04 4.709104656E+04
 4.610750898E+04 4.511934500E+04 4.412704485E+04 4.313110618E+04 4.213203406E+04
 4.113034173E+04 4.012654952E+04 3.912118462E+04 3.811478217E+04 3.710788557E+04
 3.610104439E+04 3.509481657E+04 3.408976679E+04 3.308646765E+04 3.208549971E+04
 3.108745012E+04 3.009291377E+04 2.910249362E+04 2.811679992E+04 2.713644941E+04
 2.616206818E+04 2.519428771E+04 2.423374812E+04 2.328109647E+04 2.233698831E+04
 2.140208603E+04 2.047706028E+04 1.956258764E+04 1.865935312E+04 1.776804876E+04
 1.688937423E+04 1.602403745E+04 1.517275220E+04 1.433624239E+04 1.351523638E+04
 1.271047242E+04 1.192269387E+04 1.115265444E+04 1.040111350E+04 9.668838075E+03
 8.956603351E+03 8.265190285E+03 7.595390662E+03 6.947999288E+03 6.323822416E+03
 5.723671038E+03 5.148365223E+03 4.598733304E+03 4.075607189E+03 3.579831575E+03
 3.112253555E+03 2.673731988E+03 2.265131287E+03 1.887321344E+03 1.541185036E+03
 1.227605951E+03 9.474809240E+02 7.017112850E+02 4.912049921E+02 3.168822155E+02
 1.796633209E+02 8.048296362E+01 2.028029985E+01 0.000000000E+00
-3.856630461E+00-3.770105581E+00-3.687185242E+00-3.606177725E+00-3.526820567E+00
-3.448953499E+00-3.372430224E+00-3.297090299E+00-3.222825587E+00-3.149492197E+00
-3.077006546E+00-3.005239979E+00-2.934123666E+00-2.863544234E+00-2.793437143E+00
-2.723724424E+00-2.654334876E+00-2.585221563E+00-2.516311415E+00-2.447555926E+00
-2.378894671E+00-2.310303073E+00-2.241758546E+00-2.173194196E+00-2.104599400E+00
-2.035929915E+00-1.967188932E+00-1.898371199E+00-1.829444709E+00-1.760430603E+00
-1.691247876E+00-1.621973455E+00-1.552624435E+00-1.483169293E+00-1.413656403E+00
-1.344028975E+00-1.274394992E+00-1.204754938E+00-1.135130491E+00-1.065544646E+00
-9.960572703E-01-9.266975478E-01-8.575132267E-01-7.885227121E-01-7.198231322E-01
-6.514543818E-01-5.834624744E-01-5.158671050E-01-4.487482634E-01-3.821901346E-01
-3.162692720E-01-2.509586388E-01-1.863997562E-01-1.226350313E-01-5.971194386E-02
 2.315516239E-03 6.338024679E-02 1.234228936E-01 1.823541328E-01 2.401368741E-01
 2.967149426E-01 3.520811338E-01 4.061127741E-01 4.587563857E-01 5.100048568E-01
 5.598090972E-01 6.081093331E-01 6.548735946E-01 7.000533629E-01 7.436016815E-01
 7.854963104E-01 8.256885075E-01 8.641868185E-01 9.008825815E-01 9.358306025E-01
 9.689543160E-01 1.000251727E+00 1.029669011E+00 1.057224580E+00 1.082864584E+00
 1.106598948E+00 1.128381399E+00 1.148216911E+00 1.166032523E+00 1.181888200E+00
 1.195710849E+00 1.207517742E+00 1.217237232E+00 1.224914954E+00 1.230477831E+00
 1.233955717E+00 1.235295454E+00 1.234496447E+00 1.231512308E+00 1.226336946E+00
 1.218950390E+00 1.209320711E+00 1.197446446E+00 1.183261241E+00 1.166772933E+00
 1.147921249E+00 1.126731100E+00 1.103122479E+00 1.077090924E+00 1.048585966E+00
 1.017571279E+00 9.840480394E-01 9.479300856E-01 9.092090803E-01 8.678040100E-01
 8.236936192E-01 7.767619221E-01 7.269641025E-01 6.747026699E-01 6.204119727E-01
 5.630962670E-01 4.996589320E-01 4.267562113E-01 3.434111233E-01 2.525424672E-01
 1.605244145E-01 7.549569135E-02 5.449245339E-03-4.355235352E-02-6.852668577E-02
-7.031080640E-02-5.372612904E-02-2.694471381E-02 7.994877049E-16
-1.779266017E-01-9.637272696E+03-1.927135376E+04-2.889837477E+04-3.851450951E+04
-4.811685566E+04-5.770131900E+04-6.726507835E+04-7.680361755E+04-8.631383935E+04
-9.579258208E+04-1.052359761E+05-1.146405286E+05-1.240026036E+05-1.333189753E+05
-1.425858865E+05-1.517997338E+05-1.609572833E+05-1.700545680E+05-1.790887490E+05
-1.880553586E+05-1.969519366E+05-2.057741152E+05-2.145184777E+05-2.231822206E+05
-2.317606652E+05-2.402509600E+05-2.486494381E+05-2.569523821E+05-2.651570048E+05
-2.732592371E+05-2.812559173E+05-2.891423762E+05-2.969160026E+05-3.045733430E+05
-3.121113061E+05-3.195249904E+05-3.268116761E+05-3.339678151E+05-3.409902770E+05
-3.478744044E+05-3.546175053E+05-3.612166681E+05-3.676666646E+05-3.739649202E+05
-3.801084350E+05-3.860923502E+05-3.919145354E+05-3.975710369E+05-4.030572683E+05
-4.083711811E+05-4.135087109E+05-4.184656827E+05-4.232397939E+05-4.278264245E+05
-4.322221838E+05-4.364242238E+05-4.404283221E+05-4.442317709E+05-4.478298112E+05
-4.512200840E+05-4.543985277E+05-4.573615002E+05-4.601059535E+05-4.626275068E+05
-4.649235983E+05-4.669900842E+05-4.688239038E+05-4.704210938E+05-4.717783661E+05
-4.728917744E+05-4.737582328E+05-4.743743788E+05-4.747360505E+05-4.748400336E+05
-4.746830256E+05-4.742611096E+05-4.735713528E+05-4.726093999E+05-4.713722947E+05
-4.698564219E+05-4.680583037E+05-4.659737298E+05-4.636003259E+05-4.609335918E+05
-4.579703574E+05-4.547074955E+05-4.511409345E+05-4.472674856E+05-4.430830141E+05
-4.385845032E+05-4.337679788E+05-4.286309447E+05-4.231686283E+05-4.173788967E+05
-4.112564692E+05-4.047996320E+05-3.980031973E+05-3.908645931E+05-3.833802980E+05
-3.755462986E+05-3.673600341E+05-3.588160188E+05-3.499132102E+05-3.406457083E+05
-3.310122759E+05-3.210073383E+05-3.106283879E+05-2.998725369E+05-2.887343363E+05
-2.772129472E+05-2.653013794E+05-2.529995210E+05-2.403019543E+05-2.272050164E+05
-2.137071306E+05-1.998011627E+05-1.854880991E+05-1.707605172E+05-1.556165719E+05
-1.400538480E+05-1.240654442E+05-1.076523728E+05-9.080675807E+04-7.352753646E+04
-5.581198309E+04-3.765272498E+04-1.905107590E+04 5.817030578E-15
 2.141956402E-01 2.109131044E-01 2.076464174E-01 2.043982225E-01 2.011682111E-01
 1.979565883E-01 1.947636462E-01 1.915896627E-01 1.884349163E-01 1.852996753E-01
 1.821841882E-01 1.790886667E-01 1.760133009E-01 1.729583067E-01 1.699239361E-01
 1.669104338E-01 1.639180085E-01 1.609468352E-01 1.579970871E-01 1.550689593E-01
 1.521626653E-01 1.492784283E-01 1.464164685E-01 1.435770041E-01 1.407602540E-01
 1.379664495E-01 1.351958702E-01 1.324488384E-01 1.297256810E-01 1.270267306E-01
 1.243523267E-01 1.217027384E-01 1.190779678E-01 1.164778446E-01 1.139022062E-01
 1.113509133E-01 1.088239228E-01 1.063215745E-01 1.038445459E-01 1.013935506E-01
 9.896924193E-02 9.657207883E-02 9.420217922E-02 9.185957899E-02 8.954436020E-02
 8.725656223E-02 8.499608746E-02 8.276280595E-02 8.055667303E-02 7.837799904E-02
 7.622745237E-02 7.410572287E-02 7.201330121E-02 6.995036398E-02 6.791702363E-02
 6.591349201E-02 6.394010498E-02 6.199722185E-02 6.008509962E-02 5.820385914E-02
 5.635368552E-02 5.453501860E-02 5.274840828E-02 5.099425996E-02 4.927279475E-02
 4.758429572E-02 4.592925613E-02 4.430822797E-02 4.272170212E-02 4.117013991E-02
 3.965397398E-02 3.817359271E-02 3.672930115E-02 3.532138576E-02 3.395019525E-02
 3.261627358E-02 3.132032371E-02 3.006292269E-02 2.884456070E-02 2.766576393E-02
 2.652695796E-02 2.542844478E-02 2.437050617E-02 2.335345703E-02 2.237776977E-02
 2.144406047E-02 2.055263976E-02 1.970380300E-02 1.889788661E-02 1.813495921E-02
 1.741536945E-02 1.673937372E-02 1.610696377E-02 1.551828335E-02 1.497347868E-02
 1.447224183E-02 1.401465439E-02 1.360063985E-02 1.322966731E-02 1.290167942E-02
 1.261660245E-02 1.237370213E-02 1.217264678E-02 1.201314293E-02 1.189408636E-02
 1.181503360E-02 1.177595822E-02 1.177566517E-02 1.181343614E-02 1.188929971E-02
 1.200178585E-02 1.214978588E-02 1.233390335E-02 1.255289836E-02 1.280522748E-02
 1.309200696E-02 1.341286394E-02 1.376572789E-02 1.415168507E-02 1.457238981E-02
 1.502553667E-02 1.551091204E-02 1.603300728E-02 1.659087413E-02 1.718138653E-02
 1.781043308E-02 1.848222749E-02 1.919392115E-02 1.994073198E-02 2.096741559E-01
 2.063716315E-01 2.030849557E-01 1.998167574E-01 1.965667335E-01 1.933350972E-01
 1.901221394E-01 1.869281378E-01 1.837533767E-01 1.805981414E-01 1.774627044E-01
 1.743473146E-01 1.712521831E-01 1.681775117E-01 1.651235328E-01 1.620905077E-01
 1.590786804E-01 1.560882571E-01 1.531194158E-01 1.501723430E-01 1.472472468E-01
 1.443443541E-01 1.414638961E-01 1.386061004E-01 1.357711940E-01 1.329594078E-01
 1.301709980E-01 1.274062769E-01 1.246655797E-01 1.219492436E-01 1.192576168E-01
 1.165910272E-01 1.139496345E-01 1.113333334E-01 1.087419643E-01 1.061753931E-01
 1.036335337E-01 1.011165533E-01 9.862504719E-02 9.615974494E-02 9.372133824E-02
 9.131038730E-02 8.892712375E-02 8.657160462E-02 8.424391845E-02 8.194415185E-02
 7.967226519E-02 7.742815732E-02 7.521178054E-02 7.302336928E-02 7.086356638E-02
 6.873308836E-02 6.663249422E-02 6.456202752E-02 6.252183325E-02 6.051214109E-02
 5.853330940E-02 5.658573066E-02 5.466971126E-02 5.278542275E-02 5.093309150E-02
 4.911318796E-02 4.732629357E-02 4.557285467E-02 4.385314908E-02 4.216752179E-02
 4.051651631E-02 3.890072429E-02 3.732068017E-02 3.577689450E-02 3.426985078E-02
 3.279998776E-02 3.136767401E-02 2.997327509E-02 2.861723470E-02 2.730019348E-02
 2.602288363E-02 2.478590096E-02 2.358980058E-02 2.243515121E-02 2.132240336E-02
 2.025192559E-02 1.922407512E-02 1.823926667E-02 1.729808499E-02 1.640109743E-02
 1.554861894E-02 1.474105115E-02 1.397866856E-02 1.326168700E-02 1.259049198E-02
 1.196522890E-02 1.138596683E-02 1.085290360E-02 1.036597588E-02 9.925046866E-03
 9.530164438E-03 9.181012424E-03 8.877233760E-03 8.618801186E-03 8.405203653E-03
 8.235853989E-03 8.110453251E-03 8.028162983E-03 7.988160895E-03 7.990186717E-03
 8.033371507E-03 8.116670843E-03 8.239744524E-03 8.401551993E-03 8.600710265E-03
 8.837127652E-03 9.109995993E-03 9.417694341E-03 9.760391702E-03 1.013791628E-02
 1.054859397E-02 1.099262200E-02 1.147121094E-02 1.198293039E-02 1.252729599E-02
 1.310744963E-02 1.372315499E-02 1.437240221E-02 1.505957711E-02 1.578793843E-02
 1.655499359E-02 1.736489082E-02 1.821822918E-02 2.051731410E-01 2.018503075E-01
 1.985433486E-01 1.952548686E-01 1.919845475E-01 1.887326058E-01 1.854993408E-01
 1.822850294E-01 1.790899562E-01 1.759144155E-01 1.727586990E-01 1.696230838E-01
 1.665078182E-01 1.634131130E-01 1.603391820E-01 1.572862761E-01 1.542546657E-01
 1.512445933E-01 1.482562614E-01 1.452898533E-01 1.423455700E-01 1.394236348E-01
 1.365242869E-01 1.336477655E-01 1.307943067E-01 1.279641466E-01 1.251575318E-01
 1.223747516E-01 1.196161434E-01 1.168820528E-01 1.141728316E-01 1.114888379E-01
 1.088303524E-01 1.061973915E-01 1.035898145E-01 1.010074915E-01 9.845032186E-02
 9.591834523E-02 9.341201992E-02 9.093206879E-02 8.847921711E-02 8.605409946E-02
 8.365707917E-02 8.128825516E-02 7.894772076E-02 7.663559875E-02 7.435191412E-02
 7.209660178E-02 6.986962242E-02 6.767114961E-02 6.550178623E-02 6.336226964E-02
 6.125321959E-02 5.917495378E-02 5.712765532E-02 5.511157532E-02 5.312709601E-02
 5.117464438E-02 4.925457752E-02 4.736712153E-02 4.551254848E-02 4.369136262E-02
 4.190417915E-02 4.015148870E-02 3.843363056E-02 3.675101554E-02 3.510423969E-02
 3.349393739E-02 3.192069131E-02 3.038506571E-02 2.888760008E-02 2.742878985E-02
 2.600907603E-02 2.462891021E-02 2.328883760E-02 2.198958692E-02 2.073191312E-02
 1.951644138E-02 1.834379179E-02 1.721457292E-02 1.612928030E-02 1.508836668E-02
 1.409230193E-02 1.314161920E-02 1.223696686E-02 1.137885291E-02 1.056765870E-02
 9.803820738E-03 9.087636788E-03 8.419530715E-03 7.799821148E-03 7.228604773E-03
 6.706007893E-03 6.232140608E-03 5.806856609E-03 5.430122682E-03 5.101798215E-03
 4.821497209E-03 4.588993570E-03 4.403962771E-03 4.265769747E-03 4.173921241E-03
 4.127787776E-03 4.126434884E-03 4.169245116E-03 4.255521968E-03 4.384146863E-03
 4.554372589E-03 4.765385465E-03 5.015817080E-03 5.304987775E-03 5.632340871E-03
 5.996372642E-03 6.396319338E-03 6.831991162E-03 7.301991150E-03 7.805754997E-03
 8.344086869E-03 8.916113752E-03 9.520967796E-03 1.016094441E-02 1.083649302E-02
 1.154589668E-02 1.229240176E-02 1.307945553E-02 1.390529065E-02 1.477202655E-02
 1.568874723E-02 1.665250590E-02 2.006964011E-01 1.973528708E-01 1.940252560E-01
 1.907161513E-01 1.874252024E-01 1.841526162E-01 1.808986988E-01 1.776637324E-01
 1.744480008E-01 1.712517986E-01 1.680754285E-01 1.649191888E-01 1.617833602E-01
 1.586681901E-01 1.555738927E-01 1.525006964E-01 1.494488697E-01 1.464186886E-01
 1.434103933E-01 1.404241847E-01 1.374602556E-01 1.345188227E-01 1.316001252E-01
 1.287044130E-01 1.258319337E-01 1.229829327E-01 1.201576580E-01 1.173563790E-01
 1.145794204E-01 1.118271361E-01 1.090998828E-01 1.063980292E-01 1.037219231E-01
 1.010717359E-01 9.844738580E-02 9.584874806E-02 9.327572566E-02 9.072829152E-02
 8.820673348E-02 8.571172481E-02 8.324401618E-02 8.080429492E-02 7.839305293E-02
 7.601046253E-02 7.365662641E-02 7.133169191E-02 6.903574974E-02 6.676878013E-02
 6.453076375E-02 6.232183622E-02 6.014254479E-02 5.799364014E-02 5.587579480E-02
 5.378940587E-02 5.173470149E-02 4.971195908E-02 4.772158687E-02 4.576404814E-02
 4.383975208E-02 4.194898401E-02 4.009206713E-02 3.826954357E-02 3.648206510E-02
 3.473017091E-02 3.301426760E-02 3.133483669E-02 2.969253010E-02 2.808802904E-02
 2.652196967E-02 2.499497396E-02 2.350764314E-02 2.206053883E-02 2.065418336E-02
 1.928911541E-02 1.796598561E-02 1.668559889E-02 1.544874085E-02 1.425611914E-02
 1.310843670E-02 1.200633853E-02 1.095037597E-02 9.941105860E-03 8.979220355E-03
 8.065413851E-03 7.200317114E-03 6.384390834E-03 5.618083727E-03 4.901807055E-03
 4.235722545E-03 3.619828572E-03 3.054411225E-03 2.539757503E-03 2.076127310E-03
 1.663643676E-03 1.302314973E-03 9.921442623E-04 7.329609346E-04 5.245028089E-04
 3.665002347E-04 2.584850653E-04 1.998875091E-04 1.900972971E-04 2.282988312E-04
 3.136156829E-04 4.451842017E-04 6.219074084E-04 8.426289977E-04 1.106241366E-03
 1.411329367E-03 1.756509990E-03 2.140631456E-03 2.562065983E-03 3.019702840E-03
 3.513865297E-03 4.043792215E-03 4.608708471E-03 5.208801786E-03 5.843136321E-03
 6.510695792E-03 7.212884135E-03 7.950311034E-03 8.721789321E-03 9.529880177E-03
 1.037768284E-02 1.126421310E-02 1.219149647E-02 1.316638058E-02 1.419491455E-02
 1.527163257E-02 1.962440483E-01 1.928794260E-01 1.895307673E-01 1.862006659E-01
 1.828887474E-01 1.795951857E-01 1.763202756E-01 1.730643086E-01 1.698275730E-01
 1.666103625E-01 1.634129812E-01 1.602357404E-01 1.570789445E-01 1.539428773E-01
 1.508277854E-01 1.477338892E-01 1.446614341E-01 1.416107051E-01 1.385819811E-01
 1.355754995E-01 1.325914617E-01 1.296300746E-01 1.266915709E-01 1.237762058E-01
 1.208842392E-01 1.180159277E-01 1.151715271E-01 1.123513012E-01 1.095555511E-01
 1.067846305E-01 1.040389054E-01 1.013187478E-01 9.862453629E-02 9.595656749E-02
 9.331487768E-02 9.069936166E-02 8.810992959E-02 8.554653227E-02 8.300930954E-02
 8.049882837E-02 7.801584754E-02 7.556109617E-02 7.313516819E-02 7.073834388E-02
 6.837074819E-02 6.603254373E-02 6.372388033E-02 6.144479419E-02 5.919529598E-02
 5.697550571E-02 5.478590743E-02 5.262725628E-02 5.050027043E-02 4.840542742E-02
 4.634300773E-02 4.431332065E-02 4.231680318E-02 4.035395692E-02 3.842524450E-02
 3.653101520E-02 3.467164913E-02 3.284773080E-02 3.105995186E-02 2.930890500E-02
 2.759507036E-02 2.591900419E-02 2.428141603E-02 2.268303879E-02 2.112456686E-02
 1.960667675E-02 1.813003419E-02 1.669527901E-02 1.530304067E-02 1.395400008E-02
 1.264892399E-02 1.138866392E-02 1.017405750E-02 9.006040789E-03 7.885459996E-03
 6.812977072E-03 5.789221348E-03 4.814720858E-03 3.889517363E-03 3.013975161E-03
 2.188852267E-03 1.414847078E-03 6.926357140E-04 2.279664860E-05-5.949294193E-04
-1.161967620E-03-1.677794029E-03-2.141445045E-03-2.552175878E-03-2.909402210E-03
-3.212659842E-03-3.461608969E-03-3.656053661E-03-3.795918990E-03-3.881268208E-03
-3.912325509E-03-3.889454258E-03-3.813192052E-03-3.684268613E-03-3.503587703E-03
-3.272280513E-03-2.991736252E-03-2.663588255E-03-2.289777528E-03-1.872599464E-03
-1.414635184E-03-9.189093501E-04-3.889820882E-04 1.732446757E-04 7.700043042E-04
 1.400765748E-03 2.064448403E-03 2.761105772E-03 3.491948829E-03 4.258110049E-03
 5.059577482E-03 5.895305100E-03 6.767078430E-03 7.677660452E-03 8.626824684E-03
 9.616755554E-03 1.065336898E-02 1.174081472E-02 1.288454602E-02 1.408187445E-02
 1.918168942E-01 1.884307620E-01 1.850606527E-01 1.817091575E-01 1.783758890E-01
 1.750610016E-01 1.717647575E-01 1.684874387E-01 1.652293433E-01 1.619907689E-01
 1.587720183E-01 1.555734056E-01 1.523952509E-01 1.492378645E-01 1.461015323E-01
 1.429865005E-01 1.398929992E-01 1.368212930E-01 1.337716813E-01 1.307444435E-01
 1.277398137E-01 1.247579982E-01 1.217992203E-01 1.188637307E-01 1.159517990E-01
 1.130636949E-01 1.101996851E-01 1.073600378E-01 1.045450386E-01 1.017550255E-01
 9.899037193E-02 9.625145622E-02 9.353866833E-02 9.085237551E-02 8.819276669E-02
 8.555979267E-02 8.295337212E-02 8.037345646E-02 7.782009761E-02 7.529370827E-02
 7.279502265E-02 7.032480412E-02 6.788371984E-02 6.547217784E-02 6.309034654E-02
 6.073839997E-02 5.841653549E-02 5.612485520E-02 5.386340941E-02 5.163232141E-02
 4.943201495E-02 4.726323946E-02 4.512675167E-02 4.302310724E-02 4.095264641E-02
 3.891571661E-02 3.691278710E-02 3.494440021E-02 3.301107354E-02 3.111322534E-02
 2.925129944E-02 2.742592766E-02 2.563784392E-02 2.388769813E-02 2.217605079E-02
 2.050353394E-02 1.887090757E-02 1.727895975E-02 1.572846132E-02 1.422019873E-02
 1.275493066E-02 1.133337202E-02 9.956308462E-03 8.624746379E-03 7.339594530E-03
 6.101740137E-03 4.911873094E-03 3.770004227E-03 2.676518562E-03 1.632343031E-03
 6.385841679E-04-3.042485392E-04-1.198272605E-03-2.044199197E-03-2.840607794E-03
-3.585943737E-03-4.278886575E-03-4.918271359E-03-5.503215953E-03-6.033185100E-03
-6.507373823E-03-6.924984669E-03-7.285365828E-03-7.587986724E-03-7.832420573E-03
-8.018359230E-03-8.145600041E-03-8.214053754E-03-8.223755612E-03-8.174856442E-03
-8.067646125E-03-7.902569855E-03-7.680225435E-03-7.401406758E-03-7.067128104E-03
-6.678640465E-03-6.237488839E-03-5.745553667E-03-5.205083253E-03-4.618757246E-03
-3.989762918E-03-3.321792616E-03-2.618721280E-03-1.884152012E-03-1.122849607E-03
-3.398701376E-04 4.649117907E-04 1.299201429E-03 2.165374008E-03 3.065988307E-03
 4.003406032E-03 4.979006431E-03 5.992904186E-03 7.047395798E-03 8.147840912E-03
 9.298037904E-03 1.050179041E-02 1.176921267E-02 1.310068203E-02 1.874158834E-01
 1.840078156E-01 1.806158267E-01 1.772425192E-01 1.738874924E-01 1.705508888E-01
 1.672329500E-01 1.639339256E-01 1.606541064E-01 1.573937999E-01 1.541533121E-01
 1.509329560E-01 1.477330557E-01 1.445539401E-01 1.413959252E-01 1.382592984E-01
 1.351443061E-01 1.320511922E-01 1.289802421E-01 1.259317661E-01 1.229060425E-01
 1.199033028E-01 1.169237631E-01 1.139676651E-01 1.110352785E-01 1.081268858E-01
 1.052427668E-01 1.023831997E-01 9.954846850E-02 9.673888924E-02 9.395483259E-02
 9.119668651E-02 8.846484547E-02 8.575970963E-02 8.308159456E-02 8.043056347E-02
 7.780655596E-02 7.520953228E-02 7.263950973E-02 7.009674616E-02 6.758190190E-02
 6.509576097E-02 6.263904489E-02 6.021228411E-02 5.781571912E-02 5.544953888E-02
 5.311397636E-02 5.080920399E-02 4.853532135E-02 4.629247115E-02 4.408102968E-02
 4.190172948E-02 3.975535901E-02 3.764254687E-02 3.556370030E-02 3.351921173E-02
 3.150958712E-02 2.953541291E-02 2.759726348E-02 2.569562998E-02 2.383102531E-02
 2.200413396E-02 2.021573021E-02 1.846651536E-02 1.675713923E-02 1.508834187E-02
 1.346099320E-02 1.187593663E-02 1.033404310E-02 8.836395615E-03 7.383941554E-03
 5.977469273E-03 4.617465413E-03 3.303723728E-03 2.036970676E-03 8.186050063E-04
-3.507993031E-04-1.474118381E-03-2.552320890E-03-3.583535338E-03-4.565658270E-03
-5.496996581E-03-6.376545003E-03-7.203181148E-03-7.975510043E-03-8.692238616E-03
-9.352236659E-03-9.954508980E-03-1.049813307E-02-1.098224657E-02-1.140617606E-02
-1.176936331E-02-1.207133227E-02-1.231169131E-02-1.249013131E-02-1.260643094E-02
-1.266045574E-02-1.265216410E-02-1.258160981E-02-1.244894722E-02-1.225444254E-02
-1.199847501E-02-1.168155677E-02-1.130434966E-02-1.086767813E-02-1.037256935E-02
-9.820287949E-03-9.212379979E-03-8.550732211E-03-7.837641941E-03-7.075878115E-03
-6.268758773E-03-5.420328914E-03-4.535502623E-03-3.619860451E-03-2.679605613E-03
-1.720657391E-03-7.485173474E-04 2.344400810E-04 1.241406409E-03 2.282417838E-03
 3.362746876E-03 4.483969962E-03 5.650148079E-03 6.865295336E-03 8.133368344E-03
 9.462026429E-03 1.086657919E-02 1.234770217E-02 1.830419532E-01 1.796115324E-01
 1.761972292E-01 1.728016677E-01 1.694244522E-01 1.660657129E-01 1.627256788E-01
 1.594045775E-01 1.561026679E-01 1.528202522E-01 1.495576469E-01 1.463151668E-01
 1.430931354E-01 1.398918875E-01 1.367117605E-01 1.335530757E-01 1.304161212E-01
 1.273011464E-01 1.242084118E-01 1.211382240E-01 1.180909013E-01 1.150667192E-01
 1.120659091E-01 1.090887019E-01 1.061353589E-01 1.032061688E-01 1.003014261E-01
 9.742142182E-02 9.456644716E-02 9.173680759E-02 8.893285635E-02 8.615498782E-02
 8.340360368E-02 8.067911713E-02 7.798191688E-02 7.531221444E-02 7.267000305E-02
 7.005525535E-02 6.746798503E-02 6.490834274E-02 6.237686229E-02 5.987432367E-02
 5.740149207E-02 5.495899537E-02 5.254717653E-02 5.016625050E-02 4.781647595E-02
 4.549809314E-02 4.321126058E-02 4.095615413E-02 3.873312378E-02 3.654287433E-02
 3.438621952E-02 3.226385365E-02 3.017625770E-02 2.812387692E-02 2.610725839E-02
 2.412703435E-02 2.218383754E-02 2.027823149E-02 1.841079251E-02 1.658226700E-02
 1.479350950E-02 1.304533234E-02 1.133847871E-02 9.673874247E-03 8.052720941E-03
 6.475982869E-03 4.944282490E-03 3.457370400E-03 2.015686383E-03 6.205708832E-04
-7.281260388E-04-2.034443652E-03-3.298153966E-03-4.516631966E-03-5.687574504E-03
-6.809667093E-03-7.881439587E-03-8.901067854E-03-9.866874449E-03-1.077737010E-02
-1.163110695E-02-1.242683960E-02-1.316353627E-02-1.384026892E-02-1.445618182E-02
-1.501049325E-02-1.550247502E-02-1.593146585E-02-1.629687012E-02-1.659816581E-02
-1.683490627E-02-1.700671455E-02-1.711330180E-02-1.715446399E-02-1.713008941E-02
-1.704016644E-02-1.688477681E-02-1.666410893E-02-1.637845803E-02-1.602822199E-02
-1.561391523E-02-1.513616699E-02-1.459573718E-02-1.399353356E-02-1.333063721E-02
-1.260834382E-02-1.182821919E-02-1.099217458E-02-1.010254955E-02-9.162227812E-03
-8.174734623E-03-7.144383796E-03-6.076332274E-03-4.976649279E-03-3.852627277E-03
-2.712932120E-03-1.566258521E-03-4.177749657E-04 7.388007556E-04 1.927179169E-03
 3.160699296E-03 4.442805724E-03 5.777476847E-03 7.172073251E-03 8.638675867E-03
 1.019373392E-02 1.183336866E-02 1.786960566E-01 1.752428784E-01 1.718058355E-01
 1.683875731E-01 1.649877148E-01 1.616063972E-01 1.582438366E-01 1.549002471E-01
 1.515758646E-01 1.482709598E-01 1.449858460E-01 1.417208487E-01 1.384762925E-01
 1.352525116E-01 1.320498519E-01 1.288686590E-01 1.257092592E-01 1.225719407E-01
 1.194569592E-01 1.163645950E-01 1.132951752E-01 1.102490222E-01 1.072264085E-01
 1.042275692E-01 1.012527540E-01 9.830224594E-02 9.537635100E-02 9.247537545E-02
 8.959962290E-02 8.674940105E-02 8.392504438E-02 8.112694209E-02 7.835550574E-02
 7.561115418E-02 7.289431119E-02 7.020531454E-02 6.754426340E-02 6.491115370E-02
 6.230600897E-02 5.972893125E-02 5.718030712E-02 5.466087240E-02 5.217142469E-02
 4.971266339E-02 4.728504986E-02 4.488884380E-02 4.252432460E-02 4.019179187E-02
 3.789147226E-02 3.562358671E-02 3.338848343E-02 3.118683359E-02 2.901947067E-02
 2.688714583E-02 2.479041688E-02 2.272978834E-02 2.070585125E-02 1.871927325E-02
 1.677074691E-02 1.486094663E-02 1.299058018E-02 1.116046788E-02 9.371655514E-03
 7.625309854E-03 5.922239721E-03 4.262698738E-03 2.646340709E-03 1.074335544E-03
-4.528735755E-04-1.939485974E-03-3.386613469E-03-4.791498238E-03-6.151489900E-03
-7.465140362E-03-8.730471162E-03-9.945313688E-03-1.110773110E-02-1.221588691E-02
-1.326822833E-02-1.426348729E-02-1.520052213E-02-1.607826053E-02-1.689567189E-02
-1.765177404E-02-1.834562886E-02-1.897632933E-02-1.954300687E-02-2.004482990E-02
-2.048102036E-02-2.085085987E-02-2.115369279E-02-2.138893990E-02-2.155610783E-02
-2.165479535E-02-2.168470256E-02-2.164563585E-02-2.153751583E-02-2.136037637E-02
-2.111437288E-02-2.079978606E-02-2.041700930E-02-1.996656085E-02-1.944907481E-02
-1.886529283E-02-1.821606731E-02-1.750235744E-02-1.672523808E-02-1.588591817E-02
-1.498578684E-02-1.402646319E-02-1.300989615E-02-1.193847425E-02-1.081517964E-02
-9.643746680E-03-8.428817580E-03-7.176118518E-03-5.892561598E-03-4.586259899E-03
-3.266739605E-03-1.945579027E-03-6.321802820E-04 6.819285880E-04 2.031575903E-03
 3.434316748E-03 4.897060391E-03 6.430283171E-03 8.046630233E-03 9.762753841E-03
 1.157900819E-02 1.743791877E-01 1.709028409E-01 1.674426440E-01 1.640012448E-01
 1.605782849E-01 1.571739220E-01 1.537883795E-01 1.504218588E-01 1.470745807E-01
 1.437467921E-01 1.404387759E-01 1.371508562E-01 1.338833682E-01 1.306366466E-01
 1.274110370E-01 1.242068966E-01 1.210245793E-01 1.178644152E-01 1.147266929E-01
 1.116116785E-01 1.085196747E-01 1.054510271E-01 1.024060591E-01 9.938504036E-02
 9.638821529E-02 9.341585541E-02 9.046826669E-02 8.754577070E-02 8.464868622E-02
 8.177733118E-02 7.893203466E-02 7.611316813E-02 7.332114847E-02 7.055640272E-02
 6.781936931E-02 6.511046078E-02 6.242991804E-02 5.977778882E-02 5.715411310E-02
 5.455898409E-02 5.199267017E-02 4.945581429E-02 4.694922695E-02 4.447366212E-02
 4.202969299E-02 3.961764850E-02 3.723783071E-02 3.489058741E-02 3.257621969E-02
 3.029500490E-02 2.804731250E-02 2.583378308E-02 2.365526195E-02 2.151254680E-02
 1.940626302E-02 1.733696998E-02 1.530533204E-02 1.331212650E-02 1.135812463E-02
 9.444214880E-03 7.571522481E-03 5.740861996E-03 3.952312746E-03 2.205544510E-03
 5.016090740E-04-1.160699251E-03-2.786403758E-03-4.374120881E-03-5.920500518E-03
-7.423590874E-03-8.881294262E-03-1.029112148E-02-1.165080015E-02-1.295822864E-02
-1.421176553E-02-1.541006850E-02-1.655191630E-02-1.763613659E-02-1.866159723E-02
-1.962718690E-02-2.053179118E-02-2.137428819E-02-2.215355924E-02-2.286849034E-02
-2.351798344E-02-2.410097067E-02-2.461643717E-02-2.506341735E-02-2.544102505E-02
-2.574844567E-02-2.598495735E-02-2.614993897E-02-2.624286739E-02-2.626333701E-02
-2.621105846E-02-2.608586762E-02-2.588773323E-02-2.561675636E-02-2.527318258E-02
-2.485739787E-02-2.436993645E-02-2.381148039E-02-2.318284704E-02-2.248499135E-02
-2.171898863E-02-2.088601788E-02-1.998734656E-02-1.902432808E-02-1.799839087E-02
-1.691107918E-02-1.576411652E-02-1.455951633E-02-1.329974429E-02-1.198790398E-02
-1.062799707E-02-9.225150476E-03-7.785825487E-03-6.317942691E-03-4.830898577E-03
-3.335742444E-03-1.846198488E-03-3.724126634E-04 1.106585962E-03 2.637344586E-03
 4.238889701E-03 5.921582684E-03 7.698729502E-03 9.596726012E-03 1.162110890E-02
 1.700924010E-01 1.665924508E-01 1.631086753E-01 1.596437149E-01 1.561972069E-01
 1.527693275E-01 1.493603229E-01 1.459704021E-01 1.425997730E-01 1.392486664E-01
 1.359173399E-01 1.326060888E-01 1.293152488E-01 1.260451651E-01 1.227961831E-01
 1.195686604E-01 1.163629654E-01 1.131794603E-01 1.100184781E-01 1.068803086E-01
 1.037652326E-01 1.006735781E-01 9.760570486E-02 9.456193544E-02 9.154253829E-02
 8.854777356E-02 8.557793666E-02 8.263335638E-02 7.971436885E-02 7.682130680E-02
 7.395450542E-02 7.111432220E-02 6.830116678E-02 6.551547632E-02 6.275769623E-02
 6.002827602E-02 5.732757999E-02 5.465575456E-02 5.201286631E-02 4.939901907E-02
 4.681442037E-02 4.425958671E-02 4.173531036E-02 3.924238826E-02 3.678148276E-02
 3.435301615E-02 3.195732200E-02 2.959478686E-02 2.726578726E-02 2.497066635E-02
 2.270983242E-02 2.048390494E-02 1.829371869E-02 1.614011398E-02 1.402383407E-02
 1.194554717E-02 9.906058510E-03 7.906559732E-03 5.947912718E-03 4.030128723E-03
 2.152658032E-03 3.162928414E-04-1.481128332E-03-3.244598727E-03-4.971951926E-03
-6.659764824E-03-8.306062166E-03-9.908174673E-03-1.146339330E-02-1.296928365E-02
-1.442394662E-02-1.582593789E-02-1.717400260E-02-1.846693809E-02-1.970358246E-02
-2.088275812E-02-2.200324108E-02-2.306375776E-02-2.406298335E-02-2.499955472E-02
-2.587209477E-02-2.667923054E-02-2.741961411E-02-2.809193700E-02-2.869494255E-02
-2.922743990E-02-2.968831271E-02-3.007652721E-02-3.039114236E-02-3.063131349E-02
-3.079630253E-02-3.088548305E-02-3.089834643E-02-3.083450770E-02-3.069371174E-02
-3.047584233E-02-3.018091999E-02-2.980911621E-02-2.936075820E-02-2.883632768E-02
-2.823647596E-02-2.756202041E-02-2.681395372E-02-2.599344035E-02-2.510180651E-02
-2.414052601E-02-2.311119760E-02-2.201549479E-02-2.085514096E-02-1.963188969E-02
-1.834752412E-02-1.700393166E-02-1.560322701E-02-1.414798898E-02-1.264153456E-02
-1.108825971E-02-9.493973440E-03-7.866183359E-03-6.214238282E-03-4.549200420E-03
-2.884407124E-03-1.236463924E-03 3.949705514E-04 2.065807016E-03 3.815594790E-03
 5.659830436E-03 7.619437013E-03 9.728408666E-03 1.198607918E-02 1.658367776E-01
 1.623127976E-01 1.588049992E-01 1.553160397E-01 1.518455481E-01 1.483936947E-01
 1.449607441E-01 1.415469291E-01 1.381524663E-01 1.347775731E-01 1.314224898E-01
 1.280874856E-01 1.247728689E-01 1.214789873E-01 1.182061962E-01 1.149548524E-01
 1.117253260E-01 1.085179972E-01 1.053332354E-01 1.021713763E-01 9.903271259E-02
 9.591754443E-02 9.282622582E-02 8.975912697E-02 8.671656793E-02 8.369881979E-02
 8.070616394E-02 7.773892225E-02 7.479744449E-02 7.188208139E-02 6.899318149E-02
 6.613110194E-02 6.329623645E-02 6.048902635E-02 5.770992628E-02 5.495940208E-02
 5.223789303E-02 4.954567812E-02 4.688287468E-02 4.424960699E-02 4.164606855E-02
 3.907266077E-02 3.653011614E-02 3.401925931E-02 3.154081965E-02 2.909532332E-02
 2.668315099E-02 2.430472124E-02 2.196047881E-02 1.965083419E-02 1.737623354E-02
 1.513731692E-02 1.293497903E-02 1.077013540E-02 8.643842581E-03 6.557149719E-03
 4.510305681E-03 2.502522863E-03 5.342666624E-04-1.396450340E-03-3.295459936E-03
-5.160862465E-03-6.989076920E-03-8.777836220E-03-1.052414279E-02-1.222509222E-02
-1.387820883E-02-1.548177305E-02-1.703447012E-02-1.853511503E-02-1.998257477E-02
-2.137569581E-02-2.271324117E-02-2.399386683E-02-2.521611901E-02-2.637845566E-02
-2.747927848E-02-2.851696093E-02-2.948987425E-02-3.039640788E-02-3.123498628E-02
-3.200408032E-02-3.270221965E-02-3.332800143E-02-3.388009532E-02-3.435725994E-02
-3.475833539E-02-3.508226747E-02-3.532809841E-02-3.549498387E-02-3.558219929E-02
-3.558913648E-02-3.551532070E-02-3.536040952E-02-3.512420164E-02-3.480664023E-02
-3.440781959E-02-3.392799453E-02-3.336757473E-02-3.272714268E-02-3.200745301E-02
-3.120943951E-02-3.033422442E-02-2.938312299E-02-2.835765147E-02-2.725952819E-02
-2.609065389E-02-2.485308450E-02-2.354898294E-02-2.218052664E-02-2.074986033E-02
-1.925906377E-02-1.771023164E-02-1.610564285E-02-1.444807496E-02-1.274121156E-02
-1.099011030E-02-9.201665777E-03-7.384937824E-03-5.551159339E-03-3.713856169E-03
-1.890807509E-03-9.143569218E-05 1.731281612E-03 3.641982410E-03 5.669141322E-03
 7.838020385E-03 1.018142582E-02 1.269730363E-02 1.616133532E-01 1.580649892E-01
 1.545327462E-01 1.510193288E-01 1.475244023E-01 1.440481282E-01 1.405907626E-01
 1.371525565E-01 1.337337514E-01 1.303345746E-01 1.269552524E-01 1.235960357E-01
 1.202572056E-01 1.169390845E-01 1.136420320E-01 1.103664143E-01 1.071126005E-01
 1.038809736E-01 1.006719254E-01 9.748583243E-02 9.432303184E-02 9.118382306E-02
 8.806852969E-02 8.497753131E-02 8.191120422E-02 7.886986556E-02 7.585379512E-02
 7.286330005E-02 6.989873011E-02 6.696045417E-02 6.404883865E-02 6.116425070E-02
 5.830707583E-02 5.547774731E-02 5.267673009E-02 4.990449855E-02 4.716153030E-02
 4.444822174E-02 4.176478083E-02 3.911136282E-02 3.648817311E-02 3.389554610E-02
 3.133411899E-02 2.880472061E-02 2.630813281E-02 2.384497600E-02 2.141569326E-02
 1.902072487E-02 1.666056222E-02 1.433572571E-02 1.204678412E-02 9.794504221E-03
 7.580204436E-03 5.404709994E-03 3.267575835E-03 1.168490702E-03-8.934738834E-04
-2.924964622E-03-4.925891996E-03-6.892515882E-03-8.822256193E-03-1.071188528E-02
-1.255825863E-02-1.435883863E-02-1.611198157E-02-1.781648700E-02-1.947127327E-02
-2.107529391E-02-2.262741604E-02-2.412635591E-02-2.557065031E-02-2.695868154E-02
-2.828871454E-02-2.955893966E-02-3.076751081E-02-3.191257417E-02-3.299228634E-02
-3.400482900E-02-3.494842134E-02-3.582132964E-02-3.662187514E-02-3.734844406E-02
-3.799949492E-02-3.857356671E-02-3.906928547E-02-3.948537551E-02-3.982065986E-02
-4.007407439E-02-4.024466776E-02-4.033161246E-02-4.033420850E-02-4.025189039E-02
-4.008423101E-02-3.983094835E-02-3.949191400E-02-3.906715011E-02-3.855684375E-02
-3.796134488E-02-3.728117627E-02-3.651703923E-02-3.566981084E-02-3.474055776E-02
-3.373053701E-02-3.264120376E-02-3.147421953E-02-3.023146464E-02-2.891504674E-02
-2.752731348E-02-2.607079590E-02-2.454815975E-02-2.296207728E-02-2.131511577E-02
-1.960967170E-02-1.784805939E-02-1.603277301E-02-1.416694152E-02-1.225492885E-02
-1.030297760E-02-8.319740377E-03-6.316482323E-03-4.307238582E-03-2.310585588E-03
-3.397063030E-04 1.648305659E-03 3.740755115E-03 5.975107585E-03 8.375852273E-03
 1.098668332E-02 1.381469297E-02 1.574231494E-01 1.538500951E-01 1.502930548E-01
 1.467547528E-01 1.432349213E-01 1.397337615E-01 1.362515222E-01 1.327884442E-01
 1.293447865E-01 1.259208024E-01 1.225167294E-01 1.191328039E-01 1.157692873E-01
 1.124264741E-01 1.091047009E-01 1.058043400E-01 1.025257688E-01 9.926936907E-02
 9.603553775E-02 9.282467805E-02 8.963717245E-02 8.647335995E-02 8.333355115E-02
 8.021809670E-02 7.712739961E-02 7.406183853E-02 7.102172876E-02 6.800736648E-02
 6.501908795E-02 6.205727073E-02 5.912230173E-02 5.621456496E-02 5.333445067E-02
 5.048237993E-02 4.765882117E-02 4.486425918E-02 4.209918957E-02 3.936408187E-02
 3.665926437E-02 3.398494285E-02 3.134134795E-02 2.872879789E-02 2.614783375E-02
 2.359925426E-02 2.108387752E-02 1.860238587E-02 1.615528968E-02 1.374310439E-02
 1.136643619E-02 9.026068702E-03 6.723084062E-03 4.457712802E-03 2.229076309E-03
 3.696910599E-05-2.123073186E-03-4.255773224E-03-6.357893972E-03-8.426214147E-03
-1.045740951E-02-1.244806050E-02-1.439538806E-02-1.629770599E-02-1.815389558E-02
-1.996301090E-02-2.172412146E-02-2.343616578E-02-2.509784883E-02-2.670763126E-02
-2.826376947E-02-2.976437510E-02-3.120746599E-02-3.259101841E-02-3.391298333E-02
-3.517131027E-02-3.636395910E-02-3.748891305E-02-3.854418629E-02-3.952783481E-02
-4.043796636E-02-4.127274984E-02-4.203042198E-02-4.270929901E-02-4.330778331E-02
-4.382436953E-02-4.425765876E-02-4.460635430E-02-4.486928238E-02-4.504538495E-02
-4.513373483E-02-4.513354179E-02-4.504414968E-02-4.486505130E-02-4.459588803E-02
-4.423645825E-02-4.378671775E-02-4.324678975E-02-4.261697013E-02-4.189772499E-02
-4.108970521E-02-4.019374281E-02-3.921086298E-02-3.814228541E-02-3.698942836E-02
-3.575391355E-02-3.443757508E-02-3.304245927E-02-3.157084995E-02-3.002526193E-02
-2.840848160E-02-2.672353825E-02-2.497361400E-02-2.316186448E-02-2.129123794E-02
-1.936439029E-02-1.738383506E-02-1.535238861E-02-1.327388107E-02-1.115398497E-02
-9.000964193E-03-6.826111279E-03-4.644036045E-03-2.474968590E-03-3.324445899E-04
 1.836971921E-03 4.133906832E-03 6.599736166E-03 9.269865062E-03 1.220252792E-02
 1.539856422E-02 1.532672032E-01 1.496691750E-01 1.460870281E-01 1.425234840E-01
 1.389783173E-01 1.354517907E-01 1.319441988E-01 1.284557775E-01 1.249867742E-01
 1.215374585E-01 1.181080956E-01 1.146989337E-01 1.113102197E-01 1.079422268E-01
 1.045952633E-01 1.012696809E-01 9.796586484E-02 9.468420431E-02 9.142509478E-02
 8.818894731E-02 8.497617635E-02 8.178716960E-02 7.862226850E-02 7.548180005E-02
 7.236614537E-02 6.927572673E-02 6.621092235E-02 6.317204917E-02 6.015942720E-02
 5.717342515E-02 5.421444635E-02 5.128289608E-02 4.837917878E-02 4.550371368E-02
 4.265696218E-02 3.983941973E-02 3.705159227E-02 3.429398821E-02 3.156704313E-02
 2.887104505E-02 2.620626176E-02 2.357302657E-02 2.097181705E-02 1.840335816E-02
 1.586847707E-02 1.336795148E-02 1.090245113E-02 8.472805836E-03 6.079983860E-03
 3.723770898E-03 1.403138734E-03-8.833281086E-04-3.143154804E-03-5.376604016E-03
-7.579875841E-03-9.749755334E-03-1.188251273E-02-1.397487180E-02-1.602488328E-02
-1.803144307E-02-1.999374518E-02-2.191102577E-02-2.378235479E-02-2.560650956E-02
-2.738194299E-02-2.910685438E-02-3.077924954E-02-3.239702462E-02-3.395801001E-02
-3.545999761E-02-3.690075310E-02-3.827804097E-02-3.958962187E-02-4.083327388E-02
-4.200679928E-02-4.310803708E-02-4.413487123E-02-4.508524252E-02-4.595715843E-02
-4.674870281E-02-4.745804367E-02-4.808344335E-02-4.862326605E-02-4.907598251E-02
-4.944018458E-02-4.971458064E-02-4.989801333E-02-4.998945630E-02-4.998802592E-02
-4.989298312E-02-4.970374092E-02-4.941986686E-02-4.904108969E-02-4.856730451E-02
-4.799857393E-02-4.733513975E-02-4.657741739E-02-4.572601091E-02-4.478171058E-02
-4.374550157E-02-4.261856899E-02-4.140229997E-02-4.009828977E-02-3.870835177E-02
-3.723451293E-02-3.567902975E-02-3.404437498E-02-3.233326392E-02-3.054867269E-02
-2.869386760E-02-2.677238984E-02-2.478792910E-02-2.274405826E-02-2.064397699E-02
-1.849047847E-02-1.628632614E-02-1.403502069E-02-1.174180080E-02-9.414719356E-03
-7.065212144E-03-4.708781111E-03-2.368197144E-03-5.272433402E-05 2.316591617E-03
 4.845327347E-03 7.583427639E-03 1.057645094E-02 1.388462832E-02 1.750084876E-02
 1.491465719E-01 1.455233051E-01 1.419157643E-01 1.383266619E-01 1.347557980E-01
 1.312034711E-01 1.276700347E-01 1.241557770E-01 1.206609435E-01 1.171857909E-01
 1.137305991E-01 1.102956456E-01 1.068811903E-01 1.034874915E-01 1.001148347E-01
 9.676354295E-02 9.343398392E-02 9.012655603E-02 8.684166097E-02 8.357970860E-02
 8.034112471E-02 7.712633447E-02 7.393573004E-02 7.076965695E-02 6.762846451E-02
 6.451256633E-02 6.142239859E-02 5.835833780E-02 5.532070872E-02 5.230986170E-02
 4.932619981E-02 4.637015010E-02 4.344213786E-02 4.054259230E-02 3.767196826E-02
 3.483076486E-02 3.201949983E-02 2.923870135E-02 2.648887450E-02 2.377041178E-02
 2.108362995E-02 1.842888197E-02 1.580661802E-02 1.321753096E-02 1.066253985E-02
 8.142787922E-03 5.659230695E-03 3.211329920E-03 7.977845927E-04-1.584550311E-03
-3.943382985E-03-6.276797198E-03-8.581117056E-03-1.085248628E-02-1.308712368E-02
-1.528236378E-02-1.743691229E-02-1.955005449E-02-2.162123102E-02-2.364974026E-02
-2.563454122E-02-2.757418465E-02-2.946688337E-02-3.131060994E-02-3.310318621E-02
-3.484234900E-02-3.652576080E-02-3.815104190E-02-3.971578015E-02-4.121754521E-02
-4.265389531E-02-4.402239986E-02-4.532063740E-02-4.654621884E-02-4.769679590E-02
-4.877007317E-02-4.976381821E-02-5.067587301E-02-5.150416333E-02-5.224670687E-02
-5.290162331E-02-5.346714136E-02-5.394160588E-02-5.432348730E-02-5.461138332E-02
-5.480403261E-02-5.490031087E-02-5.489924365E-02-5.480001173E-02-5.460194856E-02
-5.430455229E-02-5.390748616E-02-5.341058670E-02-5.281386147E-02-5.211750071E-02
-5.132187570E-02-5.042754727E-02-4.943527025E-02-4.834599268E-02-4.716086737E-02
-4.588125308E-02-4.450872108E-02-4.304506411E-02-4.149229090E-02-3.985264252E-02
-3.812858984E-02-3.632284526E-02-3.443836277E-02-3.247833791E-02-3.044624461E-02
-2.834588407E-02-2.618134332E-02-2.395676269E-02-2.167594945E-02-1.934215365E-02
-1.695828628E-02-1.452767809E-02-1.205538608E-02-9.549515297E-03-7.021975339E-03
-4.489687739E-03-1.977714377E-03 5.162177786E-04 3.113252872E-03 5.916674002E-03
 8.979083927E-03 1.234854246E-02 1.608911734E-02 2.018972069E-02 1.450623257E-01
 1.414135819E-01 1.377803817E-01 1.341654266E-01 1.305685427E-01 1.269900482E-01
 1.234303301E-01 1.198897339E-01 1.163685624E-01 1.128670743E-01 1.093855356E-01
 1.059242368E-01 1.024834683E-01 9.906350271E-02 9.566461023E-02 9.228708980E-02
 8.893128033E-02 8.559756586E-02 8.228635863E-02 7.899807344E-02 7.573313532E-02
 7.249198523E-02 6.927505842E-02 6.608275084E-02 6.291541535E-02 5.977342946E-02
 5.665723922E-02 5.356728961E-02 5.050395540E-02 4.746757810E-02 4.445854365E-02
 4.147728944E-02 3.852426527E-02 3.559991914E-02 3.270471066E-02 2.983913538E-02
 2.700372335E-02 2.419901588E-02 2.142555472E-02 1.868381470E-02 1.597416416E-02
 1.329702439E-02 1.065297328E-02 8.043001682E-03 5.468206909E-03 2.928183125E-03
 4.213517592E-04-2.057032233E-03-4.514108479E-03-6.947048816E-03-9.352021003E-03
-1.172485453E-02-1.406189294E-02-1.636114731E-02-1.862180038E-02-2.084345743E-02
-2.302572396E-02-2.516787220E-02-2.726869400E-02-2.932653869E-02-3.133942674E-02
-3.330517076E-02-3.522145490E-02-3.708586683E-02-3.889591873E-02-4.064906965E-02
-4.234272292E-02-4.397425183E-02-4.554100777E-02-4.704033691E-02-4.846959107E-02
-4.982614905E-02-5.110741923E-02-5.231086003E-02-5.343399021E-02-5.447439848E-02
-5.542975491E-02-5.629782142E-02-5.707646131E-02-5.776364597E-02-5.835746587E-02
-5.885613676E-02-5.925800410E-02-5.956155776E-02-5.976542486E-02-5.986838940E-02
-5.986938597E-02-5.976751198E-02-5.956202747E-02-5.925236288E-02-5.883811995E-02
-5.831907813E-02-5.769519571E-02-5.696661599E-02-5.613367308E-02-5.519688804E-02
-5.415698286E-02-5.301487624E-02-5.177169478E-02-5.042877348E-02-4.898766253E-02
-4.745013501E-02-4.581818603E-02-4.409404236E-02-4.228016907E-02-4.037927668E-02
-3.839432784E-02-3.632852806E-02-3.418533944E-02-3.196849149E-02-2.968202404E-02
-2.733033213E-02-2.491801620E-02-2.244947975E-02-1.992849140E-02-1.735817400E-02
-1.474189333E-02-1.208480768E-02-9.395331931E-03-6.686106586E-03-3.977319506E-03
-1.293631065E-03 1.401322106E-03 4.267839033E-03 7.397504488E-03 1.083966691E-02
 1.464638124E-02 1.888794224E-02 2.354620848E-02 1.410155789E-01 1.373411202E-01
 1.336820174E-01 1.300409403E-01 1.264177359E-01 1.228127440E-01 1.192263712E-01
 1.156589948E-01 1.121109737E-01 1.085826274E-01 1.050742287E-01 1.015860532E-01
 9.811840249E-02 9.467158081E-02 9.124587432E-02 8.784156605E-02 8.445896928E-02
 8.109843978E-02 7.776037878E-02 7.444521278E-02 7.115337043E-02 6.788529277E-02
 6.464143616E-02 6.142224511E-02 5.822811901E-02 5.505942321E-02 5.191656859E-02
 4.880003145E-02 4.571026107E-02 4.264763311E-02 3.961251566E-02 3.660533469E-02
 3.362655971E-02 3.067666399E-02 2.775612300E-02 2.486543408E-02 2.200513275E-02
 1.917576732E-02 1.637787699E-02 1.361200704E-02 1.087871020E-02 8.178771460E-03
 5.513100197E-03 2.881173324E-03 2.811088932E-04-2.292577562E-03-4.846777572E-03
-7.378506418E-03-9.883712298E-03-1.235800562E-02-1.479793886E-02-1.720204059E-02
-1.956991418E-02-2.190145054E-02-2.419635580E-02-2.645384762E-02-2.867257575E-02
-3.085072803E-02-3.298619082E-02-3.507667154E-02-3.711973899E-02-3.911285302E-02
-4.105338281E-02-4.293861823E-02-4.476578390E-02-4.653205908E-02-4.823458052E-02
-4.987047164E-02-5.143685265E-02-5.293085750E-02-5.434964749E-02-5.569042656E-02
-5.695045012E-02-5.812704112E-02-5.921760259E-02-6.021962578E-02-6.113070200E-02
-6.194853222E-02-6.267093632E-02-6.329586017E-02-6.382138466E-02-6.424573257E-02
-6.456727365E-02-6.478453189E-02-6.489619186E-02-6.490109866E-02-6.479826756E-02
-6.458688849E-02-6.426632384E-02-6.383611734E-02-6.329599521E-02-6.264587254E-02
-6.188584984E-02-6.101622536E-02-6.003748918E-02-5.895033489E-02-5.775565743E-02
-5.645456244E-02-5.504836776E-02-5.353860773E-02-5.192703953E-02-5.021564997E-02
-4.840665640E-02-4.650251942E-02-4.450594630E-02-4.241990339E-02-4.024760415E-02
-3.799253092E-02-3.565843833E-02-3.324934702E-02-3.076957270E-02-2.822378772E-02
-2.561700137E-02-2.295415488E-02-2.023945958E-02-1.747632480E-02-1.466834855E-02
-1.182098005E-02-8.942941705E-03-6.049289726E-03-3.165492536E-03-3.040623015E-04
 2.637772715E-03 5.828490485E-03 9.342675966E-03 1.322940738E-02 1.754543783E-02
 2.236064763E-02 2.764218324E-02 1.370075352E-01 1.333070918E-01 1.296218332E-01
 1.259543839E-01 1.223045861E-01 1.186727907E-01 1.150594258E-01 1.114648899E-01
 1.078895723E-01 1.043338471E-01 1.007980505E-01 9.728247004E-02 9.378739205E-02
 9.031312971E-02 8.686000180E-02 8.342830902E-02 8.001834823E-02 7.663044813E-02
 7.326498246E-02 6.992237037E-02 6.660305312E-02 6.330747404E-02 6.003609102E-02
 5.678937586E-02 5.356778129E-02 5.037171067E-02 4.720154838E-02 4.405774312E-02
 4.094079692E-02 3.785116015E-02 3.478921558E-02 3.175536684E-02 2.875008279E-02
 2.577386378E-02 2.282721029E-02 1.991062745E-02 1.702463427E-02 1.416978304E-02
 1.134670571E-02 8.556243937E-03 5.799453673E-03 3.075940543E-03 3.833705028E-04
-2.284072912E-03-4.934009397E-03-7.563529951E-03-1.016827775E-02-1.274373649E-02
-1.528670134E-02-1.779606651E-02-2.027173882E-02-2.271385148E-02-2.512224033E-02
-2.749609233E-02-2.983394894E-02-3.213390319E-02-3.439376691E-02-3.661116565E-02
-3.878357122E-02-4.090833737E-02-4.298269711E-02-4.500378294E-02-4.696864191E-02
-4.887425254E-02-5.071754536E-02-5.249542357E-02-5.420476828E-02-5.584246707E-02
-5.740542351E-02-5.889057357E-02-6.029490346E-02-6.161545802E-02-6.284935615E-02
-6.399380300E-02-6.504610319E-02-6.600366890E-02-6.686403160E-02-6.762485114E-02
-6.828392327E-02-6.883918929E-02-6.928874191E-02-6.963083014E-02-6.986387144E-02
-6.998644503E-02-6.999731090E-02-6.989540104E-02-6.967983201E-02-6.934990256E-02
-6.890510113E-02-6.834510496E-02-6.766978570E-02-6.687920863E-02-6.597363981E-02
-6.495354466E-02-6.381959449E-02-6.257266784E-02-6.121385357E-02-5.974445787E-02
-5.816600481E-02-5.648024241E-02-5.468915221E-02-5.279494910E-02-5.080009488E-02
-4.870729386E-02-4.651951581E-02-4.423998259E-02-4.187219097E-02-3.941991786E-02
-3.688722006E-02-3.427843860E-02-3.159819109E-02-2.885147126E-02-2.604368026E-02
-2.318018224E-02-2.026560196E-02-1.730368968E-02-1.429833008E-02-1.125510569E-02
-8.184977693E-03-5.105949862E-03-2.046140587E-03 1.016721657E-03 4.272286910E-03
 7.853325398E-03 1.181990744E-02 1.622573707E-02 2.112412051E-02 2.657631573E-02
 3.253325565E-02 1.330394926E-01 1.293127658E-01 1.256010629E-01 1.219069730E-01
 1.182303219E-01 1.145714456E-01 1.109307769E-01 1.073087364E-01 1.037057359E-01
 1.001221791E-01 9.655845493E-02 9.301491641E-02 8.949186719E-02 8.598960491E-02
 8.250845490E-02 7.904875152E-02 7.561081101E-02 7.219494511E-02 6.880149912E-02
 6.543086598E-02 6.208348346E-02 5.875980813E-02 5.546029894E-02 5.218543140E-02
 4.893569260E-02 4.571154245E-02 4.251338999E-02 3.934164601E-02 3.619680032E-02
 3.307937424E-02 2.998981804E-02 2.692853173E-02 2.389596383E-02 2.089262621E-02
 1.791903760E-02 1.497570156E-02 1.206317797E-02 9.182236462E-03 6.334069517E-03
 3.518795715E-03 7.340872176E-04-2.025517889E-03-4.769312892E-03-7.495117465E-03
-1.019844865E-02-1.287455392E-02-1.552023021E-02-1.813462373E-02-2.071798428E-02
-2.327071691E-02-2.579275258E-02-2.828326697E-02-3.074078929E-02-3.316339102E-02
-3.554883640E-02-3.789470142E-02-4.019839150E-02-4.245716319E-02-4.466812256E-02
-4.682826232E-02-4.893446007E-02-5.098350842E-02-5.297213260E-02-5.489700881E-02
-5.675478561E-02-5.854210208E-02-6.025559594E-02-6.189193199E-02-6.344781105E-02
-6.491998566E-02-6.630528176E-02-6.760060121E-02-6.880294279E-02-6.990941172E-02
-7.091723222E-02-7.182375663E-02-7.262647609E-02-7.332302960E-02-7.391121013E-02
-7.438897460E-02-7.475444924E-02-7.500593255E-02-7.514190601E-02-7.516103377E-02
-7.506216616E-02-7.484434573E-02-7.450681086E-02-7.404899343E-02-7.347052468E-02
-7.277123660E-02-7.195116371E-02-7.101054413E-02-6.994982600E-02-6.876966118E-02
-6.747091814E-02-6.605467619E-02-6.452223529E-02-6.287511649E-02-6.111506670E-02
-5.924406645E-02-5.726433102E-02-5.517832808E-02-5.298876438E-02-5.069861605E-02
-4.831111489E-02-4.582977119E-02-4.325838044E-02-4.060102566E-02-3.786209002E-02
-3.504623700E-02-3.215843951E-02-2.920405526E-02-2.618883455E-02-2.311855580E-02
-1.999820873E-02-1.683181600E-02-1.362324676E-02-1.038008665E-02-7.114412303E-03
-3.851518912E-03-6.099973152E-04 2.725705582E-03 6.369297873E-03 1.041221373E-02
 1.490754779E-02 1.990561423E-02 2.544934160E-02 3.158446906E-02 3.824024740E-02
 1.291128801E-01 1.253595146E-01 1.216210451E-01 1.179000094E-01 1.141962186E-01
 1.105099891E-01 1.068417336E-01 1.031918714E-01 9.956083503E-02 9.594905226E-02
 9.235694127E-02 8.878490631E-02 8.523331720E-02 8.170249486E-02 7.819274895E-02
 7.470441771E-02 7.123785205E-02 6.779338485E-02 6.437134394E-02 6.097209250E-02
 5.759604396E-02 5.424365546E-02 5.091539942E-02 4.761175144E-02 4.433320546E-02
 4.108026334E-02 3.785339133E-02 3.465300743E-02 3.147955664E-02 2.833357071E-02
 2.521558475E-02 2.212605198E-02 1.906539779E-02 1.603409637E-02 1.303268373E-02
 1.006183973E-02 7.122630853E-03 4.215753508E-03 1.339397255E-03-1.511118477E-03
-4.346769688E-03-7.167051746E-03-9.967589129E-03-1.274333121E-02-1.549094107E-02
-1.820968006E-02-2.090001868E-02-2.356262693E-02-2.619766859E-02-2.880444612E-02
-3.138149649E-02-3.392686713E-02-3.643834084E-02-3.891349986E-02-4.134969674E-02
-4.374411165E-02-4.609375235E-02-4.839548202E-02-5.064602007E-02-5.284199140E-02
-5.497992397E-02-5.705628046E-02-5.906747388E-02-6.100988812E-02-6.287990045E-02
-6.467389702E-02-6.638828450E-02-6.801951710E-02-6.956410659E-02-7.101863691E-02
-7.237978856E-02-7.364433814E-02-7.480918117E-02-7.587134166E-02-7.682798249E-02
-7.767641596E-02-7.841411324E-02-7.903871283E-02-7.954802719E-02-7.994005019E-02
-8.021296174E-02-8.036513565E-02-8.039513633E-02-8.030173388E-02-8.008389450E-02
-7.974079244E-02-7.927180542E-02-7.867652120E-02-7.795473462E-02-7.710645295E-02
-7.613189165E-02-7.503148286E-02-7.380586916E-02-7.245591182E-02-7.098268824E-02
-6.938749889E-02-6.767186686E-02-6.583754472E-02-6.388652028E-02-6.182101461E-02
-5.964350349E-02-5.735670158E-02-5.496359364E-02-5.246742517E-02-4.987172246E-02
-4.718029738E-02-4.439725549E-02-4.152701241E-02-3.857427644E-02-3.554407584E-02
-3.244176897E-02-2.927306803E-02-2.604414802E-02-2.276113683E-02-1.942930225E-02
-1.605259546E-02-1.263635770E-02-9.188090066E-03-5.726295650E-03-2.283078632E-03
 1.178720548E-03 4.888439387E-03 9.002383438E-03 1.358385195E-02 1.868102238E-02
 2.433277492E-02 3.056315097E-02 3.739256290E-02 4.473142361E-02 1.252292389E-01
 1.214488529E-01 1.176832355E-01 1.139349068E-01 1.102036521E-01 1.064897632E-01
 1.027936336E-01 9.911565911E-02 9.545626439E-02 9.181589478E-02 8.819499412E-02
 8.459399584E-02 8.101331975E-02 7.745335291E-02 7.391443429E-02 7.039688647E-02
 6.690106140E-02 6.342732747E-02 5.997603554E-02 5.654753078E-02 5.314219571E-02
 4.976046558E-02 4.640281767E-02 4.306974088E-02 3.976172852E-02 3.647929372E-02
 3.322295219E-02 2.999317597E-02 2.679039759E-02 2.361510535E-02 2.046787159E-02
 1.734922724E-02 1.425959987E-02 1.119949559E-02 8.169776909E-03 5.171563344E-03
 2.204233260E-03-7.363268019E-04-3.661333663E-03-6.573695523E-03-9.469576537E-03
-1.234358921E-02-1.519194219E-02-1.801374029E-02-2.080969412E-02-2.358084285E-02
-2.632760958E-02-2.904944301E-02-3.174501840E-02-3.441249642E-02-3.704969477E-02
-3.965416777E-02-4.222326056E-02-4.475413699E-02-4.724372641E-02-4.968878060E-02
-5.208589284E-02-5.443153127E-02-5.672203675E-02-5.895367369E-02-6.112262824E-02
-6.322504129E-02-6.525702238E-02-6.721467247E-02-6.909410714E-02-7.089147069E-02
-7.260295089E-02-7.422480449E-02-7.575336906E-02-7.718507587E-02-7.851647557E-02
-7.974423760E-02-8.086517209E-02-8.187624075E-02-8.277456521E-02-8.355743838E-02
-8.422233285E-02-8.476690754E-02-8.518901650E-02-8.548671346E-02-8.565825395E-02
-8.570210662E-02-8.561694809E-02-8.540166926E-02-8.505537733E-02-8.457739824E-02
-8.396727388E-02-8.322476508E-02-8.234985224E-02-8.134273370E-02-8.020382907E-02
-7.893377673E-02-7.753343759E-02-7.600389333E-02-7.434645153E-02-7.256264556E-02
-7.065423824E-02-6.862322975E-02-6.647185464E-02-6.420259931E-02-6.181819602E-02
-5.932164107E-02-5.671619412E-02-5.400539858E-02-5.119308484E-02-4.828337940E-02
-4.528072512E-02-4.218986480E-02-3.901587389E-02-3.576416916E-02-3.244047739E-02
-2.905098152E-02-2.560221121E-02-2.210061684E-02-1.855157807E-02-1.495972267E-02
-1.132951655E-02-7.673927586E-03-4.021566360E-03-3.825314001E-04 3.405391198E-03
 7.585235347E-03 1.224939395E-02 1.744208306E-02 2.319975887E-02 2.953937978E-02
 3.645974845E-02 4.395537966E-02 5.192452442E-02 1.213900718E-01 1.175823674E-01
 1.137892356E-01 1.100132129E-01 1.062541184E-01 1.025122245E-01 9.878789310E-02
 9.508150095E-02 9.139344700E-02 8.772416252E-02 8.407410340E-02 8.044372983E-02
 7.683349145E-02 7.324382408E-02 6.967513241E-02 6.612777405E-02 6.260208547E-02
 5.909843318E-02 5.561720416E-02 5.215876856E-02 4.872349036E-02 4.531177298E-02
 4.192407499E-02 3.856089455E-02 3.522273772E-02 3.191011660E-02 2.862356397E-02
 2.536360868E-02 2.213073076E-02 1.892538285E-02 1.574807822E-02 1.259939659E-02
 9.480039953E-03 6.391071663E-03 3.332884514E-03 3.022290340E-04-2.709284487E-03
-5.710689103E-03-8.699356223E-03-1.166959194E-02-1.461693672E-02-1.754008936E-02
-2.043983344E-02-2.331750171E-02-2.617391112E-02-2.900887712E-02-3.182127613E-02
-3.460933991E-02-3.737098428E-02-4.010387249E-02-4.280538848E-02-4.547264195E-02
-4.810251073E-02-5.069170201E-02-5.323671257E-02-5.573386695E-02-5.817935148E-02
-6.056924371E-02-6.289951266E-02-6.516606793E-02-6.736476091E-02-6.949141736E-02
-7.154185146E-02-7.351189059E-02-7.539739962E-02-7.719429313E-02-7.889855284E-02
-8.050625188E-02-8.201356881E-02-8.341679942E-02-8.471238067E-02-8.589689410E-02
-8.696708379E-02-8.791986893E-02-8.875235071E-02-8.946182382E-02-9.004578396E-02
-9.050193335E-02-9.082818890E-02-9.102268611E-02-9.108378257E-02-9.101005897E-02
-9.080032813E-02-9.045362614E-02-8.996922257E-02-8.934661341E-02-8.858552648E-02
-8.768591668E-02-8.664796892E-02-8.547209260E-02-8.415892872E-02-8.270933996E-02
-8.112442052E-02-7.940548902E-02-7.755409681E-02-7.557202550E-02-7.346129158E-02
-7.122415290E-02-6.886310987E-02-6.638091621E-02-6.378058624E-02-6.106539828E-02
-5.823891310E-02-5.530497820E-02-5.226774082E-02-4.913166962E-02-4.590153477E-02
-4.258244685E-02-3.917987099E-02-3.569959534E-02-3.214784927E-02-2.853118133E-02
-2.485643878E-02-2.113067492E-02-1.735910595E-02-1.354525077E-02-9.698067611E-03
-5.837673530E-03-1.994263458E-03 1.909884886E-03 6.156056425E-03 1.089712092E-02
 1.618194787E-02 2.204026745E-02 2.848484855E-02 3.550653192E-02 4.307984467E-02
 5.118087150E-02 5.970926475E-02 1.175968757E-01 1.137615921E-01 1.099406703E-01
 1.061366044E-01 1.023492623E-01 9.857895930E-02 9.482605581E-02 9.109089554E-02
 8.737385611E-02 8.367534252E-02 7.999579032E-02 7.633566481E-02 7.269544242E-02
 6.907558991E-02 6.547655964E-02 6.189877441E-02 5.834261082E-02 5.480842026E-02
 5.129658477E-02 4.780751098E-02 4.434158990E-02 4.089920590E-02 3.748078503E-02
 3.408681074E-02 3.071780279E-02 2.737428506E-02 2.405679041E-02 2.076587406E-02
 1.750206866E-02 1.426582540E-02 1.105764840E-02 7.878481742E-03 4.729524837E-03
 1.609511370E-03-1.487621720E-03-4.574916299E-03-7.652887841E-03-1.071662004E-02
-1.376074871E-02-1.678305088E-02-1.978415070E-02-2.276572974E-02-2.572911819E-02
-2.867453845E-02-3.160113245E-02-3.450738220E-02-3.739137992E-02-4.025084899E-02
-4.308322586E-02-4.588570414E-02-4.865519509E-02-5.138833165E-02-5.408151736E-02
-5.673100082E-02-5.933285333E-02-6.188297573E-02-6.437715203E-02-6.681107229E-02
-6.918033886E-02-7.148051111E-02-7.370711215E-02-7.585566071E-02-7.792168485E-02
-7.990074841E-02-8.178847683E-02-8.358056747E-02-8.527281060E-02-8.686111110E-02
-8.834150420E-02-8.971016911E-02-9.096344659E-02-9.209784968E-02-9.311007732E-02
-9.399702643E-02-9.475579960E-02-9.538371509E-02-9.587831368E-02-9.623736438E-02
-9.645886965E-02-9.654106782E-02-9.648244166E-02-9.628171043E-02-9.593783834E-02
-9.545003256E-02-9.481774365E-02-9.404066201E-02-9.311871855E-02-9.205208366E-02
-9.084116225E-02-8.948659712E-02-8.798926224E-02-8.635026652E-02-8.457094879E-02
-8.265288244E-02-8.059787404E-02-7.840796542E-02-7.608544150E-02-7.363282777E-02
-7.105290268E-02-6.834870264E-02-6.552352706E-02-6.258095825E-02-5.952486254E-02
-5.635940488E-02-5.308907582E-02-4.971867019E-02-4.625332500E-02-4.269854284E-02
-3.906015736E-02-3.534446654E-02-3.155810398E-02-2.770780602E-02-2.380161609E-02
-1.984574546E-02-1.584487169E-02-1.180533775E-02-7.739319669E-03-3.679921851E-03
 3.865310370E-04 4.707377372E-03 9.519383178E-03 1.489154232E-02 2.084554184E-02
 2.738785937E-02 3.450413312E-02 4.216225260E-02 5.032385221E-02 5.896741974E-02
 6.800680170E-02 1.138513795E-01 1.099881304E-01 1.061391146E-01 1.023067385E-01
 9.849082520E-02 9.469171051E-02 9.090980794E-02 8.714548106E-02 8.339908155E-02
 7.967098850E-02 7.596161218E-02 7.227139177E-02 6.860080090E-02 6.495033129E-02
 6.132046764E-02 5.771167961E-02 5.412440857E-02 5.055905030E-02 4.701597225E-02
 4.349557287E-02 3.999827967E-02 3.652450618E-02 3.307465894E-02 2.964918846E-02
 2.624860474E-02 2.287345128E-02 1.952427225E-02 1.620160564E-02 1.290598322E-02
 9.638072491E-03 6.398947963E-03 3.189239941E-03 5.039700163E-06-3.164297457E-03
-6.327292066E-03-9.480924608E-03-1.261901900E-02-1.573792768E-02-1.883766099E-02
-2.192006082E-02-2.498702249E-02-2.803940243E-02-3.107682062E-02-3.409802875E-02
-3.710125900E-02-4.008442023E-02-4.304513331E-02-4.598066187E-02-4.888791973E-02
-5.176358768E-02-5.460409322E-02-5.740559895E-02-6.016404169E-02-6.287520888E-02
-6.553474816E-02-6.813814020E-02-7.068076885E-02-7.315793900E-02-7.556489217E-02
-7.789684322E-02-8.014899435E-02-8.231656550E-02-8.439480826E-02-8.637903457E-02
-8.826464347E-02-9.004712942E-02-9.172210632E-02-9.328532756E-02-9.473270216E-02
-9.606031145E-02-9.726442040E-02-9.834149366E-02-9.928820701E-02-1.001014567E-01
-1.007783693E-01-1.013163092E-01-1.017128846E-01-1.019659536E-01-1.020736276E-01
-1.020342726E-01-1.018465126E-01-1.015092319E-01-1.010215677E-01-1.003829191E-01
-9.959293605E-02-9.865152354E-02-9.755883626E-02-9.631527594E-02-9.492148879E-02
-9.337836218E-02-9.168702467E-02-8.984884082E-02-8.786541355E-02-8.573858104E-02
-8.347041892E-02-8.106324379E-02-7.851961326E-02-7.584233669E-02-7.303447924E-02
-7.009936573E-02-6.704060082E-02-6.386207147E-02-6.056796217E-02-5.716278095E-02
-5.365134137E-02-5.003880198E-02-4.633069485E-02-4.253288561E-02-3.865168466E-02
-3.469388181E-02-3.066617388E-02-2.657682644E-02-2.243254029E-02-1.824037891E-02
-1.400578580E-02-9.735880186E-03-5.456022984E-03-1.186323215E-03 3.229709611E-03
 8.107968213E-03 1.356095184E-02 1.960480680E-02 2.623784970E-02 3.343967950E-02
 4.117546941E-02 4.940698080E-02 5.810359248E-02 6.724936284E-02 7.676389585E-02
 1.101554831E-01 1.062638439E-01 1.023863045E-01 9.852526409E-02 9.468049845E-02
 9.085227218E-02 8.704098501E-02 8.324705198E-02 7.947086397E-02 7.571279064E-02
 7.197321299E-02 6.825254604E-02 6.455123269E-02 6.086975360E-02 5.720861402E-02
 5.356831739E-02 4.994935151E-02 4.635217679E-02 4.277720837E-02 3.922483077E-02
 3.569545983E-02 3.218954517E-02 2.870752456E-02 2.524982883E-02 2.181693705E-02
 1.840938732E-02 1.502772102E-02 1.167246439E-02 8.344457740E-03 5.044984057E-03
 1.773316642E-03-1.477355937E-03-4.721508926E-03-7.960383017E-03-1.118862970E-02
-1.440103592E-02-1.759635898E-02-2.077619885E-02-2.394293399E-02-2.709817420E-02
-3.024217848E-02-3.337411756E-02-3.649253434E-02-3.959557125E-02-4.268098541E-02
-4.574616656E-02-4.878820154E-02-5.180385433E-02-5.478952170E-02-5.774136464E-02
-6.065532566E-02-6.352710075E-02-6.635216436E-02-6.912584032E-02-7.184334940E-02
-7.449975694E-02-7.709004935E-02-7.960914993E-02-8.205194507E-02-8.441331120E-02
-8.668813841E-02-8.887135788E-02-9.095795635E-02-9.294300648E-02-9.482169451E-02
-9.658932769E-02-9.824136081E-02-9.977341403E-02-1.011812899E-01-1.024609920E-01
-1.036087317E-01-1.046209465E-01-1.054943110E-01-1.062257440E-01-1.068124187E-01
-1.072517688E-01-1.075414934E-01-1.076795619E-01-1.076642152E-01-1.074939715E-01
-1.071676184E-01-1.066842205E-01-1.060431132E-01-1.052439032E-01-1.042864632E-01
-1.031709283E-01-1.018976957E-01-1.004674144E-01-9.888098953E-02-9.713956944E-02
-9.524454957E-02-9.319756561E-02-9.100049390E-02-8.865545150E-02-8.616479676E-02
-8.353112588E-02-8.075728605E-02-7.784637431E-02-7.480174818E-02-7.162703960E-02
-6.832615735E-02-6.490330491E-02-6.136300741E-02-5.771009327E-02-5.394973586E-02
-5.008748611E-02-4.612924445E-02-4.208127271E-02-3.795048421E-02-3.374370770E-02
-2.946914749E-02-2.513342740E-02-2.074575701E-02-1.631217214E-02-1.183750581E-02
-7.338688849E-03-2.848781747E-03 1.706018350E-03 6.653485162E-03 1.217951631E-02
 1.830645737E-02 2.502251962E-02 3.230188207E-02 4.010802509E-02 4.840671035E-02
 5.716715519E-02 6.636178079E-02 7.597194146E-02 8.591960680E-02 1.065109949E-01
 1.025906684E-01 9.868422123E-02 9.479406708E-02 9.092003857E-02 8.706238439E-02
 8.322142435E-02 7.939752575E-02 7.559111014E-02 7.180260122E-02 6.803239275E-02
 6.428087297E-02 6.054846071E-02 5.683560359E-02 5.314278718E-02 4.947052853E-02
 4.581935014E-02 4.218975887E-02 3.858223469E-02 3.499721226E-02 3.143509412E-02
 2.789631417E-02 2.438134575E-02 2.089065562E-02 1.742469787E-02 1.398394380E-02
 1.056896107E-02 7.180809564E-03 3.820688574E-03 4.854116648E-04-2.835422551E-03
-6.153770957E-03-9.467482520E-03-1.276995192E-02-1.605764048E-02-1.933125608E-02
-2.259355031E-02-2.584701925E-02-2.909274629E-02-3.233046743E-02-3.555909359E-02
-3.877705965E-02-4.198240617E-02-4.517277312E-02-4.834539966E-02-5.149712114E-02
-5.462446659E-02-5.772368724E-02-6.079068750E-02-6.382110130E-02-6.681037960E-02
-6.975375082E-02-7.264622882E-02-7.548267524E-02-7.825787836E-02-8.096649545E-02
-8.360311694E-02-8.616228992E-02-8.863855256E-02-9.102645099E-02-9.332057298E-02
-9.551557167E-02-9.760618180E-02-9.958725203E-02-1.014537725E-01-1.032008807E-01
-1.048238915E-01-1.063183129E-01-1.076798619E-01-1.089044869E-01-1.099883686E-01
-1.109279409E-01-1.117198999E-01-1.123612110E-01-1.128491169E-01-1.131811433E-01
-1.133551028E-01-1.133690980E-01-1.132215209E-01-1.129110582E-01-1.124366865E-01
-1.117976682E-01-1.109935560E-01-1.100241817E-01-1.088896565E-01-1.075903652E-01
-1.061269595E-01-1.045003557E-01-1.027117265E-01-1.007624997E-01-9.865434889E-02
-9.638919401E-02-9.396919656E-02-9.139676296E-02-8.867453804E-02-8.580541804E-02
-8.279253723E-02-7.963929097E-02-7.634934241E-02-7.292662781E-02-6.937537209E-02
-6.570011469E-02-6.190569741E-02-5.799730598E-02-5.398049189E-02-4.986120314E-02
-4.564562342E-02-4.134070729E-02-3.695347819E-02-3.249191912E-02-2.796285792E-02
-2.337627430E-02-1.873958654E-02-1.405786413E-02-9.340634948E-03-4.618979905E-03
 1.183105014E-04 5.143817976E-03 1.073525292E-02 1.693798730E-02 2.372935621E-02
 3.107858394E-02 3.895051588E-02 4.731277027E-02 5.613546650E-02 6.538798935E-02
 7.503988328E-02 8.506826439E-02 9.539786998E-02 1.029197348E-01 9.897045004E-02
 9.503482032E-02 9.111521027E-02 8.721148213E-02 8.332394531E-02 7.945294312E-02
 7.559878177E-02 7.176180705E-02 6.794243763E-02 6.414112481E-02 6.035829215E-02
 5.659434414E-02 5.284970324E-02 4.912482252E-02 4.542019091E-02 4.173633549E-02
 3.807379732E-02 3.443310326E-02 3.081475336E-02 2.721920190E-02 2.364687052E-02
 2.009821522E-02 1.657372727E-02 1.307385592E-02 9.599151537E-03 6.150752875E-03
 2.729520207E-03-6.700902248E-04-4.063206741E-03-7.455699255E-03-1.084307764E-02
-1.421942409E-02-1.758344337E-02-2.093729145E-02-2.428404030E-02-2.762592959E-02
-3.096367974E-02-3.429673277E-02-3.762384513E-02-4.094336253E-02-4.425321903E-02
-4.755091523E-02-5.083353374E-02-5.409776715E-02-5.733991737E-02-6.055595228E-02
-6.374159028E-02-6.689225275E-02-7.000304981E-02-7.306892814E-02-7.608464558E-02
-7.904475763E-02-8.194366869E-02-8.477572750E-02-8.753519103E-02-9.021625692E-02
-9.281310341E-02-9.531992758E-02-9.773095468E-02-1.000404825E-01-1.022429000E-01
-1.043327057E-01-1.063045411E-01-1.081532199E-01-1.098737309E-01-1.114612707E-01
-1.129112585E-01-1.142193500E-01-1.153814610E-01-1.163937666E-01-1.172527212E-01
-1.179550668E-01-1.184978392E-01-1.188783729E-01-1.190943074E-01-1.191435900E-01
-1.190244761E-01-1.187355319E-01-1.182756291E-01-1.176439476E-01-1.168399692E-01
-1.158634759E-01-1.147145436E-01-1.133935362E-01-1.119011020E-01-1.102381639E-01
-1.084059147E-01-1.064058119E-01-1.042395697E-01-1.019091550E-01-9.941678125E-02
-9.676490495E-02-9.395622849E-02-9.099370214E-02-8.788051067E-02-8.462009735E-02
-8.121616014E-02-7.767266640E-02-7.399386810E-02-7.018432170E-02-6.624887946E-02
-6.219273776E-02-5.802143188E-02-5.374096120E-02-4.935747107E-02-4.487780353E-02
-4.030927260E-02-3.565930283E-02-3.093563532E-02-2.614790288E-02-2.130456467E-02
-1.641269632E-02-1.147720012E-02-6.519922940E-03-1.563225205E-03 3.564894591E-03
 9.216117782E-03 1.548581774E-02 2.234537530E-02 2.975872649E-02 3.769276677E-02
 4.611599059E-02 5.499749649E-02 6.430519495E-02 7.400546751E-02 8.406433918E-02
 9.445550255E-02 1.051104757E-01 9.938363226E-02 9.540511510E-02 9.144001616E-02
 8.749067347E-02 8.355694066E-02 7.963912118E-02 7.573760527E-02 7.185275238E-02
 6.798488827E-02 6.413434505E-02 6.030152917E-02 5.648690530E-02 5.269093189E-02
 4.891403832E-02 4.515665401E-02 4.141923807E-02 3.770228202E-02 3.400632109E-02
 3.033191337E-02 2.667960634E-02 2.304992127E-02 1.944333621E-02 1.586028031E-02
 1.230117405E-02 8.766701013E-03 5.258094780E-03 1.775059757E-03-1.690589904E-03
-5.155417510E-03-8.621161565E-03-1.208155027E-02-1.553209216E-02-1.897330574E-02
-2.240851935E-02-2.584107688E-02-2.927270873E-02-3.270358546E-02-3.613307559E-02
-3.956001345E-02-4.298266872E-02-4.639883264E-02-4.980586493E-02-5.320069635E-02
-5.657984886E-02-5.993946202E-02-6.327531166E-02-6.658281139E-02-6.985712565E-02
-7.309317906E-02-7.628557840E-02-7.942875054E-02-8.251697692E-02-8.554435749E-02
-8.850484632E-02-9.139234876E-02-9.420072730E-02-9.692379144E-02-9.955536005E-02
-1.020892987E-01-1.045195248E-01-1.068400606E-01-1.090450484E-01-1.111287698E-01
-1.130856804E-01-1.149104397E-01-1.165979118E-01-1.181431998E-01-1.195416598E-01
-1.207889129E-01-1.218808665E-01-1.228137169E-01-1.235839644E-01-1.241884202E-01
-1.246242126E-01-1.248887908E-01-1.249799289E-01-1.248957280E-01-1.246346137E-01
-1.241953407E-01-1.235769862E-01-1.227789459E-01-1.218009358E-01-1.206429803E-01
-1.193054104E-01-1.177888570E-01-1.160942416E-01-1.142227726E-01-1.121759302E-01
-1.099554655E-01-1.075633926E-01-1.050019794E-01-1.022737404E-01-9.938143859E-02
-9.632808244E-02-9.311692013E-02-8.975145123E-02-8.623541958E-02-8.257283087E-02
-7.876796848E-02-7.482541049E-02-7.075002187E-02-6.654700917E-02-6.222187377E-02
-5.778064875E-02-5.322954617E-02-4.857513233E-02-4.382512704E-02-3.898604986E-02
-3.406691749E-02-2.907679970E-02-2.402458804E-02-1.891921439E-02-1.376355709E-02
-8.572311932E-03-3.380979180E-03 1.894312360E-03 7.608928862E-03 1.393657552E-02
 2.085749474E-02 2.833102525E-02 3.632435324E-02 4.480589076E-02 5.374289214E-02
 6.310131900E-02 7.284556912E-02 8.293884742E-02 9.334743515E-02 1.040498978E-01
 1.149882656E-01 9.590451504E-02 9.189663237E-02 8.790184016E-02 8.392247367E-02
 7.995844315E-02 7.601005262E-02 7.207766948E-02 6.816166923E-02 6.426243987E-02
 6.038033877E-02 5.651570428E-02 5.266892204E-02 4.884045566E-02 4.503079706E-02
 4.124040731E-02 3.746973085E-02 3.371923321E-02 2.998940943E-02 2.628080012E-02
 2.259397854E-02 1.892951780E-02 1.528794464E-02 1.166969407E-02 8.075485196E-03
 4.506629299E-03 9.613709282E-04-2.571319668E-03-6.107041732E-03-9.644793827E-03
-1.317752828E-02-1.670247494E-02-2.022169385E-02-2.373911524E-02-2.725795838E-02
-3.077973451E-02-3.430447496E-02-3.783132026E-02-4.135897972E-02-4.488580777E-02
-4.840958552E-02-5.192751229E-02-5.543635065E-02-5.893246166E-02-6.241180288E-02
-6.586995632E-02-6.930215561E-02-7.270327834E-02-7.606792134E-02-7.939048444E-02
-8.266509274E-02-8.588564501E-02-8.904593827E-02-9.213961929E-02-9.516019847E-02
-9.810113811E-02-1.009559103E-01-1.037179468E-01-1.063807189E-01-1.089377727E-01
-1.113827357E-01-1.137093734E-01-1.159116022E-01-1.179835102E-01-1.199193926E-01
-1.217137806E-01-1.233614419E-01-1.248574138E-01-1.261970172E-01-1.273758675E-01
-1.283898901E-01-1.292353288E-01-1.299087546E-01-1.304070709E-01-1.307275203E-01
-1.308676861E-01-1.308254951E-01-1.305992181E-01-1.301874680E-01-1.295891986E-01
-1.288037041E-01-1.278306104E-01-1.266698740E-01-1.253217752E-01-1.237869097E-01
-1.220661819E-01-1.201607983E-01-1.180722569E-01-1.158023401E-01-1.133531002E-01
-1.107268577E-01-1.079261909E-01-1.049539264E-01-1.018131344E-01-9.850713456E-02
-9.503949329E-02-9.141401042E-02-8.763474052E-02-8.370600888E-02-7.963242135E-02
-7.541885738E-02-7.107054004E-02-6.659293163E-02-6.199204731E-02-5.727424139E-02
-5.244579296E-02-4.751477176E-02-4.248693717E-02-3.737210973E-02-3.217916790E-02
-2.691722147E-02-2.159552371E-02-1.621739371E-02-1.079337420E-02-5.356780539E-03
 1.108622946E-04 5.898616110E-03 1.227645854E-02 1.925338700E-02 2.678391119E-02
 3.483411109E-02 4.337106446E-02 5.235998618E-02 6.176456983E-02 7.154690700E-02
 8.167014181E-02 9.210182951E-02 1.028151412E-01 1.137932824E-01 1.249848945E-01
 9.248423399E-02 8.844685833E-02 8.442227048E-02 8.041271607E-02 7.641812466E-02
 7.243885758E-02 6.847531226E-02 6.452784819E-02 6.059683966E-02 5.668268797E-02
 5.278578873E-02 4.890650345E-02 4.504520194E-02 4.120233634E-02 3.737841894E-02
 3.357394821E-02 2.978939410E-02 2.602523036E-02 2.228195827E-02 1.856012551E-02
 1.486029819E-02 1.118300210E-02 7.529155877E-03 3.900179595E-03 2.926738881E-04
-3.307254727E-03-6.912912295E-03-1.052136526E-02-1.412585787E-02-1.772520774E-02
-2.132264366E-02-2.492249911E-02-2.852782287E-02-3.213976501E-02-3.575825913E-02
-3.938264795E-02-4.301166735E-02-4.664340558E-02-5.027554090E-02-5.390534050E-02
-5.752947528E-02-6.114410483E-02-6.474500108E-02-6.832755404E-02-7.188677836E-02
-7.541734838E-02-7.891361380E-02-8.236960612E-02-8.577917279E-02-8.913595823E-02
-9.243334567E-02-9.566463405E-02-9.882301679E-02-1.019015692E-01-1.048933198E-01
-1.077913514E-01-1.105887346E-01-1.132786095E-01-1.158542192E-01-1.183089229E-01
-1.206362534E-01-1.228299270E-01-1.248838673E-01-1.267922385E-01-1.285494745E-01
-1.301502776E-01-1.315896508E-01-1.328629092E-01-1.339656921E-01-1.348939712E-01
-1.356440627E-01-1.362126310E-01-1.365966943E-01-1.367936284E-01-1.368011667E-01
-1.366174033E-01-1.362407903E-01-1.356701393E-01-1.349046146E-01-1.339437319E-01
-1.327873567E-01-1.314356917E-01-1.298892769E-01-1.281489811E-01-1.262159892E-01
-1.240917960E-01-1.217781991E-01-1.192772842E-01-1.165914154E-01-1.137232274E-01
-1.106756156E-01-1.074517185E-01-1.040549275E-01-1.004888832E-01-9.675745600E-02
-9.286475959E-02-8.881517187E-02-8.461333957E-02-8.026416135E-02-7.577288284E-02
-7.114495176E-02-6.638628885E-02-6.150342748E-02-5.650243375E-02-5.139134718E-02
-4.617613785E-02-4.086646859E-02-3.547102453E-02-2.999954842E-02-2.445946744E-02
-1.885687393E-02-1.320231703E-02-7.518379640E-03-1.820105215E-03 4.068351087E-03
 1.049249929E-02 1.752019987E-02 2.510532427E-02 3.320994273E-02 4.179921919E-02
 5.083623954E-02 6.028190888E-02 7.009720865E-02 8.024685619E-02 9.070045567E-02
 1.014314658E-01 1.124169930E-01 1.236415884E-01 1.350586988E-01 8.912494846E-02
 8.505785104E-02 8.100326547E-02 7.696339647E-02 7.293812601E-02 6.892777579E-02
 6.493277349E-02 6.095353401E-02 5.699044276E-02 5.304387627E-02 4.911423900E-02
 4.520195512E-02 4.130742063E-02 3.743101187E-02 3.357315990E-02 2.973437985E-02
 2.591520899E-02 2.211615213E-02 1.833770258E-02 1.458034891E-02 1.084456821E-02
 7.131369113E-03 3.442336805E-03-2.271053938E-04-3.893618191E-03-7.567979221E-03
-1.124596692E-02-1.492155081E-02-1.859489991E-02-2.227022900E-02-2.595211303E-02
-2.964339015E-02-3.334505766E-02-3.705704690E-02-4.077866812E-02-4.450872101E-02
-4.824546612E-02-5.198646637E-02-5.572868761E-02-5.946876325E-02-6.320287816E-02
-6.692662614E-02-7.063516482E-02-7.432329978E-02-7.798547312E-02-8.161578973E-02
-8.520805303E-02-8.875575312E-02-9.225216581E-02-9.569042871E-02-9.906344047E-02
-1.023639883E-01-1.055848119E-01-1.087185617E-01-1.117578501E-01-1.146953733E-01
-1.175238636E-01-1.202361496E-01-1.228251937E-01-1.252841163E-01-1.276062465E-01
-1.297851325E-01-1.318145670E-01-1.336886183E-01-1.354016571E-01-1.369483546E-01
-1.383237124E-01-1.395230710E-01-1.405421231E-01-1.413769141E-01-1.420238554E-01
-1.424797267E-01-1.427416787E-01-1.428072353E-01-1.426742932E-01-1.423411242E-01
-1.418063703E-01-1.410690443E-01-1.401285276E-01-1.389845631E-01-1.376372535E-01
-1.360870541E-01-1.343347658E-01-1.323815288E-01-1.302288155E-01-1.278784123E-01
-1.253324173E-01-1.225932268E-01-1.196635195E-01-1.165462523E-01-1.132446354E-01
-1.097621336E-01-1.061024660E-01-1.022695832E-01-9.826767100E-02-9.410117237E-02
-8.977478767E-02-8.529344637E-02-8.066242185E-02-7.588720015E-02-7.097354730E-02
-6.592815590E-02-6.075704902E-02-5.546763177E-02-5.006708605E-02-4.456438352E-02
-3.896794717E-02-3.328768660E-02-2.752866747E-02-2.170043587E-02-1.581635371E-02
-9.889303984E-03-3.945332553E-03 2.093682796E-03 8.571524245E-03 1.564495517E-02
 2.328223657E-02 3.143880699E-02 4.007727871E-02 4.915801777E-02 5.864000985E-02
 6.848482862E-02 7.865895276E-02 8.913323436E-02 9.988185596E-02 1.108808079E-01
 1.221091891E-01 1.335530370E-01 1.451701507E-01 8.582853636E-02 8.173178224E-02
 7.764708483E-02 7.357666876E-02 6.952052422E-02 6.547896851E-02 6.145236116E-02
 5.744109578E-02 5.344560525E-02 4.946631050E-02 4.550360722E-02 4.155789873E-02
 3.762961957E-02 3.371920621E-02 2.982706058E-02 2.595359636E-02 2.209931926E-02
 1.826479936E-02 1.445056175E-02 1.065705320E-02 6.885237813E-03 3.136637456E-03
-5.942770824E-04-4.326054978E-03-8.067673700E-03-1.181388190E-02-1.555960477E-02
-1.930622223E-02-2.305861309E-02-2.682149114E-02-3.059763049E-02-3.438798460E-02
-3.819252934E-02-4.201067214E-02-4.584122360E-02-4.968235809E-02-5.353171675E-02
-5.738639108E-02-6.124277581E-02-6.509676581E-02-6.894396523E-02-7.277947199E-02
-7.659783719E-02-8.039324993E-02-8.415957222E-02-8.789033064E-02-9.157876218E-02
-9.521782940E-02-9.880023647E-02-1.023185821E-01-1.057653031E-01-1.091326769E-01
-1.124129887E-01-1.155984775E-01-1.186813623E-01-1.216539624E-01-1.245087003E-01
-1.272381190E-01-1.298349311E-01-1.322920534E-01-1.346026471E-01-1.367601302E-01
-1.387582031E-01-1.405908764E-01-1.422524958E-01-1.437377371E-01-1.450416340E-01
-1.461595832E-01-1.470873578E-01-1.478211021E-01-1.483573445E-01-1.486929970E-01
-1.488253570E-01-1.487521073E-01-1.484713159E-01-1.479814358E-01-1.472813041E-01
-1.463701358E-01-1.452475249E-01-1.439134424E-01-1.423682263E-01-1.406125810E-01
-1.386475681E-01-1.364745988E-01-1.340954272E-01-1.315121358E-01-1.287271254E-01
-1.257431027E-01-1.225630646E-01-1.191902905E-01-1.156283174E-01-1.118809399E-01
-1.079521968E-01-1.038463574E-01-9.956794098E-02-9.512171786E-02-9.051266350E-02
-8.574608207E-02-8.082756214E-02-7.576271366E-02-7.055821895E-02-6.522051406E-02
-5.975567677E-02-5.417244919E-02-4.847930075E-02-4.268451329E-02-3.679654486E-02
-3.081980567E-02-2.476702124E-02-1.865438380E-02-1.248797592E-02-6.288955964E-03
-4.769580396E-05 6.498759496E-03 1.361404340E-02 2.130068010E-02 2.950682731E-02
 3.819108793E-02 4.731131376E-02 5.682611343E-02 6.669855667E-02 7.689624170E-02
 8.739070267E-02 9.815585107E-02 1.091681520E-01 1.204059624E-01 1.318501655E-01
 1.434881633E-01 1.552819617E-01 8.259674440E-02 7.847043198E-02 7.435577741E-02
 7.025486207E-02 6.616769228E-02 6.209469193E-02 5.803629855E-02 5.399287936E-02
 4.996480193E-02 4.595248863E-02 4.195639192E-02 3.797693974E-02 3.401454266E-02
 3.006963697E-02 2.614268511E-02 2.223412778E-02 1.834438963E-02 1.447393642E-02
 1.062327383E-02 6.793437018E-03 2.985947460E-03-8.053755697E-04-4.600424350E-03
-8.407482008E-03-1.222060389E-02-1.603533990E-02-1.985395200E-02-2.368197665E-02
-2.752435156E-02-3.138376737E-02-3.526118898E-02-3.915676936E-02-4.307003510E-02
-4.699983550E-02-5.094438762E-02-5.490128442E-02-5.886751968E-02-6.283959548E-02
-6.681344283E-02-7.078431067E-02-7.474705902E-02-7.869625717E-02-8.262592274E-02
-8.652960878E-02-9.040056871E-02-9.423174893E-02-9.801580770E-02-1.017451631E-01
-1.054119779E-01-1.090082881E-01-1.125260630E-01-1.159571038E-01-1.192932372E-01
-1.225263073E-01-1.256481693E-01-1.286507889E-01-1.315263104E-01-1.342670250E-01
-1.368654358E-01-1.393142970E-01-1.416066437E-01-1.437358072E-01-1.456954371E-01
-1.474795269E-01-1.490824355E-01-1.504988802E-01-1.517239600E-01-1.527531576E-01
-1.535823500E-01-1.542078025E-01-1.546261774E-01-1.548345317E-01-1.548303188E-01
-1.546113858E-01-1.541759750E-01-1.535227204E-01-1.526506483E-01-1.515591751E-01
-1.502481028E-01-1.487176200E-01-1.469682958E-01-1.450010767E-01-1.428172778E-01
-1.404185766E-01-1.378070088E-01-1.349849475E-01-1.319550954E-01-1.287204678E-01
-1.252843867E-01-1.216504578E-01-1.178225426E-01-1.138047656E-01-1.096014886E-01
-1.052173186E-01-1.006571086E-01-9.592590180E-02-9.102902806E-02-8.597221806E-02
-8.076105488E-02-7.540182719E-02-6.990185684E-02-6.426597662E-02-5.850390715E-02
-5.262368468E-02-4.663395537E-02-4.053996522E-02-3.434788971E-02-2.807414340E-02
-2.173482834E-02-1.533272600E-02-8.878642601E-03-2.396704427E-03 4.255820561E-03
 1.141383428E-02 1.914585427E-02 2.739925115E-02 3.612586598E-02 4.528229367E-02
 5.482812398E-02 6.472730688E-02 7.494829494E-02 8.546234759E-02 9.624358030E-02
 1.072685095E-01 1.185156496E-01 1.299654963E-01 1.416007526E-01 1.534097797E-01
 1.653584645E-01 7.943190641E-02 7.527589203E-02 7.113122321E-02 6.699990836E-02
 6.288187040E-02 5.877743938E-02 5.468707665E-02 5.061126505E-02 4.655043157E-02
 4.250495393E-02 3.847523081E-02 3.446171395E-02 3.046486844E-02 2.648513157E-02
 2.252293896E-02 1.857876534E-02 1.465307734E-02 1.074625376E-02 6.859174967E-03
 2.993416601E-03-8.572050812E-04-4.713386200E-03-8.583622057E-03-1.246179393E-02
-1.634396505E-02-2.023303138E-02-2.413490829E-02-2.805468466E-02-3.199519747E-02
-3.595760714E-02-3.994217986E-02-4.394854004E-02-4.797568298E-02-5.202190292E-02
-5.608480685E-02-6.016139521E-02-6.424806460E-02-6.834064875E-02-7.243451646E-02
-7.652443245E-02-8.060452891E-02-8.466866160E-02-8.871035309E-02-9.272256933E-02
-9.669791642E-02-1.006287480E-01-1.045071394E-01-1.083249422E-01-1.120738060E-01
-1.157452087E-01-1.193306243E-01-1.228214295E-01-1.262089962E-01-1.294847951E-01
-1.326403532E-01-1.356673228E-01-1.385576036E-01-1.413032790E-01-1.438966907E-01
-1.463304757E-01-1.485975884E-01-1.506913199E-01-1.526053144E-01-1.543335900E-01
-1.558705568E-01-1.572110079E-01-1.583501372E-01-1.592835402E-01-1.600072178E-01
-1.605175733E-01-1.608114144E-01-1.608859513E-01-1.607387966E-01-1.603679624E-01
-1.597718613E-01-1.589493050E-01-1.578995005E-01-1.566220531E-01-1.551169653E-01
-1.533846323E-01-1.514258418E-01-1.492417707E-01-1.468339831E-01-1.442044128E-01
-1.413553661E-01-1.382895054E-01-1.350098322E-01-1.315196737E-01-1.278226779E-01
-1.239227638E-01-1.198241299E-01-1.155312291E-01-1.110487622E-01-1.063816757E-01
-1.015351017E-01-9.651439503E-02-9.132538511E-02-8.597388568E-02-8.046551692E-02
-7.480823000E-02-6.900699538E-02-6.307128371E-02-5.700868168E-02-5.082772708E-02
-4.453108319E-02-3.812792164E-02-3.163832547E-02-2.507494479E-02-1.843863330E-02
-1.173491545E-02-4.999260141E-03 1.816159820E-03 9.028841523E-03 1.680260676E-02
 2.510040766E-02 3.386680176E-02 4.305788231E-02 5.263395951E-02 6.255988162E-02
 7.280386506E-02 8.333732669E-02 9.413443631E-02 1.051716060E-01 1.164276586E-01
 1.278831692E-01 1.395203214E-01 1.513235275E-01 1.632820422E-01 1.753650639E-01
 7.633640572E-02 7.215065512E-02 6.797587014E-02 6.381402060E-02 5.966507090E-02
 5.552932514E-02 5.140714120E-02 4.729891330E-02 4.320511280E-02 3.912623862E-02
 3.506272610E-02 3.101496793E-02 2.698339564E-02 2.296848897E-02 1.897072511E-02
 1.499054412E-02 1.102834866E-02 7.084995378E-03 3.162042476E-03-7.463386962E-04
-4.661380024E-03-8.592636443E-03-1.253393169E-02-1.648146770E-02-2.043867557E-02
-2.441199050E-02-2.840675271E-02-3.242585658E-02-3.647057747E-02-4.054144981E-02
-4.463835077E-02-4.876035807E-02-5.290581981E-02-5.707246083E-02-6.125733402E-02
-6.545682261E-02-6.966671736E-02-7.388222212E-02-7.809801996E-02-8.230834492E-02
-8.650679464E-02-9.068642845E-02-9.484011980E-02-9.896033690E-02-1.030390505E-01
-1.070679792E-01-1.110386206E-01-1.149422552E-01-1.187700121E-01-1.225128563E-01
-1.261617476E-01-1.297076716E-01-1.331415801E-01-1.364545957E-01-1.396379579E-01
-1.426830615E-01-1.455815968E-01-1.483254934E-01-1.509069838E-01-1.533186385E-01
-1.555533806E-01-1.576045079E-01-1.594657037E-01-1.611310509E-01-1.625950469E-01
-1.638525912E-01-1.648989985E-01-1.657299970E-01-1.663417278E-01-1.667307419E-01
-1.668939989E-01-1.668288644E-01-1.665331086E-01-1.660049039E-01-1.652428251E-01
-1.642458489E-01-1.630133553E-01-1.615451242E-01-1.598413410E-01-1.579025947E-01
-1.557298782E-01-1.533245838E-01-1.506885072E-01-1.478238319E-01-1.447331286E-01
-1.414193389E-01-1.378857603E-01-1.341360326E-01-1.301741115E-01-1.260042474E-01
-1.216309709E-01-1.170590738E-01-1.122935982E-01-1.073397844E-01-1.022030362E-01
-9.688919026E-02-9.140448199E-02-8.575407855E-02-7.994560686E-02-7.398555535E-02
-6.788242963E-02-6.164362498E-02-5.527544050E-02-4.878092666E-02-4.217383129E-02
-3.547458702E-02-2.869046971E-02-2.182079912E-02-1.487479663E-02-7.881419338E-03
-8.460696848E-04 6.442420540E-03 1.425498689E-02 2.259451326E-02 3.139969014E-02
 4.062491497E-02 5.023151393E-02 6.018422466E-02 7.045132859E-02 8.100431784E-02
 9.181720615E-02 1.028666884E-01 1.141314487E-01 1.255921766E-01 1.372313791E-01
 1.490327996E-01 1.609821596E-01 1.730697371E-01 1.852680110E-01 7.331259604E-02
 6.909713561E-02 6.489224899E-02 6.069983906E-02 5.651987795E-02 5.235268955E-02
 4.819865829E-02 4.405814461E-02 3.993151010E-02 3.581917540E-02 3.172164070E-02
 2.763941887E-02 2.357295375E-02 1.952266171E-02 1.548900190E-02 1.147241618E-02
 7.473639054E-03 3.494243810E-03-4.704274931E-04-4.441535185E-03-8.431032639E-03
-1.243321121E-02-1.644401457E-02-2.046694603E-02-2.450879061E-02-2.857532277E-02
-3.266981232E-02-3.679378747E-02-4.094790936E-02-4.513216234E-02-4.934584460E-02
-5.358753726E-02-5.785502950E-02-6.214539299E-02-6.645509493E-02-7.077994857E-02
-7.511511093E-02-7.945516006E-02-8.379411073E-02-8.812550601E-02-9.244244236E-02
-9.673736342E-02-1.010023134E-01-1.052291926E-01-1.094094387E-01-1.135341128E-01
-1.175941172E-01-1.215801736E-01-1.254828786E-01-1.292927376E-01-1.330002137E-01
-1.365959024E-01-1.400704118E-01-1.434145429E-01-1.466192954E-01-1.496758692E-01
-1.525757878E-01-1.553108895E-01-1.578733520E-01-1.602557299E-01-1.624509661E-01
-1.644524124E-01-1.662538313E-01-1.678494068E-01-1.692337534E-01-1.704019024E-01
-1.713493090E-01-1.720718489E-01-1.725658133E-01-1.728279054E-01-1.728552375E-01
-1.726453277E-01-1.721960966E-01-1.715058681E-01-1.705733672E-01-1.693977220E-01
-1.679784658E-01-1.663155404E-01-1.644092956E-01-1.622604953E-01-1.598703200E-01
-1.572403623E-01-1.543726350E-01-1.512695556E-01-1.479339482E-01-1.443690292E-01
-1.405783795E-01-1.365659462E-01-1.323359977E-01-1.278931143E-01-1.232421626E-01
-1.183882729E-01-1.133367980E-01-1.080932471E-01-1.026633931E-01-9.705388248E-02
-9.127009770E-02-8.531827936E-02-7.920696975E-02-7.294356587E-02-6.653550349E-02
-5.998564648E-02-5.329972657E-02-4.649782243E-02-3.959548644E-02-3.259391175E-02
-2.549439817E-02-1.831289142E-02-1.106941990E-02-3.787348025E-03 3.630703735E-03
 1.148829265E-02 1.986636687E-02 2.871013897E-02 3.797022236E-02 4.760783425E-02
 5.758782558E-02 6.787857433E-02 7.845134592E-02 8.928041159E-02 1.003422985E-01
 1.116158013E-01 1.230817304E-01 1.347224949E-01 1.465221586E-01 1.584661152E-01
 1.705414820E-01 1.827393871E-01 1.950352510E-01 7.036287281E-02 6.611778511E-02
 6.188286021E-02 5.765993165E-02 5.344898387E-02 4.925033472E-02 4.506436177E-02
 4.089144370E-02 3.673196838E-02 3.258631599E-02 2.845487024E-02 2.433808012E-02
 2.023647687E-02 1.615058329E-02 1.208080178E-02 8.027717489E-03 3.992855292E-03
-2.694190326E-05-4.051505691E-03-8.096436979E-03-1.215681853E-02-1.622807025E-02
-2.031375967E-02-2.442105343E-02-2.855605739E-02-3.272230506E-02-3.692165716E-02
-4.115516691E-02-4.542310594E-02-4.972488034E-02-5.405912711E-02-5.842381306E-02
-6.281622715E-02-6.723287955E-02-7.166956058E-02-7.612147165E-02-8.058318055E-02
-8.504861336E-02-8.951113427E-02-9.396357801E-02-9.839836217E-02-1.028074444E-01
-1.071821542E-01-1.115135903E-01-1.157926965E-01-1.200099541E-01-1.241556312E-01
-1.282199100E-01-1.321928708E-01-1.360645775E-01-1.398250690E-01-1.434645476E-01
-1.469733603E-01-1.503420226E-01-1.535613516E-01-1.566224198E-01-1.595166361E-01
-1.622358091E-01-1.647721175E-01-1.671181498E-01-1.692669159E-01-1.712118628E-01
-1.729468683E-01-1.744662468E-01-1.757647543E-01-1.768375721E-01-1.776803092E-01
-1.782889976E-01-1.786600815E-01-1.787904167E-01-1.786772638E-01-1.783182854E-01
-1.777115431E-01-1.768554975E-01-1.757490099E-01-1.743913433E-01-1.727821648E-01
-1.709215555E-01-1.688100128E-01-1.664484548E-01-1.638382315E-01-1.609811175E-01
-1.578793238E-01-1.545354892E-01-1.509526772E-01-1.471343611E-01-1.430844113E-01
-1.388070663E-01-1.343069134E-01-1.295888602E-01-1.246581042E-01-1.195201013E-01
-1.141805248E-01-1.086450402E-01-1.029204281E-01-9.701304692E-02-9.092753666E-02
-8.467403507E-02-7.825885166E-02-7.168866092E-02-6.496478606E-02-5.809750973E-02
-5.111038703E-02-4.401126217E-02-3.679571930E-02-2.947377969E-02-2.206367958E-02
-1.458001308E-02-7.043669905E-03 5.647048990E-04 8.485507353E-03 1.690087734E-02
 2.578374578E-02 3.507983110E-02 4.474941185E-02 5.475769331E-02 6.507277662E-02
 7.566613442E-02 8.651182994E-02 9.758650433E-02 1.088690341E-01 1.203401457E-01
 1.319824384E-01 1.437801234E-01 1.557188177E-01 1.677853142E-01 1.799679941E-01
 1.922589626E-01 2.046365994E-01 6.748988934E-02 6.321515935E-02 5.895025473E-02
 5.469690163E-02 5.045504824E-02 4.622499650E-02 4.200712026E-02 3.780178991E-02
 3.360938715E-02 2.943030996E-02 2.526496725E-02 2.111376233E-02 1.697710270E-02
 1.285542915E-02 8.749348141E-03 4.660274626E-03 5.866481528E-04-3.488964544E-03
-7.586281021E-03-1.170214633E-02-1.583115283E-02-1.997638562E-02-2.414530952E-02
-2.834473066E-02-3.257875599E-02-3.684949872E-02-4.115816548E-02-4.550529277E-02
-4.989065671E-02-5.431319759E-02-5.877098540E-02-6.326131632E-02-6.778082593E-02
-7.232549950E-02-7.689055697E-02-8.147049589E-02-8.605924209E-02-9.065011228E-02
-9.523580105E-02-9.980846243E-02-1.043597690E-01-1.088810367E-01-1.133631021E-01
-1.177962629E-01-1.221707573E-01-1.264766162E-01-1.307035101E-01-1.348410668E-01
-1.388788961E-01-1.428066319E-01-1.466139782E-01-1.502907747E-01-1.538271561E-01
-1.572134306E-01-1.604402849E-01-1.634987266E-01-1.663801196E-01-1.690762946E-01
-1.715794817E-01-1.738823506E-01-1.759780200E-01-1.778600661E-01-1.795225109E-01
-1.809598223E-01-1.821669145E-01-1.831391296E-01-1.838722367E-01-1.843624251E-01
-1.846062918E-01-1.846008391E-01-1.843434681E-01-1.838319751E-01-1.830645491E-01
-1.820397726E-01-1.807566247E-01-1.792144839E-01-1.774131355E-01-1.753527776E-01
-1.730340323E-01-1.704579506E-01-1.676260285E-01-1.645402060E-01-1.612028752E-01
-1.576168769E-01-1.537855004E-01-1.497124696E-01-1.454019282E-01-1.408584066E-01
-1.360868056E-01-1.310923525E-01-1.258805740E-01-1.204573253E-01-1.148283017E-01
-1.089997816E-01-1.029793271E-01-9.677163110E-02-9.038643418E-02-8.382976482E-02
-7.710551532E-02-7.021654853E-02-6.318142322E-02-5.601898098E-02-4.872810916E-02
-4.130648867E-02-3.377153415E-02-2.614128904E-02-1.842707358E-02-1.064054421E-02
-2.793910653E-03 5.227805422E-03 1.368353019E-02 2.260541155E-02 3.193905257E-02
 4.164226730E-02 5.168006029E-02 6.202077316E-02 7.263561387E-02 8.349875369E-02
 9.458686638E-02 1.058787740E-01 1.173554012E-01 1.289994671E-01 1.407952643E-01
 1.527285206E-01 1.647863351E-01 1.769570617E-01 1.892306505E-01 2.016003704E-01
 2.140471995E-01 6.469641913E-02 6.039219487E-02 5.609730503E-02 5.181350242E-02
 4.754079830E-02 4.327944904E-02 3.902976848E-02 3.479210284E-02 3.056682775E-02
 2.635433127E-02 2.215501653E-02 1.796930488E-02 1.379760290E-02 9.640313274E-03
 5.498552300E-03 1.372363260E-03-2.752207608E-03-6.898648353E-03-1.106690266E-02
-1.525068818E-02-1.945218935E-02-2.367903762E-02-2.793869014E-02-3.223583222E-02
-3.657307042E-02-4.095208573E-02-4.537370772E-02-4.983783578E-02-5.434359228E-02
-5.888937376E-02-6.347279002E-02-6.809058251E-02-7.273869492E-02-7.741241169E-02
-8.210639461E-02-8.681456010E-02-9.153010243E-02-9.624566450E-02-1.009533116E-01
-1.056445129E-01-1.103102309E-01-1.149410180E-01-1.195271340E-01-1.240583522E-01
-1.285240743E-01-1.329137825E-01-1.372167141E-01-1.414219439E-01-1.455186481E-01
-1.494960783E-01-1.533436521E-01-1.570509446E-01-1.606078893E-01-1.640046992E-01
-1.672319754E-01-1.702807189E-01-1.731423205E-01-1.758086747E-01-1.782721090E-01
-1.805254171E-01-1.825618601E-01-1.843751687E-01-1.859595279E-01-1.873095732E-01
-1.884203859E-01-1.892874741E-01-1.899067669E-01-1.902746071E-01-1.903877392E-01
-1.902433033E-01-1.898388297E-01-1.891722352E-01-1.882418214E-01-1.870462776E-01
-1.855846828E-01-1.838565105E-01-1.818616420E-01-1.796003737E-01-1.770734306E-01
-1.742819759E-01-1.712276294E-01-1.679124738E-01-1.643390631E-01-1.605104266E-01
-1.564300617E-01-1.521019361E-01-1.475304484E-01-1.427204207E-01-1.376770570E-01
-1.324058876E-01-1.269129012E-01-1.212041128E-01-1.152849267E-01-1.091635496E-01
-1.028464196E-01-9.634123021E-02-8.965408435E-02-8.278668557E-02-7.574539701E-02
-6.855599305E-02-6.122749915E-02-5.375063783E-02-4.613471256E-02-3.839847857E-02
-3.055764187E-02-2.262072938E-02-1.459546846E-02-6.501273233E-03 1.687197169E-03
 1.019933667E-02 1.915954771E-02 2.853271464E-02 3.827157121E-02 4.834078167E-02
 5.870856362E-02 6.934622743E-02 8.022791688E-02 9.133028354E-02 1.026323370E-01
 1.141150982E-01 1.257613602E-01 1.375555288E-01 1.494835954E-01 1.615330792E-01
 1.736928479E-01 1.859528316E-01 1.983043275E-01 2.107414842E-01 2.232473811E-01
 6.198433457E-02 5.765117190E-02 5.332679438E-02 4.901282759E-02 4.470932666E-02
 4.041666493E-02 3.613523221E-02 3.186534777E-02 2.760731897E-02 2.336150188E-02
 1.912829221E-02 1.490808385E-02 1.070124835E-02 6.508682758E-03 2.331472883E-03
-1.840166926E-03-6.032223469E-03-1.024940007E-02-1.448478509E-02-1.873912904E-02
-2.301995452E-02-2.733541065E-02-3.169096166E-02-3.608973589E-02-4.053375065E-02
-4.502420238E-02-4.956146021E-02-5.414501050E-02-5.877337676E-02-6.344426455E-02
-6.815467357E-02-7.290085466E-02-7.767820846E-02-8.248130958E-02-8.730406863E-02
-9.213980294E-02-9.698111517E-02-1.018198892E-01-1.066474861E-01-1.114547345E-01
-1.162319070E-01-1.209688257E-01-1.256550026E-01-1.302797254E-01-1.348318282E-01
-1.393000178E-01-1.436731611E-01-1.479399178E-01-1.520890300E-01-1.561094459E-01
-1.599903291E-01-1.637211096E-01-1.672915500E-01-1.706918540E-01-1.739125868E-01
-1.769448027E-01-1.797799827E-01-1.824101169E-01-1.848276723E-01-1.870255968E-01
-1.889973165E-01-1.907367338E-01-1.922382073E-01-1.934965462E-01-1.945070006E-01
-1.952652420E-01-1.957673555E-01-1.960098305E-01-1.959895488E-01-1.957037779E-01
-1.951501648E-01-1.943267337E-01-1.932318842E-01-1.918643940E-01-1.902234247E-01
-1.883085293E-01-1.861196636E-01-1.836572007E-01-1.809219481E-01-1.779151597E-01
-1.746385579E-01-1.710943465E-01-1.672852222E-01-1.632143850E-01-1.588855331E-01
-1.543028478E-01-1.494709855E-01-1.443950465E-01-1.390804962E-01-1.335333100E-01
-1.277598999E-01-1.217655715E-01-1.155576179E-01-1.091449909E-01-1.025331138E-01
-9.572696283E-02-8.872826935E-02-8.155237423E-02-7.422222844E-02-6.673446973E-02
-5.908361539E-02-5.128683811E-02-4.336245247E-02-3.532122055E-02-2.717078123E-02
-1.891896227E-02-1.058158388E-02-2.170162058E-03 6.428928696E-03 1.543058933E-02
 2.484482604E-02 3.462204690E-02 4.472483216E-02 5.512166050E-02 6.578381671E-02
 7.668544238E-02 8.780335202E-02 9.911662483E-02 1.106063387E-01 1.222554316E-01
 1.340486639E-01 1.459724916E-01 1.580148198E-01 1.701648530E-01 1.824129042E-01
 1.947501048E-01 2.071686137E-01 2.196628437E-01 2.322174903E-01 5.935590173E-02
 5.499412850E-02 5.064070613E-02 4.629713797E-02 4.196342221E-02 3.763985952E-02
 3.332682716E-02 2.902473764E-02 2.473400910E-02 2.045500245E-02 1.618803416E-02
 1.193341582E-02 7.691744449E-03 3.464552135E-03-7.532553049E-04-4.987030045E-03
-9.248769319E-03-1.353209785E-02-1.783575592E-02-2.216656179E-02-2.653322069E-02
-3.094215245E-02-3.539713453E-02-3.990059082E-02-4.445413097E-02-4.905849641E-02
-5.371348488E-02-5.841802281E-02-6.317022246E-02-6.796725823E-02-7.280540768E-02
-7.768023594E-02-8.258659548E-02-8.751852498E-02-9.246921539E-02-9.743118453E-02
-1.023963870E-01-1.073561075E-01-1.123009306E-01-1.172209609E-01-1.221058369E-01
-1.269447037E-01-1.317263471E-01-1.364393766E-01-1.410722523E-01-1.456130833E-01
-1.500501355E-01-1.543718457E-01-1.585665992E-01-1.626230829E-01-1.665302814E-01
-1.702775418E-01-1.738545518E-01-1.772515288E-01-1.804590867E-01-1.834683752E-01
-1.862710106E-01-1.888591068E-01-1.912253029E-01-1.933627198E-01-1.952649611E-01
-1.969261074E-01-1.983406945E-01-1.995037032E-01-2.004105479E-01-2.010570567E-01
-2.014394624E-01-2.015543912E-01-2.013988513E-01-2.009702255E-01-2.002662657E-01
-1.992850896E-01-1.980251809E-01-1.964853923E-01-1.946649508E-01-1.925634715E-01
-1.901809672E-01-1.875178681E-01-1.845750418E-01-1.813538133E-01-1.778559869E-01
-1.740838687E-01-1.700402831E-01-1.657285753E-01-1.611526221E-01-1.563168181E-01
-1.512260614E-01-1.458856807E-01-1.403014188E-01-1.344799396E-01-1.284274832E-01
-1.221493618E-01-1.156562858E-01-1.089525641E-01-1.020416544E-01-9.492694010E-02
-8.763470633E-02-8.017622457E-02-7.253785993E-02-6.472848944E-02-5.676676807E-02
-4.866732037E-02-4.043756546E-02-3.208414517E-02-2.361802210E-02-1.505166513E-02
-6.405497064E-03 2.345681721E-03 1.140329273E-02 2.085912024E-02 3.067744923E-02
 4.081669706E-02 5.124494818E-02 6.193367697E-02 7.285715518E-02 8.399222658E-02
 9.531801437E-02 1.068158055E-01 1.184689754E-01 1.302627657E-01 1.421840026E-01
 1.542209438E-01 1.663630128E-01 1.786006289E-01 1.909249276E-01 2.033276311E-01
 2.158014336E-01 2.283412612E-01 2.409337483E-01 5.681412742E-02 5.242389050E-02
 4.804162274E-02 4.366874680E-02 3.930523574E-02 3.495133098E-02 3.060733644E-02
 2.627358121E-02 2.195043260E-02 1.763830444E-02 1.333761658E-02 9.048799151E-03
 4.773065392E-03 5.088104474E-04-3.763429868E-03-8.065256164E-03-1.239269538E-02
-1.674184704E-02-2.111826646E-02-2.553122980E-02-2.998829018E-02-3.449391693E-02
-3.905092711E-02-4.366138817E-02-4.832647697E-02-5.304637698E-02-5.782039003E-02
-6.264692689E-02-6.752347865E-02-7.244671780E-02-7.741245274E-02-8.241553370E-02
-8.745005184E-02-9.250941926E-02-9.758628515E-02-1.026724488E-01-1.077590244E-01
-1.128366014E-01-1.178951694E-01-1.229240567E-01-1.279121805E-01-1.328480889E-01
-1.377199354E-01-1.425156471E-01-1.472231397E-01-1.518302582E-01-1.563246864E-01
-1.606945238E-01-1.649280285E-01-1.690136517E-01-1.729402825E-01-1.766972168E-01
-1.802741902E-01-1.836614322E-01-1.868496957E-01-1.898302447E-01-1.925948594E-01
-1.951358115E-01-1.974459248E-01-1.995185010E-01-2.013473241E-01-2.029266518E-01
-2.042511921E-01-2.053160907E-01-2.061169171E-01-2.066496458E-01-2.069106469E-01
-2.068966711E-01-2.066048424E-01-2.060326481E-01-2.051779332E-01-2.040388982E-01
-2.026140983E-01-2.009024471E-01-1.989032250E-01-1.966160921E-01-1.940411028E-01
-1.911787272E-01-1.880298747E-01-1.845959211E-01-1.808787350E-01-1.768807025E-01
-1.726047503E-01-1.680543593E-01-1.632335664E-01-1.581469661E-01-1.527996735E-01
-1.471970998E-01-1.413456831E-01-1.352525558E-01-1.289230957E-01-1.223663825E-01
-1.155865746E-01-1.085866000E-01-1.013771078E-01-9.398580092E-02-8.640750293E-02
-7.863493773E-02-7.068435489E-02-6.257408473E-02-5.431355059E-02-4.590799322E-02
-3.736562056E-02-2.869864959E-02-1.992013172E-02-1.104529206E-02-2.084592401E-03
 7.057871195E-03 1.655893510E-02 2.642116487E-02 3.660020104E-02 4.706284273E-02
 5.778081493E-02 6.872841689E-02 7.988252966E-02 9.122258006E-02 1.027303662E-01
 1.143897137E-01 1.261862384E-01 1.381070996E-01 1.501407255E-01 1.622765673E-01
 1.745048843E-01 1.868168123E-01 1.992043228E-01 2.116601542E-01 2.241780454E-01
 2.367537251E-01 2.493755541E-01 5.436211790E-02 4.994373818E-02 4.553283738E-02
 4.113081473E-02 3.673769845E-02 3.235372368E-02 2.797915832E-02 2.361427766E-02
 1.925937754E-02 1.491476862E-02 1.058077845E-02 6.258350286E-03 1.948183493E-03
-2.361809989E-03-6.699264150E-03-1.106647669E-02-1.545752414E-02-1.987568884E-02
-2.433020293E-02-2.882975152E-02-3.337988076E-02-3.798410474E-02-4.264498630E-02
-4.736406647E-02-5.214189916E-02-5.697821751E-02-6.187180692E-02-6.682050284E-02
-7.182128741E-02-7.687022338E-02-8.196249047E-02-8.709246711E-02-9.225358800E-02
-9.743844160E-02-1.026389627E-01-1.078463801E-01-1.130511114E-01-1.182428855E-01
-1.234109593E-01-1.285440916E-01-1.336304572E-01-1.386579237E-01-1.436141261E-01
-1.484864401E-01-1.532621876E-01-1.579288608E-01-1.624739695E-01-1.668851281E-01
-1.711505300E-01-1.752585535E-01-1.791980155E-01-1.829582324E-01-1.865290357E-01
-1.899007253E-01-1.930642239E-01-1.960109302E-01-1.987328104E-01-2.012223165E-01
-2.034724528E-01-2.054767012E-01-2.072290223E-01-2.087238425E-01-2.099560307E-01
-2.109208860E-01-2.116141208E-01-2.120318444E-01-2.121705520E-01-2.120271091E-01
-2.115987444E-01-2.108830402E-01-2.098779251E-01-2.085816719E-01-2.069928985E-01
-2.051105692E-01-2.029340067E-01-2.004629036E-01-1.976973410E-01-1.946378136E-01
-1.912852576E-01-1.876410794E-01-1.837071908E-01-1.794860422E-01-1.749806482E-01
-1.701946005E-01-1.651320913E-01-1.597979358E-01-1.541972544E-01-1.483357220E-01
-1.422209368E-01-1.358600083E-01-1.292581407E-01-1.224199911E-01-1.153484180E-01
-1.080678986E-01-1.005929448E-01-9.290697893E-02-8.501875746E-02-7.694662030E-02
-6.870409383E-02-6.029740762E-02-5.173143730E-02-4.301613558E-02-3.416443622E-02
-2.518934063E-02-1.610283373E-02-6.922341049E-03 2.367361669E-03 1.192850640E-02
 2.183610956E-02 3.205873875E-02 4.255948133E-02 5.330975771E-02 6.428409002E-02
 7.545977817E-02 8.681678155E-02 9.833731519E-02 1.100056017E-01 1.218075265E-01
 1.337303667E-01 1.457624768E-01 1.578932571E-01 1.701131285E-01 1.824135012E-01
 1.947867420E-01 2.072260152E-01 2.197250428E-01 2.322782637E-01 2.448819068E-01
 2.575258728E-01 5.200216965E-02 4.755632109E-02 4.311741312E-02 3.868674607E-02
 3.426436238E-02 2.985053867E-02 2.544560108E-02 2.104985425E-02 1.666356613E-02
 1.228696563E-02 7.920503351E-03 3.565615425E-03-7.827678192E-04-5.151769123E-03
-9.554021224E-03-1.398320780E-02-1.843935939E-02-2.293093123E-02-2.746767658E-02
-3.205642570E-02-3.670140302E-02-4.140565292E-02-4.617130763E-02-5.099954140E-02
-5.589055189E-02-6.084343873E-02-6.585636838E-02-7.092670205E-02-7.605081888E-02
-8.122418915E-02-8.644142894E-02-9.169621635E-02-9.698141243E-02-1.022890313E-01
-1.076101612E-01-1.129352365E-01-1.182540589E-01-1.235557049E-01-1.288285835E-01
-1.340607134E-01-1.392397579E-01-1.443529221E-01-1.493872442E-01-1.543297007E-01
-1.591671764E-01-1.638867047E-01-1.684756667E-01-1.729215536E-01-1.772122593E-01
-1.813362879E-01-1.852824421E-01-1.890401124E-01-1.925992307E-01-1.959502683E-01
-1.990842773E-01-2.019928419E-01-2.046681115E-01-2.071027266E-01-2.092898583E-01
-2.112231612E-01-2.128967615E-01-2.143052403E-01-2.154436139E-01-2.163073201E-01
-2.168922013E-01-2.171944884E-01-2.172107899E-01-2.169380769E-01-2.163736747E-01
-2.155152524E-01-2.143608159E-01-2.129087047E-01-2.111575903E-01-2.091064809E-01
-2.067547313E-01-2.041020575E-01-2.011485567E-01-1.978947340E-01-1.943415363E-01
-1.904903866E-01-1.863432246E-01-1.819025470E-01-1.771714350E-01-1.721535828E-01
-1.668534148E-01-1.612758882E-01-1.554257400E-01-1.493101260E-01-1.429372618E-01
-1.363098972E-01-1.294339559E-01-1.223147061E-01-1.149843371E-01-1.074361505E-01
-9.966304183E-02-9.168025863E-02-8.350558370E-02-7.514832556E-02-6.661184809E-02
-5.790314311E-02-4.903302020E-02-4.001440557E-02-3.086008711E-02-2.158153224E-02
-1.219202716E-02-2.703635409E-03 6.947067372E-03 1.690556457E-02 2.717556265E-02
 3.771846593E-02 4.850461738E-02 5.950918164E-02 7.071000038E-02 8.208744193E-02
 9.362410500E-02 1.053044264E-01 1.171143372E-01 1.290410598E-01 1.410730711E-01
 1.532000539E-01 1.654128499E-01 1.777032926E-01 1.900639695E-01 2.024881381E-01
 2.149698035E-01 2.275036021E-01 2.400848934E-01 2.527106462E-01 2.653721290E-01
 4.973664552E-02 4.526393887E-02 4.079770364E-02 3.633912130E-02 3.188820142E-02
 2.744519166E-02 2.301040046E-02 1.858413445E-02 1.416668669E-02 9.758388805E-03
 5.360329537E-03 9.716531866E-04-3.425469695E-03-7.856718873E-03-1.231954415E-02
-1.681014386E-02-2.133478135E-02-2.590367946E-02-3.052514774E-02-3.520445373E-02
-3.994524087E-02-4.475018882E-02-4.962100769E-02-5.455838982E-02-5.956201155E-02
-6.463060459E-02-6.976193120E-02-7.495263259E-02-8.019846069E-02-8.549434806E-02
-9.083422514E-02-9.621117061E-02-1.016173838E-01-1.070441608E-01-1.124820453E-01
-1.179206844E-01-1.233490222E-01-1.287554778E-01-1.341278746E-01-1.394534489E-01
-1.447191594E-01-1.499117926E-01-1.550178492E-01-1.600238354E-01-1.649163892E-01
-1.696822422E-01-1.743084789E-01-1.787826702E-01-1.830926011E-01-1.872267263E-01
-1.911740367E-01-1.949239931E-01-1.984666695E-01-2.017927291E-01-2.048933517E-01
-2.077603367E-01-2.103859927E-01-2.127631440E-01-2.148851127E-01-2.167457158E-01
-2.183392284E-01-2.196603683E-01-2.207042813E-01-2.214665289E-01-2.219430696E-01
-2.221302443E-01-2.220247649E-01-2.216237008E-01-2.209244672E-01-2.199248152E-01
-2.186228234E-01-2.170168936E-01-2.151057481E-01-2.128884349E-01-2.103643345E-01
-2.075331772E-01-2.043950670E-01-2.009505106E-01-1.972004512E-01-1.931463147E-01
-1.887900559E-01-1.841342006E-01-1.791818693E-01-1.739368598E-01-1.684039126E-01
-1.625879210E-01-1.564938364E-01-1.501300705E-01-1.434985699E-01-1.366039929E-01
-1.294663979E-01-1.221040776E-01-1.144990141E-01-1.066600506E-01-9.860526892E-02
-9.034823595E-02-8.189393815E-02-7.324663397E-02-6.441443001E-02-5.540915800E-02
-4.624351238E-02-3.692939610E-02-2.747811466E-02-1.790039891E-02-8.212223008E-03
 1.587852923E-03 1.161366595E-02 2.193358426E-02 3.252314954E-02 4.334992020E-02
 5.438922168E-02 6.561947286E-02 7.702137981E-02 8.857770423E-02 1.002728997E-01
 1.120929818E-01 1.240254559E-01 1.360592514E-01 1.481845369E-01 1.603924229E-01
 1.726748619E-01 1.850247309E-01 1.974357150E-01 2.099021837E-01 2.224191575E-01
 2.349821692E-01 2.475874079E-01 2.602323178E-01 2.729089678E-01 4.756804360E-02
 4.306925594E-02 3.857637804E-02 3.409051530E-02 2.961173541E-02 2.514029841E-02
 2.067646127E-02 1.622046495E-02 1.177254935E-02 7.333303752E-03 2.903962454E-03
-1.523365010E-03-5.978649381E-03-1.046967635E-02-1.499054799E-02-1.954397570E-02
-2.413993394E-02-2.878832218E-02-3.349567505E-02-3.826620207E-02-4.310308091E-02
-4.800865519E-02-5.298423350E-02-5.803002279E-02-6.314524554E-02-6.832813349E-02
-7.357588483E-02-7.888475047E-02-8.424999910E-02-8.966575551E-02-9.512531555E-02
-1.006211252E-01-1.061446492E-01-1.116865704E-01-1.172366780E-01-1.227839894E-01
-1.283168020E-01-1.338226666E-01-1.392887383E-01-1.447017502E-01-1.500480045E-01
-1.553136646E-01-1.604849368E-01-1.655479532E-01-1.704890363E-01-1.752948292E-01
-1.799522455E-01-1.844487312E-01-1.887723000E-01-1.929113042E-01-1.968549120E-01
-2.005927476E-01-2.041150414E-01-2.074126100E-01-2.104768285E-01-2.132996590E-01
-2.158735637E-01-2.181915394E-01-2.202470434E-01-2.220340321E-01-2.235469081E-01
-2.247805081E-01-2.257300903E-01-2.263913242E-01-2.267602715E-01-2.268333725E-01
-2.266074360E-01-2.260796230E-01-2.252474352E-01-2.241087038E-01-2.226615796E-01
-2.209045241E-01-2.188363093E-01-2.164560193E-01-2.137630591E-01-2.107571699E-01
-2.074384531E-01-2.038074070E-01-1.998649621E-01-1.956125354E-01-1.910520818E-01
-1.861861157E-01-1.810177280E-01-1.755508942E-01-1.697908532E-01-1.637422332E-01
-1.574093421E-01-1.507982065E-01-1.439104363E-01-1.367799429E-01-1.293983011E-01
-1.217601773E-01-1.138802023E-01-1.057758687E-01-9.745665592E-02-8.892527302E-02
-8.018707993E-02-7.125240307E-02-6.213356754E-02-5.284248661E-02-4.339023532E-02
-3.378704334E-02-2.404347834E-02-1.417181309E-02-4.186642176E-03 5.938608858E-03
 1.631660949E-02 2.695765510E-02 3.783060867E-02 4.890989407E-02 6.017427203E-02
 7.160464226E-02 8.318385267E-02 9.489662314E-02 1.067294540E-01 1.186704112E-01
 1.307087498E-01 1.428347953E-01 1.550400133E-01 1.673168494E-01 1.796585887E-01
 1.920592910E-01 2.045137137E-01 2.170172101E-01 2.295654257E-01 2.421540975E-01
 2.547794908E-01 2.674390203E-01 2.801257201E-01 4.549890909E-02 4.097467113E-02
 3.645589747E-02 3.194361646E-02 2.743784480E-02 2.293876089E-02 1.844659734E-02
 1.396160962E-02 9.484121883E-03 5.015297733E-03 5.534177296E-04-3.922227696E-03
-8.435730036E-03-1.298316879E-02-1.756230626E-02-2.218111117E-02-2.685059948E-02
-3.157914818E-02-3.637207813E-02-4.123330749E-02-4.616577339E-02-5.117129049E-02
-5.625053725E-02-6.140328671E-02-6.662836662E-02-7.192347523E-02-7.728530383E-02
-8.270956579E-02-8.819091782E-02-9.372306578E-02-9.929872223E-02-1.049094530E-01
-1.105460805E-01-1.161985553E-01-1.218559528E-01-1.275066504E-01-1.331382176E-01
-1.387376808E-01-1.442914346E-01-1.497855618E-01-1.552059604E-01-1.605383168E-01
-1.657683388E-01-1.708820021E-01-1.758654315E-01-1.807051095E-01-1.853880033E-01
-1.899014976E-01-1.942336381E-01-1.983730567E-01-2.023088672E-01-2.060309791E-01
-2.095297589E-01-2.127961896E-01-2.158218388E-01-2.185987807E-01-2.211196461E-01
-2.233775664E-01-2.253661200E-01-2.270793763E-01-2.285118418E-01-2.296584539E-01
-2.305145665E-01-2.310759423E-01-2.313387349E-01-2.312994764E-01-2.309550661E-01
-2.303027544E-01-2.293401289E-01-2.280651014E-01-2.264758948E-01-2.245710341E-01
-2.223493421E-01-2.198099382E-01-2.169522484E-01-2.137760223E-01-2.102813585E-01
-2.064687343E-01-2.023390626E-01-1.978937318E-01-1.931346482E-01-1.880642945E-01
-1.826858192E-01-1.770039762E-01-1.710234896E-01-1.647449484E-01-1.581755027E-01
-1.513275664E-01-1.442229031E-01-1.368427063E-01-1.291959044E-01-1.213001619E-01
-1.131701692E-01-1.048096703E-01-9.622167251E-02-8.741469250E-02-7.840059606E-02
-6.919157687E-02-5.979869522E-02-5.023107520E-02-4.049796819E-02-3.061024552E-02
-2.057996260E-02-1.042186448E-02-1.449268661E-04 1.030930772E-02 2.100654018E-02
 3.193161008E-02 4.305642307E-02 5.435953457E-02 6.582221240E-02 7.742782521E-02
 8.916174079E-02 1.010108597E-01 1.129634498E-01 1.250091946E-01 1.371389863E-01
 1.493447554E-01 1.616193822E-01 1.739566238E-01 1.863508889E-01 1.987968686E-01
 2.112896184E-01 2.238247182E-01 2.363981191E-01 2.490061013E-01 2.616454385E-01
 2.743139174E-01 2.870056750E-01 4.353200660E-02 3.898319031E-02 3.443931145E-02
 2.990131463E-02 2.536924394E-02 2.084330220E-02 1.632372645E-02 1.181070701E-02
 7.304736685E-03 2.806887421E-03-1.691421998E-03-6.221350118E-03-1.078980818E-02
-1.539136926E-02-2.002987995E-02-2.471613248E-02-2.946031323E-02-3.426910420E-02
-3.914712204E-02-4.409803322E-02-4.912446676E-02-5.422792792E-02-5.940883240E-02
-6.466649422E-02-6.999904932E-02-7.540363809E-02-8.087653199E-02-8.641286364E-02
-9.200671231E-02-9.765120247E-02-1.033383934E-01-1.090594024E-01-1.148043630E-01
-1.205623200E-01-1.263217094E-01-1.320701364E-01-1.377945697E-01-1.434814049E-01
-1.491165180E-01-1.546854766E-01-1.601735820E-01-1.655662331E-01-1.708488634E-01
-1.760070976E-01-1.810270297E-01-1.858951129E-01-1.905982861E-01-1.951240884E-01
-1.994605798E-01-2.035965494E-01-2.075213392E-01-2.112249094E-01-2.146978716E-01
-2.179313607E-01-2.209170687E-01-2.236472137E-01-2.261145582E-01-2.283123266E-01
-2.302342085E-01-2.318743574E-01-2.332273612E-01-2.342882389E-01-2.350524253E-01
-2.355157636E-01-2.356744899E-01-2.355252231E-01-2.350649499E-01-2.342910094E-01
-2.332010769E-01-2.317931469E-01-2.300655185E-01-2.280167837E-01-2.256458195E-01
-2.229517834E-01-2.199341233E-01-2.165925926E-01-2.129272864E-01-2.089386553E-01
-2.046275814E-01-1.999954448E-01-1.950441048E-01-1.897760791E-01-1.841949553E-01
-1.783043604E-01-1.721063034E-01-1.656025988E-01-1.588239980E-01-1.517598436E-01
-1.444070521E-01-1.367792041E-01-1.288947176E-01-1.207615039E-01-1.123808155E-01
-1.037591239E-01-9.490774935E-02-8.583946348E-02-7.656580116E-02-6.709504623E-02
-5.743500208E-02-4.759519265E-02-3.758710867E-02-2.742309487E-02-1.711514230E-02
-6.677211572E-03 3.889821912E-03 1.465534850E-02 2.563750330E-02 3.681317690E-02
 4.815987954E-02 5.965956158E-02 7.129615287E-02 8.305527692E-02 9.492433980E-02
 1.068922659E-01 1.189492773E-01 1.310868038E-01 1.432973370E-01 1.555740725E-01
 1.679106083E-01 1.803011716E-01 1.927405794E-01 2.052241092E-01 2.177475153E-01
 2.303070011E-01 2.428991902E-01 2.555210430E-01 2.681698328E-01 2.808436757E-01
 2.935375548E-01 4.166951855E-02 3.709709283E-02 3.252913597E-02 2.796647650E-02
 2.340912529E-02 1.885726244E-02 1.431109147E-02 9.770864745E-03 5.237675714E-03
 7.100373501E-04-3.832243690E-03-8.415004100E-03-1.303492899E-02-1.769009747E-02
-2.238905126E-02-2.714333922E-02-3.196170705E-02-3.684980762E-02-4.181189032E-02
-4.685120453E-02-5.196989675E-02-5.716906375E-02-6.244878218E-02-6.780801427E-02
-7.324460320E-02-7.875530034E-02-8.433566862E-02-8.998013544E-02-9.568229523E-02
-1.014346644E-01-1.072286479E-01-1.130547388E-01-1.189024054E-01-1.247602358E-01
-1.306159039E-01-1.364561729E-01-1.422674123E-01-1.480353510E-01-1.537454381E-01
-1.593827555E-01-1.649323268E-01-1.703791033E-01-1.757083319E-01-1.809055530E-01
-1.859566627E-01-1.908481771E-01-1.955671392E-01-2.001011546E-01-2.044384885E-01
-2.085679819E-01-2.124792139E-01-2.161622569E-01-2.196078911E-01-2.228073909E-01
-2.257525751E-01-2.284357915E-01-2.308498663E-01-2.329881108E-01-2.348443024E-01
-2.364126511E-01-2.376878093E-01-2.386648581E-01-2.393392982E-01-2.397070431E-01
-2.397644050E-01-2.395080855E-01-2.389351585E-01-2.380430537E-01-2.368295378E-01
-2.352926933E-01-2.334309016E-01-2.312428257E-01-2.287273996E-01-2.258838242E-01
-2.227115729E-01-2.192104052E-01-2.153803987E-01-2.112219931E-01-2.067360331E-01
-2.019239898E-01-1.967880390E-01-1.913294989E-01-1.855500531E-01-1.794559377E-01
-1.730508325E-01-1.663584005E-01-1.593588317E-01-1.520602623E-01-1.444803033E-01
-1.366326886E-01-1.285180225E-01-1.201405491E-01-1.115107854E-01-1.026422376E-01
-9.354738607E-02-8.423390687E-02-7.470857365E-02-6.497998467E-02-5.505853452E-02
-4.495556115E-02-3.468300662E-02-2.425272826E-02-1.367623250E-02-2.965881320E-03
 7.887001351E-03 1.893270357E-02 3.016506801E-02 4.156135915E-02 5.310333583E-02
 6.477557983E-02 7.656449746E-02 8.845814436E-02 1.004461305E-01 1.125193214E-01
 1.246693811E-01 1.368886713E-01 1.491703954E-01 1.615084367E-01 1.738972808E-01
 1.863320089E-01 1.988082508E-01 2.113221117E-01 2.238700315E-01 2.364487932E-01
 2.490555372E-01 2.616876071E-01 2.743426365E-01 2.870190095E-01 2.997124203E-01
 3.991407205E-02 3.531905360E-02 3.072798782E-02 2.614162261E-02 2.156000125E-02
 1.698330698E-02 1.241169678E-02 7.845551008E-03 3.286144994E-03-1.273465843E-03
-5.864535248E-03-1.049717754E-02-1.516614544E-02-1.987495111E-02-2.463484718E-02
-2.945677393E-02-3.434803090E-02-3.931364209E-02-4.435759257E-02-4.948287706E-02
-5.469133026E-02-5.998360871E-02-6.535925584E-02-7.081671858E-02-7.635342172E-02
-8.196572554E-02-8.764882378E-02-9.339679607E-02-9.920257116E-02-1.050578368E-01
-1.109534028E-01-1.168791580E-01-1.228238686E-01-1.287754792E-01-1.347210522E-01
-1.406469437E-01-1.465387760E-01-1.523816069E-01-1.581603953E-01-1.638598285E-01
-1.694646730E-01-1.749596985E-01-1.803299715E-01-1.855608990E-01-1.906384513E-01
-1.955490816E-01-2.002799435E-01-2.048188343E-01-2.091541356E-01-2.132748967E-01
-2.171707529E-01-2.208320430E-01-2.242495527E-01-2.274147535E-01-2.303195570E-01
-2.329563783E-01-2.353181087E-01-2.373981268E-01-2.391902547E-01-2.406887386E-01
-2.418882812E-01-2.427840086E-01-2.433714748E-01-2.436466560E-01-2.436059357E-01
-2.432460963E-01-2.425643010E-01-2.415580740E-01-2.402252778E-01-2.385640902E-01
-2.365729808E-01-2.342506902E-01-2.315962159E-01-2.286088048E-01-2.252879563E-01
-2.216334413E-01-2.176453101E-01-2.133239818E-01-2.086704528E-01-2.036860079E-01
-1.983720280E-01-1.927283140E-01-1.867577517E-01-1.804833331E-01-1.738924595E-01
-1.669836236E-01-1.597686762E-01-1.522659488E-01-1.444773443E-01-1.364046919E-01
-1.280570738E-01-1.194485302E-01-1.105926789E-01-1.014967152E-01-9.216689192E-02
-8.261144712E-02-7.284012468E-02-6.286348465E-02-5.269255329E-02-4.233856473E-02
-3.181272572E-02-2.112605410E-02-1.029052753E-02 6.807217546E-04 1.180397480E-02
 2.309869512E-02 3.455043244E-02 4.614044399E-02 5.785395994E-02 6.967831524E-02
 8.160227767E-02 9.361563946E-02 1.057092923E-01 1.178751461E-01 1.301059524E-01
 1.423952529E-01 1.547373245E-01 1.671270780E-01 1.795599113E-01 1.920316846E-01
 2.045387157E-01 2.170776368E-01 2.296453874E-01 2.422392346E-01 2.548567251E-01
 2.674956341E-01 2.801540308E-01 2.928305716E-01 3.055215900E-01 3.826766848E-02
 3.365121857E-02 2.903826236E-02 2.442943908E-02 1.982477193E-02 1.522439536E-02
 1.062848067E-02 6.037848973E-03 1.452167000E-03-3.144573898E-03-7.782785454E-03
-1.246169249E-02-1.717841252E-02-2.194102807E-02-2.676167955E-02-3.164992235E-02
-3.661201854E-02-4.165274076E-02-4.677589387E-02-5.198415951E-02-5.727895343E-02
-6.266053840E-02-6.812816467E-02-7.367994072E-02-7.931275502E-02-8.502234202E-02
-9.080333825E-02-9.664936768E-02-1.025529276E-01-1.085053431E-01-1.144968485E-01
-1.205164620E-01-1.265522358E-01-1.325915506E-01-1.386208050E-01-1.446257515E-01
-1.505915546E-01-1.565029882E-01-1.623443872E-01-1.681000152E-01-1.737543512E-01
-1.792920779E-01-1.846981854E-01-1.899581328E-01-1.950578180E-01-1.999838607E-01
-2.047234554E-01-2.092645087E-01-2.135956352E-01-2.177060095E-01-2.215854466E-01
-2.252243248E-01-2.286136526E-01-2.317448898E-01-2.346100656E-01-2.372016524E-01
-2.395125873E-01-2.415362662E-01-2.432665331E-01-2.446976623E-01-2.458243820E-01
-2.466418519E-01-2.471456702E-01-2.473318689E-01-2.471969009E-01-2.467376301E-01
-2.459513116E-01-2.448355685E-01-2.433883662E-01-2.416079845E-01-2.394929876E-01
-2.370422012E-01-2.342546928E-01-2.311297599E-01-2.276669320E-01-2.238659726E-01
-2.197269403E-01-2.152501803E-01-2.104364520E-01-2.052862827E-01-1.998028755E-01
-1.939841162E-01-1.878531349E-01-1.813890213E-01-1.745978804E-01-1.674981685E-01
-1.600953774E-01-1.523887835E-01-1.443851842E-01-1.360985757E-01-1.275432764E-01
-1.187258473E-01-1.096524937E-01-1.003315518E-01-9.077259806E-02-8.098597181E-02
-7.098231317E-02-6.077180296E-02-5.036437431E-02-3.977077326E-02-2.900223997E-02
-1.806960441E-02-6.985316967E-03 4.234292914E-03 1.560129858E-02 2.711477295E-02
 3.875956881E-02 5.052105935E-02 6.238680432E-02 7.434586985E-02 8.638853321E-02
 9.850618216E-02 1.106912083E-01 1.229368803E-01 1.352371567E-01 1.475866373E-01
 1.599805291E-01 1.724144804E-01 1.848845787E-01 1.973873424E-01 2.099196627E-01
 2.224787570E-01 2.350621202E-01 2.476674717E-01 2.602927664E-01 2.729361618E-01
 2.855960272E-01 2.982712286E-01 3.109586789E-01 3.673288296E-02 3.209616726E-02
 2.746244722E-02 2.283229457E-02 1.820576597E-02 1.358297618E-02 8.964168603E-03
 4.350664790E-03-2.614155107E-04-4.899256653E-03-9.581614612E-03-1.430384416E-02
-1.906738466E-02-2.388318932E-02-2.876310993E-02-3.371542469E-02-3.874587894E-02
-4.385901832E-02-4.905826942E-02-5.434590310E-02-5.972303627E-02-6.518969342E-02
-7.074480952E-02-7.638604127E-02-8.210978917E-02-8.791142799E-02-9.378520706E-02
-9.972410445E-02-1.057199111E-01-1.117633578E-01-1.178441963E-01-1.239510699E-01
-1.300715781E-01-1.361923069E-01-1.422988945E-01-1.483766091E-01-1.544101147E-01
-1.603836916E-01-1.662814620E-01-1.720875745E-01-1.777860869E-01-1.833614990E-01
-1.887987715E-01-1.940834608E-01-1.992015819E-01-2.041398315E-01-2.088855550E-01
-2.134267737E-01-2.177521737E-01-2.218511672E-01-2.257136702E-01-2.293301936E-01
-2.326917704E-01-2.357899727E-01-2.386168597E-01-2.411649324E-01-2.434271449E-01
-2.453968901E-01-2.470680184E-01-2.484348197E-01-2.494920249E-01-2.502348176E-01
-2.506588327E-01-2.507601538E-01-2.505353023E-01-2.499812253E-01-2.490952739E-01
-2.478751763E-01-2.463190070E-01-2.444251540E-01-2.421922836E-01-2.396193125E-01
-2.367053837E-01-2.334498475E-01-2.298522987E-01-2.259125422E-01-2.216305896E-01
-2.170066424E-01-2.120390354E-01-2.067309370E-01-2.010966769E-01-1.951231580E-01
-1.888090900E-01-1.821667696E-01-1.752064540E-01-1.679251830E-01-1.603268798E-01
-1.524247360E-01-1.442326368E-01-1.357560325E-01-1.270011933E-01-1.179766820E-01
-1.086921872E-01-9.915848126E-02-8.938615815E-02-7.938436711E-02-6.916230526E-02
-5.872956739E-02-4.809645118E-02-3.727442372E-02-2.627533796E-02-1.510979784E-02
-3.790801063E-03 7.660629624E-03 1.924422686E-02 3.095047106E-02 4.276557322E-02
 5.467763262E-02 6.667637130E-02 7.875274150E-02 9.089868212E-02 1.031070341E-01
 1.153714707E-01 1.276862980E-01 1.400464549E-01 1.524474540E-01 1.648853120E-01
 1.773564757E-01 1.898577479E-01 2.023862712E-01 2.149394996E-01 2.275151298E-01
 2.401110727E-01 2.527254372E-01 2.653565100E-01 2.780027189E-01 2.906626694E-01
 3.033353945E-01 3.160183152E-01 3.531169724E-02 3.065595960E-02 2.600280513E-02
 2.135273304E-02 1.670577102E-02 1.206198325E-02 7.421777303E-03 2.786148970E-03
-1.854303697E-03-6.532933421E-03-1.125599731E-02-1.601913555E-02-2.082828988E-02
-2.569591928E-02-3.063294089E-02-3.564658891E-02-4.074224210E-02-4.592419404E-02
-5.119559333E-02-5.655846706E-02-6.201369307E-02-6.756091372E-02-7.319855742E-02
-7.892387809E-02-8.473299068E-02-9.062093094E-02-9.658146676E-02-1.026069959E-01
-1.086888605E-01-1.148173507E-01-1.209815019E-01-1.271692192E-01-1.333675226E-01
-1.395626376E-01-1.457399493E-01-1.518841291E-01-1.579791623E-01-1.640089438E-01
-1.699573659E-01-1.758082470E-01-1.815456915E-01-1.871542334E-01-1.926186129E-01
-1.979243917E-01-2.030577466E-01-2.080055437E-01-2.127553117E-01-2.172951606E-01
-2.216139420E-01-2.257010785E-01-2.295466985E-01-2.331413699E-01-2.364762044E-01
-2.395427939E-01-2.423331868E-01-2.448399279E-01-2.470559566E-01-2.489746504E-01
-2.505898392E-01-2.518958035E-01-2.528872743E-01-2.535594492E-01-2.539079937E-01
-2.539290405E-01-2.536191799E-01-2.529754445E-01-2.519952856E-01-2.506765421E-01
-2.490174040E-01-2.470163737E-01-2.446722272E-01-2.419839748E-01-2.389508377E-01
-2.355722218E-01-2.318478203E-01-2.277774574E-01-2.233601736E-01-2.185987969E-01
-2.134874548E-01-2.080463274E-01-2.022541757E-01-1.961170289E-01-1.896498262E-01
-1.828480115E-01-1.757125164E-01-1.682552180E-01-1.604880877E-01-1.524148596E-01
-1.440415724E-01-1.353765068E-01-1.264295840E-01-1.172122448E-01-1.077344767E-01
-9.800502854E-02-8.803274531E-02-7.782680657E-02-6.739729313E-02-5.675476665E-02
-4.591005178E-02-3.487435314E-02-2.365879949E-02-1.227337421E-02-7.348093039E-04
 1.092772007E-02 2.270175446E-02 3.457632526E-02 4.654030800E-02 5.858398972E-02
 7.069888201E-02 8.287742809E-02 9.511298044E-02 1.073996707E-01 1.197323286E-01
 1.321063608E-01 1.445176828E-01 1.569626825E-01 1.694381199E-01 1.819410835E-01
 1.944689557E-01 2.070193749E-01 2.195902112E-01 2.321795291E-01 2.447855825E-01
 2.574068052E-01 2.700417710E-01 2.826891644E-01 2.953478370E-01 3.080170057E-01
 3.206945603E-01 3.400658279E-02 2.933313197E-02 2.466186897E-02 1.999320975E-02
 1.532714964E-02 1.066377016E-02 6.003836891E-03 1.346710902E-03-3.324593028E-03
-8.040888204E-03-1.280111731E-02-1.760325721E-02-2.245660603E-02-2.737398639E-02
-3.236514553E-02-3.743662811E-02-4.259362480E-02-4.784027549E-02-5.317951024E-02
-5.861303817E-02-6.414136655E-02-6.976378636E-02-7.547840460E-02-8.128220726E-02
-8.717098499E-02-9.313922063E-02-9.918012091E-02-1.052857152E-01-1.114469784E-01
-1.176537150E-01-1.238943420E-01-1.301562555E-01-1.364260330E-01-1.426892341E-01
-1.489305809E-01-1.551343621E-01-1.612845315E-01-1.673647416E-01-1.733583932E-01
-1.792490031E-01-1.850207187E-01-1.906579234E-01-1.961455873E-01-2.014693895E-01
-2.066153950E-01-2.115706343E-01-2.163228205E-01-2.208602420E-01-2.251718638E-01
-2.292472414E-01-2.330764571E-01-2.366502470E-01-2.399597285E-01-2.429965181E-01
-2.457526781E-01-2.482206786E-01-2.503934660E-01-2.522643905E-01-2.538272424E-01
-2.550762822E-01-2.560062295E-01-2.566122901E-01-2.568901564E-01-2.568360086E-01
-2.564465064E-01-2.557187704E-01-2.546503558E-01-2.532392164E-01-2.514836625E-01
-2.493823155E-01-2.469340665E-01-2.441380382E-01-2.409935402E-01-2.375000531E-01
-2.336568951E-01-2.294629436E-01-2.249195380E-01-2.200356917E-01-2.147990562E-01
-2.092075986E-01-2.032765230E-01-1.970007543E-01-1.903786794E-01-1.834209536E-01
-1.761364324E-01-1.685266754E-01-1.605969230E-01-1.523544702E-01-1.438094004E-01
-1.349726074E-01-1.258528492E-01-1.164587973E-01-1.067995440E-01-9.688486983E-02
-8.672474785E-02-7.632906229E-02-6.570772325E-02-5.487091462E-02-4.382929178E-02
-3.259417126E-02-2.117625377E-02-9.585223488E-03 2.155231047E-03 1.400518382E-02
 2.594557265E-02 3.796676009E-02 5.006005751E-02 6.221763547E-02 7.443267949E-02
 8.669919239E-02 9.901191159E-02 1.113661774E-01 1.237578312E-01 1.361831716E-01
 1.486388889E-01 1.611220196E-01 1.736298958E-01 1.861601293E-01 1.987105796E-01
 2.112793022E-01 2.238645447E-01 2.364647443E-01 2.490785028E-01 2.617045651E-01
 2.743418079E-01 2.869892116E-01 2.996458695E-01 3.123111499E-01 3.249833230E-01
 3.281975642E-02 2.812996436E-02 2.344198084E-02 1.875614846E-02 1.407244230E-02
 9.391002283E-03 4.713024261E-03 3.523636423E-05-4.668055640E-03-9.418826155E-03
-1.421308171E-02-1.905216239E-02-2.394753581E-02-2.891170035E-02-3.395341525E-02
-3.907886054E-02-4.429306944E-02-4.959994511E-02-5.500213776E-02-6.050103813E-02
-6.609685812E-02-7.178867669E-02-7.757438071E-02-8.345058963E-02-8.941263145E-02
-9.545455122E-02-1.015691858E-01-1.077482484E-01-1.139822252E-01-1.202602718E-01
-1.265703379E-01-1.328994347E-01-1.392337219E-01-1.455582427E-01-1.518572733E-01
-1.581147777E-01-1.643142389E-01-1.704388569E-01-1.764720848E-01-1.823976296E-01
-1.881993864E-01-1.938615150E-01-1.993691585E-01-2.047080158E-01-2.098644373E-01
-2.148255838E-01-2.195790721E-01-2.241134224E-01-2.284177549E-01-2.324817195E-01
-2.362954697E-01-2.398496833E-01-2.431355778E-01-2.461447309E-01-2.488691812E-01
-2.513013946E-01-2.534342406E-01-2.552610317E-01-2.567755194E-01-2.579719250E-01
-2.588449561E-01-2.593898210E-01-2.596022362E-01-2.594784290E-01-2.590151287E-01
-2.582095461E-01-2.570593427E-01-2.555625905E-01-2.537177234E-01-2.515234832E-01
-2.489788693E-01-2.460831567E-01-2.428356082E-01-2.392355900E-01-2.352840096E-01
-2.309763993E-01-2.263271274E-01-2.213145385E-01-2.159534639E-01-2.102418685E-01
-2.041751582E-01-1.977634558E-01-1.910118786E-01-1.839197430E-01-1.764909004E-01
-1.687318408E-01-1.606519245E-01-1.522591031E-01-1.435608577E-01-1.345657954E-01
-1.252836102E-01-1.157243274E-01-1.058978772E-01-9.581404838E-02-8.548243320E-02
-7.491267841E-02-6.411460883E-02-5.309833756E-02-4.187458556E-02-3.045481987E-02
-1.884933536E-02-7.068680881E-03 4.853206635E-03 1.686557371E-02 2.894890779E-02
 4.109624634E-02 5.330099403E-02 6.555699695E-02 7.785886640E-02 9.020185272E-02
 1.025817365E-01 1.149947645E-01 1.274376031E-01 1.399072654E-01 1.524010735E-01
 1.649166540E-01 1.774518968E-01 1.900049267E-01 2.025740797E-01 2.151578607E-01
 2.277549006E-01 2.403639579E-01 2.529839075E-01 2.656137204E-01 2.782524752E-01
 2.908993400E-01 3.035535875E-01 3.162147187E-01 3.288813511E-01 3.175316779E-02
 2.704844169E-02 2.234519090E-02 1.764369237E-02 1.294390598E-02 8.246067922E-03
 3.551491362E-03-1.146579389E-03-5.880700378E-03-1.066260308E-02-1.548795395E-02
-2.036158984E-02-2.529623794E-02-3.030372780E-02-3.539205169E-02-4.056715461E-02
-4.583387875E-02-5.119588243E-02-5.665558720E-02-6.221418430E-02-6.787166228E-02
-7.362683146E-02-7.947727275E-02-8.541924848E-02-9.144769587E-02-9.755634661E-02
-1.037377719E-01-1.099832768E-01-1.162828241E-01-1.226250797E-01-1.289976043E-01
-1.353870367E-01-1.417789976E-01-1.481580759E-01-1.545082244E-01-1.608131217E-01
-1.670560188E-01-1.732198707E-01-1.792879924E-01-1.852438521E-01-1.910712136E-01
-1.967546843E-01-2.022794688E-01-2.076311098E-01-2.127960701E-01-2.177616464E-01
-2.225157031E-01-2.270468373E-01-2.313440984E-01-2.353973090E-01-2.391967093E-01
-2.427329881E-01-2.459973202E-01-2.489812899E-01-2.516768788E-01-2.540764998E-01
-2.561729828E-01-2.579595784E-01-2.594299836E-01-2.605783854E-01-2.613994704E-01
-2.618884438E-01-2.620410446E-01-2.618535471E-01-2.613227505E-01-2.604459562E-01
-2.592209334E-01-2.576458721E-01-2.557193326E-01-2.534402058E-01-2.508075688E-01
-2.478204805E-01-2.444783223E-01-2.407814447E-01-2.367351328E-01-2.323269576E-01
-2.275631616E-01-2.224467228E-01-2.169687561E-01-2.111404769E-01-2.049631251E-01
-1.984339402E-01-1.915559513E-01-1.843353934E-01-1.767782500E-01-1.688891347E-01
-1.606743596E-01-1.521421248E-01-1.433015301E-01-1.341621091E-01-1.247336527E-01
-1.150258526E-01-1.050483971E-01-9.481079154E-02-8.432252438E-02-7.359337048E-02
-6.263349358E-02-5.145345805E-02-4.006432587E-02-2.847745864E-02-1.670216520E-02
-4.750802771E-03 7.330176417E-03 1.948247051E-02 3.168918240E-02 4.394578451E-02
 5.624711929E-02 6.858833149E-02 8.096517063E-02 9.337390991E-02 1.058112721E-01
 1.182743715E-01 1.307606699E-01 1.432678970E-01 1.557939928E-01 1.683371144E-01
 1.808956081E-01 1.934679973E-01 2.060529698E-01 2.186493559E-01 2.312560990E-01
 2.438722326E-01 2.564968754E-01 2.691292277E-01 2.817685671E-01 2.944142321E-01
 3.070656382E-01 3.197223777E-01 3.323833656E-01 3.080843066E-02 2.609038491E-02
 2.137348253E-02 1.665792924E-02 1.194369157E-02 7.231178784E-03 2.521128265E-03
-2.197541169E-03-6.959297738E-03-1.176867088E-02-1.662222838E-02-2.152762076E-02
-2.649818450E-02-3.154498767E-02-3.667547920E-02-4.189543908E-02-4.720953438E-02
-5.262121755E-02-5.813271172E-02-6.374501433E-02-6.945789107E-02-7.526987207E-02
-8.117823518E-02-8.717897511E-02-9.326678413E-02-9.943508396E-02-1.056760642E-01
-1.119806380E-01-1.183383631E-01-1.247375125E-01-1.311653089E-01-1.376079954E-01
-1.440507555E-01-1.504778266E-01-1.568728283E-01-1.632191392E-01-1.694997959E-01
-1.756976056E-01-1.817957014E-01-1.877776481E-01-1.936272150E-01-1.993289630E-01
-2.048680026E-01-2.102301090E-01-2.154020975E-01-2.203712488E-01-2.251253365E-01
-2.296531277E-01-2.339438658E-01-2.379873340E-01-2.417737301E-01-2.452938783E-01
-2.485388938E-01-2.515003324E-01-2.541701141E-01-2.565405929E-01-2.586045324E-01
-2.603551158E-01-2.617860024E-01-2.628913326E-01-2.636657670E-01-2.641045072E-01
-2.642033138E-01-2.639585063E-01-2.633669528E-01-2.624260443E-01-2.611336563E-01
-2.594880906E-01-2.574880140E-01-2.551324447E-01-2.524208418E-01-2.493520167E-01
-2.459248216E-01-2.421465180E-01-2.380025983E-01-2.335058170E-01-2.286430993E-01
-2.234276426E-01-2.178568151E-01-2.119264178E-01-2.056406986E-01-1.990044696E-01
-1.920186926E-01-1.846860976E-01-1.770121334E-01-1.690033733E-01-1.606671894E-01
-1.520116048E-01-1.430453443E-01-1.337776316E-01-1.242179430E-01-1.143760631E-01
-1.042620611E-01-9.388599420E-02-8.325776784E-02-7.238711030E-02-6.128384897E-02
-4.995827839E-02-3.842134668E-02-2.668422026E-02-1.475553412E-02-2.651503559E-03
 9.567041768E-03 2.183888841E-02 3.415083861E-02 4.650042112E-02 5.888376990E-02
 7.129722878E-02 8.373761618E-02 9.620213015E-02 1.086882993E-01 1.211939503E-01
 1.337171665E-01 1.462562401E-01 1.588096272E-01 1.713759386E-01 1.839539273E-01
 1.965424727E-01 2.091405624E-01 2.217472840E-01 2.343618105E-01 2.469833904E-01
 2.596113456E-01 2.722450668E-01 2.848840034E-01 2.975276495E-01 3.101755580E-01
 3.228274149E-01 3.354824128E-01 2.998645135E-02 2.525675864E-02 2.052790528E-02
 1.580003280E-02 1.107313594E-02 6.347841238E-03 1.623804392E-03-3.114788208E-03
-7.900567035E-03-1.273376579E-02-1.761247966E-02-2.254642176E-02-2.754908533E-02
-3.263081302E-02-3.779867915E-02-4.305833385E-02-4.841428512E-02-5.386980497E-02
-5.942693792E-02-6.508650014E-02-7.084806905E-02-7.670995905E-02-8.266920309E-02
-8.872154329E-02-9.486141944E-02-1.010819609E-01-1.073749966E-01-1.137310733E-01
-1.201394548E-01-1.265881435E-01-1.330639787E-01-1.395527745E-01-1.460394110E-01
-1.525078588E-01-1.589414498E-01-1.653232868E-01-1.716362555E-01-1.778631014E-01
-1.839867723E-01-1.899907904E-01-1.958590532E-01-2.015760224E-01-2.071270170E-01
-2.124979926E-01-2.176756685E-01-2.226473411E-01-2.274011192E-01-2.319258991E-01
-2.362107620E-01-2.402455362E-01-2.440205750E-01-2.475265811E-01-2.507546479E-01
-2.536963375E-01-2.563435293E-01-2.586884771E-01-2.607238857E-01-2.624428768E-01
-2.638390488E-01-2.649065057E-01-2.656398799E-01-2.660343709E-01-2.660857586E-01
-2.657904060E-01-2.651452470E-01-2.641477574E-01-2.627959126E-01-2.610881279E-01
-2.590230980E-01-2.565996869E-01-2.538187874E-01-2.506815393E-01-2.471773111E-01
-2.433206011E-01-2.390956131E-01-2.345163443E-01-2.295765554E-01-2.242734629E-01
-2.186135132E-01-2.125961471E-01-2.062199627E-01-1.994879950E-01-1.924042382E-01
-1.849727506E-01-1.771980591E-01-1.690859722E-01-1.606434038E-01-1.518784663E-01
-1.428004288E-01-1.334191719E-01-1.237445759E-01-1.137862999E-01-1.035540191E-01
-9.305746725E-02-8.230642239E-02-7.131075333E-02-6.008053908E-02-4.862626220E-02
-3.695899533E-02-2.508967381E-02-1.302616598E-02-7.897257544E-04 1.154410871E-02
 2.391589946E-02 3.631616332E-02 4.874383845E-02 6.119610194E-02 7.367028947E-02
 8.616411592E-02 9.867556024E-02 1.112028212E-01 1.237442940E-01 1.362985430E-01
 1.488642860E-01 1.614403812E-01 1.740258091E-01 1.866196545E-01 1.992210941E-01
 2.118293879E-01 2.244438724E-01 2.370639500E-01 2.496890821E-01 2.623187831E-01
 2.749526142E-01 2.875901796E-01 3.002311190E-01 3.128751158E-01 3.255219489E-01
 3.381710407E-01 2.928807942E-02 2.454849979E-02 1.980949560E-02 1.507114929E-02
 1.033348829E-02 5.597363765E-03 8.611301672E-04-3.895701608E-03-8.701945848E-03
-1.355542589E-02-1.845600110E-02-2.341483233E-02-2.844529711E-02-3.355712722E-02
-3.875715218E-02-4.405092048E-02-4.944281490E-02-5.493597027E-02-6.053228013E-02
-6.623239383E-02-7.203570855E-02-7.794035019E-02-8.394314809E-02-9.003961876E-02
-9.622395258E-02-1.024890201E-01-1.088263844E-01-1.152263130E-01-1.216777887E-01
-1.281685394E-01-1.346851049E-01-1.412129512E-01-1.477366165E-01-1.542398721E-01
-1.607059118E-01-1.671175605E-01-1.734575137E-01-1.797085400E-01-1.858535290E-01
-1.918758443E-01-1.977595419E-01-2.034891716E-01-2.090499966E-01-2.144281281E-01
-2.196102855E-01-2.245839648E-01-2.293374015E-01-2.338593622E-01-2.381390334E-01
-2.421663935E-01-2.459317578E-01-2.494256888E-01-2.526393676E-01-2.555642252E-01
-2.581921350E-01-2.605153045E-01-2.625263479E-01-2.642183356E-01-2.655848024E-01
-2.666198167E-01-2.673179852E-01-2.676745038E-01-2.676851710E-01-2.673463902E-01
-2.666551575E-01-2.656090164E-01-2.642060225E-01-2.624448916E-01-2.603245327E-01
-2.578430262E-01-2.550019596E-01-2.518015931E-01-2.482333230E-01-2.443090344E-01
-2.400203592E-01-2.353691514E-01-2.303590652E-01-2.249855006E-01-2.192494243E-01
-2.131538922E-01-2.066999284E-01-1.998884542E-01-1.927219613E-01-1.852046486E-01
-1.773420831E-01-1.691407656E-01-1.606076317E-01-1.517504789E-01-1.425781951E-01
-1.331004263E-01-1.233271354E-01-1.132683311E-01-1.029339267E-01-9.233371207E-02
-8.147746569E-02-7.037512671E-02-5.903682675E-02-4.747302061E-02-3.569475986E-02
-2.371262330E-02-1.153386558E-02 8.144552277E-04 1.324327062E-02 2.569764909E-02
 3.817122698E-02 5.066372651E-02 6.317312718E-02 7.569755303E-02 8.823541587E-02
 1.007853146E-01 1.133460070E-01 1.259163878E-01 1.384954717E-01 1.510823812E-01
 1.636763370E-01 1.762766448E-01 1.888826832E-01 2.014938968E-01 2.141097879E-01
 2.267299104E-01 2.393538647E-01 2.519812917E-01 2.646118645E-01 2.772452812E-01
 2.898812670E-01 3.025195708E-01 3.151599703E-01 3.278023068E-01 3.404461803E-01
 2.871427982E-02 2.396660599E-02 1.921929914E-02 1.447239033E-02 9.725935629E-03
 4.980999019E-03 2.346214277E-04-4.537998377E-03-9.361075942E-03-1.423126067E-02
-1.915013475E-02-2.412982400E-02-2.918346707E-02-3.432032438E-02-3.954706456E-02
-4.486914918E-02-5.029085232E-02-5.581519205E-02-6.144393487E-02-6.717758968E-02
-7.301539712E-02-7.895531637E-02-8.499400681E-02-9.112681066E-02-9.734773934E-02
-1.036494653E-01-1.100233253E-01-1.164593359E-01-1.229462214E-01-1.294714643E-01
-1.360213665E-01-1.425811439E-01-1.491350761E-01-1.556667262E-01-1.621591373E-01
-1.685950021E-01-1.749568820E-01-1.812274360E-01-1.873895838E-01-1.934267023E-01
-1.993227806E-01-2.050624675E-01-2.106311652E-01-2.160149408E-01-2.212006576E-01
-2.261759277E-01-2.309289090E-01-2.354484581E-01-2.397238721E-01-2.437451239E-01
-2.475024451E-01-2.509864402E-01-2.541883206E-01-2.570993810E-01-2.597114457E-01
-2.620166623E-01-2.640076278E-01-2.656773380E-01-2.670192775E-01-2.680274749E-01
-2.686965175E-01-2.690215975E-01-2.689985297E-01-2.686237531E-01-2.678943139E-01
-2.668078478E-01-2.653625740E-01-2.635575052E-01-2.613921495E-01-2.588625348E-01
-2.559689394E-01-2.527159448E-01-2.490972260E-01-2.451176192E-01-2.407742903E-01
-2.360661498E-01-2.309960403E-01-2.255630097E-01-2.197659094E-01-2.136061010E-01
-2.070860565E-01-2.002078401E-01-1.929736204E-01-1.853869101E-01-1.774527903E-01
-1.691776290E-01-1.605687789E-01-1.516344716E-01-1.423837913E-01-1.328264087E-01
-1.229722033E-01-1.128311041E-01-1.024130003E-01-9.172769265E-02-8.078495088E-02
-6.959465717E-02-5.816692687E-02-4.651226165E-02-3.464179662E-02-2.256582422E-02
-1.029147026E-02 2.147922743E-03 1.465278326E-02 2.717297761E-02 3.970479456E-02
 5.224858827E-02 6.480304730E-02 7.736697943E-02 8.993939616E-02 1.025194241E-01
 1.151062846E-01 1.276992778E-01 1.402977782E-01 1.529012269E-01 1.655091221E-01
 1.781210146E-01 1.907365050E-01 2.033552408E-01 2.159769080E-01 2.286012246E-01
 2.412279392E-01 2.538568285E-01 2.664876914E-01 2.791203450E-01 2.917546222E-01
 3.043903686E-01 3.170274478E-01 3.296657643E-01 3.423050664E-01 2.826659384E-02
 2.351263106E-02 1.875887036E-02 1.400530179E-02 9.252008924E-03 4.500241397E-03
-2.541325529E-04-5.039559237E-03-9.875810654E-03-1.475910216E-02-1.969250245E-02
-2.468874457E-02-2.976070385E-02-3.491729717E-02-4.016508395E-02-4.550945351E-02
-5.095459151E-02-5.650342276E-02-6.215761519E-02-6.791757248E-02-7.378241954E-02
-7.974998806E-02-8.581680041E-02-9.197805486E-02-9.822761263E-02-1.045579876E-01
-1.109603452E-01-1.174245131E-01-1.239390108E-01-1.304911060E-01-1.370668953E-01
-1.436514214E-01-1.502288213E-01-1.567825042E-01-1.632953513E-01-1.697499291E-01
-1.761287168E-01-1.824143307E-01-1.885897031E-01-1.946382047E-01-2.005437960E-01
-2.062911884E-01-2.118658510E-01-2.172539400E-01-2.224423587E-01-2.274187310E-01
-2.321713097E-01-2.366889819E-01-2.409610825E-01-2.449775374E-01-2.487285699E-01
-2.522048619E-01-2.553974814E-01-2.582977813E-01-2.608974761E-01-2.631887058E-01
-2.651639751E-01-2.668162368E-01-2.681389555E-01-2.691261223E-01-2.697723021E-01
-2.700726898E-01-2.700231179E-01-2.696200497E-01-2.688605704E-01-2.677425221E-01
-2.662644298E-01-2.644240086E-01-2.622199997E-01-2.596532977E-01-2.567224769E-01
-2.534281025E-01-2.497692856E-01-2.457466783E-01-2.413590659E-01-2.366064296E-01
-2.314898317E-01-2.260090881E-01-2.201638305E-01-2.139547268E-01-2.073834446E-01
-2.004522327E-01-1.931640215E-01-1.855225717E-01-1.775326748E-01-1.692003645E-01
-1.605328960E-01-1.515385879E-01-1.422265958E-01-1.326066235E-01-1.226886406E-01
-1.124826671E-01-1.019986516E-01-9.124643413E-02-8.023580070E-02-6.897661161E-02
-5.747895344E-02-4.575332724E-02-3.381087025E-02-2.166155489E-02-9.312714206E-03
 3.196368374E-03 1.575891989E-02 2.832898419E-02 4.090490703E-02 5.348751403E-02
 6.607603904E-02 7.866981228E-02 9.126829728E-02 1.038710146E-01 1.164775345E-01
 1.290874734E-01 1.417004876E-01 1.543162669E-01 1.669345312E-01 1.795550303E-01
 1.921775410E-01 2.048018650E-01 2.174278254E-01 2.300552629E-01 2.426840349E-01
 2.553140136E-01 2.679450847E-01 2.805771460E-01 2.932101049E-01 3.058438765E-01
 3.184783863E-01 3.311135827E-01 3.437493274E-01 2.794582656E-02 2.318736351E-02
 1.842899076E-02 1.367067227E-02 8.912519635E-03 4.155867858E-03-6.043852541E-04
-5.399050448E-03-1.024467266E-02-1.513735457E-02-2.008123968E-02-2.508942419E-02
-3.017456435E-02-3.534535003E-02-4.060827372E-02-4.596867308E-02-5.143066947E-02
-5.699712011E-02-6.266962127E-02-6.844849993E-02-7.433279804E-02-8.032025703E-02
-8.640730053E-02-9.258902035E-02-9.885916250E-02-1.052101178E-01-1.116329218E-01
-1.181172681E-01-1.246515373E-01-1.312228527E-01-1.378171685E-01-1.444193929E-01
-1.510135382E-01-1.575828987E-01-1.641102557E-01-1.705781028E-01-1.769688701E-01
-1.832651383E-01-1.894498234E-01-1.955063215E-01-2.014186384E-01-2.071714950E-01
-2.127503690E-01-2.181414880E-01-2.233317966E-01-2.283089490E-01-2.330612558E-01
-2.375775651E-01-2.418472720E-01-2.458602755E-01-2.496068358E-01-2.530776123E-01
-2.562636220E-01-2.591562045E-01-2.617470539E-01-2.640282427E-01-2.659922526E-01
-2.676320127E-01-2.689409256E-01-2.699129710E-01-2.705427084E-01-2.708253310E-01
-2.707566831E-01-2.703332490E-01-2.695521624E-01-2.684112813E-01-2.669086947E-01
-2.650427446E-01-2.628129781E-01-2.602194195E-01-2.572609539E-01-2.539373777E-01
-2.502490128E-01-2.461952297E-01-2.417758678E-01-2.369912079E-01-2.318413954E-01
-2.263263140E-01-2.204461368E-01-2.142015609E-01-2.075938801E-01-2.006251283E-01
-1.932982289E-01-1.856170615E-01-1.775865742E-01-1.692128698E-01-1.605031915E-01
-1.514658400E-01-1.421099583E-01-1.324452513E-01-1.224817072E-01-1.122293716E-01
-1.016982021E-01-9.089803945E-02-7.983867666E-02-6.852998575E-02-5.698207202E-02
-4.520547752E-02-3.321136510E-02-2.100946618E-02-8.607481794E-03 3.950500094E-03
 1.655331018E-02 2.915822809E-02 4.176503008E-02 5.437485516E-02 6.698730714E-02
 7.960206593E-02 9.221889760E-02 1.048375912E-01 1.174579577E-01 1.300798285E-01
 1.427030524E-01 1.553274937E-01 1.679530313E-01 1.805795569E-01 1.932069736E-01
 2.058351942E-01 2.184641403E-01 2.310937413E-01 2.437239337E-01 2.563546601E-01
 2.689858688E-01 2.816175133E-01 2.942495517E-01 3.068819462E-01 3.195146640E-01
 3.321476824E-01 3.447809406E-01 2.775343558E-02 2.299225773E-02 1.823110271E-02
 1.346992003E-02 8.708842803E-03 3.949217366E-03-8.147109334E-04-5.614932567E-03
-1.046618081E-02-1.536454892E-02-2.031480655E-02-2.533024061E-02-3.042336516E-02
-3.560274046E-02-4.087482104E-02-4.624491252E-02-5.171709686E-02-5.729418987E-02
-6.297774373E-02-6.876803783E-02-7.466406303E-02-8.066350547E-02-8.676272908E-02
-9.295676129E-02-9.923927871E-02-1.056025982E-01-1.120376773E-01-1.185341291E-01
-1.250802527E-01-1.316630908E-01-1.382685170E-01-1.448813586E-01-1.514855491E-01
-1.580643126E-01-1.646003735E-01-1.710761810E-01-1.774741316E-01-1.837767809E-01
-1.899670332E-01-1.960282993E-01-2.019446155E-01-2.077007234E-01-2.132821147E-01
-2.186750382E-01-2.238664726E-01-2.288440888E-01-2.335961965E-01-2.381116772E-01
-2.423799459E-01-2.463908813E-01-2.501347655E-01-2.536022351E-01-2.567842800E-01
-2.596722341E-01-2.622577770E-01-2.645329351E-01-2.664901744E-01-2.681224004E-01
-2.694230071E-01-2.703859511E-01-2.710057886E-01-2.712777130E-01-2.711975644E-01
-2.707618370E-01-2.699676054E-01-2.688128427E-01-2.672956360E-01-2.654148237E-01
-2.631695874E-01-2.605594794E-01-2.575839991E-01-2.542429441E-01-2.505363094E-01
-2.464639204E-01-2.420257197E-01-2.372216717E-01-2.320517448E-01-2.265159998E-01
-2.206147439E-01-2.143486791E-01-2.077190550E-01-2.007278262E-01-1.933778147E-01
-1.856728678E-01-1.776179683E-01-1.692192723E-01-1.604840735E-01-1.514206911E-01
-1.420382669E-01-1.323465030E-01-1.223553918E-01-1.120749919E-01-1.015152818E-01
-9.068612256E-02-7.959732171E-02-6.825876379E-02-5.668056446E-02-4.487328159E-02
-3.284808496E-02-2.061455678E-02-8.180723721E-03 4.406206247E-03 1.703276597E-02
 2.965826145E-02 4.228330158E-02 5.490920492E-02 6.753579391E-02 8.016295551E-02
 9.279063524E-02 1.054187810E-01 1.180473454E-01 1.306762861E-01 1.433055654E-01
 1.559351501E-01 1.685650102E-01 1.811951193E-01 1.938254534E-01 2.064559909E-01
 2.190867122E-01 2.317175997E-01 2.443486374E-01 2.569798111E-01 2.696111077E-01
 2.822425152E-01 2.948740232E-01 3.075056219E-01 3.201373028E-01 3.327690600E-01
 3.454008781E-01 2.768949656E-02 2.292740459E-02 1.816531238E-02 1.340316475E-02
 8.641102791E-03 3.880469252E-03-8.847196720E-04-5.686801441E-03-1.053993113E-02
-1.544020760E-02-2.039260504E-02-2.541046960E-02-3.050626658E-02-3.568851434E-02
-4.096365513E-02-4.633698380E-02-5.181256924E-02-5.739321353E-02-6.308045415E-02
-6.887455467E-02-7.477448893E-02-8.077792459E-02-8.688120574E-02-9.307933849E-02
-9.936597664E-02-1.057334130E-01-1.121725799E-01-1.186730635E-01-1.252231359E-01
-1.318098122E-01-1.384189395E-01-1.450353188E-01-1.516428585E-01-1.582247608E-01
-1.647637312E-01-1.712422031E-01-1.776425612E-01-1.839473537E-01-1.901394817E-01
-1.962023558E-01-2.021200157E-01-2.078772101E-01-2.134594385E-01-2.188529575E-01
-2.240447577E-01-2.290225208E-01-2.337745644E-01-2.382897865E-01-2.425575993E-01
-2.465678691E-01-2.503108693E-01-2.537772433E-01-2.569579786E-01-2.598443918E-01
-2.624281542E-01-2.647013079E-01-2.666562961E-01-2.682860114E-01-2.695838477E-01
-2.705437563E-01-2.711602998E-01-2.714286641E-01-2.713446572E-01-2.709047978E-01
-2.701062442E-01-2.689468170E-01-2.674247825E-01-2.655389663E-01-2.632884601E-01
-2.606727741E-01-2.576915907E-01-2.543447065E-01-2.506319967E-01-2.465534293E-01
-2.421089060E-01-2.372983060E-01-2.321216072E-01-2.265789223E-01-2.206705835E-01
-2.143972946E-01-2.077602940E-01-2.007615189E-01-1.934037787E-01-1.856909114E-01
-1.776278931E-01-1.692208839E-01-1.604771905E-01-1.514051391E-01-1.420138714E-01
-1.323130882E-01-1.223127837E-01-1.120230203E-01-1.014537829E-01-9.061493858E-02
-7.951629951E-02-6.816775413E-02-5.657942075E-02-4.476186110E-02-3.272624596E-02
-2.048210735E-02-8.037598730E-03 4.558989092E-03 1.719347298E-02 2.982584172E-02
 4.245697601E-02 5.508825271E-02 6.771956699E-02 8.035087537E-02 9.298218375E-02
 1.056134932E-01 1.182448034E-01 1.308761143E-01 1.435074260E-01 1.561387386E-01
 1.687700522E-01 1.814013669E-01 1.940326827E-01 2.066639996E-01 2.192953177E-01
 2.319266369E-01 2.445579572E-01 2.571892786E-01 2.698206010E-01 2.824519245E-01
 2.950832489E-01 3.077145743E-01 3.203459004E-01 3.329772272E-01 3.456085545E-01
 2.775362959E-02 2.299243190E-02 1.823125667E-02 1.347005335E-02 8.708955054E-03
 3.949308055E-03-8.146418820E-04-5.614883300E-03-1.046614814E-02-1.536452923E-02
-2.031479642E-02-2.533023718E-02-3.042336614E-02-3.560274406E-02-4.087482590E-02
-4.624491754E-02-5.171710112E-02-5.729419255E-02-6.297774403E-02-6.876803492E-02
-7.466405601E-02-8.066349345E-02-8.676271137E-02-9.295673757E-02-9.923924914E-02
-1.056025635E-01-1.120376388E-01-1.185340881E-01-1.250802098E-01-1.316630458E-01
-1.382684692E-01-1.448813074E-01-1.514854950E-01-1.580642575E-01-1.646003204E-01
-1.710761329E-01-1.774740891E-01-1.837767418E-01-1.899669925E-01-1.960282525E-01
-2.019445631E-01-2.077006709E-01-2.132820649E-01-2.186749884E-01-2.238664193E-01
-2.288440269E-01-2.335961227E-01-2.381116092E-01-2.423799052E-01-2.463908653E-01
-2.501347466E-01-2.536022245E-01-2.567842894E-01-2.596722368E-01-2.622577446E-01
-2.645329037E-01-2.664901558E-01-2.681223866E-01-2.694229934E-01-2.703859427E-01
-2.710057860E-01-2.712777157E-01-2.711975583E-01-2.707617980E-01-2.699676166E-01
-2.688128674E-01-2.672955851E-01-2.654148200E-01-2.631696214E-01-2.605595242E-01
-2.575840337E-01-2.542429763E-01-2.505363405E-01-2.464639569E-01-2.420257470E-01
-2.372217100E-01-2.320517973E-01-2.265160569E-01-2.206147932E-01-2.143487265E-01
-2.077191083E-01-2.007278784E-01-1.933778613E-01-1.856729113E-01-1.776180121E-01
-1.692193188E-01-1.604841237E-01-1.514207447E-01-1.420383238E-01-1.323465636E-01
-1.223554567E-01-1.120750615E-01-1.015153569E-01-9.068620448E-02-7.959741188E-02
-6.825886343E-02-5.668067444E-02-4.487340256E-02-3.284821719E-02-2.061469951E-02
-8.180873364E-03 4.406057068E-03 1.703262214E-02 2.965812470E-02 4.228317305E-02
 5.490908561E-02 6.753568467E-02 8.016285699E-02 9.279054795E-02 1.054187054E-01
 1.180472816E-01 1.306762344E-01 1.433055259E-01 1.559351228E-01 1.685649952E-01
 1.811951164E-01 1.938254625E-01 2.064560120E-01 2.190867451E-01 2.317176442E-01
 2.443486934E-01 2.569798782E-01 2.696111857E-01 2.822426040E-01 2.948741225E-01
 3.075057313E-01 3.201374222E-01 3.327691891E-01 3.454010165E-01 2.794613357E-02
 2.318764393E-02 1.842924492E-02 1.367090063E-02 8.912722761E-03 4.156046383E-03
-6.042300019E-04-5.398914901E-03-1.024455268E-02-1.513724548E-02-2.008113689E-02
-2.508932393E-02-3.017446387E-02-3.534524760E-02-4.060816845E-02-4.596856463E-02
-5.143055765E-02-5.699700468E-02-6.266950189E-02-6.844837610E-02-7.433266938E-02
-8.032012374E-02-8.640716308E-02-9.258887878E-02-9.885901597E-02-1.052099640E-01
-1.116327571E-01-1.181170902E-01-1.246513482E-01-1.312226607E-01-1.378169865E-01
-1.444192339E-01-1.510134097E-01-1.575828042E-01-1.641101990E-01-1.705780873E-01
-1.769688893E-01-1.832651666E-01-1.894498194E-01-1.955062644E-01-2.014185568E-01
-2.071714429E-01-2.127503720E-01-2.181415228E-01-2.233318277E-01-2.283089439E-01
-2.330611831E-01-2.375774428E-01-2.418471625E-01-2.458601861E-01-2.496067512E-01
-2.530775498E-01-2.562635695E-01-2.591561563E-01-2.617469932E-01-2.640281918E-01
-2.659922249E-01-2.676319910E-01-2.689409104E-01-2.699129625E-01-2.705427058E-01
-2.708253343E-01-2.707566861E-01-2.703332561E-01-2.695522622E-01-2.684114953E-01
-2.669088812E-01-2.650429367E-01-2.628129720E-01-2.602193205E-01-2.572609614E-01
-2.539374170E-01-2.502490254E-01-2.461952550E-01-2.417758703E-01-2.369913146E-01
-2.318415576E-01-2.263264847E-01-2.204463314E-01-2.142017472E-01-2.075940408E-01
-2.006253003E-01-1.932984263E-01-1.856172570E-01-1.775867554E-01-1.692130437E-01
-1.605033657E-01-1.514660103E-01-1.421101159E-01-1.324453967E-01-1.224818463E-01
-1.122295096E-01-1.016983426E-01-9.089818537E-02-7.983883025E-02-6.853014976E-02
-5.698225034E-02-4.520567525E-02-3.321158868E-02-2.100972380E-02-8.607782774E-03
 3.950150436E-03 1.655291568E-02 2.915779499E-02 4.176456434E-02 5.437436239E-02
 6.698679261E-02 7.960153454E-02 9.221835389E-02 1.048370394E-01 1.174574016E-01
 1.300792717E-01 1.427024980E-01 1.553269448E-01 1.679524904E-01 1.805790264E-01
 1.932064555E-01 2.058346903E-01 2.184636522E-01 2.310932704E-01 2.437234811E-01
 2.563542268E-01 2.689854556E-01 2.816171209E-01 2.942491806E-01 3.068815968E-01
 3.195143367E-01 3.321473773E-01 3.447806577E-01 2.826692558E-02 2.351294504E-02
 1.875916726E-02 1.400558246E-02 9.252274366E-03 4.500492763E-03-2.538934565E-04
-5.039329243E-03-9.875588757E-03-1.475888661E-02-1.969229059E-02-2.468853388E-02
-2.976049234E-02-3.491708319E-02-4.016486605E-02-4.550923120E-02-5.095436635E-02
-5.650319887E-02-6.215739956E-02-6.791737548E-02-7.378225471E-02-7.974986906E-02
-8.581673607E-02-9.197804571E-02-9.822764880E-02-1.045580482E-01-1.109604001E-01
-1.174245350E-01-1.239389887E-01-1.304910485E-01-1.370668301E-01-1.436513819E-01
-1.502288276E-01-1.567825572E-01-1.632954363E-01-1.697500269E-01-1.761288017E-01
-1.824143595E-01-1.885896223E-01-1.946380095E-01-2.005435600E-01-2.062909822E-01
-2.118656814E-01-2.172537928E-01-2.224422165E-01-2.274185998E-01-2.321712068E-01
-2.366888498E-01-2.409609652E-01-2.449774301E-01-2.487284508E-01-2.522047411E-01
-2.553973794E-01-2.582976941E-01-2.608973999E-01-2.631886515E-01-2.651639370E-01
-2.668162144E-01-2.681389432E-01-2.691261145E-01-2.697723011E-01-2.700726966E-01
-2.700231332E-01-2.696200684E-01-2.688605788E-01-2.677427897E-01-2.662654121E-01
-2.644242676E-01-2.622197692E-01-2.596531350E-01-2.567225246E-01-2.534281035E-01
-2.497692584E-01-2.457466391E-01-2.413590606E-01-2.366064747E-01-2.314898218E-01
-2.260090123E-01-2.201639142E-01-2.139548891E-01-2.073835315E-01-2.004523750E-01
-1.931643100E-01-1.855229762E-01-1.775331341E-01-1.692008152E-01-1.605333106E-01
-1.515389943E-01-1.422270230E-01-1.326070692E-01-1.226890952E-01-1.124831267E-01
-1.019991126E-01-9.124688525E-02-8.023622963E-02-6.897701682E-02-5.747934405E-02
-4.575371658E-02-3.381127266E-02-2.166198492E-02-9.313186667E-03 3.195840896E-03
 1.575832872E-02 2.832832230E-02 4.090417002E-02 5.348670002E-02 6.607514815E-02
 7.866884636E-02 9.126725961E-02 1.038699095E-01 1.164763669E-01 1.290862486E-01
 1.416992113E-01 1.543149446E-01 1.669331685E-01 1.795536328E-01 1.921761139E-01
 2.048004133E-01 2.174263537E-01 2.300537759E-01 2.426825368E-01 2.553125082E-01
 2.679435760E-01 2.805756374E-01 2.932085996E-01 3.058423777E-01 3.184768967E-01
 3.311121053E-01 3.437478643E-01 2.871448356E-02 2.396679869E-02 1.921948293E-02
 1.447256715E-02 9.726105931E-03 4.981161511E-03 2.347733141E-04-4.537861214E-03
-9.360960955E-03-1.423117521E-02-1.915008341E-02-2.412980740E-02-2.918348128E-02
-3.432036000E-02-3.954710637E-02-4.486918094E-02-5.029086380E-02-5.581518174E-02
-6.144391061E-02-6.717756936E-02-7.301540423E-02-7.895536655E-02-8.499410242E-02
-9.112694378E-02-9.734789677E-02-1.036496340E-01-1.100234934E-01-1.164594891E-01
-1.229463373E-01-1.294715065E-01-1.360212967E-01-1.425809506E-01-1.491347954E-01
-1.556664127E-01-1.621588349E-01-1.685947414E-01-1.749566613E-01-1.812272081E-01
-1.873893193E-01-1.934264308E-01-1.993225576E-01-2.050623121E-01-2.106309838E-01
-2.160147367E-01-2.212004713E-01-2.261757496E-01-2.309287303E-01-2.354482436E-01
-2.397236941E-01-2.437449792E-01-2.475022998E-01-2.509863366E-01-2.541881892E-01
-2.570992749E-01-2.597113676E-01-2.620166166E-01-2.640075936E-01-2.656773173E-01
-2.670192615E-01-2.680274687E-01-2.686965199E-01-2.690216092E-01-2.689985511E-01
-2.686237794E-01-2.678943476E-01-2.668080003E-01-2.653625359E-01-2.635560461E-01
-2.613919421E-01-2.588636573E-01-2.559689480E-01-2.527156512E-01-2.490969908E-01
-2.451176043E-01-2.407744463E-01-2.360662209E-01-2.309960976E-01-2.255629035E-01
-2.197657431E-01-2.136060848E-01-2.070860793E-01-2.002077381E-01-1.929734795E-01
-1.853870325E-01-1.774531664E-01-1.691780019E-01-1.605689661E-01-1.516346091E-01
-1.423841452E-01-1.328270290E-01-1.229729757E-01-1.128319183E-01-1.024137915E-01
-9.172845137E-02-8.078570792E-02-6.959543783E-02-5.816773359E-02-4.651308775E-02
-3.464263167E-02-2.256664658E-02-1.029224045E-02 2.147250464E-03 1.465220284E-02
 2.717244092E-02 3.970425510E-02 5.224800998E-02 6.480240283E-02 7.736624864E-02
 8.993856442E-02 1.025184810E-01 1.151052234E-01 1.276980946E-01 1.402964715E-01
 1.528997970E-01 1.655075711E-01 1.781193461E-01 1.907347239E-01 2.033533526E-01
 2.159749190E-01 2.285991414E-01 2.412257684E-01 2.538545767E-01 2.664853654E-01
 2.791179513E-01 2.917521672E-01 3.043878587E-01 3.170248890E-01 3.296631626E-01
 3.423024270E-01 2.928791259E-02 2.454832722E-02 1.980932808E-02 1.507099881E-02
 1.033336260E-02 5.597265101E-03 8.610549796E-04-3.895760479E-03-8.701998537E-03
-1.355548907E-02-1.845609183E-02-2.341496109E-02-2.844546547E-02-3.355732862E-02
-3.875737320E-02-4.405114439E-02-4.944302902E-02-5.493616823E-02-6.053245842E-02
-6.623254828E-02-7.203582751E-02-7.794040985E-02-8.394311933E-02-9.003947959E-02
-9.622370531E-02-1.024886919E-01-1.088260143E-01-1.152259391E-01-1.216774354E-01
-1.281682108E-01-1.346847902E-01-1.412126288E-01-1.477362547E-01-1.542394748E-01
-1.607055415E-01-1.671172838E-01-1.734573255E-01-1.797083205E-01-1.858532586E-01
-1.918756102E-01-1.977593120E-01-2.034889446E-01-2.090497501E-01-2.144278400E-01
-2.196099626E-01-2.245837026E-01-2.293371987E-01-2.338591343E-01-2.381388771E-01
-2.421662328E-01-2.459315863E-01-2.494255436E-01-2.526392414E-01-2.555641295E-01
-2.581920677E-01-2.605152523E-01-2.625263166E-01-2.642183057E-01-2.655847833E-01
-2.666198102E-01-2.673179903E-01-2.676745205E-01-2.676851990E-01-2.673464291E-01
-2.666552114E-01-2.656090884E-01-2.642059747E-01-2.624445390E-01-2.603251869E-01
-2.578454333E-01-2.550013157E-01-2.518022661E-01-2.482330995E-01-2.443086875E-01
-2.400197965E-01-2.353689712E-01-2.303592911E-01-2.249858802E-01-2.192496707E-01
-2.131540198E-01-2.067000045E-01-1.998881769E-01-1.927215406E-01-1.852045032E-01
-1.773421623E-01-1.691408144E-01-1.606074944E-01-1.517502577E-01-1.425782463E-01
-1.331008787E-01-1.233277667E-01-1.132688407E-01-1.029341810E-01-9.233389636E-02
-8.147788314E-02-7.037588607E-02-5.903783722E-02-4.747413897E-02-3.569586546E-02
-2.371364161E-02-1.153473448E-02 8.138369217E-04 1.324294807E-02 2.569757643E-02
 3.817134678E-02 5.066398896E-02 6.317348686E-02 7.569796663E-02 8.823583997E-02
 1.007857062E-01 1.133463264E-01 1.259166017E-01 1.384955523E-01 1.510823064E-01
 1.636760890E-01 1.762762097E-01 1.888820515E-01 2.014930628E-01 2.141087499E-01
 2.267286694E-01 2.393524236E-01 2.519796549E-01 2.646100372E-01 2.772432700E-01
 2.898790789E-01 3.025172135E-01 3.151574520E-01 3.277996363E-01 3.404433653E-01
 2.998625217E-02 2.525653117E-02 2.052764941E-02 1.579975173E-02 1.107283609E-02
 6.347530879E-03 1.623490364E-03-3.115097721E-03-7.900855819E-03-1.273402468E-02
-1.761270658E-02-2.254661365E-02-2.754923224E-02-3.263089770E-02-3.779868224E-02
-4.305823943E-02-4.841409097E-02-5.386952610E-02-5.942659743E-02-6.508612108E-02
-7.084766782E-02-7.670954741E-02-8.266879088E-02-8.872113434E-02-9.486101199E-02
-1.010815524E-01-1.073745779E-01-1.137306308E-01-1.201390009E-01-1.265877392E-01
-1.330636890E-01-1.395525757E-01-1.460391746E-01-1.525075424E-01-1.589411571E-01
-1.653230424E-01-1.716359965E-01-1.778627999E-01-1.839864546E-01-1.899904389E-01
-1.958586399E-01-2.015756149E-01-2.071266604E-01-2.124977290E-01-2.176753675E-01
-2.226470895E-01-2.274009453E-01-2.319256366E-01-2.362105554E-01-2.402453389E-01
-2.440204032E-01-2.475264426E-01-2.507545573E-01-2.536962489E-01-2.563434521E-01
-2.586884309E-01-2.607238431E-01-2.624428387E-01-2.638390314E-01-2.649065020E-01
-2.656398884E-01-2.660343925E-01-2.660857937E-01-2.657904547E-01-2.651453096E-01
-2.641478298E-01-2.627960001E-01-2.610883029E-01-2.590235268E-01-2.565994512E-01
-2.538154393E-01-2.506830741E-01-2.471794532E-01-2.433220617E-01-2.390953661E-01
-2.345158402E-01-2.295756067E-01-2.242728549E-01-2.186136437E-01-2.125966381E-01
-2.062207172E-01-1.994885665E-01-1.924044196E-01-1.849728721E-01-1.771980299E-01
-1.690855157E-01-1.606428144E-01-1.518781625E-01-1.428004396E-01-1.334192983E-01
-1.237446628E-01-1.137862147E-01-1.035537868E-01-9.305738521E-02-8.230674588E-02
-7.131141427E-02-6.008128071E-02-4.862685652E-02-3.695936103E-02-2.508991673E-02
-1.302643892E-02-7.899987419E-04 1.154400990E-02 2.391611641E-02 3.631678837E-02
 4.874489004E-02 6.119752908E-02 7.367201474E-02 8.616606874E-02 9.867768309E-02
 1.112050653E-01 1.237466144E-01 1.363008976E-01 1.488666340E-01 1.614426807E-01
 1.740280171E-01 1.866217297E-01 1.992229994E-01 2.118310922E-01 2.244453503E-01
 2.370651813E-01 2.496900506E-01 2.623194757E-01 2.749530208E-01 2.875902930E-01
 3.002309351E-01 3.128746336E-01 3.255211706E-01 3.381699706E-01 3.080826612E-02
 2.609024394E-02 2.137336386E-02 1.665783386E-02 1.194362450E-02 7.231147587E-03
 2.521139555E-03-2.197476002E-03-6.959154521E-03-1.176844283E-02-1.662192716E-02
-2.152726418E-02-2.649779005E-02-3.154456800E-02-3.667504189E-02-4.189498921E-02
-4.720907754E-02-5.262076002E-02-5.813225903E-02-6.374456795E-02-6.945744740E-02
-7.526942399E-02-8.117777802E-02-8.717852331E-02-9.326638772E-02-9.943479720E-02
-1.056758585E-01-1.119803920E-01-1.183380169E-01-1.247371623E-01-1.311650345E-01
-1.376077444E-01-1.440504581E-01-1.504774711E-01-1.568724526E-01-1.632187353E-01
-1.694993074E-01-1.756970821E-01-1.817952246E-01-1.877771955E-01-1.936268766E-01
-1.993286052E-01-2.048676472E-01-2.102298923E-01-2.154018397E-01-2.203709051E-01
-2.251250890E-01-2.296528586E-01-2.339436333E-01-2.379871560E-01-2.417736046E-01
-2.452937691E-01-2.485387837E-01-2.515002327E-01-2.541700513E-01-2.565405374E-01
-2.586044774E-01-2.603550767E-01-2.617859836E-01-2.628913290E-01-2.636657777E-01
-2.641045332E-01-2.642033553E-01-2.639585634E-01-2.633670254E-01-2.624261325E-01
-2.611337633E-01-2.594882297E-01-2.574881571E-01-2.551322856E-01-2.524204506E-01
-2.493542549E-01-2.459292449E-01-2.421466452E-01-2.380048585E-01-2.335073297E-01
-2.286429953E-01-2.234269371E-01-2.178554753E-01-2.119252416E-01-2.056404038E-01
-1.990050003E-01-1.920195620E-01-1.846872579E-01-1.770131312E-01-1.690037505E-01
-1.606672837E-01-1.520117267E-01-1.430451983E-01-1.337770263E-01-1.242172450E-01
-1.143756638E-01-1.042619820E-01-9.388607353E-02-8.325792083E-02-7.238725973E-02
-6.128386017E-02-4.995811640E-02-3.842124104E-02-2.668446219E-02-1.475616701E-02
-2.652271220E-03 9.566527744E-03 2.183891428E-02 3.415155133E-02 4.650180328E-02
 5.888567537E-02 7.129950410E-02 8.374020001E-02 9.620505084E-02 1.086916087E-01
 1.211976569E-01 1.337212271E-01 1.462605810E-01 1.588141747E-01 1.713806289E-01
 1.839587082E-01 1.965472992E-01 2.091453929E-01 2.217520783E-01 2.343665277E-01
 2.469879888E-01 2.596157835E-01 2.722493039E-01 2.848880022E-01 2.975313772E-01
 3.101789867E-01 3.228305212E-01 3.354851797E-01 3.175373264E-02 2.704907293E-02
 2.234586815E-02 1.764439041E-02 1.294460034E-02 8.246736171E-03 3.552114497E-03
-1.146008579E-03-5.880162309E-03-1.066208160E-02-1.548744295E-02-2.036108773E-02
-2.529574651E-02-3.030324938E-02-3.539158573E-02-4.056669879E-02-4.583342821E-02
-5.119543419E-02-5.665515270E-02-6.221380249E-02-6.787137517E-02-7.362661512E-02
-7.947702720E-02-8.541890364E-02-9.144731425E-02-9.755603255E-02-1.037375205E-01
-1.099830040E-01-1.162824873E-01-1.226246940E-01-1.289971889E-01-1.353865888E-01
-1.417784708E-01-1.481574628E-01-1.545076419E-01-1.608125673E-01-1.670554754E-01
-1.732194597E-01-1.792875855E-01-1.852434170E-01-1.910709161E-01-1.967544308E-01
-2.022790798E-01-2.076307225E-01-2.127957728E-01-2.177613012E-01-2.225154079E-01
-2.270465875E-01-2.313438887E-01-2.353971680E-01-2.391965731E-01-2.427328457E-01
-2.459971986E-01-2.489812087E-01-2.516768042E-01-2.540764333E-01-2.561729303E-01
-2.579595433E-01-2.594299653E-01-2.605783825E-01-2.613994831E-01-2.618884732E-01
-2.620410914E-01-2.618536114E-01-2.613228324E-01-2.604460562E-01-2.592210513E-01
-2.576460055E-01-2.557194746E-01-2.534403876E-01-2.508079607E-01-2.478212160E-01
-2.444782636E-01-2.407771588E-01-2.367376966E-01-2.323283752E-01-2.275665767E-01
-2.224490302E-01-2.169690380E-01-2.111395430E-01-2.049612919E-01-1.984321681E-01
-1.915549686E-01-1.843355513E-01-1.767792350E-01-1.688904059E-01-1.606759093E-01
-1.521435616E-01-1.433022928E-01-1.341623090E-01-1.247337450E-01-1.150259445E-01
-1.050481456E-01-9.481013094E-02-8.432180070E-02-7.359291034E-02-6.263334206E-02
-5.145349049E-02-4.006450844E-02-2.847785254E-02-1.670275934E-02-4.751456060E-03
 7.329592825E-03 1.948193574E-02 3.168860798E-02 4.394520661E-02 5.624672912E-02
 6.858837131E-02 8.096584882E-02 9.337539490E-02 1.058136677E-01 1.182776673E-01
 1.307647417E-01 1.432725718E-01 1.557991456E-01 1.683426890E-01 1.809015950E-01
 1.934743853E-01 2.060597187E-01 2.186563995E-01 2.312633630E-01 2.438796475E-01
 2.565043821E-01 2.691367787E-01 2.817761198E-01 2.944217465E-01 3.070730738E-01
 3.197296911E-01 3.323905187E-01 3.282099002E-02 2.813114228E-02 2.344309203E-02
 1.875718335E-02 1.407339559E-02 9.391870372E-03 4.713802913E-03 3.592593754E-05
-4.667435232E-03-9.418254940E-03-1.421254900E-02-1.905165942E-02-2.394705771E-02
-2.891125460E-02-3.395302966E-02-3.907856261E-02-4.429283698E-02-4.959969841E-02
-5.500180787E-02-6.050065484E-02-6.609651138E-02-7.178840043E-02-7.757412137E-02
-8.345028600E-02-8.941227408E-02-9.545415318E-02-1.015687499E-01-1.077477759E-01
-1.139816915E-01-1.202596227E-01-1.265696421E-01-1.328988150E-01-1.392330953E-01
-1.455576304E-01-1.518568032E-01-1.581143181E-01-1.643137449E-01-1.704384804E-01
-1.764717982E-01-1.823972640E-01-1.881988865E-01-1.938610943E-01-1.993687970E-01
-2.047075985E-01-2.098640790E-01-2.148252455E-01-2.195787924E-01-2.241132482E-01
-2.284175959E-01-2.324815424E-01-2.362952894E-01-2.398495426E-01-2.431354769E-01
-2.461446278E-01-2.488690825E-01-2.513013141E-01-2.534341878E-01-2.552609921E-01
-2.567754947E-01-2.579719192E-01-2.588449691E-01-2.593898527E-01-2.596022870E-01
-2.594784991E-01-2.590152184E-01-2.582096556E-01-2.570594722E-01-2.555627401E-01
-2.537178950E-01-2.515236840E-01-2.489790935E-01-2.460833435E-01-2.428354975E-01
-2.392343597E-01-2.352834770E-01-2.309821079E-01-2.263290812E-01-2.213159627E-01
-2.159574267E-01-2.102453649E-01-2.041760835E-01-1.977623855E-01-1.910095667E-01
-1.839173346E-01-1.764892157E-01-1.687312807E-01-1.606526101E-01-1.522605273E-01
-1.435624917E-01-1.345676708E-01-1.252854125E-01-1.157255297E-01-1.058983836E-01
-9.581421803E-02-8.548257895E-02-7.491271445E-02-6.411424935E-02-5.309762655E-02
-4.187385352E-02-3.045438792E-02-1.884940783E-02-7.069349768E-03 4.851898089E-03
 1.686367965E-02 2.894656502E-02 4.109372742E-02 5.329864760E-02 6.555505527E-02
 7.785734219E-02 9.020066033E-02 1.025808640E-01 1.149943371E-01 1.274378018E-01
 1.399082476E-01 1.524029658E-01 1.649195700E-01 1.774559168E-01 1.900100441E-01
 2.025801909E-01 2.151647924E-01 2.277624905E-01 2.403720914E-01 2.529925141E-01
 2.656227589E-01 2.782619000E-01 2.909090888E-01 3.035635891E-01 3.162249000E-01
 3.288916530E-01 3.400797057E-02 2.933442704E-02 2.466306903E-02 1.999431078E-02
 1.532814711E-02 1.066466196E-02 6.004624411E-03 1.347397655E-03-3.324001354E-03
-8.040397829E-03-1.280073675E-02-1.760295912E-02-2.245632182E-02-2.737364956E-02
-3.236476005E-02-3.743625783E-02-4.259331819E-02-4.784000796E-02-5.317922610E-02
-5.861271324E-02-6.414100630E-02-6.976339213E-02-7.547796820E-02-8.128172763E-02
-8.717045251E-02-9.313858385E-02-9.917937224E-02-1.052849920E-01-1.114463329E-01
-1.176530276E-01-1.238936881E-01-1.301557427E-01-1.364255235E-01-1.426886900E-01
-1.489301334E-01-1.551340292E-01-1.612841815E-01-1.673642483E-01-1.733578232E-01
-1.792485442E-01-1.850202843E-01-1.906574390E-01-1.961451629E-01-2.014689681E-01
-2.066150638E-01-2.115703839E-01-2.163226230E-01-2.208600528E-01-2.251716488E-01
-2.292470240E-01-2.330762976E-01-2.366501256E-01-2.399595938E-01-2.429963802E-01
-2.457525551E-01-2.482205850E-01-2.503934027E-01-2.522643431E-01-2.538272136E-01
-2.550762736E-01-2.560062417E-01-2.566123225E-01-2.568902095E-01-2.568360828E-01
-2.564466019E-01-2.557188876E-01-2.546504951E-01-2.532393783E-01-2.514838476E-01
-2.493825228E-01-2.469342895E-01-2.441382764E-01-2.409938580E-01-2.375004809E-01
-2.336574837E-01-2.294647815E-01-2.249152723E-01-2.200386655E-01-2.148012668E-01
-2.092107088E-01-2.032819202E-01-1.970056386E-01-1.903803478E-01-1.834198657E-01
-1.761337412E-01-1.685236821E-01-1.605945561E-01-1.523531550E-01-1.438093691E-01
-1.349737924E-01-1.258546332E-01-1.164607096E-01-1.068016472E-01-9.688693220E-02
-8.672632898E-02-7.632996418E-02-6.570811112E-02-5.487108392E-02-4.382939234E-02
-3.259406575E-02-2.117582795E-02-9.584790697E-03 2.155105587E-03 1.400413794E-02
 2.594350412E-02 3.796376763E-02 5.005636330E-02 6.221344484E-02 7.442815581E-02
 8.669453720E-02 9.900741271E-02 1.113621453E-01 1.237544722E-01 1.361805105E-01
 1.486368510E-01 1.611205646E-01 1.736290988E-01 1.861601321E-01 1.987115215E-01
 2.112812857E-01 2.238676552E-01 2.364690711E-01 2.490841079E-01 2.617114407E-01
 2.743498623E-01 2.869982789E-01 2.996557675E-01 3.123217263E-01 3.249944726E-01
 3.531303884E-02 3.065716917E-02 2.600388002E-02 2.135366580E-02 1.670654671E-02
 1.206259752E-02 7.422259209E-03 2.786560855E-03-1.853892105E-03-6.532502620E-03
-1.125558493E-02-1.601878708E-02-2.082800125E-02-2.569564464E-02-3.063264181E-02
-3.564626105E-02-4.074189328E-02-4.592381782E-02-5.119517313E-02-5.655799447E-02
-6.201316682E-02-6.756030697E-02-7.319782813E-02-7.892308558E-02-8.473227055E-02
-9.062025492E-02-9.658073811E-02-1.026063287E-01-1.086883204E-01-1.148168008E-01
-1.209809137E-01-1.271687088E-01-1.333671442E-01-1.395622862E-01-1.457394950E-01
-1.518835194E-01-1.579785503E-01-1.640084388E-01-1.699568659E-01-1.758077013E-01
-1.815452002E-01-1.871537406E-01-1.926182134E-01-1.979240390E-01-2.030575140E-01
-2.080053361E-01-2.127550750E-01-2.172948934E-01-2.216136880E-01-2.257008998E-01
-2.295465544E-01-2.331412028E-01-2.364760351E-01-2.395426445E-01-2.423330706E-01
-2.448398470E-01-2.470558860E-01-2.489746011E-01-2.505898084E-01-2.518957920E-01
-2.528872839E-01-2.535594803E-01-2.539080471E-01-2.539291166E-01-2.536192790E-01
-2.529755671E-01-2.519954325E-01-2.506767133E-01-2.490175998E-01-2.470165946E-01
-2.446724738E-01-2.419842505E-01-2.389511469E-01-2.355725761E-01-2.318484175E-01
-2.277782798E-01-2.233579249E-01-2.185931870E-01-2.134938184E-01-2.080496044E-01
-2.022552155E-01-1.961213335E-01-1.896571104E-01-1.828544138E-01-1.757149583E-01
-1.682542441E-01-1.604851860E-01-1.524114103E-01-1.440386015E-01-1.353745140E-01
-1.264287823E-01-1.172127235E-01-1.077360420E-01-9.800703937E-02-8.803483750E-02
-7.782906938E-02-6.739954538E-02-5.675662625E-02-4.591125655E-02-3.487491292E-02
-2.365893477E-02-1.227343630E-02-7.351473102E-04 1.092701069E-02 2.270068774E-02
 3.457471336E-02 4.653790332E-02 5.858062101E-02 7.069446059E-02 8.287201649E-02
 9.510679714E-02 1.073929731E-01 1.197253471E-01 1.320993100E-01 1.445108031E-01
 1.569562543E-01 1.694324133E-01 1.819362729E-01 1.944650662E-01 2.070163415E-01
 2.195879777E-01 2.321781280E-01 2.447851227E-01 2.574074102E-01 2.700435459E-01
 2.826921846E-01 2.953521723E-01 3.080227313E-01 3.207017231E-01 3.673376083E-02
 3.209687896E-02 2.746303845E-02 2.283282329E-02 1.820625513E-02 1.358340815E-02
 8.964513540E-03 4.350921943E-03-2.612017519E-04-4.899035270E-03-9.581364151E-03
-1.430356918E-02-1.906708917E-02-2.388286349E-02-2.876273403E-02-3.371498514E-02
-3.874537619E-02-4.385844765E-02-4.905759477E-02-5.434512011E-02-5.972224752E-02
-6.518898469E-02-7.074410590E-02-7.638529686E-02-8.210912863E-02-8.791087340E-02
-9.378462907E-02-9.972348177E-02-1.057193455E-01-1.117629308E-01-1.178438380E-01
-1.239506535E-01-1.300710126E-01-1.361916078E-01-1.422982504E-01-1.483760585E-01
-1.544095607E-01-1.603830900E-01-1.662809043E-01-1.720870202E-01-1.777856021E-01
-1.833610658E-01-1.887984782E-01-1.940832132E-01-1.992013350E-01-2.041395451E-01
-2.088852369E-01-2.134264843E-01-2.177519751E-01-2.218509981E-01-2.257134694E-01
-2.293299959E-01-2.326915972E-01-2.357898230E-01-2.386167345E-01-2.411648321E-01
-2.434270563E-01-2.453968248E-01-2.470679810E-01-2.484348020E-01-2.494920291E-01
-2.502348453E-01-2.506588844E-01-2.507602296E-01-2.505354029E-01-2.499813511E-01
-2.490954254E-01-2.478753537E-01-2.463192111E-01-2.444253850E-01-2.421925424E-01
-2.396195998E-01-2.367056969E-01-2.334501806E-01-2.298526603E-01-2.259129902E-01
-2.216309515E-01-2.170063382E-01-2.120412694E-01-2.067275759E-01-2.011006862E-01
-1.951255776E-01-1.888099066E-01-1.821729095E-01-1.752158966E-01-1.679330443E-01
-1.603300659E-01-1.524240069E-01-1.442297210E-01-1.357523289E-01-1.269977610E-01
-1.179741181E-01-1.086907490E-01-9.915822934E-02-8.938706078E-02-7.938618352E-02
-6.916445305E-02-5.873179763E-02-4.809882609E-02-3.727671831E-02-2.627717368E-02
-1.511092897E-02-3.791340679E-03 7.660243352E-03 1.924357360E-02 3.094921218E-02
 4.276360551E-02 5.467507942E-02 6.667326558E-02 7.874893017E-02 9.089399238E-02
 1.031013449E-01 1.153646961E-01 1.276784678E-01 1.400377571E-01 1.524381646E-01
 1.648757082E-01 1.773468152E-01 1.898482756E-01 2.023772414E-01 2.149311778E-01
 2.275077499E-01 2.401047817E-01 2.527202551E-01 2.653523773E-01 2.779995715E-01
 2.906605032E-01 3.033342873E-01 3.160183611E-01 3.826814588E-02 3.365156717E-02
 2.903847021E-02 2.442952901E-02 1.982479142E-02 1.522439113E-02 1.062848136E-02
 6.037871815E-03 1.452233485E-03-3.144438132E-03-7.782563009E-03-1.246137428E-02
-1.717800195E-02-2.194053331E-02-2.676108685E-02-3.164920940E-02-3.661122763E-02
-4.165198170E-02-4.677519638E-02-5.198344125E-02-5.727821776E-02-6.265989799E-02
-6.812760631E-02-7.367934651E-02-7.931211030E-02-8.502173294E-02-9.080285892E-02
-9.664899355E-02-1.025525421E-01-1.085048438E-01-1.144961705E-01-1.205157004E-01
-1.265515672E-01-1.325909624E-01-1.386202071E-01-1.446250991E-01-1.505909331E-01
-1.565023788E-01-1.623438155E-01-1.680995237E-01-1.737539574E-01-1.792917877E-01
-1.846979201E-01-1.899578366E-01-1.950574752E-01-1.999834925E-01-2.047231335E-01
-2.092642905E-01-2.135954393E-01-2.177057730E-01-2.215852181E-01-2.252241188E-01
-2.286134514E-01-2.317447173E-01-2.346099419E-01-2.372015399E-01-2.395124974E-01
-2.415361921E-01-2.432664813E-01-2.446976352E-01-2.458243791E-01-2.466418738E-01
-2.471457176E-01-2.473319420E-01-2.471970002E-01-2.467377561E-01-2.459514649E-01
-2.448357495E-01-2.433885756E-01-2.416082225E-01-2.394932549E-01-2.370424985E-01
-2.342550204E-01-2.311301195E-01-2.276673139E-01-2.238663765E-01-2.197274552E-01
-2.152509655E-01-2.104377588E-01-2.052849835E-01-1.997935644E-01-1.939902584E-01
-1.878568685E-01-1.813889812E-01-1.745993960E-01-1.675067818E-01-1.601069800E-01
-1.523978792E-01-1.443890644E-01-1.360982124E-01-1.275405358E-01-1.187221223E-01
-1.096488297E-01-1.003285844E-01-9.077065170E-02-8.098514513E-02-7.098256624E-02
-6.077307822E-02-5.036640100E-02-3.977298700E-02-2.900439364E-02-1.807165696E-02
-6.987062727E-03 4.232952544E-03 1.560031366E-02 2.711400205E-02 3.875873055E-02
 5.051982758E-02 6.238486736E-02 7.434300712E-02 8.638476884E-02 9.850168364E-02
 1.106860033E-01 1.229308488E-01 1.352301767E-01 1.475786220E-01 1.599713992E-01
 1.724042400E-01 1.848733771E-01 1.973754465E-01 2.099073711E-01 2.224663611E-01
 2.350498938E-01 2.476556733E-01 2.602816497E-01 2.729259733E-01 2.855869701E-01
 2.982634252E-01 3.109521523E-01 3.991386173E-02 3.531878516E-02 3.072768185E-02
 2.614130329E-02 2.155969768E-02 1.698305518E-02 1.241153506E-02 7.845513673E-03
 3.286253748E-03-1.273205936E-03-5.864126385E-03-1.049661349E-02-1.516544531E-02
-1.987419954E-02-2.463413245E-02-2.945608780E-02-3.434731344E-02-3.931293106E-02
-4.435697816E-02-4.948232247E-02-5.469073028E-02-5.998295381E-02-6.535861625E-02
-7.081618640E-02-7.635301750E-02-8.196536044E-02-8.764838844E-02-9.339619754E-02
-9.920179248E-02-1.050570407E-01-1.109527191E-01-1.168785422E-01-1.228232340E-01
-1.287747808E-01-1.347203717E-01-1.406462853E-01-1.465381277E-01-1.523810591E-01
-1.581598986E-01-1.638594844E-01-1.694643722E-01-1.749593942E-01-1.803296168E-01
-1.855604977E-01-1.906380354E-01-1.955487303E-01-2.002797056E-01-2.048186097E-01
-2.091538606E-01-2.132746310E-01-2.171705055E-01-2.208317965E-01-2.242493448E-01
-2.274145880E-01-2.303194083E-01-2.329562389E-01-2.353180022E-01-2.373980420E-01
-2.391901897E-01-2.406887007E-01-2.418882693E-01-2.427840224E-01-2.433715155E-01
-2.436467237E-01-2.436060309E-01-2.432462197E-01-2.425644530E-01-2.415582554E-01
-2.402254892E-01-2.385643320E-01-2.365732534E-01-2.342509944E-01-2.315965520E-01
-2.286091741E-01-2.252883599E-01-2.216338796E-01-2.176457796E-01-2.133244326E-01
-2.086709573E-01-2.036868832E-01-1.983703554E-01-1.927263527E-01-1.867551025E-01
-1.804888911E-01-1.738941511E-01-1.669816503E-01-1.597723345E-01-1.522772607E-01
-1.444907183E-01-1.364146861E-01-1.280615779E-01-1.194486324E-01-1.105902838E-01
-1.014931855E-01-9.216323692E-02-8.260828820E-02-7.283782454E-02-6.286222409E-02
-5.269234582E-02-4.233932421E-02-3.181431140E-02-2.112800381E-02-1.029219334E-02
 6.794838713E-04 1.180292197E-02 2.309773861E-02 3.454956253E-02 4.613962397E-02
 5.785311096E-02 6.967722170E-02 8.160064876E-02 9.361320065E-02 1.057057997E-01
 1.178705025E-01 1.301002781E-01 1.423887295E-01 1.547299772E-01 1.671188134E-01
 1.795506393E-01 1.920213396E-01 2.045272261E-01 2.170649916E-01 2.296317011E-01
 2.422247502E-01 2.548417395E-01 2.674804547E-01 2.801389563E-01 2.928158913E-01
 3.055075386E-01 4.166884131E-02 3.709645178E-02 3.252856704E-02 2.796602062E-02
 2.340881699E-02 1.885712523E-02 1.431114061E-02 9.771118564E-03 5.238137729E-03
 7.106594032E-04-3.831561192E-03-8.414328368E-03-1.303424302E-02-1.768937925E-02
-2.238836001E-02-2.714274165E-02-3.196115376E-02-3.684920539E-02-4.181123133E-02
-4.685054395E-02-5.196931619E-02-5.716861637E-02-6.244841874E-02-6.780762967E-02
-7.324409244E-02-7.875459252E-02-8.433481662E-02-8.997932771E-02-9.568160464E-02
-1.014340292E-01-1.072279819E-01-1.130539995E-01-1.189016720E-01-1.247595331E-01
-1.306151936E-01-1.364555649E-01-1.422668351E-01-1.480349233E-01-1.537450955E-01
-1.593824337E-01-1.649319698E-01-1.703786891E-01-1.757078727E-01-1.809050920E-01
-1.859562852E-01-1.908479196E-01-1.955668845E-01-2.001008386E-01-2.044381808E-01
-2.085676871E-01-2.124789274E-01-2.161620064E-01-2.196076658E-01-2.228072150E-01
-2.257524075E-01-2.284356411E-01-2.308497364E-01-2.329880135E-01-2.348442275E-01
-2.364126006E-01-2.376877857E-01-2.386648613E-01-2.393393292E-01-2.397071026E-01
-2.397644935E-01-2.395082033E-01-2.389353064E-01-2.380432324E-01-2.368297479E-01
-2.352929355E-01-2.334311762E-01-2.312431331E-01-2.287277404E-01-2.258841994E-01
-2.227119820E-01-2.192108495E-01-2.153808813E-01-2.112224941E-01-2.067365193E-01
-2.019248143E-01-1.967895469E-01-1.913307273E-01-1.855501626E-01-1.794453902E-01
-1.730567336E-01-1.663621032E-01-1.593564989E-01-1.520578340E-01-1.444869644E-01
-1.366465002E-01-1.285325992E-01-1.201510612E-01-1.115157968E-01-1.026428694E-01
-9.354546921E-02-8.423073384E-02-7.470509469E-02-6.497681154E-02-5.505606322E-02
-4.495406477E-02-3.468257088E-02-2.425318909E-02-1.367725459E-02-2.967076962E-03
 7.886083745E-03 1.893232803E-02 3.016503459E-02 4.156132613E-02 5.310317301E-02
 6.477524868E-02 7.656395869E-02 8.845735449E-02 1.004449382E-01 1.125174693E-01
 1.246666048E-01 1.368847434E-01 1.491651494E-01 1.615018853E-01 1.738896115E-01
 1.863234008E-01 1.987987295E-01 2.113116038E-01 2.238584668E-01 2.364361173E-01
 2.490416853E-01 2.616725592E-01 2.743264825E-01 2.870019726E-01 2.996947535E-01
 4.353127591E-02 3.898264294E-02 3.443897233E-02 2.990120982E-02 2.536939231E-02
 2.084369011E-02 1.632428629E-02 1.181135273E-02 7.305427488E-03 2.807634305E-03
-1.690640925E-03-6.220613424E-03-1.078916939E-02-1.539077639E-02-2.002924980E-02
-2.471545403E-02-2.945962627E-02-3.426847585E-02-3.914662065E-02-4.409764794E-02
-4.912411116E-02-5.422749271E-02-5.940822289E-02-6.466568149E-02-6.999815325E-02
-7.540283197E-02-8.087584046E-02-8.641221417E-02-9.200601818E-02-9.765042681E-02
-1.033376144E-01-1.090586594E-01-1.148036036E-01-1.205616516E-01-1.263210768E-01
-1.320696067E-01-1.377941775E-01-1.434810512E-01-1.491161569E-01-1.546850592E-01
-1.601731074E-01-1.655657187E-01-1.708483611E-01-1.760066967E-01-1.810267524E-01
-1.858948266E-01-1.905979270E-01-1.951237359E-01-1.994602387E-01-2.035962239E-01
-2.075210305E-01-2.112246316E-01-2.146976559E-01-2.179311530E-01-2.209168683E-01
-2.236470555E-01-2.261144146E-01-2.283122118E-01-2.302341180E-01-2.318742913E-01
-2.332273232E-01-2.342882286E-01-2.350524439E-01-2.355158116E-01-2.356745682E-01
-2.355253322E-01-2.350650904E-01-2.342911820E-01-2.332012823E-01-2.317933857E-01
-2.300657913E-01-2.280170911E-01-2.256461616E-01-2.229521612E-01-2.199345378E-01
-2.165930443E-01-2.129277736E-01-2.089391839E-01-2.046281448E-01-1.999960609E-01
-1.950450348E-01-1.897775343E-01-1.841970968E-01-1.783030393E-01-1.720985754E-01
-1.656001753E-01-1.588311215E-01-1.517600205E-01-1.444011343E-01-1.367781867E-01
-1.289044684E-01-1.207772111E-01-1.123959635E-01-1.037697837E-01-9.491311361E-02
-8.584063173E-02-7.656442004E-02-6.709229869E-02-5.743178396E-02-4.759217038E-02
-3.758478250E-02-2.742177300E-02-1.711486330E-02-6.677633724E-03 3.889253191E-03
 1.465494874E-02 2.563739002E-02 3.681354355E-02 4.816079043E-02 5.966070492E-02
 7.129714267E-02 8.305593909E-02 9.492460793E-02 1.068920990E-01 1.189486563E-01
 1.310856373E-01 1.432954052E-01 1.555711153E-01 1.679064036E-01 1.802955371E-01
 1.927334361E-01 2.052155593E-01 2.177377874E-01 2.302962635E-01 2.428874702E-01
 2.555082826E-01 2.681559740E-01 2.808286674E-01 2.935213436E-01 4.549870642E-02
 4.097476059E-02 3.645624603E-02 3.194415196E-02 2.743850642E-02 2.293953266E-02
 1.844748486E-02 1.396256648E-02 9.485049578E-03 5.016134692E-03 5.541904325E-04
-3.921458008E-03-8.434949011E-03-1.298240136E-02-1.756160129E-02-2.218053364E-02
-2.685016340E-02-3.157879009E-02-3.637169339E-02-4.123278922E-02-4.616505266E-02
-5.117039303E-02-5.624962270E-02-6.140248818E-02-6.662767660E-02-7.192281262E-02
-7.728458255E-02-8.270875744E-02-8.819009994E-02-9.372228669E-02-9.929792404E-02
-1.049087253E-01-1.105454059E-01-1.161979345E-01-1.218554913E-01-1.275062565E-01
-1.331378417E-01-1.387372662E-01-1.442909558E-01-1.497850271E-01-1.552053941E-01
-1.605377767E-01-1.657679160E-01-1.708817043E-01-1.758651125E-01-1.807047057E-01
-1.853876043E-01-1.899011121E-01-1.942332722E-01-1.983726916E-01-2.023085449E-01
-2.060306953E-01-2.095295214E-01-2.127959540E-01-2.158216150E-01-2.185985899E-01
-2.211194808E-01-2.233774252E-01-2.253660074E-01-2.270792922E-01-2.285117869E-01
-2.296584271E-01-2.305145697E-01-2.310759760E-01-2.313387997E-01-2.312995734E-01
-2.309551959E-01-2.303029173E-01-2.293403261E-01-2.280653333E-01-2.264761619E-01
-2.245713371E-01-2.223496814E-01-2.198103148E-01-2.169526633E-01-2.137764741E-01
-2.102818492E-01-2.064692648E-01-2.023396339E-01-1.978943340E-01-1.931352929E-01
-1.880649846E-01-1.826866154E-01-1.770055268E-01-1.710236827E-01-1.647435750E-01
-1.581651108E-01-1.513336399E-01-1.442262340E-01-1.368371544E-01-1.291885707E-01
-1.213022396E-01-1.131826924E-01-1.048264209E-01-9.623673623E-02-8.742515670E-02
-7.840614261E-02-6.919321798E-02-5.979781808E-02-5.022876325E-02-4.049516240E-02
-3.060774878E-02-2.057838241E-02-1.042143125E-02-1.453577038E-04 1.030857559E-02
 2.100600516E-02 3.193157389E-02 4.305693513E-02 5.436058015E-02 6.582386074E-02
 7.742999675E-02 8.916404420E-02 1.010128751E-01 1.129649637E-01 1.250101146E-01
 1.371392673E-01 1.493443942E-01 1.616183382E-01 1.739547231E-01 1.863478844E-01
 1.987925299E-01 2.112837612E-01 2.238172137E-01 2.363889756E-01 2.489954889E-01
 2.616336038E-01 2.743010142E-01 2.869917391E-01 4.756859248E-02 4.306997450E-02
 3.857726827E-02 3.409156847E-02 2.961289163E-02 2.514146089E-02 2.067757856E-02
 1.622155644E-02 1.177364614E-02 7.334386264E-03 2.904981314E-03-1.522463959E-03
-5.977917737E-03-1.046913357E-02-1.499014256E-02-1.954360592E-02-2.413948349E-02
-2.878769746E-02-3.349484311E-02-3.826524418E-02-4.310216372E-02-4.800786652E-02
-5.298354445E-02-5.802934503E-02-6.314449644E-02-6.832729484E-02-7.357503330E-02
-7.888393889E-02-8.424917084E-02-8.966497501E-02-9.512460153E-02-1.006204332E-01
-1.061440995E-01-1.116861312E-01-1.172362732E-01-1.227835733E-01-1.283163286E-01
-1.338221272E-01-1.392881464E-01-1.447011364E-01-1.500474304E-01-1.553132204E-01
-1.604846174E-01-1.655476008E-01-1.704885867E-01-1.752943822E-01-1.799518162E-01
-1.844483223E-01-1.887718831E-01-1.929109328E-01-1.968545614E-01-2.005924702E-01
-2.041147642E-01-2.074123372E-01-2.104765989E-01-2.132994404E-01-2.158733762E-01
-2.181913727E-01-2.202469071E-01-2.220339274E-01-2.235468331E-01-2.247804619E-01
-2.257300751E-01-2.263913405E-01-2.267603198E-01-2.268334541E-01-2.266075515E-01
-2.260797730E-01-2.252476204E-01-2.241089252E-01-2.226618372E-01-2.209048187E-01
-2.188366417E-01-2.164563904E-01-2.137634692E-01-2.107576185E-01-2.074389430E-01
-2.038079363E-01-1.998655329E-01-1.956131485E-01-1.910527307E-01-1.861867758E-01
-1.810182409E-01-1.755513869E-01-1.697923599E-01-1.637447008E-01-1.574090955E-01
-1.507864602E-01-1.439083980E-01-1.367883382E-01-1.293963963E-01-1.217496485E-01
-1.138737594E-01-1.057814795E-01-9.747117108E-02-8.894215718E-02-8.020150007E-02
-7.126240703E-02-6.213914040E-02-5.284447918E-02-4.338979787E-02-3.378528452E-02
-2.404150578E-02-1.417060605E-02-4.186695839E-03 5.937488105E-03 1.631497913E-02
 2.695609249E-02 3.782957832E-02 4.890970376E-02 6.017500030E-02 7.160617889E-02
 8.318609958E-02 9.489954637E-02 1.067328632E-01 1.186738607E-01 1.307117931E-01
 1.428371836E-01 1.550416306E-01 1.673176440E-01 1.796585665E-01 1.920584489E-01
 2.045119310E-01 2.170142649E-01 2.295610788E-01 2.421481527E-01 2.547718023E-01
 2.674295326E-01 2.801144966E-01 4.973788886E-02 4.526530790E-02 4.079911422E-02
 3.634052583E-02 3.188961349E-02 2.744663225E-02 2.301184558E-02 1.858553027E-02
 1.416796418E-02 9.759462467E-03 5.361139020E-03 9.722195812E-04-3.425046188E-03
-7.856300723E-03-1.231900549E-02-1.680940895E-02-2.133385621E-02-2.590268582E-02
-3.052423683E-02-3.520367493E-02-3.994454951E-02-4.474949162E-02-4.962022873E-02
-5.455752151E-02-5.956112941E-02-6.462976279E-02-6.976107746E-02-7.495180707E-02
-8.019770890E-02-8.549360731E-02-9.083358261E-02-9.621067114E-02-1.016169413E-01
-1.070437308E-01-1.124815775E-01-1.179201507E-01-1.233484229E-01-1.287548327E-01
-1.341272179E-01-1.394528448E-01-1.447186942E-01-1.499114504E-01-1.550174629E-01
-1.600233402E-01-1.649158934E-01-1.696817691E-01-1.743080230E-01-1.787822056E-01
-1.830921680E-01-1.872263196E-01-1.911736903E-01-1.949236847E-01-1.984663549E-01
-2.017924240E-01-2.048930958E-01-2.077600962E-01-2.103857854E-01-2.127629562E-01
-2.148849525E-01-2.167455873E-01-2.183391300E-01-2.196602998E-01-2.207042445E-01
-2.214665245E-01-2.219430982E-01-2.221303070E-01-2.220248625E-01-2.216238340E-01
-2.209246366E-01-2.199250215E-01-2.186230674E-01-2.170171757E-01-2.151060692E-01
-2.128887955E-01-2.103647350E-01-2.075336186E-01-2.043955502E-01-2.009510354E-01
-1.972010178E-01-1.931469248E-01-1.887907116E-01-1.841349045E-01-1.791825882E-01
-1.739374161E-01-1.684044573E-01-1.625895674E-01-1.564969631E-01-1.501308489E-01
-1.434933140E-01-1.365944686E-01-1.294732883E-01-1.221069585E-01-1.144899454E-01
-1.066474432E-01-9.860183143E-02-9.035694960E-02-8.190940264E-02-7.326286994E-02
-6.442784633E-02-5.541854096E-02-4.624894149E-02-3.693155361E-02-2.747810418E-02
-1.789956039E-02-8.211871020E-03 1.586944481E-03 1.161147793E-02 2.193054585E-02
 3.251986440E-02 4.334700320E-02 5.438717054E-02 6.561861049E-02 7.702182878E-02
 8.857935615E-02 1.002755379E-01 1.120964525E-01 1.240296423E-01 1.360638783E-01
 1.481891210E-01 1.603964960E-01 1.726781441E-01 1.850270844E-01 1.974370811E-01
 2.099025714E-01 2.224185879E-01 2.349805737E-01 2.475846000E-01 2.602280583E-01
 2.729030625E-01 5.200386474E-02 4.755805493E-02 4.311919586E-02 3.868855136E-02
 3.426613376E-02 2.985220198E-02 2.544706245E-02 2.105103128E-02 1.666444616E-02
 1.228760963E-02 7.921019788E-03 3.566133631E-03-7.821325133E-04-5.150946104E-03
-9.553043008E-03-1.398221258E-02-1.843846919E-02-2.293016624E-02-2.746698073E-02
-3.205570479E-02-3.670059132E-02-4.140475349E-02-4.617039505E-02-5.099866929E-02
-5.588967298E-02-6.084257278E-02-6.585557632E-02-7.092592684E-02-7.605009624E-02
-8.122361397E-02-8.644094309E-02-9.169575842E-02-9.698094170E-02-1.022885073E-01
-1.076095667E-01-1.129345800E-01-1.182533649E-01-1.235550098E-01-1.288279530E-01
-1.340602278E-01-1.392393917E-01-1.443525019E-01-1.493867041E-01-1.543291559E-01
-1.591666593E-01-1.638861988E-01-1.684751590E-01-1.729210558E-01-1.772118060E-01
-1.813358629E-01-1.852820941E-01-1.890397565E-01-1.925988750E-01-1.959499513E-01
-1.990839795E-01-2.019925710E-01-2.046678750E-01-2.071025148E-01-2.092896724E-01
-2.112230056E-01-2.128966365E-01-2.143051464E-01-2.154435525E-01-2.163072919E-01
-2.168922070E-01-2.171945292E-01-2.172108662E-01-2.169381894E-01-2.163738241E-01
-2.155154399E-01-2.143610420E-01-2.129089702E-01-2.111578955E-01-2.091068267E-01
-2.067551183E-01-2.041024865E-01-2.011490285E-01-1.978952491E-01-1.943420942E-01
-1.904909879E-01-1.863438713E-01-1.819032421E-01-1.771721847E-01-1.721543529E-01
-1.668541433E-01-1.612768359E-01-1.554273600E-01-1.493125912E-01-1.429396798E-01
-1.363090172E-01-1.294206160E-01-1.223138646E-01-1.149936615E-01-1.074320540E-01
-9.964808577E-02-9.166833566E-02-8.350591448E-02-7.515921443E-02-6.662728453E-02
-5.791823552E-02-4.904525846E-02-4.002295463E-02-3.086500090E-02-2.158357403E-02
-1.219257791E-02-2.704271065E-03 6.945273697E-03 1.690231348E-02 2.717107272E-02
 3.771324228E-02 4.849931136E-02 5.950446281E-02 7.070643443E-02 8.208540395E-02
 9.362376033E-02 1.053057186E-01 1.171170205E-01 1.290448513E-01 1.410777760E-01
 1.532054901E-01 1.654186774E-01 1.777090013E-01 1.900690740E-01 2.024923309E-01
 2.149729270E-01 2.275055908E-01 2.400857542E-01 2.527104089E-01 2.653707824E-01
 5.436428410E-02 4.994588175E-02 4.553488706E-02 4.113266927E-02 3.673926016E-02
 3.235495144E-02 2.798008459E-02 2.361498917E-02 1.925999436E-02 1.491541466E-02
 1.058154167E-02 6.259254910E-03 1.949162175E-03-2.360871275E-03-6.698432581E-03
-1.106574668E-02-1.545683230E-02-1.987494579E-02-2.432935692E-02-2.882881740E-02
-3.337893419E-02-3.798319880E-02-4.264407865E-02-4.736315995E-02-5.214106062E-02
-5.697740993E-02-6.187101843E-02-6.681983890E-02-7.182074609E-02-7.686972892E-02
-8.196200262E-02-8.709194702E-02-9.225300524E-02-9.743778730E-02-1.026382530E-01
-1.078456418E-01-1.130503824E-01-1.182422318E-01-1.234104540E-01-1.285437003E-01
-1.336300033E-01-1.386573400E-01-1.436135324E-01-1.484858799E-01-1.532616317E-01
-1.579283116E-01-1.624734112E-01-1.668846254E-01-1.711500360E-01-1.752581412E-01
-1.791976282E-01-1.829578312E-01-1.865286424E-01-1.899003912E-01-1.930638919E-01
-1.960106289E-01-1.987325355E-01-2.012220730E-01-2.034722376E-01-2.054765154E-01
-2.072288679E-01-2.087237203E-01-2.099559415E-01-2.109208306E-01-2.116141003E-01
-2.120318596E-01-2.121706032E-01-2.120271972E-01-2.115988706E-01-2.108832050E-01
-2.098781290E-01-2.085819162E-01-2.069931834E-01-2.051108957E-01-2.029343756E-01
-2.004633155E-01-1.976977967E-01-1.946383134E-01-1.912858008E-01-1.876416663E-01
-1.837078238E-01-1.794867224E-01-1.749813771E-01-1.701953828E-01-1.651329200E-01
-1.597988768E-01-1.541984364E-01-1.483367519E-01-1.422224285E-01-1.358631851E-01
-1.292596314E-01-1.224110290E-01-1.153404993E-01-1.080761011E-01-1.005954488E-01
-9.289477592E-02-8.500147251E-02-7.693774825E-02-6.870789749E-02-6.030939599E-02
-5.174612373E-02-4.302978465E-02-3.417514287E-02-2.519643433E-02-1.610656980E-02
-6.923956753E-03 2.366087445E-03 1.192621147E-02 2.183218910E-02 3.205316013E-02
 4.255259703E-02 5.330215847E-02 6.427648785E-02 7.545290008E-02 8.681126718E-02
 9.833362400E-02 1.100039668E-01 1.218079548E-01 1.337326430E-01 1.457662639E-01
 1.578982351E-01 1.701190709E-01 1.824201736E-01 1.947937554E-01 2.072328399E-01
 2.197311795E-01 2.322833817E-01 2.448858302E-01 2.575285287E-01 5.681638188E-02
 5.242584445E-02 4.804322315E-02 4.366999546E-02 3.930619628E-02 3.495210741E-02
 3.060805224E-02 2.627434450E-02 2.195130438E-02 1.763927449E-02 1.333858919E-02
 9.049664581E-03 4.773791277E-03 5.094449513E-04-3.762788220E-03-8.064515649E-03
-1.239182326E-02-1.674087589E-02-2.111727866E-02-2.553028090E-02-2.998734395E-02
-3.449296373E-02-3.905003364E-02-4.366054172E-02-4.832563470E-02-5.304562220E-02
-5.781977585E-02-6.264638731E-02-6.752295978E-02-7.244618807E-02-7.741187799E-02
-8.241489017E-02-8.744933995E-02-9.250866034E-02-9.758550697E-02-1.026716897E-01
-1.077583498E-01-1.128360768E-01-1.178947523E-01-1.229235694E-01-1.279115550E-01
-1.328474469E-01-1.377193330E-01-1.425150441E-01-1.472225492E-01-1.518296461E-01
-1.563241234E-01-1.606939768E-01-1.649275319E-01-1.690132270E-01-1.729398411E-01
-1.766967704E-01-1.802737765E-01-1.836610570E-01-1.868493335E-01-1.898299178E-01
-1.925945473E-01-1.951355324E-01-1.974456768E-01-1.995182825E-01-2.013471375E-01
-2.029264983E-01-2.042510720E-01-2.053160049E-01-2.061168667E-01-2.066496315E-01
-2.069106692E-01-2.068967311E-01-2.066049409E-01-2.060327858E-01-2.051781109E-01
-2.040391166E-01-2.026143584E-01-2.009027493E-01-1.989035702E-01-1.966164807E-01
-1.940415355E-01-1.911792042E-01-1.880303962E-01-1.845964879E-01-1.808793494E-01
-1.768813657E-01-1.726054613E-01-1.680551185E-01-1.632343755E-01-1.581478408E-01
-1.528006990E-01-1.471981678E-01-1.413463408E-01-1.352538957E-01-1.289267956E-01
-1.223700070E-01-1.155836497E-01-1.085738286E-01-1.013784673E-01-9.399574613E-02
-8.640160687E-02-7.861662767E-02-7.066792761E-02-6.256916428E-02-5.431985338E-02
-4.592014628E-02-3.737899283E-02-2.871023007E-02-1.992834776E-02-1.104977501E-02
-2.086391343E-03 7.056792238E-03 1.655694637E-02 2.641736932E-02 3.659429559E-02
 4.705498920E-02 5.777150016E-02 6.871832214E-02 7.987243331E-02 9.121326836E-02
 1.027225495E-01 1.143839441E-01 1.261828418E-01 1.381061637E-01 1.501421060E-01
 1.622799251E-01 1.745098252E-01 1.868229982E-01 1.992115017E-01 2.116680503E-01
 2.241862317E-01 2.367616463E-01 2.493827394E-01 5.935750089E-02 5.499538434E-02
 5.064169780E-02 4.629798084E-02 4.196423429E-02 3.764072702E-02 3.332778308E-02
 2.902573721E-02 2.473494415E-02 2.045578383E-02 1.618865674E-02 1.193394341E-02
 7.692285148E-03 3.465212019E-03-7.524251391E-04-4.986054002E-03-9.247742845E-03
-1.353109351E-02-1.783475211E-02-2.216554438E-02-2.653225452E-02-3.094124989E-02
-3.539623962E-02-3.989974744E-02-4.445342567E-02-4.905789822E-02-5.371292443E-02
-5.841746713E-02-6.316964317E-02-6.796662438E-02-7.280470292E-02-7.767946953E-02
-8.258579139E-02-8.751771072E-02-9.246842943E-02-9.743049095E-02-1.023958433E-01
-1.073556637E-01-1.123004106E-01-1.172202958E-01-1.221051481E-01-1.269440602E-01
-1.317257004E-01-1.364387443E-01-1.410715954E-01-1.456124540E-01-1.500495464E-01
-1.543712678E-01-1.585661178E-01-1.626226108E-01-1.665297896E-01-1.702770545E-01
-1.738541248E-01-1.772511053E-01-1.804586897E-01-1.834680180E-01-1.862706661E-01
-1.888587919E-01-1.912250199E-01-1.933624667E-01-1.952647399E-01-1.969259198E-01
-1.983405406E-01-1.995035839E-01-2.004104643E-01-2.010570091E-01-2.014394521E-01
-2.015544191E-01-2.013989179E-01-2.009703316E-01-2.002664123E-01-1.992852780E-01
-1.980254114E-01-1.964856654E-01-1.946652674E-01-1.925638321E-01-1.901813725E-01
-1.875183188E-01-1.845755385E-01-1.813543570E-01-1.778565793E-01-1.740845105E-01
-1.700409733E-01-1.657293129E-01-1.611534073E-01-1.563176507E-01-1.512269624E-01
-1.458866958E-01-1.403023120E-01-1.344805967E-01-1.284290421E-01-1.221522706E-01
-1.156602693E-01-1.089535125E-01-1.020305897E-01-9.492153639E-02-8.764437777E-02
-8.017853528E-02-7.252360121E-02-6.470806930E-02-5.675353651E-02-4.866610210E-02
-4.044525509E-02-3.209556507E-02-2.362911651E-02-1.505977149E-02-6.409576653E-03
 2.344739756E-03 1.140349906E-02 2.085861648E-02 3.067495113E-02 4.081160778E-02
 5.123720835E-02 6.192363186E-02 7.284542058E-02 8.397957380E-02 9.530529015E-02
 1.068038573E-01 1.184585801E-01 1.302545612E-01 1.421784216E-01 1.542181720E-01
 1.663629960E-01 1.786030854E-01 1.909294331E-01 2.033337604E-01 2.158088405E-01
 2.283496567E-01 2.409428675E-01 6.198535568E-02 5.765208850E-02 5.332769674E-02
 4.901378273E-02 4.471033917E-02 4.041766111E-02 3.613610364E-02 3.186603116E-02
 2.760783199E-02 2.336192274E-02 1.912873549E-02 1.490865228E-02 1.070198599E-02
 6.509569541E-03 2.332442518E-03-1.839159585E-03-6.031164937E-03-1.024829485E-02
-1.448371291E-02-1.873813396E-02-2.301898506E-02-2.733447021E-02-3.169014324E-02
-3.608905488E-02-4.053313544E-02-4.502360519E-02-4.956085849E-02-5.414437522E-02
-5.877268046E-02-6.344349966E-02-6.815385609E-02-7.290000916E-02-7.767736143E-02
-8.248049922E-02-8.730335708E-02-9.213924001E-02-9.698064427E-02-1.018193369E-01
-1.066467836E-01-1.114540007E-01-1.162312235E-01-1.209681385E-01-1.256543268E-01
-1.302790320E-01-1.348311349E-01-1.392993848E-01-1.436725204E-01-1.479393543E-01
-1.520885247E-01-1.561089160E-01-1.599897888E-01-1.637205956E-01-1.672910919E-01
-1.706913897E-01-1.739121555E-01-1.769444048E-01-1.797796055E-01-1.824097662E-01
-1.848273528E-01-1.870253071E-01-1.889970584E-01-1.907365094E-01-1.922380168E-01
-1.934963904E-01-1.945068805E-01-1.952651579E-01-1.957673091E-01-1.960098227E-01
-1.959895803E-01-1.957038495E-01-1.951502771E-01-1.943268875E-01-1.932320802E-01
-1.918646332E-01-1.902237076E-01-1.883088568E-01-1.861200366E-01-1.836576198E-01
-1.809224132E-01-1.779156720E-01-1.746391183E-01-1.710949556E-01-1.672858818E-01
-1.632150952E-01-1.588862913E-01-1.543036540E-01-1.494718408E-01-1.443959670E-01
-1.390814626E-01-1.335340889E-01-1.277606756E-01-1.217670755E-01-1.155593103E-01
-1.091486294E-01-1.025372770E-01-9.572155155E-02-8.871764359E-02-8.155656823E-02
-7.423243034E-02-6.672754919E-02-5.906363821E-02-5.126759371E-02-4.335327690E-02
-3.532289121E-02-2.717875781E-02-1.892831078E-02-1.058848954E-02-2.172870432E-03
 6.429738807E-03 1.543308128E-02 2.484702691E-02 3.462228436E-02 4.472203382E-02
 5.511547494E-02 6.577440290E-02 7.667331240E-02 8.778924343E-02 9.910139724E-02
 1.105909069E-01 1.222407044E-01 1.340354818E-01 1.459615706E-01 1.580066927E-01
 1.701598183E-01 1.824110110E-01 1.947511663E-01 2.071722313E-01 2.196685303E-01
 2.322248419E-01 6.469740236E-02 6.039322076E-02 5.609834463E-02 5.181446561E-02
 4.754158579E-02 4.328002413E-02 3.903016801E-02 3.479241727E-02 3.056717463E-02
 2.635480877E-02 2.215566372E-02 1.797009926E-02 1.379847738E-02 9.641225910E-03
 5.499540607E-03 1.373465220E-03-2.751050617E-03-6.897525676E-03-1.106581082E-02
-1.524961771E-02-1.945122517E-02-2.367823659E-02-2.793799663E-02-3.223517763E-02
-3.657242695E-02-4.095143104E-02-4.537301110E-02-4.983707566E-02-5.434276984E-02
-5.888850887E-02-6.347190659E-02-6.808970562E-02-7.273786223E-02-7.741168286E-02
-8.210581235E-02-8.681406170E-02-9.152951870E-02-9.624492703E-02-1.009525350E-01
-1.056437905E-01-1.103095071E-01-1.149402977E-01-1.195264078E-01-1.240576033E-01
-1.285233874E-01-1.329130979E-01-1.372160635E-01-1.414213908E-01-1.455180890E-01
-1.494954956E-01-1.533430685E-01-1.570504173E-01-1.606073815E-01-1.640041994E-01
-1.672315133E-01-1.702802750E-01-1.731419062E-01-1.758082869E-01-1.782717515E-01
-1.805250892E-01-1.825615629E-01-1.843749051E-01-1.859592979E-01-1.873093780E-01
-1.884202263E-01-1.892873506E-01-1.899066815E-01-1.902745601E-01-1.903877314E-01
-1.902433357E-01-1.898389029E-01-1.891723502E-01-1.882419791E-01-1.870464781E-01
-1.855849270E-01-1.838567995E-01-1.818619764E-01-1.796007540E-01-1.770738570E-01
-1.742824502E-01-1.712281521E-01-1.679130440E-01-1.643396820E-01-1.605110951E-01
-1.564307825E-01-1.521027072E-01-1.475312691E-01-1.427212927E-01-1.376779863E-01
-1.324068133E-01-1.269137127E-01-1.212051311E-01-1.152861080E-01-1.091647272E-01
-1.028500646E-01-9.634671613E-02-8.965362174E-02-8.277558788E-02-7.574335473E-02
-6.856691064E-02-6.122969738E-02-5.373568639E-02-4.611306674E-02-3.838260084E-02
-3.055249487E-02-2.262421898E-02-1.460211274E-02-6.506230615E-03 1.686390575E-03
 1.020244048E-02 1.916500907E-02 2.853855598E-02 3.827583842E-02 4.834191202E-02
 5.870565784E-02 6.933913810E-02 8.021699495E-02 9.131619175E-02 1.026159270E-01
 1.140973151E-01 1.257431854E-01 1.375379311E-01 1.494674766E-01 1.615192256E-01
 1.736818826E-01 1.859451658E-01 1.983001227E-01 2.107406427E-01 2.232496452E-01
 6.749093176E-02 6.321605974E-02 5.895094251E-02 5.469736121E-02 5.045533229E-02
 4.622520532E-02 4.200737179E-02 3.780217684E-02 3.360994401E-02 2.943101212E-02
 2.526574791E-02 2.111458116E-02 1.697799867E-02 1.285644992E-02 8.750456440E-03
 4.661402973E-03 5.878064142E-04-3.487758459E-03-7.585126397E-03-1.170116068E-02
-1.583032945E-02-1.997564545E-02-2.414460392E-02-2.834403704E-02-3.257804471E-02
-3.684873888E-02-4.115734309E-02-4.550441674E-02-4.988974846E-02-5.431227961E-02
-5.877008141E-02-6.326046331E-02-6.778008057E-02-7.232489791E-02-7.689003105E-02
-8.146988159E-02-8.605847204E-02-9.064929514E-02-9.523504035E-02-9.980770582E-02
-1.043590059E-01-1.088802783E-01-1.133623077E-01-1.177955151E-01-1.221700401E-01
-1.264758912E-01-1.307028840E-01-1.348404793E-01-1.388782782E-01-1.428059990E-01
-1.466133641E-01-1.502902261E-01-1.538265962E-01-1.572128950E-01-1.604397904E-01
-1.634982384E-01-1.663796645E-01-1.690758678E-01-1.715790845E-01-1.738819827E-01
-1.759776817E-01-1.778597610E-01-1.795222392E-01-1.809595853E-01-1.821667127E-01
-1.831389641E-01-1.838721093E-01-1.843623356E-01-1.846062412E-01-1.846008282E-01
-1.843434977E-01-1.838320465E-01-1.830646629E-01-1.820399297E-01-1.807568257E-01
-1.792147294E-01-1.774134262E-01-1.753531142E-01-1.730344149E-01-1.704583807E-01
-1.676265056E-01-1.645407300E-01-1.612034487E-01-1.576174992E-01-1.537861720E-01
-1.497131915E-01-1.454027041E-01-1.408592334E-01-1.360876846E-01-1.310932811E-01
-1.258814980E-01-1.204582773E-01-1.148295297E-01-1.090007930E-01-1.029806153E-01
-9.677442766E-02-9.039122097E-02-8.383315051E-02-7.709837369E-02-7.020929099E-02
-6.318845252E-02-5.602893852E-02-4.872090023E-02-4.128651734E-02-3.375157750E-02
-2.613011977E-02-1.842555776E-02-1.064408721E-02-2.796702325E-03 5.229005299E-03
 1.368905178E-02 2.261408327E-02 3.194902092E-02 4.165142633E-02 5.168645430E-02
 6.202293284E-02 7.263278089E-02 8.349094646E-02 9.457460398E-02 1.058628546E-01
 1.173367827E-01 1.289791761E-01 1.407743467E-01 1.527080031E-01 1.647671784E-01
 1.769401170E-01 1.892166208E-01 2.015897672E-01 2.140402961E-01 7.036344614E-02
 6.611812417E-02 6.188302831E-02 5.766003600E-02 5.344914093E-02 4.925063133E-02
 4.506482837E-02 4.089205382E-02 3.673265550E-02 3.258704081E-02 2.845567228E-02
 2.433901654E-02 2.023752667E-02 1.615167476E-02 1.208192739E-02 8.028922298E-03
 3.994101781E-03-2.577807950E-05-4.050494348E-03-8.095552333E-03-1.215601052E-02
-1.622730994E-02-2.031301645E-02-2.442028750E-02-2.855523875E-02-3.272142665E-02
-3.692073353E-02-4.115422000E-02-4.542215692E-02-4.972395208E-02-5.405825595E-02
-5.842305230E-02-6.281560660E-02-6.723232643E-02-7.166891674E-02-7.612067131E-02
-8.058232545E-02-8.504781500E-02-8.951034779E-02-9.396277585E-02-9.839757164E-02
-1.028066155E-01-1.071813446E-01-1.115128381E-01-1.157919204E-01-1.200092421E-01
-1.241550051E-01-1.282192651E-01-1.321922001E-01-1.360638997E-01-1.398244401E-01
-1.434639574E-01-1.469727560E-01-1.503414530E-01-1.535608179E-01-1.566218918E-01
-1.595161391E-01-1.622353410E-01-1.647716789E-01-1.671177404E-01-1.692665348E-01
-1.712115144E-01-1.729465528E-01-1.744659656E-01-1.757645080E-01-1.768373618E-01
-1.776801366E-01-1.782888623E-01-1.786599848E-01-1.787903597E-01-1.786772475E-01
-1.783183104E-01-1.777116100E-01-1.768556073E-01-1.757491628E-01-1.743915404E-01
-1.727824069E-01-1.709218431E-01-1.688103464E-01-1.664488357E-01-1.638386586E-01
-1.609815924E-01-1.578798466E-01-1.545360585E-01-1.509532963E-01-1.471350288E-01
-1.430851281E-01-1.388078390E-01-1.343077371E-01-1.295897352E-01-1.246590220E-01
-1.195210418E-01-1.141816151E-01-1.086463079E-01-1.029213788E-01-9.701447781E-02
-9.092924091E-02-8.467773220E-02-7.826473247E-02-7.168645865E-02-6.495556926E-02
-5.809922993E-02-5.112198254E-02-4.401314938E-02-3.678115849E-02-2.945308832E-02
-2.204840523E-02-1.457431461E-02-7.044413770E-03 5.637146131E-04 8.488330464E-03
 1.690850939E-02 2.579541425E-02 3.509390385E-02 4.476377801E-02 5.477013870E-02
 6.508135113E-02 7.566944771E-02 8.650923754E-02 9.757815747E-02 1.088555982E-01
 1.203225401E-01 1.319617190E-01 1.437573939E-01 1.556951862E-01 1.677618620E-01
 1.799457390E-01 1.922388368E-01 2.046193093E-01 7.331264362E-02 6.909714078E-02
 6.489231226E-02 6.070004538E-02 5.652025430E-02 5.235320775E-02 4.819925218E-02
 4.405877539E-02 3.993221689E-02 3.582002361E-02 3.172262582E-02 2.764046829E-02
 2.357404186E-02 1.952384058E-02 1.549027259E-02 1.147366771E-02 7.474773434E-03
 3.495266066E-03-4.694788839E-04-4.440655676E-03-8.430216990E-03-1.243242141E-02
-1.644320235E-02-2.046608078E-02-2.450786847E-02-2.857436057E-02-3.266883253E-02
-3.679281113E-02-4.094695964E-02-4.513127525E-02-4.934506990E-02-5.358689846E-02
-5.785444981E-02-6.214472067E-02-6.645426638E-02-7.077905809E-02-7.511427556E-02
-7.945434563E-02-8.379327367E-02-8.812468240E-02-9.244158783E-02-9.673649874E-02
-1.010015165E-01-1.052283842E-01-1.094086455E-01-1.135334266E-01-1.175934487E-01
-1.215794712E-01-1.254821576E-01-1.292920270E-01-1.329995705E-01-1.365952583E-01
-1.400697704E-01-1.434139415E-01-1.466187158E-01-1.496753033E-01-1.525752491E-01
-1.553103787E-01-1.578728705E-01-1.602552775E-01-1.624505408E-01-1.644520190E-01
-1.662534701E-01-1.678490795E-01-1.692334606E-01-1.704016450E-01-1.713490881E-01
-1.720716650E-01-1.725656676E-01-1.728277990E-01-1.728551712E-01-1.726453017E-01
-1.721961120E-01-1.715059259E-01-1.705734681E-01-1.693978666E-01-1.679786548E-01
-1.663157741E-01-1.644095747E-01-1.622608205E-01-1.598706914E-01-1.572407820E-01
-1.543731012E-01-1.512700697E-01-1.479345105E-01-1.443696380E-01-1.405790360E-01
-1.365666516E-01-1.323367584E-01-1.278939249E-01-1.232430219E-01-1.183891713E-01
-1.133377490E-01-1.080943831E-01-1.026645375E-01-9.705480270E-02-9.127153608E-02
-8.531940550E-02-7.921015346E-02-7.294967159E-02-6.653739269E-02-5.997836570E-02
-5.329661458E-02-4.650718230E-02-3.960455029E-02-3.258677940E-02-2.547637797E-02
-1.829619983E-02-1.106137500E-02-3.786604767E-03 3.630414636E-03 1.149180340E-02
 1.987532754E-02 2.872416664E-02 3.798789983E-02 4.762716476E-02 5.760648919E-02
 6.789427765E-02 7.846214944E-02 8.928499176E-02 1.003401026E-01 1.116070850E-01
 1.230672854E-01 1.347033485E-01 1.464994569E-01 1.584410327E-01 1.705151878E-01
 1.827130494E-01 1.950098359E-01 7.633637433E-02 7.215077432E-02 6.797615610E-02
 6.381444687E-02 5.966557187E-02 5.552986200E-02 5.140775178E-02 4.729967007E-02
 4.320602707E-02 3.912724039E-02 3.506377417E-02 3.101610986E-02 2.698466280E-02
 2.296980059E-02 1.897196409E-02 1.499167804E-02 1.102941344E-02 7.086007169E-03
 3.162984598E-03-7.454676421E-04-4.660544566E-03-8.591787552E-03-1.253303551E-02
-1.648051776E-02-2.043768654E-02-2.441098464E-02-2.840575244E-02-3.242488731E-02
-3.646967593E-02-4.054066237E-02-4.463769445E-02-4.875975252E-02-5.290511993E-02
-5.707160571E-02-6.125641047E-02-6.545595089E-02-6.966587587E-02-7.388135377E-02
-7.809716153E-02-8.230746845E-02-8.650588523E-02-9.068557915E-02-9.483928885E-02
-9.895948202E-02-1.030382854E-01-1.070672803E-01-1.110378939E-01-1.149415013E-01
-1.187692454E-01-1.225121289E-01-1.261610745E-01-1.297069748E-01-1.331409045E-01
-1.364539616E-01-1.396373304E-01-1.426824570E-01-1.455810166E-01-1.483249394E-01
-1.509064581E-01-1.533181420E-01-1.555529100E-01-1.576040683E-01-1.594652955E-01
-1.611306760E-01-1.625947057E-01-1.638522846E-01-1.648987270E-01-1.657297621E-01
-1.663415307E-01-1.667305833E-01-1.668938792E-01-1.668287845E-01-1.665330698E-01
-1.660049068E-01-1.652428702E-01-1.642459367E-01-1.630134867E-01-1.615452998E-01
-1.598415613E-01-1.579028603E-01-1.557301889E-01-1.533249408E-01-1.506889100E-01
-1.478242831E-01-1.447336265E-01-1.414198846E-01-1.378863520E-01-1.341366710E-01
-1.301747978E-01-1.260049861E-01-1.216317580E-01-1.170599066E-01-1.122944696E-01
-1.073407285E-01-1.022041298E-01-9.689016693E-02-9.140536063E-02-8.575537790E-02
-7.994668014E-02-7.398790680E-02-6.788724926E-02-6.164851852E-02-5.527188024E-02
-4.877512833E-02-4.217926737E-02-3.548606482E-02-2.869151797E-02-2.180807921E-02
-1.485942592E-02-7.873317905E-03-8.458421103E-04 6.440957138E-03 1.425760614E-02
 2.260344580E-02 3.141498074E-02 4.064528792E-02 5.025507362E-02 6.020867968E-02
 7.047419824E-02 8.102325332E-02 9.183028258E-02 1.028726389E-01 1.141297939E-01
 1.255832530E-01 1.372160857E-01 1.490122581E-01 1.609576004E-01 1.730424443E-01
 1.852390844E-01 7.943210460E-02 7.527622566E-02 7.113163147E-02 6.700035150E-02
 6.288238418E-02 5.877810205E-02 5.468791396E-02 5.061221356E-02 4.655143758E-02
 4.250605135E-02 3.847647300E-02 3.446305913E-02 3.046619462E-02 2.648636788E-02
 2.252410842E-02 1.857989942E-02 1.465416221E-02 1.074726582E-02 6.860116832E-03
 2.994311772E-03-8.563222764E-04-4.712474915E-03-8.582661217E-03-1.246078981E-02
-1.634293885E-02-2.023200864E-02-2.413391880E-02-2.805376764E-02-3.199439681E-02
-3.595693322E-02-3.994154879E-02-4.394781309E-02-4.797480218E-02-5.202094792E-02
-5.608389922E-02-6.016052664E-02-6.424716812E-02-6.833975484E-02-7.243361786E-02
-7.652348834E-02-8.060362304E-02-8.466780444E-02-8.870945926E-02-9.272172251E-02
-9.669717031E-02-1.006280014E-01-1.045063577E-01-1.083241389E-01-1.120730048E-01
-1.157444712E-01-1.193299033E-01-1.228206884E-01-1.262082893E-01-1.294841241E-01
-1.326396798E-01-1.356666783E-01-1.385569817E-01-1.413026818E-01-1.438961201E-01
-1.463299342E-01-1.485970718E-01-1.506908332E-01-1.526048581E-01-1.543331662E-01
-1.558701658E-01-1.572106504E-01-1.583498136E-01-1.592832528E-01-1.600069673E-01
-1.605173602E-01-1.608112394E-01-1.608858160E-01-1.607387013E-01-1.603679075E-01
-1.597718478E-01-1.589493332E-01-1.578995711E-01-1.566221669E-01-1.551171226E-01
-1.533848336E-01-1.514260877E-01-1.492420622E-01-1.468343189E-01-1.442047941E-01
-1.413557922E-01-1.382899791E-01-1.350103526E-01-1.315202424E-01-1.278232898E-01
-1.239234217E-01-1.198248366E-01-1.155319824E-01-1.110495582E-01-1.063825124E-01
-1.015360180E-01-9.651539812E-02-9.132623187E-02-8.597476648E-02-8.046661427E-02
-7.480942393E-02-6.900841414E-02-6.307461202E-02-5.701485671E-02-5.082789271E-02
-4.452542928E-02-3.812941677E-02-3.164918879E-02-2.508215429E-02-1.843232068E-02
-1.172314733E-02-4.993274768E-03 1.813888787E-03 9.023968099E-03 1.680184376E-02
 2.510737763E-02 3.388169686E-02 4.307960407E-02 5.266060558E-02 6.258919880E-02
 7.283332107E-02 8.336431897E-02 9.415658032E-02 1.051869951E-01 1.164350739E-01
 1.278821900E-01 1.395113428E-01 1.513075408E-01 1.632603007E-01 1.753387356E-01
 8.259706109E-02 7.847077985E-02 7.435619424E-02 7.025542860E-02 6.616844713E-02
 6.209558178E-02 5.803725990E-02 5.399392732E-02 4.996600364E-02 4.595384117E-02
 4.195778346E-02 3.797827009E-02 3.401580848E-02 3.007087595E-02 2.614389928E-02
 2.223528603E-02 1.834547266E-02 1.447495070E-02 1.062423639E-02 6.794367038E-03
 2.986870020E-03-8.044274108E-04-4.599427326E-03-8.406445251E-03-1.221955796E-02
-1.603432422E-02-1.985301299E-02-2.368115827E-02-2.752365771E-02-3.138311009E-02
-3.526043477E-02-3.915586283E-02-4.306904919E-02-4.699889170E-02-5.094349100E-02
-5.490036221E-02-5.886659086E-02-6.283867305E-02-6.681247354E-02-7.078335090E-02
-7.474616561E-02-7.869534104E-02-8.262500498E-02-8.652879440E-02-9.039979822E-02
-9.423094521E-02-9.801497626E-02-1.017443140E-01-1.054111576E-01-1.090075311E-01
-1.125252874E-01-1.159563269E-01-1.192925006E-01-1.225255942E-01-1.256474545E-01
-1.286501035E-01-1.315256466E-01-1.342663850E-01-1.368648204E-01-1.393137100E-01
-1.416060807E-01-1.437352730E-01-1.456949321E-01-1.474790533E-01-1.490819935E-01
-1.504984708E-01-1.517235833E-01-1.527528166E-01-1.535820444E-01-1.542075332E-01
-1.546259455E-01-1.548343380E-01-1.548301633E-01-1.546112696E-01-1.541758992E-01
-1.535226856E-01-1.526506548E-01-1.515592236E-01-1.502481938E-01-1.487177539E-01
-1.469684731E-01-1.450012974E-01-1.428175420E-01-1.404188858E-01-1.378073614E-01
-1.349853442E-01-1.319555369E-01-1.287209551E-01-1.252849211E-01-1.216510336E-01
-1.178231624E-01-1.138054298E-01-1.096021977E-01-1.052180679E-01-1.006579005E-01
-9.592676699E-02-9.102992918E-02-8.597301346E-02-8.076199432E-02-7.540280945E-02
-6.990314319E-02-6.426688239E-02-5.850640276E-02-5.262935269E-02-4.663709442E-02
-4.053630309E-02-3.434665911E-02-2.808275612E-02-2.174475588E-02-1.533269118E-02
-8.871680862E-03-2.394252822E-03 4.249543489E-03 1.140359526E-02 1.913908375E-02
 2.740130465E-02 3.613812456E-02 4.530350105E-02 5.485631561E-02 6.476014202E-02
 7.498324695E-02 8.549668969E-02 9.627461905E-02 1.072938405E-01 1.185333876E-01
 1.299744613E-01 1.416005724E-01 1.534009400E-01 1.653418982E-01 8.582885058E-02
 8.173225436E-02 7.764775259E-02 7.357749468E-02 6.952143803E-02 6.547996501E-02
 6.145351200E-02 5.744243037E-02 5.344703772E-02 4.946772416E-02 4.550496236E-02
 4.155922870E-02 3.763094642E-02 3.372050267E-02 2.982829060E-02 2.595474871E-02
 2.210039961E-02 1.826581553E-02 1.445152422E-02 1.065798283E-02 6.886164996E-03
 3.137593796E-03-5.932695472E-04-4.325005004E-03-8.066628735E-03-1.181290735E-02
-1.555875565E-02-1.930550055E-02-2.305792641E-02-2.682070853E-02-3.059669741E-02
-3.438696719E-02-3.819154804E-02-4.200974519E-02-4.584027651E-02-4.968139540E-02
-5.353076759E-02-5.738540247E-02-6.124176971E-02-6.509582679E-02-6.894303320E-02
-7.277850459E-02-7.659694485E-02-8.039244246E-02-8.415875073E-02-8.788947455E-02
-9.157788235E-02-9.521694441E-02-9.879940765E-02-1.023177877E-01-1.057644765E-01
-1.091318688E-01-1.124122216E-01-1.155977187E-01-1.186806094E-01-1.216532362E-01
-1.245079949E-01-1.272374365E-01-1.298342710E-01-1.322914208E-01-1.346020375E-01
-1.367595483E-01-1.387576491E-01-1.405903528E-01-1.422520024E-01-1.437372750E-01
-1.450412037E-01-1.461591876E-01-1.470869959E-01-1.478207752E-01-1.483570539E-01
-1.486927430E-01-1.488251402E-01-1.487519294E-01-1.484711772E-01-1.479813369E-01
-1.472812450E-01-1.463701171E-01-1.452475474E-01-1.439135062E-01-1.423683319E-01
-1.406127285E-01-1.386477577E-01-1.364748316E-01-1.340957025E-01-1.315124540E-01
-1.287274862E-01-1.257435038E-01-1.225635108E-01-1.191907797E-01-1.156288490E-01
-1.118815128E-01-1.079528090E-01-1.038470125E-01-9.956863350E-02-9.512245364E-02
-9.051345896E-02-8.574688642E-02-8.082836381E-02-7.576368013E-02-7.055907962E-02
-6.522181593E-02-5.975649183E-02-5.417417845E-02-4.848347744E-02-4.268940893E-02
-3.679535690E-02-3.081750770E-02-2.477295889E-02-1.866473966E-02-1.249226826E-02
-6.286616464E-03-4.914782948E-05 6.487916090E-03 1.359727523E-02 2.128572581E-02
 2.950078862E-02 3.819753780E-02 4.732952157E-02 5.685384278E-02 6.673321654E-02
 7.693517898E-02 8.743117095E-02 9.819497216E-02 1.092031675E-01 1.204344601E-01
 1.318702838E-01 1.434987790E-01 1.552827037E-01 8.912552936E-02 8.505860712E-02
 8.100412834E-02 7.696434166E-02 7.293921977E-02 6.892907224E-02 6.493422288E-02
 6.095501509E-02 5.699188049E-02 5.304528838E-02 4.911566065E-02 4.520337451E-02
 4.130879535E-02 3.743231166E-02 3.357437778E-02 2.973551601E-02 2.591626210E-02
 2.211712680E-02 1.833862045E-02 1.458124389E-02 1.084547717E-02 7.132322375E-03
 3.443346856E-03-2.260601099E-04-3.892602649E-03-7.567077122E-03-1.124519662E-02
-1.492082235E-02-1.859408369E-02-2.226926754E-02-2.595106302E-02-2.964236901E-02
-3.334409636E-02-3.705607328E-02-4.077767174E-02-4.450774088E-02-4.824445924E-02
-5.198542181E-02-5.572769569E-02-5.946780999E-02-6.320188043E-02-6.692565831E-02
-7.063430048E-02-7.432245858E-02-7.798459647E-02-8.161488548E-02-8.520712758E-02
-8.875484638E-02-9.225132478E-02-9.568958361E-02-9.906257203E-02-1.023631520E-01
-1.055840112E-01-1.087177569E-01-1.117570608E-01-1.146946069E-01-1.175231169E-01
-1.202354251E-01-1.228244897E-01-1.252834383E-01-1.276055906E-01-1.297845031E-01
-1.318139642E-01-1.336880446E-01-1.354011122E-01-1.369478397E-01-1.383232283E-01
-1.395226199E-01-1.405417043E-01-1.413765291E-01-1.420235052E-01-1.424794118E-01
-1.427414006E-01-1.428069942E-01-1.426740891E-01-1.423409580E-01-1.418062429E-01
-1.410689560E-01-1.401284790E-01-1.389845546E-01-1.376372854E-01-1.360871263E-01
-1.343348791E-01-1.323816837E-01-1.302290102E-01-1.278786480E-01-1.253326954E-01
-1.225935444E-01-1.196638774E-01-1.165466506E-01-1.132450736E-01-1.097626147E-01
-1.061029837E-01-1.022701349E-01-9.826826295E-02-9.410179872E-02-8.977545572E-02
-8.529415790E-02-8.066313418E-02-7.588799116E-02-7.097443613E-02-6.592884871E-02
-6.075819894E-02-5.546849720E-02-5.006800683E-02-4.456696708E-02-3.897308468E-02
-3.328873591E-02-2.752658797E-02-2.170406889E-02-1.582570402E-02-9.895498488E-03
-3.946308343E-03 2.089113139E-03 8.556656407E-03 1.562158701E-02 2.325791643E-02
 3.142208014E-02 4.007412022E-02 4.917000329E-02 5.866463740E-02 6.851918829E-02
 7.870004703E-02 8.917818403E-02 9.992772670E-02 1.109246092E-01 1.221481168E-01
 1.335846476E-01 1.451927424E-01 9.248504271E-02 8.844775050E-02 8.442330347E-02
 8.041395971E-02 7.641956720E-02 7.244038619E-02 6.847682605E-02 6.452933679E-02
 6.059834093E-02 5.668421238E-02 5.278729770E-02 4.890795176E-02 4.504656789E-02
 4.120361262E-02 3.737959717E-02 3.357501960E-02 2.979036206E-02 2.602612018E-02
 2.228280924E-02 1.856098147E-02 1.486119909E-02 1.118397368E-02 7.530194785E-03
 3.901235639E-03 2.936587911E-04-3.306390400E-03-6.912105641E-03-1.052049413E-02
-1.412485851E-02-1.772412200E-02-2.132158018E-02-2.492149836E-02-2.852681824E-02
-3.213873287E-02-3.575724268E-02-3.938161983E-02-4.301059108E-02-4.664235848E-02
-5.027455496E-02-5.390432498E-02-5.752844578E-02-6.114316847E-02-6.474412995E-02
-6.832666019E-02-7.188585151E-02-7.541639653E-02-7.891265116E-02-8.236869023E-02
-8.577830565E-02-8.913506003E-02-9.243244412E-02-9.566377112E-02-9.882217842E-02
-1.019007209E-01-1.048924944E-01-1.077905451E-01-1.105879469E-01-1.132778434E-01
-1.158534723E-01-1.183082001E-01-1.206355517E-01-1.228292506E-01-1.248832160E-01
-1.267916150E-01-1.285488783E-01-1.301497100E-01-1.315891129E-01-1.328624023E-01
-1.339652163E-01-1.348935281E-01-1.356436528E-01-1.362122551E-01-1.365963535E-01
-1.367933222E-01-1.368008965E-01-1.366171702E-01-1.362405951E-01-1.356699815E-01
-1.349044945E-01-1.339436504E-01-1.327873136E-01-1.314356877E-01-1.298893123E-01
-1.281490552E-01-1.262161020E-01-1.240919488E-01-1.217783912E-01-1.192775140E-01
-1.165916849E-01-1.137235366E-01-1.106759595E-01-1.074521008E-01-1.040553513E-01
-1.004893383E-01-9.675794009E-02-9.286528068E-02-8.881572372E-02-8.461392947E-02
-8.026477896E-02-7.577350337E-02-7.114568747E-02-6.638702854E-02-6.150394316E-02
-5.650330707E-02-5.139223768E-02-4.617656810E-02-4.086803938E-02-3.547523557E-02
-3.000210446E-02-2.445814327E-02-1.885886995E-02-1.320998625E-02-7.524716921E-03
-1.822366807E-03 4.062486374E-03 1.047520110E-02 1.749135178E-02 2.507168745E-02
 3.318104430E-02 4.178331710E-02 5.083767092E-02 6.030017018E-02 7.012855635E-02
 8.028788853E-02 9.074793010E-02 1.014823364E-01 1.124681579E-01 1.236898916E-01
 1.351015760E-01 9.590548037E-02 9.189781640E-02 8.790325286E-02 8.392402751E-02
 7.996002272E-02 7.601161264E-02 7.207924057E-02 6.816328022E-02 6.426406659E-02
 6.038193014E-02 5.651722194E-02 5.267034892E-02 4.884177967E-02 4.503200103E-02
 4.124147758E-02 3.747067466E-02 3.372008138E-02 2.999020765E-02 2.628159998E-02
 2.259483011E-02 1.893046007E-02 1.528899070E-02 1.167080987E-02 8.076591033E-03
 4.507664966E-03 9.623537628E-04-2.570320318E-03-6.105968623E-03-9.643660571E-03
-1.317641903E-02-1.670143018E-02-2.022065233E-02-2.373804289E-02-2.725689920E-02
-3.077867937E-02-3.430337194E-02-3.783022047E-02-4.135794941E-02-4.488477683E-02
-4.840851309E-02-5.192649918E-02-5.543543181E-02-5.893154943E-02-6.241085545E-02
-6.586898200E-02-6.930115805E-02-7.270229101E-02-7.606699717E-02-7.938957427E-02
-8.266414635E-02-8.588471505E-02-8.904504792E-02-9.213873966E-02-9.515931103E-02
-9.810027656E-02-1.009550647E-01-1.037171190E-01-1.063799118E-01-1.089369839E-01
-1.113819688E-01-1.137086267E-01-1.159108795E-01-1.179828113E-01-1.199187201E-01
-1.217131339E-01-1.233608223E-01-1.248568225E-01-1.261964548E-01-1.273753354E-01
-1.283893890E-01-1.292348594E-01-1.299083177E-01-1.304066670E-01-1.307271499E-01
-1.308673510E-01-1.308251951E-01-1.305989533E-01-1.301872390E-01-1.295890059E-01
-1.288035484E-01-1.278304919E-01-1.266697929E-01-1.253217314E-01-1.237869031E-01
-1.220662129E-01-1.201608674E-01-1.180723640E-01-1.158024826E-01-1.133532789E-01
-1.107270749E-01-1.079264433E-01-1.049542110E-01-1.018134563E-01-9.850749441E-02
-9.503987977E-02-9.141442200E-02-8.763518516E-02-8.370648013E-02-7.963292578E-02
-7.541937820E-02-7.107107129E-02-6.659357156E-02-6.199261940E-02-5.727463569E-02
-5.244642293E-02-4.751566506E-02-4.248723680E-02-3.737295988E-02-3.218194089E-02
-2.692033351E-02-2.159510690E-02-1.621835220E-02-1.079916671E-02-5.362043209E-03
 1.091249585E-04 5.893712613E-03 1.225917599E-02 1.922130300E-02 2.674234752E-02
 3.479293971E-02 4.334043307E-02 5.234711419E-02 6.177188966E-02 7.157190785E-02
 8.170838151E-02 9.214954457E-02 1.028689345E-01 1.138498614E-01 1.250413587E-01
 9.938500200E-02 9.540667019E-02 9.144164663E-02 8.749230035E-02 8.355857594E-02
 7.964080253E-02 7.573933088E-02 7.185447455E-02 6.798655508E-02 6.413592693E-02
 6.030300908E-02 5.648826323E-02 5.269214363E-02 4.891508934E-02 4.515755834E-02
 4.142003354E-02 3.770302131E-02 3.400706408E-02 3.033272049E-02 2.668052983E-02
 2.305098915E-02 1.944452659E-02 1.586152103E-02 1.230240921E-02 8.767938116E-03
 5.259358291E-03 1.776334117E-03-1.689349436E-03-5.154254375E-03-8.620078115E-03
-1.208047303E-02-1.553097623E-02-1.897219633E-02-2.240742869E-02-2.583994821E-02
-2.927156123E-02-3.270250091E-02-3.613202169E-02-3.955891246E-02-4.298158404E-02
-4.639784771E-02-4.980492592E-02-5.319973013E-02-5.657885208E-02-5.993843999E-02
-6.327427520E-02-6.658181202E-02-6.985618369E-02-7.309221746E-02-7.628459308E-02
-7.942779507E-02-8.251605662E-02-8.554343488E-02-8.850392365E-02-9.139145102E-02
-9.419984313E-02-9.692292469E-02-9.955451280E-02-1.020884690E-01-1.045187149E-01
-1.068392699E-01-1.090442805E-01-1.111280242E-01-1.130849598E-01-1.149097434E-01
-1.165972413E-01-1.181425560E-01-1.195410429E-01-1.207883254E-01-1.218803081E-01
-1.228131884E-01-1.235834670E-01-1.241879541E-01-1.246237792E-01-1.248883902E-01
-1.249795609E-01-1.248953941E-01-1.246343149E-01-1.241950768E-01-1.235767572E-01
-1.227787525E-01-1.218007778E-01-1.206428579E-01-1.193053240E-01-1.177888067E-01
-1.160942277E-01-1.142227932E-01-1.121759852E-01-1.099555565E-01-1.075635188E-01
-1.050021389E-01-1.022739323E-01-9.938166324E-02-9.632834074E-02-9.311721056E-02
-8.975176545E-02-8.623575614E-02-8.257319645E-02-7.876835655E-02-7.482582698E-02
-7.075044878E-02-6.654745288E-02-6.222239524E-02-5.778107696E-02-5.322989284E-02
-4.857555145E-02-4.382595951E-02-3.898638957E-02-3.406715533E-02-2.907822220E-02
-2.402733758E-02-1.891954992E-02-1.376387055E-02-8.576249654E-03-3.384455758E-03
 1.894316469E-03 7.606873297E-03 1.392230957E-02 2.082532366E-02 2.828414775E-02
 3.627227385E-02 4.476006687E-02 5.371311836E-02 6.309328562E-02 7.285971365E-02
 8.297090759E-02 9.339265669E-02 1.041041592E-01 1.150484093E-01 1.029214010E-01
 9.897213371E-02 9.503651605E-02 9.111695113E-02 8.721328772E-02 8.332578090E-02
 7.945475125E-02 7.560051807E-02 7.176344677E-02 6.794395958E-02 6.414250039E-02
 6.035949261E-02 5.659535942E-02 5.285055521E-02 4.912555670E-02 4.542086743E-02
 4.173702287E-02 3.807456644E-02 3.443401938E-02 3.081585784E-02 2.722048138E-02
 2.364825792E-02 2.009965676E-02 1.657522325E-02 1.307541100E-02 9.600717657E-03
 6.152235214E-03 2.730826429E-03-6.689591559E-04-4.062123054E-03-7.454564356E-03
-1.084192214E-02-1.421828795E-02-1.758228315E-02-2.093609918E-02-2.428289560E-02
-2.762484017E-02-3.096255781E-02-3.429558947E-02-3.762278307E-02-4.094238077E-02
-4.425223239E-02-4.754989557E-02-5.083248863E-02-5.409669835E-02-5.733885258E-02
-6.055494542E-02-6.374061475E-02-6.689123998E-02-7.000203365E-02-7.306794852E-02
-7.608369205E-02-7.904379273E-02-8.194271334E-02-8.477479396E-02-8.753426961E-02
-9.021535245E-02-9.281221688E-02-9.531905820E-02-9.773010304E-02-1.000396490E-01
-1.022420882E-01-1.043319147E-01-1.063037737E-01-1.081524753E-01-1.098730106E-01
-1.114605756E-01-1.129105885E-01-1.142187082E-01-1.153808463E-01-1.163931801E-01
-1.172521641E-01-1.179545397E-01-1.184973430E-01-1.188779071E-01-1.190938735E-01
-1.191431892E-01-1.190241081E-01-1.187351964E-01-1.182753268E-01-1.176436793E-01
-1.168397350E-01-1.158632760E-01-1.147143779E-01-1.133934049E-01-1.119010044E-01
-1.102380998E-01-1.084058846E-01-1.064058159E-01-1.042396078E-01-1.019092240E-01
-9.941687949E-02-9.676503627E-02-9.395639285E-02-9.099389421E-02-8.788072895E-02
-8.462033876E-02-8.121642215E-02-7.767295386E-02-7.399417462E-02-7.018465297E-02
-6.624921990E-02-6.219309813E-02-5.802183410E-02-5.374128559E-02-4.935780292E-02
-4.487804298E-02-4.030997760E-02-3.565974020E-02-3.093558375E-02-2.614853830E-02
-2.130651697E-02-1.641341939E-02-1.147715501E-02-6.522162535E-03-1.564720079E-03
 3.567202959E-03 9.218049847E-03 1.547718047E-02 2.231677710E-02 2.971021650E-02
 3.763250666E-02 4.605609946E-02 5.494983086E-02 6.427854801E-02 7.400371421E-02
 8.408592632E-02 9.449469513E-02 1.051628585E-01 1.065127434E-01 1.025924635E-01
 9.868608977E-02 9.479599663E-02 9.092197445E-02 8.706426985E-02 8.322322383E-02
 7.939921480E-02 7.559266038E-02 7.180397677E-02 6.803356347E-02 6.428183765E-02
 6.054924976E-02 5.683627016E-02 5.314339916E-02 4.947116331E-02 4.582008902E-02
 4.219067968E-02 3.858339030E-02 3.499859443E-02 3.143663899E-02 2.789796915E-02
 2.438310349E-02 2.089250144E-02 1.742655659E-02 1.398569191E-02 1.057048112E-02
 7.182072635E-03 3.821802195E-03 4.865185494E-04-2.834277948E-03-6.152611759E-03
-9.466287872E-03-1.276871037E-02-1.605642777E-02-1.933011572E-02-2.259240533E-02
-2.584583060E-02-2.909160361E-02-3.232942243E-02-3.555807827E-02-3.877601627E-02
-4.198133565E-02-4.517167838E-02-4.834428917E-02-5.149603956E-02-5.462344640E-02
-5.772266477E-02-6.078962913E-02-6.382005868E-02-6.680937539E-02-6.975276083E-02
-7.264522442E-02-7.548168865E-02-7.825690967E-02-8.096553827E-02-8.360217611E-02
-8.616136520E-02-8.863764480E-02-9.102555907E-02-9.331969816E-02-9.551471731E-02
-9.760534685E-02-9.958643930E-02-1.014529812E-01-1.032001121E-01-1.048231466E-01
-1.063175914E-01-1.076791671E-01-1.089038175E-01-1.099877259E-01-1.109273258E-01
-1.117193131E-01-1.123606530E-01-1.128485880E-01-1.131806454E-01-1.133546351E-01
-1.133686608E-01-1.132211157E-01-1.129106851E-01-1.124363454E-01-1.117973596E-01
-1.109932798E-01-1.100239380E-01-1.088894455E-01-1.075901867E-01-1.061268136E-01
-1.045002425E-01-1.027116462E-01-1.007624502E-01-9.865432939E-02-9.638920462E-02
-9.396923682E-02-9.139683472E-02-8.867464010E-02-8.580554320E-02-8.279268507E-02
-7.963946230E-02-7.634953327E-02-7.292684156E-02-6.937560267E-02-6.570036817E-02
-6.190596198E-02-5.799759137E-02-5.398079389E-02-4.986147138E-02-4.564594141E-02
-4.134081129E-02-3.695400636E-02-3.249247250E-02-2.796285162E-02-2.337655183E-02
-1.874069752E-02-1.405856355E-02-9.340439603E-03-4.619922040E-03 1.184731874E-04
 5.148340707E-03 1.074146805E-02 1.693636652E-02 2.370810099E-02 3.103281817E-02
 3.888597934E-02 4.724140128E-02 5.607061090E-02 6.534109517E-02 7.501828822E-02
 8.507361952E-02 9.542755267E-02 1.101574027E-01 1.062658487E-01 1.023883501E-01
 9.852728903E-02 9.468245396E-02 9.085412752E-02 8.704271218E-02 8.324861441E-02
 7.947222101E-02 7.571391530E-02 7.197411445E-02 6.825326375E-02 6.455182740E-02
 6.087030112E-02 5.720920070E-02 5.356903489E-02 4.995028951E-02 4.635339762E-02
 4.277870592E-02 3.922654299E-02 3.569733463E-02 3.219156739E-02 2.870966155E-02
 2.525198084E-02 2.181895370E-02 1.841112837E-02 1.502913802E-02 1.167365216E-02
 8.345567572E-03 5.046091110E-03 1.774436276E-03-1.476177938E-03-4.720239132E-03
-7.959095614E-03-1.118741326E-02-1.439984989E-02-1.759512984E-02-2.077497843E-02
-2.394180832E-02-2.709711421E-02-3.024110741E-02-3.337301773E-02-3.649141185E-02
-3.959442667E-02-4.267984170E-02-4.574507509E-02-4.878715577E-02-5.180278035E-02
-5.478842657E-02-5.774029830E-02-6.065429485E-02-6.352607193E-02-6.635112464E-02
-6.912482323E-02-7.184234636E-02-7.449876538E-02-7.708907352E-02-7.960818839E-02
-8.205100035E-02-8.441238059E-02-8.668722384E-02-8.887046260E-02-9.095707910E-02
-9.294215007E-02-9.482085812E-02-9.658851258E-02-9.824056772E-02-9.977264290E-02
-1.011805435E-01-1.024602695E-01-1.036080344E-01-1.046202751E-01-1.054936662E-01
-1.062251260E-01-1.068118290E-01-1.072512074E-01-1.075409602E-01-1.076790587E-01
-1.076637427E-01-1.074935285E-01-1.071672055E-01-1.066838386E-01-1.060427625E-01
-1.052435837E-01-1.042861749E-01-1.031706716E-01-1.018974701E-01-1.004672205E-01
-9.888082565E-02-9.713943546E-02-9.524444515E-02-9.319749009E-02-9.100044911E-02
-8.865543629E-02-8.616480866E-02-8.353116434E-02-8.075734686E-02-7.784645693E-02
-7.480185457E-02-7.162716504E-02-6.832630433E-02-6.490346796E-02-6.136319329E-02
-5.771029363E-02-5.394995761E-02-5.008771444E-02-4.612948515E-02-4.208156137E-02
-3.795051295E-02-3.374406366E-02-2.946977979E-02-2.513359775E-02-2.074583226E-02
-1.631261990E-02-1.183788002E-02-7.338435290E-03-2.849075993E-03 1.707128434E-03
 6.659627513E-03 1.218954218E-02 1.831214349E-02 2.501119157E-02 3.226342910E-02
 4.004407517E-02 4.832776927E-02 5.708740960E-02 6.629476904E-02 7.592811049E-02
 8.590446038E-02 1.138535185E-01 1.099902782E-01 1.061412188E-01 1.023087569E-01
 9.849272737E-02 9.469346213E-02 9.091136493E-02 8.714680081E-02 8.340014566E-02
 7.967181642E-02 7.596225220E-02 7.227191224E-02 6.860128570E-02 6.495087568E-02
 6.132117349E-02 5.771264757E-02 5.412570810E-02 5.056067506E-02 4.701786092E-02
 4.349767331E-02 4.000056884E-02 3.652693469E-02 3.307710487E-02 2.965147721E-02
 2.625057492E-02 2.287503493E-02 1.952554911E-02 1.620273471E-02 1.290707043E-02
 9.639155821E-03 6.400077879E-03 3.190475279E-03 6.348108595E-06-3.163011020E-03
-6.326043494E-03-9.479646426E-03-1.261772267E-02-1.573670686E-02-1.883653306E-02
-2.191895146E-02-2.498588808E-02-2.803824619E-02-3.107564344E-02-3.409683760E-02
-3.710009193E-02-4.008331624E-02-4.304404688E-02-4.597953826E-02-4.888679528E-02
-5.176249915E-02-5.460303327E-02-5.740453101E-02-6.016297077E-02-6.287416158E-02
-6.553371177E-02-6.813711563E-02-7.067975942E-02-7.315694221E-02-7.556391203E-02
-7.789587564E-02-8.014804175E-02-8.231563105E-02-8.439389049E-02-8.637813629E-02
-8.826376383E-02-9.004626952E-02-9.172126692E-02-9.328450869E-02-9.473190591E-02
-9.605953780E-02-9.726367028E-02-9.834076762E-02-9.928750592E-02-1.001007810E-01
-1.007777202E-01-1.013156859E-01-1.017122890E-01-1.019653863E-01-1.020730880E-01
-1.020337615E-01-1.018460309E-01-1.015087795E-01-1.010211451E-01-1.003825259E-01
-9.959257272E-02-9.865119012E-02-9.755853275E-02-9.631500208E-02-9.492124438E-02
-9.337814722E-02-9.168683883E-02-8.984868470E-02-8.786528624E-02-8.573848232E-02
-8.347034741E-02-8.106319687E-02-7.851959150E-02-7.584233833E-02-7.303450309E-02
-7.009941364E-02-6.704066800E-02-6.386215996E-02-6.056806719E-02-5.716291008E-02
-5.365148851E-02-5.003897052E-02-4.633087015E-02-4.253310600E-02-3.865193813E-02
-3.469389607E-02-3.066637635E-02-2.657745893E-02-2.243287515E-02-1.824040395E-02
-1.400590934E-02-9.735958101E-03-5.455859530E-03-1.186642068E-03 3.230937133E-03
 8.114826907E-03 1.357378735E-02 1.961715051E-02 2.623725121E-02 3.341273961E-02
 4.111742430E-02 4.932545960E-02 5.801264477E-02 6.716441651E-02 7.669687720E-02
 1.175991188E-01 1.137637653E-01 1.099427433E-01 1.061385422E-01 1.023510226E-01
 9.858049266E-02 9.482732105E-02 9.109188637E-02 8.737460220E-02 8.367590033E-02
 7.999623585E-02 7.633609005E-02 7.269595145E-02 6.907629459E-02 6.547757046E-02
 6.190016547E-02 5.834437377E-02 5.481049374E-02 5.129891616E-02 4.781006932E-02
 4.434431023E-02 4.090194630E-02 3.748334904E-02 3.408901733E-02 3.071956546E-02
 2.737566716E-02 2.405795333E-02 2.076694906E-02 1.750311946E-02 1.426691198E-02
 1.105884241E-02 7.879776260E-03 4.730821577E-03 1.610768890E-03-1.486329931E-03
-4.573563802E-03-7.651566601E-03-1.071539900E-02-1.375958086E-02-1.678187085E-02
-1.978294970E-02-2.276451250E-02-2.572788440E-02-2.867330717E-02-3.159995010E-02
-3.450625735E-02-3.739024415E-02-4.024968213E-02-4.308207669E-02-4.588459378E-02
-4.865410365E-02-5.138722623E-02-5.408041833E-02-5.672992379E-02-5.933178492E-02
-6.188191967E-02-6.437611047E-02-6.681004203E-02-6.917932497E-02-7.147950835E-02
-7.370612337E-02-7.585468897E-02-7.792072849E-02-7.989981021E-02-8.178755591E-02
-8.357966473E-02-8.527192684E-02-8.686024650E-02-8.834066003E-02-8.970934655E-02
-9.096264554E-02-9.209707094E-02-9.310932198E-02-9.399629499E-02-9.475509275E-02
-9.538303288E-02-9.587765802E-02-9.623673404E-02-9.645826587E-02-9.654049225E-02
-9.648189319E-02-9.628118921E-02-9.593734539E-02-9.544956823E-02-9.481730791E-02
-9.404025495E-02-9.311834034E-02-9.205173411E-02-9.084084172E-02-8.948630519E-02
-8.798899951E-02-8.635003201E-02-8.457074297E-02-8.265270360E-02-8.059772161E-02
-7.840783916E-02-7.608533956E-02-7.363275166E-02-7.105285139E-02-6.834867442E-02
-6.552352345E-02-6.258097477E-02-5.952490102E-02-5.635946130E-02-5.308915857E-02
-4.971877410E-02-4.625344947E-02-4.269867946E-02-3.906035533E-02-3.534468220E-02
-3.155814844E-02-2.770788162E-02-2.380218382E-02-1.984621432E-02-1.584499794E-02
-1.180544097E-02-7.739335389E-03-3.679998359E-03 3.858676263E-04 4.708021232E-03
 9.525882843E-03 1.490585662E-02 2.086317472E-02 2.739751546E-02 3.449103687E-02
 4.211532745E-02 5.024557886E-02 5.887070810E-02 6.790605164E-02 1.213923106E-01
 1.175844845E-01 1.137911953E-01 1.100149645E-01 1.062556097E-01 1.025134206E-01
 9.878880017E-02 9.508215876E-02 9.139391979E-02 8.772453395E-02 8.407447353E-02
 8.044421135E-02 7.683420603E-02 7.324489077E-02 6.967662722E-02 6.612968541E-02
 6.260435147E-02 5.910100037E-02 5.562003369E-02 5.216178099E-02 4.872652573E-02
 4.531461506E-02 4.192652455E-02 3.856284750E-02 3.522424029E-02 3.191132847E-02
 2.862463670E-02 2.536463066E-02 2.213177396E-02 1.892653037E-02 1.574935084E-02
 1.260070229E-02 9.481290284E-03 6.392306003E-03 3.334186880E-03 3.035778973E-04
-2.707973048E-03-5.709433527E-03-8.698105593E-03-1.166832405E-02-1.461565923E-02
-1.753880257E-02-2.043854323E-02-2.331623890E-02-2.617271539E-02-2.900772006E-02
-3.182009099E-02-3.460813959E-02-3.736981422E-02-4.010273971E-02-4.280426365E-02
-4.547150219E-02-4.810138578E-02-5.069059599E-02-5.323561377E-02-5.573278103E-02
-5.817827930E-02-6.056818187E-02-6.289846673E-02-6.516503189E-02-6.736373788E-02
-6.949041030E-02-7.154085853E-02-7.351091449E-02-7.539643949E-02-7.719334959E-02
-7.889762680E-02-8.050534364E-02-8.201267890E-02-8.341593023E-02-8.471153108E-02
-8.589606529E-02-8.696627676E-02-8.791908416E-02-8.875158854E-02-8.946108547E-02
-9.004506942E-02-9.050124290E-02-9.082752445E-02-9.102204714E-02-9.108316898E-02
-9.100947212E-02-9.079976826E-02-9.045309351E-02-8.996871696E-02-8.934613542E-02
-8.858507628E-02-8.768549462E-02-8.664757466E-02-8.547172690E-02-8.415859047E-02
-8.270902989E-02-8.112413745E-02-7.940523292E-02-7.755386752E-02-7.557182162E-02
-7.346111511E-02-7.122400193E-02-6.886298570E-02-6.638081838E-02-6.378051249E-02
-6.106535003E-02-5.823888640E-02-5.530497476E-02-5.226775750E-02-4.913171564E-02
-4.590160488E-02-4.258253719E-02-3.917998046E-02-3.569976903E-02-3.214803364E-02
-2.853128675E-02-2.485643903E-02-2.113115035E-02-1.735969875E-02-1.354557978E-02
-9.698315445E-03-5.837832203E-03-1.994610946E-03 1.908800454E-03 6.155709767E-03
 1.090223953E-02 1.619628602E-02 2.206142733E-02 2.850330147E-02 3.550744739E-02
 4.304837528E-02 5.111244093E-02 5.961115145E-02 1.252313928E-01 1.214508175E-01
 1.176849602E-01 1.139363379E-01 1.102047663E-01 1.064905782E-01 1.027941985E-01
 9.911604561E-02 9.545656389E-02 9.181621532E-02 8.819545678E-02 8.459473178E-02
 8.101445525E-02 7.745496305E-02 7.391650351E-02 7.039935210E-02 6.690386882E-02
 6.343043005E-02 5.997934033E-02 5.655086154E-02 5.314531837E-02 4.976316403E-02
 4.640497119E-02 4.307137828E-02 3.976300439E-02 3.648037502E-02 3.322395035E-02
 2.999417760E-02 2.679149520E-02 2.361634464E-02 2.046918032E-02 1.735048864E-02
 1.426080007E-02 1.120071941E-02 8.171063039E-03 5.172877175E-03 2.205566796E-03
-7.349529015E-04-3.659934906E-03-6.572308432E-03-9.468206712E-03-1.234222879E-02
-1.519060219E-02-1.801245774E-02-2.080848457E-02-2.357964685E-02-2.632638209E-02
-2.904821877E-02-3.174383068E-02-3.441133986E-02-3.704853555E-02-3.965299754E-02
-4.222211087E-02-4.475300266E-02-4.724259892E-02-4.968766646E-02-5.208479159E-02
-5.443043983E-02-5.672096060E-02-5.895260632E-02-6.112157300E-02-6.322400097E-02
-6.525599496E-02-6.721366057E-02-6.909310992E-02-7.089048850E-02-7.260198472E-02
-7.422385480E-02-7.575243583E-02-7.718416219E-02-7.851557980E-02-7.974336117E-02
-8.086431574E-02-8.187540498E-02-8.277375038E-02-8.355664592E-02-8.422156186E-02
-8.476616032E-02-8.518829283E-02-8.548601328E-02-8.565757933E-02-8.570145700E-02
-8.561632324E-02-8.540107032E-02-8.505480485E-02-8.457685217E-02-8.396675446E-02
-8.322427255E-02-8.234938669E-02-8.134229527E-02-8.020341780E-02-7.893339278E-02
-7.753308059E-02-7.600356376E-02-7.434614841E-02-7.256237030E-02-7.065398949E-02
-6.862300905E-02-6.647166134E-02-6.420243302E-02-6.181805754E-02-5.932152774E-02
-5.671610758E-02-5.400533549E-02-5.119304688E-02-4.828336439E-02-4.528074312E-02
-4.218991033E-02-3.901594177E-02-3.576426348E-02-3.244063250E-02-2.905115293E-02
-2.560239503E-02-2.210060906E-02-1.855197412E-02-1.496042666E-02-1.133006188E-02
-7.674340845E-03-4.021871008E-03-3.831027767E-04 3.403906533E-03 7.583855400E-03
 1.225244780E-02 1.745498647E-02 2.322248241E-02 2.956451293E-02 3.647353240E-02
 4.394147022E-02 5.187067631E-02 1.291148380E-01 1.253611920E-01 1.216224001E-01
 1.179010307E-01 1.141969349E-01 1.105104578E-01 1.068420340E-01 1.031921024E-01
 9.956111244E-02 9.594950536E-02 9.235771027E-02 8.878612324E-02 8.523505365E-02
 8.170473073E-02 7.819542078E-02 7.470746944E-02 7.124122933E-02 6.779698222E-02
 6.437497047E-02 6.097549801E-02 5.759899666E-02 5.424601898E-02 5.091718518E-02
 4.761310615E-02 4.433430696E-02 4.108124388E-02 3.785435412E-02 3.465405353E-02
 3.148075315E-02 2.833487268E-02 2.521686429E-02 2.212724293E-02 1.906656065E-02
 1.603530697E-02 1.303394988E-02 1.006317929E-02 7.124111422E-03 4.217374996E-03
 1.341041420E-03-1.509565703E-03-4.345314520E-03-7.165652858E-03-9.966236739E-03
-1.274205373E-02-1.548972331E-02-1.820845002E-02-2.089876098E-02-2.356138554E-02
-2.619646407E-02-2.880326285E-02-3.138030217E-02-3.392566912E-02-3.643716618E-02
-3.891233760E-02-4.134854215E-02-4.374297090E-02-4.609262367E-02-4.839436308E-02
-5.064491566E-02-5.284089479E-02-5.497883864E-02-5.705520899E-02-5.906641411E-02
-6.100884253E-02-6.287886827E-02-6.467287834E-02-6.638728038E-02-6.801852815E-02
-6.956313243E-02-7.101768076E-02-7.237884881E-02-7.364341618E-02-7.480827748E-02
-7.587045700E-02-7.682711732E-02-7.767557136E-02-7.841328906E-02-7.903791098E-02
-7.954724650E-02-7.993929274E-02-8.021222810E-02-8.036442474E-02-8.039444967E-02
-8.030107216E-02-8.008325794E-02-7.974018091E-02-7.927121971E-02-7.867596157E-02
-7.795420151E-02-7.710594609E-02-7.613141183E-02-7.503102959E-02-7.380544330E-02
-7.245551281E-02-7.098231708E-02-6.938715482E-02-6.767155090E-02-6.583725667E-02
-6.388626016E-02-6.182078361E-02-5.964329966E-02-5.735652715E-02-5.496344567E-02
-5.246730576E-02-4.987162876E-02-4.718023106E-02-4.439721537E-02-4.152700938E-02
-3.857430494E-02-3.554413095E-02-3.244185805E-02-2.927321325E-02-2.604432262E-02
-2.276138711E-02-1.942932902E-02-1.605291218E-02-1.263710206E-02-9.188759263E-03
-5.726747165E-03-2.283417840E-03 1.177777343E-03 4.886532014E-03 9.000117516E-03
 1.358457571E-02 1.869118441E-02 2.435512556E-02 3.059259783E-02 3.741648167E-02
 4.473523559E-02 1.330411097E-01 1.293140299E-01 1.256019825E-01 1.219075857E-01
 1.182306927E-01 1.145716612E-01 1.109309438E-01 1.073089779E-01 1.037061893E-01
 1.001229929E-01 9.655976539E-02 9.301678946E-02 8.949427790E-02 8.599248902E-02
 8.251175464E-02 7.905240505E-02 7.561470116E-02 7.219886773E-02 6.880518950E-02
 6.543407777E-02 6.208606561E-02 5.876175493E-02 5.546174703E-02 5.218656544E-02
 4.893666318E-02 4.571246981E-02 4.251438433E-02 3.934279231E-02 3.619808402E-02
 3.308067152E-02 2.999101972E-02 2.692965615E-02 2.389710064E-02 2.089382208E-02
 1.792032935E-02 1.497719394E-02 1.206494588E-02 9.184191987E-03 6.335996856E-03
 3.520504198E-03 7.355433501E-04-2.024206622E-03-4.768057231E-03-7.493900934E-03
-1.019723793E-02-1.287329975E-02-1.551894964E-02-1.813336213E-02-2.071675502E-02
-2.326949866E-02-2.579152026E-02-2.828204102E-02-3.073958827E-02-3.316220114E-02
-3.554765630E-02-3.789353594E-02-4.019723742E-02-4.245601911E-02-4.466699208E-02
-4.682713872E-02-4.893334687E-02-5.098240797E-02-5.297104258E-02-5.489593161E-02
-5.675372053E-02-5.854104898E-02-6.025455600E-02-6.189090589E-02-6.344679818E-02
-6.491898901E-02-6.630430021E-02-6.759963567E-02-6.880199385E-02-6.990848044E-02
-7.091631912E-02-7.182286226E-02-7.262560144E-02-7.332217470E-02-7.391037573E-02
-7.438816214E-02-7.475365798E-02-7.500516420E-02-7.514116084E-02-7.516031133E-02
-7.506146762E-02-7.484367186E-02-7.450616164E-02-7.404836928E-02-7.346992600E-02
-7.277066389E-02-7.195061717E-02-7.101002476E-02-6.994933303E-02-6.876919590E-02
-6.747047970E-02-6.605426588E-02-6.452185247E-02-6.287476192E-02-6.111474103E-02
-5.924376906E-02-5.726406437E-02-5.517808960E-02-5.298855722E-02-5.069843716E-02
-4.831096673E-02-4.582965111E-02-4.325829003E-02-4.060096463E-02-3.786206981E-02
-3.504625213E-02-3.215848600E-02-2.920414134E-02-2.618897266E-02-2.311873644E-02
-1.999849247E-02-1.683188516E-02-1.362346407E-02-1.038078118E-02-7.115114738E-03
-3.851980406E-03-6.105370116E-04 2.724128092E-03 6.366832134E-03 1.040926603E-02
 1.490619356E-02 1.991227133E-02 2.546945291E-02 3.161518262E-02 3.827322404E-02
 1.370086983E-01 1.333079034E-01 1.296223388E-01 1.259546564E-01 1.223047195E-01
 1.186728989E-01 1.150596394E-01 1.114653539E-01 1.078904429E-01 1.043352626E-01
 1.008000698E-01 9.728506316E-02 9.379049406E-02 9.031668089E-02 8.686393297E-02
 8.343249216E-02 8.002256723E-02 7.663442519E-02 7.326845773E-02 6.992517902E-02
 6.660517284E-02 6.330902962E-02 6.003727043E-02 5.679034535E-02 5.356867751E-02
 5.037265432E-02 4.720263918E-02 4.405899646E-02 4.094210516E-02 3.785238603E-02
 3.479032652E-02 3.175644185E-02 2.875119978E-02 2.577507774E-02 2.282864088E-02
 1.991242206E-02 1.702678983E-02 1.417208612E-02 1.134884296E-02 8.557973986E-03
 5.800750355E-03 3.076988171E-03 3.843898063E-04-2.282967858E-03-4.932794958E-03
-7.562230127E-03-1.016695011E-02-1.274242667E-02-1.528542113E-02-1.779479492E-02
-2.027046161E-02-2.271259540E-02-2.512101248E-02-2.749487683E-02-2.983274637E-02
-3.213271610E-02-3.439259047E-02-3.660999938E-02-3.878241724E-02-4.090718917E-02
-4.298155826E-02-4.500265556E-02-4.696752361E-02-4.887314562E-02-5.071644925E-02
-5.249433795E-02-5.420369445E-02-5.584140571E-02-5.740437392E-02-5.888953828E-02
-6.029388227E-02-6.161445107E-02-6.284836447E-02-6.399282763E-02-6.504514459E-02
-6.600272738E-02-6.686310863E-02-6.762394584E-02-6.828303817E-02-6.883832359E-02
-6.928789663E-02-6.963000712E-02-6.986306916E-02-6.998566483E-02-6.999655388E-02
-6.989466746E-02-6.967912185E-02-6.934921675E-02-6.890444000E-02-6.834446901E-02
-6.766917501E-02-6.687862380E-02-6.597308118E-02-6.495301278E-02-6.381908964E-02
-6.257219063E-02-6.121340423E-02-5.974403693E-02-5.816561232E-02-5.647987964E-02
-5.468881877E-02-5.279464735E-02-5.079982345E-02-4.870705579E-02-4.651930828E-02
-4.423980815E-02-4.187204679E-02-3.941980534E-02-3.688713952E-02-3.427840172E-02
-3.159819242E-02-2.885150782E-02-2.604375963E-02-2.318031163E-02-2.026578205E-02
-1.730398024E-02-1.429845403E-02-1.125524442E-02-8.185607722E-03-5.106717110E-03
-2.046753165E-03 1.015652197E-03 4.269909843E-03 7.850151559E-03 1.181642108E-02
 1.622281425E-02 2.112700799E-02 2.659225296E-02 3.256403933E-02 1.410162735E-01
 1.373415184E-01 1.336821923E-01 1.300409950E-01 1.264177916E-01 1.228129382E-01
 1.192268563E-01 1.156599340E-01 1.121125052E-01 1.085848019E-01 1.050770113E-01
 1.015893783E-01 9.812220827E-02 9.467579089E-02 9.125035060E-02 8.784608168E-02
 8.446323466E-02 8.110218251E-02 7.776342114E-02 7.444751645E-02 7.115504702E-02
 6.788653059E-02 6.464241430E-02 6.142311548E-02 5.822901427E-02 5.506045548E-02
 5.191778029E-02 4.880133981E-02 4.571151621E-02 4.264875272E-02 3.961354828E-02
 3.660637595E-02 3.362768325E-02 3.067798960E-02 2.775784824E-02 2.486765879E-02
 2.200771341E-02 1.917835618E-02 1.638007272E-02 1.361356659E-02 1.087968962E-02
 8.179478060E-03 5.513891296E-03 2.882250347E-03 2.824534149E-04-2.291113892E-03
-4.845315644E-03-7.377090907E-03-9.882344942E-03-1.235666286E-02-1.479661401E-02
-1.720075664E-02-1.956866451E-02-2.190021625E-02-2.419513747E-02-2.645264451E-02
-2.867138153E-02-3.084954322E-02-3.298501612E-02-3.507550102E-02-3.711857641E-02
-3.911170040E-02-4.105223780E-02-4.293748309E-02-4.476465828E-02-4.653094249E-02
-4.823347439E-02-4.986937663E-02-5.143576805E-02-5.292978523E-02-5.434858862E-02
-5.568938032E-02-5.694941792E-02-5.812602374E-02-5.921660053E-02-6.021863935E-02
-6.112973259E-02-6.194757952E-02-6.267000233E-02-6.329494395E-02-6.382048853E-02
-6.424485603E-02-6.456641757E-02-6.478369742E-02-6.489537845E-02-6.490030747E-02
-6.479749957E-02-6.458614366E-02-6.426560280E-02-6.383542067E-02-6.329532374E-02
-6.264522611E-02-6.188522954E-02-6.101563068E-02-6.003692135E-02-5.894979365E-02
-5.775514397E-02-5.645407616E-02-5.504791077E-02-5.353817895E-02-5.192664168E-02
-5.021528209E-02-4.840632076E-02-4.650221627E-02-4.450567781E-02-4.241966803E-02
-4.024740417E-02-3.799236304E-02-3.565830355E-02-3.324924605E-02-3.076951721E-02
-2.822377235E-02-2.561702406E-02-2.295422199E-02-2.023957715E-02-1.747649798E-02
-1.466863019E-02-1.182116902E-02-8.943037251E-03-6.049845739E-03-3.166293513E-03
-3.047077093E-04 2.636384991E-03 5.825362619E-03 9.338624922E-03 1.322529406E-02
 1.754139322E-02 2.236029872E-02 2.765300217E-02 1.450626083E-01 1.414136641E-01
 1.377803625E-01 1.341654366E-01 1.305687265E-01 1.269905656E-01 1.234313495E-01
 1.198913919E-01 1.163709004E-01 1.128700530E-01 1.093890887E-01 1.059283001E-01
 1.024879584E-01 9.906827230E-02 9.566942270E-02 9.229164497E-02 8.893529413E-02
 8.560084850E-02 8.228885647E-02 7.899988395E-02 7.573444458E-02 7.249298242E-02
 6.927590918E-02 6.608360108E-02 6.291638800E-02 5.977459033E-02 5.665853528E-02
 5.356857211E-02 5.050510090E-02 4.746859147E-02 4.445952011E-02 4.147832090E-02
 3.852546880E-02 3.560150947E-02 3.270688363E-02 2.984186031E-02 2.700669322E-02
 2.420175370E-02 2.142761270E-02 1.868501945E-02 1.597472603E-02 1.329741832E-02
 1.065367437E-02 8.044240727E-03 5.469878895E-03 2.929990305E-03 4.230656272E-04
-2.055468265E-03-4.512662388E-03-6.945666233E-03-9.350682272E-03-1.172356837E-02
-1.406064113E-02-1.635990905E-02-1.862057638E-02-2.084224495E-02-2.302451659E-02
-2.516667189E-02-2.726750054E-02-2.932534719E-02-3.133824143E-02-3.330399372E-02
-3.522028396E-02-3.708470430E-02-3.889476451E-02-4.064792314E-02-4.234158563E-02
-4.397312437E-02-4.553988951E-02-4.703922915E-02-4.846849602E-02-4.982506521E-02
-5.110634817E-02-5.230980220E-02-5.343294637E-02-5.447336915E-02-5.542874104E-02
-5.629682379E-02-5.707548006E-02-5.776268225E-02-5.835652050E-02-5.885520957E-02
-5.925709750E-02-5.956067043E-02-5.976455778E-02-5.986754402E-02-5.986856256E-02
-5.976671064E-02-5.956124925E-02-5.925160815E-02-5.883738928E-02-5.831837204E-02
-5.769451486E-02-5.696596166E-02-5.613304466E-02-5.519628701E-02-5.415640845E-02
-5.301433006E-02-5.177117613E-02-5.042828394E-02-4.898720141E-02-4.744970484E-02
-4.581778596E-02-4.409367491E-02-4.227983502E-02-4.037897744E-02-3.839406431E-02
-3.632830189E-02-3.418514671E-02-3.196833268E-02-2.968190007E-02-2.733025450E-02
-2.491797971E-02-2.244948301E-02-1.992853920E-02-1.735827259E-02-1.474204719E-02
-1.208505702E-02-9.395559526E-03-6.686153707E-03-3.977706022E-03-1.294190098E-03
 1.400918904E-03 4.266445858E-03 7.393841745E-03 1.083461491E-02 1.464143237E-02
 1.888344470E-02 2.354289732E-02 1.491465540E-01 1.455232211E-01 1.419157362E-01
 1.383268446E-01 1.347563586E-01 1.312045824E-01 1.276718289E-01 1.241582863E-01
 1.206641244E-01 1.171895764E-01 1.137349226E-01 1.103004169E-01 1.068862534E-01
 1.034926010E-01 1.001196809E-01 9.676783111E-02 9.343751284E-02 9.012925750E-02
 8.684361770E-02 8.358110220E-02 8.034215187E-02 7.712717271E-02 7.393653929E-02
 7.077057027E-02 6.762956747E-02 6.451383726E-02 6.142370117E-02 5.835952040E-02
 5.532172658E-02 5.231079078E-02 4.932714615E-02 4.637123010E-02 4.344355798E-02
 4.054461842E-02 3.767469743E-02 3.483398771E-02 3.202274591E-02 2.924138912E-02
 2.649058344E-02 2.377112141E-02 2.108375503E-02 1.842907420E-02 1.580741750E-02
 1.321910813E-02 1.066464363E-02 8.144987948E-03 5.661215538E-03 3.213003758E-03
 7.992056289E-04-1.583257919E-03-3.942138205E-03-6.275576156E-03-8.579901435E-03
-1.085126493E-02-1.308590242E-02-1.528114311E-02-1.743569031E-02-1.954883648E-02
-2.162001685E-02-2.364852637E-02-2.563333225E-02-2.757298263E-02-2.946568626E-02
-3.130942003E-02-3.310200365E-02-3.484117304E-02-3.652459298E-02-3.814988276E-02
-3.971462922E-02-4.121640318E-02-4.265276517E-02-4.402127971E-02-4.531952872E-02
-4.654512204E-02-4.769571208E-02-4.876900294E-02-4.976276207E-02-5.067483232E-02
-5.150313730E-02-5.224569815E-02-5.290063079E-02-5.346616696E-02-5.394065010E-02
-5.432254990E-02-5.461046612E-02-5.480313514E-02-5.489943420E-02-5.489838891E-02
-5.479917885E-02-5.460113837E-02-5.430376543E-02-5.390672344E-02-5.340984803E-02
-5.281314787E-02-5.211681265E-02-5.132121415E-02-5.042691327E-02-4.943466379E-02
-4.834541505E-02-4.716031815E-02-4.588073332E-02-4.450823086E-02-4.304460406E-02
-4.149186120E-02-3.985224497E-02-3.812822540E-02-3.632251496E-02-3.443807009E-02
-3.247808383E-02-3.044602479E-02-2.834569836E-02-2.618119260E-02-2.395665812E-02
-2.167588592E-02-1.934213000E-02-1.695830534E-02-1.452774645E-02-1.205550556E-02
-9.549714171E-03-7.022216124E-03-4.489714839E-03-1.977966817E-03 5.159929820E-04
 3.113205045E-03 5.915569643E-03 8.975235147E-03 1.234251969E-02 1.608308720E-02
 2.018455359E-02 1.532670473E-01 1.496691216E-01 1.460872196E-01 1.425240989E-01
 1.389795319E-01 1.354537303E-01 1.319468866E-01 1.284591664E-01 1.249907963E-01
 1.215420446E-01 1.181131490E-01 1.147042903E-01 1.113156264E-01 1.079473654E-01
 1.045998288E-01 1.012734616E-01 9.796877869E-02 9.468631889E-02 9.142658539E-02
 8.819001576E-02 8.497701016E-02 8.178794242E-02 7.862312390E-02 7.548284010E-02
 7.236737874E-02 6.927703792E-02 6.621214570E-02 6.317309184E-02 6.016033061E-02
 5.717429942E-02 5.421541069E-02 5.128413882E-02 4.838099607E-02 4.550632160E-02
 4.266028584E-02 3.984306020E-02 3.705492838E-02 3.429639632E-02 3.156821677E-02
 2.887118817E-02 2.620602087E-02 2.357318989E-02 2.097291201E-02 1.840540643E-02
 1.587104605E-02 1.337050081E-02 1.090462639E-02 8.474497693E-03 6.081267828E-03
 3.724830287E-03 1.404160750E-03-8.822427599E-04-3.141995816E-03-5.375399998E-03
-7.578650225E-03-9.748515100E-03-1.188126389E-02-1.397362504E-02-1.602363943E-02
-1.803020007E-02-1.999250800E-02-2.190979596E-02-2.378112992E-02-2.560529150E-02
-2.738073183E-02-2.910564904E-02-3.077805144E-02-3.239583415E-02-3.395682698E-02
-3.545882218E-02-3.689958852E-02-3.827688550E-02-3.958847661E-02-4.083213961E-02
-4.200567714E-02-4.310692759E-02-4.413377464E-02-4.508416036E-02-4.595609019E-02
-4.674765053E-02-4.745700672E-02-4.808242378E-02-4.862226316E-02-4.907499859E-02
-4.943921888E-02-4.971363367E-02-4.989708677E-02-4.998855046E-02-4.998714099E-02
-4.989212014E-02-4.970290035E-02-4.941904934E-02-4.904029618E-02-4.856653519E-02
-4.799783006E-02-4.733442069E-02-4.657672469E-02-4.572534461E-02-4.478107236E-02
-4.374489202E-02-4.261798894E-02-4.140174993E-02-4.009777085E-02-3.870786302E-02
-3.723405535E-02-3.567860307E-02-3.404398057E-02-3.233290238E-02-3.054834945E-02
-2.869358329E-02-2.677214004E-02-2.478771288E-02-2.274387618E-02-2.064383965E-02
-1.849038073E-02-1.628626675E-02-1.403500053E-02-1.174182711E-02-9.414791321E-03
-7.065348368E-03-4.709021000E-03-2.368252128E-03-5.289473134E-05 2.316690556E-03
 4.845690742E-03 7.582852771E-03 1.057279728E-02 1.387787473E-02 1.749345090E-02
 1.574230638E-01 1.538503111E-01 1.502937354E-01 1.467560814E-01 1.432370151E-01
 1.397366347E-01 1.362551244E-01 1.327927068E-01 1.293496374E-01 1.259261389E-01
 1.225223797E-01 1.191385079E-01 1.157747192E-01 1.124313197E-01 1.091087384E-01
 1.058074743E-01 1.025280523E-01 9.927096911E-02 9.603665907E-02 9.282551658E-02
 8.963791414E-02 8.647415991E-02 8.333452542E-02 8.021928144E-02 7.712870614E-02
 7.406309950E-02 7.102281144E-02 6.800826758E-02 6.501990737E-02 6.205813231E-02
 5.912337649E-02 5.621614286E-02 5.333683998E-02 5.048565379E-02 4.766269957E-02
 4.486815954E-02 4.210237552E-02 3.936598028E-02 3.665977283E-02 3.398453238E-02
 3.134089075E-02 2.872914224E-02 2.614940160E-02 2.360185490E-02 2.108689907E-02
 1.860521024E-02 1.615755328E-02 1.374471436E-02 1.136750378E-02 9.026849814E-03
 6.723869886E-03 4.458682531E-03 2.230232218E-03 3.821563114E-05-2.121801528E-03
-4.254490185E-03-6.356604223E-03-8.424927593E-03-1.045612669E-02-1.244678013E-02
-1.439411564E-02-1.629644285E-02-1.815263897E-02-1.996176217E-02-2.172288031E-02
-2.343493046E-02-2.509662028E-02-2.670640954E-02-2.826255458E-02-2.976316670E-02
-3.120626727E-02-3.258982829E-02-3.391180231E-02-3.517013963E-02-3.636279967E-02
-3.748776540E-02-3.854305071E-02-3.952671260E-02-4.043685802E-02-4.127165558E-02
-4.202934325E-02-4.270823595E-02-4.330673663E-02-4.382334090E-02-4.425664694E-02
-4.460536143E-02-4.486830816E-02-4.504443033E-02-4.513280099E-02-4.513262861E-02
-4.504325815E-02-4.486418201E-02-4.459504173E-02-4.423563519E-02-4.378591896E-02
-4.324601667E-02-4.261622213E-02-4.189700358E-02-4.108900965E-02-4.019307487E-02
-3.921022219E-02-3.814167470E-02-3.698884757E-02-3.575336469E-02-3.443705711E-02
-3.304197393E-02-3.157039449E-02-3.002483794E-02-2.840808874E-02-2.672318300E-02
-2.497329703E-02-2.316158157E-02-2.129098718E-02-1.936417164E-02-1.738365849E-02
-1.535224882E-02-1.327377627E-02-1.115391418E-02-9.000935571E-03-6.826120050E-03
-4.644072791E-03-2.475139059E-03-3.325468447E-04 1.836981557E-03 4.134395530E-03
 6.600515003E-03 9.269953195E-03 1.219955471E-02 1.539121485E-02 1.616135858E-01
 1.580657529E-01 1.545341995E-01 1.510215848E-01 1.475274672E-01 1.440519487E-01
 1.405952693E-01 1.371576744E-01 1.337393718E-01 1.303405187E-01 1.269612539E-01
 1.236017619E-01 1.202623337E-01 1.169433834E-01 1.136453943E-01 1.103688772E-01
 1.071143220E-01 1.038821595E-01 1.006727785E-01 9.748654919E-02 9.432377983E-02
 9.118473063E-02 8.806965692E-02 8.497881957E-02 8.191249495E-02 7.887099768E-02
 7.585471666E-02 7.286408569E-02 6.989950601E-02 6.696137884E-02 6.405017557E-02
 6.116635901E-02 5.831016795E-02 5.548169351E-02 5.268104328E-02 4.990843070E-02
 4.716430812E-02 4.444941889E-02 4.176457129E-02 3.911050193E-02 3.648770314E-02
 3.389628679E-02 3.133629690E-02 2.880790035E-02 2.631155491E-02 2.384798434E-02
 2.141794343E-02 1.902216110E-02 1.666135379E-02 1.433622322E-02 1.204737414E-02
 9.795419659E-03 7.581426295E-03 5.406076230E-03 3.268952440E-03 1.169839462E-03
-8.921418598E-04-2.923641333E-03-4.924574973E-03-6.891201641E-03-8.820948772E-03
-1.071058682E-02-1.255696708E-02-1.435755561E-02-1.611070703E-02-1.781521889E-02
-1.947001216E-02-2.107403950E-02-2.262616835E-02-2.412511405E-02-2.556941708E-02
-2.695745685E-02-2.828749807E-02-2.955773305E-02-3.076631460E-02-3.191138918E-02
-3.299111312E-02-3.400366832E-02-3.494727441E-02-3.582019559E-02-3.662075670E-02
-3.734733983E-02-3.799840717E-02-3.857249492E-02-3.906823121E-02-3.948433870E-02
-3.981964056E-02-4.007307439E-02-4.024368735E-02-4.033065188E-02-4.033326873E-02
-4.025097193E-02-4.008333456E-02-3.983007499E-02-3.949106350E-02-3.906632370E-02
-3.855604186E-02-3.796056872E-02-3.728042718E-02-3.651631627E-02-3.566911558E-02
-3.473988917E-02-3.372989731E-02-3.264059261E-02-3.147364050E-02-3.023091690E-02
-2.891453294E-02-2.752682939E-02-2.607034271E-02-2.454773546E-02-2.296168869E-02
-2.131476372E-02-1.960935245E-02-1.784777000E-02-1.603251279E-02-1.416671980E-02
-1.225474005E-02-1.030281913E-02-8.319609249E-03-6.316387640E-03-4.307181231E-03
-2.310517246E-03-3.397352276E-04 1.648054015E-03 3.740780345E-03 5.975945051E-03
 8.377025739E-03 1.098735887E-02 1.381270802E-02 1.658376164E-01 1.623143920E-01
 1.588074253E-01 1.553193021E-01 1.518495916E-01 1.483984489E-01 1.449661310E-01
 1.415528342E-01 1.381587044E-01 1.347838721E-01 1.314285112E-01 1.280928985E-01
 1.247774335E-01 1.214825845E-01 1.182088482E-01 1.149567072E-01 1.117265883E-01
 1.085188751E-01 1.053339342E-01 1.021720766E-01 9.903355391E-02 9.591860736E-02
 9.282748253E-02 8.976043580E-02 8.671775225E-02 8.369978067E-02 8.070693895E-02
 7.773963210E-02 7.479824023E-02 7.188319637E-02 6.899497995E-02 6.613391042E-02
 6.330008874E-02 6.049357044E-02 5.771447775E-02 5.496309142E-02 5.224001581E-02
 4.954604889E-02 4.688198261E-02 4.424847921E-02 4.164582169E-02 3.907399098E-02
 3.653298883E-02 3.402299768E-02 3.154456041E-02 2.909841396E-02 2.668528869E-02
 2.430590257E-02 2.196095225E-02 1.965105906E-02 1.737667843E-02 1.513823534E-02
 1.293630490E-02 1.077163989E-02 8.645337822E-03 6.558576503E-03 4.511685170E-03
 2.503880431E-03 5.356075165E-04-1.395117865E-03-3.294131687E-03-5.159540055E-03
-6.987758345E-03-8.776522683E-03-1.052283516E-02-1.222378917E-02-1.387691154E-02
-1.548048171E-02-1.703318528E-02-1.853383581E-02-1.998130380E-02-2.137443426E-02
-2.271198786E-02-2.399262352E-02-2.521488604E-02-2.637723407E-02-2.747806880E-02
-2.851576332E-02-2.948869017E-02-3.039523648E-02-3.123382953E-02-3.200293768E-02
-3.270109262E-02-3.332688961E-02-3.387900103E-02-3.435618144E-02-3.475727475E-02
-3.508122454E-02-3.532707399E-02-3.549397916E-02-3.558121403E-02-3.558817179E-02
-3.551437707E-02-3.535948767E-02-3.512330228E-02-3.480576403E-02-3.440696789E-02
-3.392716641E-02-3.336677201E-02-3.272636585E-02-3.200670345E-02-3.120871807E-02
-3.033353020E-02-2.938245702E-02-2.835701287E-02-2.725892054E-02-2.609007686E-02
-2.485254148E-02-2.354847013E-02-2.218004427E-02-2.074940426E-02-1.925864054E-02
-1.770984234E-02-1.610528467E-02-1.444774422E-02-1.274090704E-02-1.098984081E-02
-9.201425553E-03-7.384723572E-03-5.550966767E-03-3.713691795E-03-1.890676585E-03
-9.127226649E-05 1.731416133E-03 3.641606871E-03 5.668986284E-03 7.839061370E-03
 1.018287648E-02 1.269872746E-02 1.700941329E-01 1.665950574E-01 1.631121411E-01
 1.596479858E-01 1.562022117E-01 1.527749852E-01 1.493665133E-01 1.459769342E-01
 1.426063697E-01 1.392549837E-01 1.359230397E-01 1.326109229E-01 1.293190873E-01
 1.260480157E-01 1.227981825E-01 1.195700108E-01 1.163638788E-01 1.131801487E-01
 1.100191355E-01 1.068810853E-01 1.037662265E-01 1.006747909E-01 9.760701786E-02
 9.456316799E-02 9.154355226E-02 8.854856134E-02 8.557860200E-02 8.263404580E-02
 7.971528935E-02 7.682279625E-02 7.395696449E-02 7.111794099E-02 6.830575477E-02
 6.552046309E-02 6.276222227E-02 6.003144054E-02 5.732884924E-02 5.465525707E-02
 5.201141780E-02 4.939785772E-02 4.681463676E-02 4.426165750E-02 4.173890462E-02
 3.924662541E-02 3.678544237E-02 3.435608385E-02 3.195925378E-02 2.959564510E-02
 2.726592000E-02 2.497064538E-02 2.271018827E-02 2.048487667E-02 1.829517391E-02
 1.614175691E-02 1.402543848E-02 1.194704564E-02 9.907487573E-03 7.907962407E-03
 5.949291378E-03 4.031482658E-03 2.153998079E-03 3.176245938E-04-1.479799897E-03
-3.243271381E-03-4.970625293E-03-6.658436280E-03-8.304732282E-03-9.906845113E-03
-1.146206655E-02-1.296796043E-02-1.442263049E-02-1.582463242E-02-1.717270682E-02
-1.846565408E-02-1.970231061E-02-2.088149912E-02-2.200199496E-02-2.306252411E-02
-2.406176327E-02-2.499834804E-02-2.587090152E-02-2.667805219E-02-2.741845006E-02
-2.809078863E-02-2.869380999E-02-2.922632362E-02-2.968721330E-02-3.007544423E-02
-3.039007761E-02-3.063026719E-02-3.079527493E-02-3.088447503E-02-3.089735856E-02
-3.083354069E-02-3.069276658E-02-3.047491891E-02-3.018001960E-02-2.980824036E-02
-2.935990621E-02-2.883550109E-02-2.823567412E-02-2.756124561E-02-2.681320665E-02
-2.599272170E-02-2.510111623E-02-2.413986338E-02-2.311056362E-02-2.201488975E-02
-2.085456842E-02-1.963134750E-02-1.834701196E-02-1.700344339E-02-1.560276859E-02
-1.414756189E-02-1.264113755E-02-1.108788879E-02-9.493627198E-03-7.865870441E-03
-6.213953166E-03-4.548939665E-03-2.884167962E-03-1.236247547E-03 3.951932959E-04
 2.066142321E-03 3.815964864E-03 5.659406864E-03 7.618909522E-03 9.729473454E-03
 1.198798362E-02 1.743819788E-01 1.709065149E-01 1.674471465E-01 1.640065032E-01
 1.605842150E-01 1.571803984E-01 1.537952058E-01 1.504287532E-01 1.470811946E-01
 1.437527808E-01 1.404438832E-01 1.371549418E-01 1.338864260E-01 1.306388014E-01
 1.274124870E-01 1.242078562E-01 1.210252657E-01 1.178650350E-01 1.147274075E-01
 1.116126004E-01 1.085208330E-01 1.054523299E-01 1.024073314E-01 9.938611548E-02
 9.638903771E-02 9.341649970E-02 9.046887337E-02 8.754652721E-02 8.464989203E-02
 8.177941091E-02 7.893531195E-02 7.611762701E-02 7.332636584E-02 7.056160203E-02
 6.782356649E-02 6.511283852E-02 6.243020933E-02 5.977647325E-02 5.715231782E-02
 5.455805050E-02 5.199356569E-02 4.945872299E-02 4.695351775E-02 4.447830674E-02
 4.203376189E-02 3.962058990E-02 3.723947151E-02 3.489107025E-02 3.257600947E-02
 3.029477809E-02 2.804763734E-02 2.583485189E-02 2.365686550E-02 2.151432642E-02
 1.940796615E-02 1.733853164E-02 1.530680903E-02 1.331357648E-02 1.135954427E-02
 9.445596706E-03 7.572884823E-03 5.742215563E-03 3.953654695E-03 2.206876877E-03
 5.029381097E-04-1.159363619E-03-2.785054832E-03-4.372759166E-03-5.919131726E-03
-7.422219626E-03-8.879926855E-03-1.028976521E-02-1.164945604E-02-1.295689936E-02
-1.421045150E-02-1.540876937E-02-1.655063148E-02-1.763486543E-02-1.866034008E-02
-1.962594435E-02-2.053056200E-02-2.137307492E-02-2.215236007E-02-2.286730727E-02
-2.351681531E-02-2.409981966E-02-2.461530136E-02-2.506229834E-02-2.543992278E-02
-2.574736072E-02-2.598389088E-02-2.614889065E-02-2.624183841E-02-2.626232785E-02
-2.621006988E-02-2.608490079E-02-2.588678804E-02-2.561583410E-02-2.527228353E-02
-2.485652339E-02-2.436908789E-02-2.381065628E-02-2.318204945E-02-2.248421961E-02
-2.171824599E-02-2.088530362E-02-1.998666102E-02-1.902366945E-02-1.799775929E-02
-1.691047767E-02-1.576354487E-02-1.455897469E-02-1.329922525E-02-1.198741284E-02
-1.062753567E-02-9.224719739E-03-7.785421641E-03-6.317564696E-03-4.830555623E-03
-3.335430898E-03-1.845918025E-03-3.721611649E-04 1.106835175E-03 2.637678606E-03
 4.239377578E-03 5.922199482E-03 7.698379844E-03 9.595703171E-03 1.162215156E-02
 1.786999479E-01 1.752476143E-01 1.718113501E-01 1.683937773E-01 1.649944779E-01
 1.616135176E-01 1.582510287E-01 1.549071583E-01 1.515821437E-01 1.482763435E-01
 1.449901844E-01 1.417241219E-01 1.384786131E-01 1.352540724E-01 1.320508687E-01
 1.288693526E-01 1.257098472E-01 1.225725965E-01 1.194578082E-01 1.163656902E-01
 1.132964539E-01 1.102503226E-01 1.072275470E-01 1.042284441E-01 1.012534013E-01
 9.830279400E-02 9.537697317E-02 9.247633392E-02 8.960132435E-02 8.675226573E-02
 8.392922627E-02 8.113218731E-02 7.836116601E-02 7.561627203E-02 7.289787723E-02
 7.020669912E-02 6.754354006E-02 6.490916156E-02 6.230412799E-02 5.972849234E-02
 5.718205472E-02 5.466465712E-02 5.217634691E-02 4.971760306E-02 4.728911467E-02
 4.489156098E-02 4.252559962E-02 4.019186446E-02 3.789093593E-02 3.562320434E-02
 3.338883404E-02 3.118803621E-02 2.902123475E-02 2.688905752E-02 2.479220893E-02
 2.273140663E-02 2.070737477E-02 1.872076989E-02 1.677220563E-02 1.486235630E-02
 1.299196733E-02 1.116184751E-02 9.373019042E-03 7.626659104E-03 5.923584434E-03
 4.264047510E-03 2.647708589E-03 1.075734667E-03-4.514480576E-04-1.938050902E-03
-3.385189836E-03-4.790097590E-03-6.150109556E-03-7.463777239E-03-8.729123587E-03
-9.943979518E-03-1.110640950E-02-1.221457779E-02-1.326693206E-02-1.426220574E-02
-1.519925476E-02-1.607700952E-02-1.689443678E-02-1.765055530E-02-1.834442619E-02
-1.897514340E-02-1.954183649E-02-2.004367595E-02-2.047988182E-02-2.084973837E-02
-2.115258847E-02-2.138785308E-02-2.155503929E-02-2.165374582E-02-2.168367272E-02
-2.164462657E-02-2.153652743E-02-2.135940984E-02-2.111342969E-02-2.079886498E-02
-2.041611241E-02-1.996568920E-02-1.944822853E-02-1.886447301E-02-1.821527248E-02
-1.750159080E-02-1.672449945E-02-1.588520966E-02-1.498510550E-02-1.402580853E-02
-1.300926940E-02-1.193787691E-02-1.081461293E-02-9.643202915E-03-8.428301305E-03
-7.175631637E-03-5.892107583E-03-4.585835720E-03-3.266345543E-03-1.945225540E-03
-6.318631700E-04 6.822066023E-04 2.031819624E-03 3.434593410E-03 4.897490663E-03
 6.430896560E-03 8.047487491E-03 9.762816469E-03 1.157733918E-02 1.830469330E-01
 1.796173034E-01 1.762037088E-01 1.728087181E-01 1.694318670E-01 1.660732029E-01
 1.627328877E-01 1.594111488E-01 1.561083311E-01 1.528248484E-01 1.495611432E-01
 1.463176630E-01 1.430948179E-01 1.398929726E-01 1.367124712E-01 1.335536385E-01
 1.304167224E-01 1.273019230E-01 1.242094373E-01 1.211394654E-01 1.180922155E-01
 1.150679166E-01 1.120668491E-01 1.090893754E-01 1.061358728E-01 1.032066855E-01
 1.003021767E-01 9.742277235E-02 9.456886573E-02 9.174059741E-02 8.893794526E-02
 8.616088400E-02 8.340944755E-02 8.068382604E-02 7.798457647E-02 7.531247931E-02
 7.266832338E-02 7.005281396E-02 6.746630399E-02 6.490864151E-02 6.237957936E-02
 5.987896381E-02 5.740694835E-02 5.496410830E-02 5.255112552E-02 5.016865275E-02
 4.781732223E-02 4.549773831E-02 4.321043007E-02 4.095567398E-02 3.873355360E-02
 3.654424047E-02 3.438815006E-02 3.226589021E-02 3.017812902E-02 2.812554641E-02
 2.610882778E-02 2.412857743E-02 2.218533397E-02 2.027966787E-02 1.841220391E-02
 1.658367222E-02 1.479489574E-02 1.304670131E-02 1.133984340E-02 9.675243072E-03
 8.054118450E-03 6.477442889E-03 4.945812409E-03 3.458922825E-03 2.017189862E-03
 6.220009803E-04-7.267470859E-04-2.033086854E-03-3.296805229E-03-4.515285534E-03
-5.686230571E-03-6.808327933E-03-7.880108315E-03-8.899748982E-03-9.865570225E-03
-1.077608213E-02-1.162983737E-02-1.242558645E-02-1.316230036E-02-1.383904830E-02
-1.445497749E-02-1.500930318E-02-1.550130013E-02-1.593030626E-02-1.629572639E-02
-1.659703928E-02-1.683379671E-02-1.700562336E-02-1.711222955E-02-1.715341144E-02
-1.712905770E-02-1.703915507E-02-1.688378708E-02-1.666314224E-02-1.637751353E-02
-1.602730143E-02-1.561301839E-02-1.513529658E-02-1.459489436E-02-1.399271744E-02
-1.332984972E-02-1.260758476E-02-1.182749274E-02-1.099147763E-02-1.010188163E-02
-9.161586619E-03-8.174122556E-03-7.143802818E-03-6.075775346E-03-4.976120272E-03
-3.852128185E-03-2.712468924E-03-1.565826509E-03-4.173730085E-04 7.391714887E-04
 1.927519418E-03 3.160987495E-03 4.443044338E-03 5.777769240E-03 7.172589401E-03
 8.639416259E-03 1.019474643E-02 1.183400466E-02 1.874219213E-01 1.840145690E-01
 1.806231648E-01 1.772502284E-01 1.738952802E-01 1.705583960E-01 1.672398148E-01
 1.639398711E-01 1.606589650E-01 1.573975265E-01 1.541559933E-01 1.509347709E-01
 1.477342200E-01 1.445546782E-01 1.413964701E-01 1.382598498E-01 1.351450119E-01
 1.320521434E-01 1.289814341E-01 1.259330792E-01 1.229072899E-01 1.199043150E-01
 1.169244840E-01 1.139681699E-01 1.110357177E-01 1.081274667E-01 1.052438102E-01
 1.023851712E-01 9.955178849E-02 9.674366535E-02 9.396074736E-02 9.120301946E-02
 8.847055319E-02 8.576369018E-02 8.308313298E-02 8.042967288E-02 7.780407095E-02
 7.520692669E-02 7.263832059E-02 7.009798242E-02 6.758564540E-02 6.510118974E-02
 6.264491333E-02 6.021744540E-02 5.781944601E-02 5.545154454E-02 5.311434544E-02
 5.080842263E-02 4.853424049E-02 4.629195558E-02 4.408158714E-02 4.190328187E-02
 3.975745664E-02 3.764469938E-02 3.556564166E-02 3.352092796E-02 3.151120209E-02
 2.953700214E-02 2.759879638E-02 2.569709233E-02 2.383246092E-02 2.200556473E-02
 2.021713897E-02 1.846790349E-02 1.675852324E-02 1.508973089E-02 1.346241933E-02
 1.187745417E-02 1.033567939E-02 8.838089484E-03 7.385562771E-03 5.978952100E-03
 4.618836214E-03 3.305045059E-03 2.038291848E-03 8.199452540E-04-3.494390388E-04
-1.472746570E-03-2.550954904E-03-3.582188295E-03-4.564333908E-03-5.495692361E-03
-6.375259919E-03-7.201911288E-03-7.974254655E-03-8.690995254E-03-9.351006004E-03
-9.953288871E-03-1.049692524E-02-1.098105050E-02-1.140499406E-02-1.176819640E-02
-1.207018160E-02-1.231055814E-02-1.248901683E-02-1.260533583E-02-1.265938068E-02
-1.265110965E-02-1.258057590E-02-1.244793464E-02-1.225345115E-02-1.199750636E-02
-1.168061278E-02-1.130342978E-02-1.086678649E-02-1.037170815E-02-9.819459202E-03
-9.211584729E-03-8.549969450E-03-7.836915789E-03-7.075185273E-03-6.268098575E-03
-5.419694295E-03-4.534895513E-03-3.619281357E-03-2.679049504E-03-1.720126487E-03
-7.480130608E-04 2.349130435E-04 1.241867497E-03 2.282844363E-03 3.363161702E-03
 4.484346828E-03 5.650450139E-03 6.865529741E-03 8.133666795E-03 9.462615891E-03
 1.086743535E-02 1.234891754E-02 1.918239345E-01 1.884383836E-01 1.850686562E-01
 1.817172434E-01 1.783836950E-01 1.750681614E-01 1.717709878E-01 1.684925641E-01
 1.652333068E-01 1.619936440E-01 1.587739760E-01 1.555746598E-01 1.523960268E-01
 1.492383995E-01 1.461020393E-01 1.429871379E-01 1.398938731E-01 1.368224254E-01
 1.337729787E-01 1.307457291E-01 1.277408998E-01 1.247587834E-01 1.217997404E-01
 1.188641195E-01 1.159522453E-01 1.130644788E-01 1.102012363E-01 1.073628488E-01
 1.045493791E-01 1.017607639E-01 9.899695079E-02 9.625794136E-02 9.354389235E-02
 9.085534070E-02 8.819305332E-02 8.555780787E-02 8.295031935E-02 8.037099527E-02
 7.781967265E-02 7.529602599E-02 7.279978808E-02 7.033092091E-02 6.788986407E-02
 6.547726382E-02 6.309375297E-02 6.073993794E-02 5.841639556E-02 5.612366661E-02
 5.386213147E-02 5.163183301E-02 4.943274169E-02 4.726499424E-02 4.512901314E-02
 4.302536572E-02 4.095464926E-02 3.891747608E-02 3.691444766E-02 3.494603510E-02
 3.301264164E-02 3.111471301E-02 2.925275931E-02 2.742738406E-02 2.563927532E-02
 2.388910540E-02 2.217745393E-02 2.050494251E-02 1.887235884E-02 1.728052550E-02
 1.573019058E-02 1.422203169E-02 1.275668801E-02 1.133493310E-02 9.957690450E-03
 8.626039161E-03 7.340890092E-03 6.103085627E-03 4.913280599E-03 3.771453817E-03
 2.677956820E-03 1.633727356E-03 6.399106280E-04-3.029623793E-04-1.197007253E-03
-2.042945916E-03-2.839363471E-03-3.584705702E-03-4.277653156E-03-4.917042360E-03
-5.501991248E-03-6.031966618E-03-6.506164501E-03-6.923787311E-03-7.284183863E-03
-7.586821403E-03-7.831274065E-03-8.017232475E-03-8.144493529E-03-8.212967889E-03
-8.222689207E-03-8.173809517E-03-8.066619254E-03-7.901561243E-03-7.679238436E-03
-7.400445296E-03-7.066194836E-03-6.677741469E-03-6.236627615E-03-5.744737450E-03
-5.204312245E-03-4.618030133E-03-3.989078305E-03-3.321145567E-03-2.618105975E-03
-1.883551810E-03-1.122265044E-03-3.392926685E-04 4.654863423E-04 1.299767869E-03
 2.165900276E-03 3.066508447E-03 4.003923064E-03 4.979466781E-03 5.993363478E-03
 7.047811589E-03 8.148160746E-03 9.298270422E-03 1.050208385E-02 1.176985900E-02
 1.310168728E-02 1.962519724E-01 1.928877168E-01 1.895391509E-01 1.862087713E-01
 1.828962032E-01 1.796017031E-01 1.763256718E-01 1.730685152E-01 1.698306506E-01
 1.666124731E-01 1.634143360E-01 1.602365647E-01 1.570794780E-01 1.539433453E-01
 1.508283578E-01 1.477346849E-01 1.446624985E-01 1.416119727E-01 1.385832906E-01
 1.355766551E-01 1.325923231E-01 1.296306332E-01 1.266919358E-01 1.237765504E-01
 1.208848105E-01 1.180171064E-01 1.151738244E-01 1.123551209E-01 1.095609479E-01
 1.067912245E-01 1.040459096E-01 1.013250436E-01 9.862894282E-02 9.595829416E-02
 9.331387464E-02 9.069643824E-02 8.810661265E-02 8.554453003E-02 8.300987799E-02
 8.050230880E-02 7.802157417E-02 7.556777406E-02 7.314144872E-02 7.074323647E-02
 6.837374443E-02 6.603355414E-02 6.372321682E-02 6.144323456E-02 5.919388140E-02
 5.697510383E-02 5.478683736E-02 5.262922348E-02 5.050268961E-02 4.840778143E-02
 4.634506431E-02 4.431512078E-02 4.231850950E-02 4.035563680E-02 3.842684652E-02
 3.653252762E-02 3.467313330E-02 3.284921291E-02 3.106140603E-02 2.931033148E-02
 2.759649255E-02 2.592043208E-02 2.428289014E-02 2.268464584E-02 2.112637750E-02
 1.960864200E-02 1.813193814E-02 1.669693991E-02 1.530445419E-02 1.395527321E-02
 1.265018896E-02 1.139000287E-02 1.017550035E-02 9.007574744E-03 7.887006277E-03
 6.814444280E-03 5.790583351E-03 4.816005388E-03 3.890760415E-03 3.015205948E-03
 2.190072086E-03 1.416063813E-03 6.938527516E-04 2.401860641E-05-5.937003859E-04
-1.160735679E-03-1.676566336E-03-2.140229522E-03-2.550977379E-03-2.908223311E-03
-3.211502918E-03-3.460475009E-03-3.654942815E-03-3.794830508E-03-3.880200790E-03
-3.911275492E-03-3.888418651E-03-3.812168234E-03-3.683253737E-03-3.502585248E-03
-3.271300340E-03-2.990796075E-03-2.662701495E-03-2.288953308E-03-1.871846588E-03
-1.413948303E-03-9.182824661E-04-3.883984870E-04 1.737999026E-04 7.705598631E-04
 1.401338635E-03 2.065052479E-03 2.761738921E-03 3.492591729E-03 4.258748278E-03
 5.060135620E-03 5.895876141E-03 6.767652630E-03 7.678155156E-03 8.627327948E-03
 9.617212763E-03 1.065371050E-02 1.174104871E-02 1.288482550E-02 1.408254800E-02
 2.007050062E-01 1.973615424E-01 1.940336609E-01 1.907239048E-01 1.874320091E-01
 1.841582867E-01 1.809031542E-01 1.776670203E-01 1.744502738E-01 1.712532643E-01
 1.680763117E-01 1.649197298E-01 1.617837953E-01 1.586687014E-01 1.555746107E-01
 1.525016867E-01 1.494500948E-01 1.464200067E-01 1.434116093E-01 1.404251287E-01
 1.374608729E-01 1.345191894E-01 1.316003987E-01 1.287048140E-01 1.258327947E-01
 1.229847406E-01 1.201609109E-01 1.173613036E-01 1.145858247E-01 1.118344006E-01
 1.091070064E-01 1.064037715E-01 1.037252148E-01 1.010720876E-01 9.844515282E-02
 9.584512785E-02 9.327247393E-02 9.072704851E-02 8.820846990E-02 8.571638653E-02
 8.325060386E-02 8.081138829E-02 7.839933219E-02 7.601505200E-02 7.365913228E-02
 7.133212752E-02 6.903456473E-02 6.676689769E-02 6.452927769E-02 6.232157560E-02
 6.014370481E-02 5.799582420E-02 5.587836333E-02 5.379184488E-02 5.173680495E-02
 4.971379811E-02 4.772333924E-02 4.576577222E-02 4.384138679E-02 4.195052066E-02
 4.009357565E-02 3.827105143E-02 3.648354219E-02 3.473161665E-02 3.301570873E-02
 3.133628379E-02 2.969402533E-02 2.808967156E-02 2.652385105E-02 2.499706349E-02
 2.350970136E-02 2.206231981E-02 2.065564869E-02 1.929037922E-02 1.796721471E-02
 1.668691489E-02 1.545019472E-02 1.425771602E-02 1.311009390E-02 1.200791728E-02
 1.095180493E-02 9.942412150E-03 8.980452689E-03 8.066632248E-03 7.201528533E-03
 6.385601446E-03 5.619304261E-03 4.903045932E-03 4.236988075E-03 3.621108097E-03
 3.055689850E-03 2.541015529E-03 2.077357789E-03 1.664843972E-03 1.303482304E-03
 9.932788750E-04 7.340630325E-04 5.255736800E-04 3.675440988E-04 2.595087379E-04
 2.008985325E-04 1.911102901E-04 2.293324227E-04 3.146772270E-04 4.462615865E-04
 6.229564364E-04 8.435970674E-04 1.107103351E-03 1.412074369E-03 1.757155697E-03
 2.141190807E-03 2.562573600E-03 3.020186362E-03 3.514343518E-03 4.044324866E-03
 4.609292767E-03 5.209464758E-03 5.843830609E-03 6.511413499E-03 7.213596474E-03
 7.950896819E-03 8.722411479E-03 9.530513634E-03 1.037821196E-02 1.126475994E-02
 1.219199724E-02 1.316674720E-02 1.419517169E-02 1.527186197E-02 2.051821350E-01
 2.018589992E-01 1.985514001E-01 1.952619671E-01 1.919904959E-01 1.887373155E-01
 1.855028469E-01 1.822874744E-01 1.790915433E-01 1.759153683E-01 1.727592574E-01
 1.696234929E-01 1.665082730E-01 1.634137544E-01 1.603400933E-01 1.572874470E-01
 1.542559771E-01 1.512458575E-01 1.482572893E-01 1.452905456E-01 1.423459634E-01
 1.394238666E-01 1.365245566E-01 1.336483639E-01 1.307956730E-01 1.279668224E-01
 1.251618908E-01 1.223807917E-01 1.196234245E-01 1.168897269E-01 1.141797137E-01
 1.114936806E-01 1.088322979E-01 1.061963265E-01 1.035865082E-01 1.010034903E-01
 9.844747092E-02 9.591812164E-02 9.341503510E-02 9.093786915E-02 8.848653671E-02
 8.606145281E-02 8.366322432E-02 8.129244141E-02 7.894966669E-02 7.663542770E-02
 7.435022656E-02 7.209445368E-02 6.986813314E-02 6.767107969E-02 6.550319692E-02
 6.336466999E-02 6.125592733E-02 5.917746745E-02 5.712979979E-02 5.511345232E-02
 5.312889482E-02 5.117641176E-02 4.925624372E-02 4.736868198E-02 4.551408141E-02
 4.369289630E-02 4.190567927E-02 4.015295374E-02 3.843509051E-02 3.675248179E-02
 3.510575470E-02 3.349561032E-02 3.192263346E-02 3.038726996E-02 2.888981659E-02
 2.743070927E-02 2.601061445E-02 2.463017920E-02 2.329003053E-02 2.199086770E-02
 2.073335813E-02 1.951807617E-02 1.834554751E-02 1.721627804E-02 1.613080430E-02
 1.508971665E-02 1.409353710E-02 1.314282088E-02 1.223817356E-02 1.138005543E-02
 1.056888216E-02 9.805067758E-03 9.088935264E-03 8.420862298E-03 7.801173428E-03
 7.229936430E-03 6.707307253E-03 6.233399511E-03 5.808075199E-03 5.431297350E-03
 5.102931582E-03 4.822588064E-03 4.590047137E-03 4.404989889E-03 4.266777102E-03
 4.174932245E-03 4.128843931E-03 4.127566445E-03 4.170463631E-03 4.256776635E-03
 4.385313734E-03 4.555384387E-03 4.766217314E-03 5.016480750E-03 5.305528772E-03
 5.632771972E-03 5.996778642E-03 6.396718046E-03 6.832413613E-03 7.302506762E-03
 7.806361531E-03 8.344819809E-03 8.916865169E-03 9.521760082E-03 1.016173031E-02
 1.083710508E-02 1.154657041E-02 1.229309589E-02 1.308002036E-02 1.390587952E-02
 1.477257380E-02 1.568914560E-02 1.665276772E-02 2.096831636E-01 2.063799610E-01
 2.030923428E-01 1.998229863E-01 1.965717049E-01 1.933388325E-01 1.901247702E-01
 1.869298611E-01 1.837544155E-01 1.805987326E-01 1.774630985E-01 1.743477205E-01
 1.712527515E-01 1.681783400E-01 1.651246366E-01 1.620917941E-01 1.590799756E-01
 1.560893636E-01 1.531201954E-01 1.501727880E-01 1.472474679E-01 1.443445328E-01
 1.414642902E-01 1.386070950E-01 1.357733191E-01 1.329631487E-01 1.301765314E-01
 1.274133513E-01 1.246735185E-01 1.219569882E-01 1.192638689E-01 1.165946593E-01
 1.139500933E-01 1.113309167E-01 1.087378405E-01 1.061713710E-01 1.036314161E-01
 1.011175578E-01 9.862938365E-02 9.616658457E-02 9.372923365E-02 9.131784204E-02
 8.893300723E-02 8.657529536E-02 8.424524509E-02 8.194335962E-02 7.967011271E-02
 7.742581003E-02 7.521035839E-02 7.302353383E-02 7.086524229E-02 6.873569953E-02
 6.663532938E-02 6.456460569E-02 6.252401375E-02 6.051405587E-02 5.853515504E-02
 5.658754030E-02 5.467140776E-02 5.278700661E-02 5.093464889E-02 4.911474749E-02
 4.732781685E-02 4.557433907E-02 4.385462774E-02 4.216900719E-02 4.051805006E-02
 3.890242322E-02 3.732267386E-02 3.577920247E-02 3.427222552E-02 3.280206173E-02
 3.136930759E-02 2.997456700E-02 2.861839567E-02 2.730142945E-02 2.602430284E-02
 2.478754864E-02 2.359163336E-02 2.243698670E-02 2.132404991E-02 2.025334543E-02
 1.922533362E-02 1.824045097E-02 1.729928165E-02 1.640229006E-02 1.554983381E-02
 1.474229592E-02 1.397997487E-02 1.326305703E-02 1.259190451E-02 1.196664295E-02
 1.138734607E-02 1.085423566E-02 1.036726277E-02 9.926278993E-03 9.531346584E-03
 9.182143941E-03 8.878315166E-03 8.619842909E-03 8.406222010E-03 8.236859611E-03
 8.111492857E-03 8.029308361E-03 7.989445115E-03 7.991598514E-03 8.034791590E-03
 8.117930999E-03 8.240773601E-03 8.402318624E-03 8.601294978E-03 8.837561226E-03
 9.110299799E-03 9.418008357E-03 9.760708569E-03 1.013830271E-02 1.054909261E-02
 1.099326047E-02 1.147202222E-02 1.198372484E-02 1.252817355E-02 1.310830143E-02
 1.372377985E-02 1.437315266E-02 1.506032302E-02 1.578853026E-02 1.655563839E-02
 1.736548289E-02 1.821864701E-02 2.142043112E-01 2.109207892E-01 2.076529382E-01
 2.044034597E-01 2.011721739E-01 1.979594008E-01 1.947655013E-01 1.915907821E-01
 1.884355348E-01 1.853000495E-01 1.821845417E-01 1.790891597E-01 1.760140449E-01
 1.729593412E-01 1.699251936E-01 1.669117546E-01 1.639191910E-01 1.609477088E-01
 1.579975992E-01 1.550691882E-01 1.521627738E-01 1.492786450E-01 1.464171296E-01
 1.435786019E-01 1.407633491E-01 1.379713784E-01 1.352025729E-01 1.324568171E-01
 1.297340320E-01 1.270342110E-01 1.243576267E-01 1.217049381E-01 1.190768894E-01
 1.164742060E-01 1.138975469E-01 1.113471879E-01 1.088228037E-01 1.063239417E-01
 1.038501934E-01 1.014013175E-01 9.897756640E-02 9.657950128E-02 9.420769809E-02
 9.186270165E-02 8.954502464E-02 8.725514888E-02 8.499351465E-02 8.276032113E-02
 8.055537629E-02 7.837843031E-02 7.622940174E-02 7.410853718E-02 7.201625286E-02
 6.995299830E-02 6.791923659E-02 6.591544483E-02 6.394199778E-02 6.199907281E-02
 6.008682543E-02 5.820546612E-02 5.635526744E-02 5.453660403E-02 5.274995483E-02
 5.099576377E-02 4.927429203E-02 4.758580027E-02 4.593080789E-02 4.430994961E-02
 4.272374012E-02 4.117254154E-02 3.965650408E-02 3.817583306E-02 3.673104877E-02
 3.532271740E-02 3.395133096E-02 3.261745877E-02 3.132170442E-02 3.006456287E-02
 2.884644791E-02 2.766772497E-02 2.652874720E-02 2.542995918E-02 2.437180711E-02
 2.335463155E-02 2.237894665E-02 2.144524637E-02 2.055383784E-02 1.970504447E-02
 1.889918049E-02 1.813635208E-02 1.741682208E-02 1.674086903E-02 1.610842438E-02
 1.551969807E-02 1.497483541E-02 1.447354195E-02 1.401589158E-02 1.360182017E-02
 1.323078573E-02 1.290274428E-02 1.261763319E-02 1.237470528E-02 1.217366192E-02
 1.201424485E-02 1.189535080E-02 1.181651649E-02 1.177759068E-02 1.177721304E-02
 1.181474921E-02 1.189030778E-02 1.200244437E-02 1.215026651E-02 1.233421517E-02
 1.255308027E-02 1.280544314E-02 1.309224352E-02 1.341324581E-02 1.376620965E-02
 1.415236219E-02 1.457331588E-02 1.502636747E-02 1.551187731E-02 1.603395142E-02
 1.659147669E-02 1.718221388E-02 1.781125854E-02 1.848282638E-02 1.919461304E-02
 1.994140126E-02
 1.030021645E+00 1.037188184E+00 1.043547702E+00 1.049791840E+00 1.055922764E+00
 1.061950673E+00 1.067885651E+00 1.073737448E+00 1.079516577E+00 1.085232937E+00
 1.090896637E+00 1.096517518E+00 1.102105581E+00 1.107670851E+00 1.113223709E+00
 1.118773819E+00 1.124331457E+00 1.129906399E+00 1.135508638E+00 1.141148168E+00
 1.146835293E+00 1.152580015E+00 1.158392088E+00 1.164281549E+00 1.170258485E+00
 1.176333108E+00 1.182515488E+00 1.188815415E+00 1.195242910E+00 1.201807786E+00
 1.208520334E+00 1.215390934E+00 1.222429230E+00 1.229645041E+00 1.237048313E+00
 1.244649335E+00 1.252458406E+00 1.260485183E+00 1.268739590E+00 1.277231909E+00
 1.285972124E+00 1.294970128E+00 1.304236048E+00 1.313780007E+00 1.323612041E+00
 1.333741959E+00 1.344179508E+00 1.354934971E+00 1.366018813E+00 1.377440846E+00
 1.389210690E+00 1.401338573E+00 1.413834631E+00 1.426708713E+00 1.439970682E+00
 1.453630780E+00 1.467699235E+00 1.482186116E+00 1.497101412E+00 1.512454664E+00
 1.528256008E+00 1.544515830E+00 1.561244205E+00 1.578450855E+00 1.596145461E+00
 1.614338304E+00 1.633039639E+00 1.652259401E+00 1.672007628E+00 1.692294460E+00
 1.713129642E+00 1.734523237E+00 1.756485618E+00 1.779026405E+00 1.802155597E+00
 1.825883555E+00 1.850220091E+00 1.875175126E+00 1.900758720E+00 1.926980824E+00
 1.953851577E+00 1.981381182E+00 2.009579749E+00 2.038456857E+00 2.068022507E+00
 2.098287126E+00 2.129260777E+00 2.160953159E+00 2.193374153E+00 2.226533982E+00
 2.260442556E+00 2.295110250E+00 2.330547191E+00 2.366763211E+00 2.403768023E+00
 2.441571832E+00 2.480184567E+00 2.519616569E+00 2.559878000E+00 2.600978302E+00
 2.642927599E+00 2.685735740E+00 2.729413633E+00 2.773970711E+00 2.819417488E+00
 2.865762786E+00 2.913017545E+00 2.961192210E+00 3.010296194E+00 3.060339748E+00
 3.111331830E+00 3.163282131E+00 3.216195926E+00 3.270093851E+00 3.325042289E+00
 3.381110501E+00 3.438215703E+00 3.495981760E+00 3.553785890E+00 3.611013739E+00
 3.667427575E+00 3.723490102E+00 3.780553873E+00 3.840904430E+00 3.907720079E+00
 3.985042976E+00 4.077925017E+00 4.192808128E+00 4.339076474E+00
  300    5
 2.294999827E+00 5.120693645E-06 2.295018898E+00 8.645600918E-03 2.295076065E+00
 1.729612184E-02 2.295170494E+00 2.596670469E-02 2.295304012E+00 3.466759293E-02
 2.295476302E+00 4.340906162E-02 2.295688289E+00 5.220165615E-02 2.295940545E+00
 6.105612478E-02 2.296235497E+00 6.998379496E-02 2.296574039E+00 7.899616739E-02
 2.296957880E+00 8.810529506E-02 2.297389296E+00 9.732386211E-02 2.297870098E+00
 1.066650324E-01 2.298402066E+00 1.161425766E-01 2.298987977E+00 1.257712403E-01
 2.299631759E+00 1.355669761E-01 2.300338542E+00 1.455471705E-01 2.301111341E+00
 1.557296357E-01 2.301952739E+00 1.661331211E-01 2.302869413E+00 1.767792751E-01
 2.303867650E+00 1.876912601E-01 2.304953909E+00 1.988941108E-01 2.306135979E+00
 2.104154921E-01 2.307422216E+00 2.222856471E-01 2.308822901E+00 2.345384315E-01
 2.310348362E+00 2.472107227E-01 2.312011787E+00 2.603444141E-01 2.313829121E+00
 2.739870784E-01 2.315816811E+00 2.881912474E-01 2.317994541E+00 3.030168534E-01
 2.320386282E+00 3.185330173E-01 2.323019522E+00 3.348187856E-01 2.325926390E+00
 3.519653745E-01 2.329145826E+00 3.700796842E-01 2.332724172E+00 3.892871484E-01
 2.336718994E+00 4.097379359E-01 2.341198519E+00 4.316102891E-01 2.346246573E+00
 4.551196803E-01 2.351968974E+00 4.805313368E-01 2.358496226E+00 5.081713940E-01
 2.365995324E+00 5.384502319E-01 2.374679964E+00 5.718890184E-01 2.384821197E+00
 6.091522990E-01 2.396767875E+00 6.510998032E-01 2.410957565E+00 6.988371122E-01
 2.427858842E+00 7.536818477E-01 2.447670337E+00 8.167644789E-01 2.469625533E+00
 8.879178998E-01 2.491257994E+00 9.641953611E-01 2.508687056E+00 1.039684503E+00
 2.518419500E+00 1.107965025E+00 2.519134002E+00 1.165329504E+00 2.511662414E+00
 1.211527612E+00 2.497717933E+00 1.248142493E+00 2.478916220E+00 1.276990034E+00
 2.456498029E+00 1.299527533E+00 2.431381459E+00 1.316842883E+00 2.404255634E+00
 1.329755520E+00 2.375648281E+00 1.338895200E+00 2.345971555E+00 1.344756737E+00
 2.315553103E+00 1.347737458E+00 2.284657096E+00 1.348161924E+00 2.253499343E+00
 1.346300046E+00 2.222258777E+00 1.342382641E+00 2.191084816E+00 1.336609710E+00
 2.160102969E+00 1.329156880E+00 2.129419207E+00 1.320180873E+00 2.099123100E+00
 1.309822737E+00 2.069290463E+00 1.298211434E+00 2.039985129E+00 1.285464863E+00
 2.011260522E+00 1.271690924E+00 1.983161193E+00 1.256990625E+00 1.955723732E+00
 1.241458260E+00 1.928977579E+00 1.225180320E+00 1.902945992E+00 1.208238319E+00
 1.877646637E+00 1.190709153E+00 1.853092146E+00 1.172664438E+00 1.829290678E+00
 1.154170785E+00 1.806246397E+00 1.135290688E+00 1.783959831E+00 1.116083219E+00
 1.762428409E+00 1.096602241E+00 1.741646866E+00 1.076897246E+00 1.721607228E+00
 1.057016217E+00 1.702299211E+00 1.037003926E+00 1.683711071E+00 1.016899069E+00
 1.665829538E+00 9.967372508E-01 1.648639543E+00 9.765532439E-01 1.632124786E+00
 9.563788710E-01 1.616268559E+00 9.362409900E-01 1.601053132E+00 9.161650320E-01
 1.586459975E+00 8.961745559E-01 1.572470618E+00 8.762892081E-01 1.559065913E+00
 8.565276415E-01 1.546226643E+00 8.369060854E-01 1.533933793E+00 8.174382047E-01
 1.522168102E+00 7.981365885E-01 1.510910000E+00 7.790129943E-01 1.500141454E+00
 7.600747317E-01 1.489844317E+00 7.413287137E-01 1.480000113E+00 7.227818099E-01
 1.470591496E+00 7.044382321E-01 1.461600857E+00 6.863022956E-01 1.453011137E+00
 6.683770169E-01 1.444806484E+00 6.506633227E-01 1.436971000E+00 6.331621830E-01
 1.429489153E+00 6.158739605E-01 1.422346962E+00 5.987969258E-01 1.415529932E+00
 5.819301858E-01 1.409024401E+00 5.652718475E-01 1.402817948E+00 5.488187031E-01
 1.396897553E+00 5.325684534E-01 1.391251045E+00 5.165179668E-01 1.385866660E+00
 5.006638443E-01 1.380734501E+00 4.850010225E-01 1.375844352E+00 4.695251027E-01
 1.371185524E+00 4.542323329E-01 1.366748322E+00 4.391182094E-01 1.362523972E+00
 4.241776553E-01 1.358504372E+00 4.094053114E-01 1.354681207E+00 3.947962473E-01
 1.351046449E+00 3.803455023E-01 1.347593464E+00 3.660473264E-01 1.344315044E+00
 3.518966198E-01 1.341204134E+00 3.378883420E-01 1.338254638E+00 3.240170063E-01
 1.335461255E+00 3.102768667E-01 1.332818508E+00 2.966625037E-01 1.330321380E+00
 2.831684267E-01 1.327965023E+00 2.697892384E-01 1.325744394E+00 2.565197828E-01
 1.323655006E+00 2.433547564E-01 1.321693369E+00 2.302885641E-01 1.319855618E+00
 2.173159359E-01 1.318137663E+00 2.044317925E-01 1.316536827E+00 1.916306353E-01
 1.315050242E+00 1.789071870E-01 1.313674459E+00 1.662564515E-01 1.312406955E+00
 1.536732159E-01 1.311246050E+00 1.411521496E-01 1.310189961E+00 1.286880831E-01
 1.309236348E+00 1.162760616E-01 1.308382186E+00 1.039112838E-01 1.307626990E+00
 9.158849131E-02 1.306969139E+00 7.930272509E-02 1.306407484E+00 6.704899474E-02
 1.305940419E+00 5.482239355E-02 1.305567443E+00 4.261791361E-02 1.305288878E+00
 3.043055653E-02 1.305103564E+00 1.825547074E-02 1.305011202E+00 6.087750077E-03
 1.305011139E+00-6.077509355E-03 1.305103374E+00-1.824523535E-02 1.305288568E+00
-3.042033146E-02 1.305567002E+00-4.260770468E-02 1.305939843E+00-5.481220678E-02
 1.306406723E+00-6.703884169E-02 1.306968319E+00-7.929259644E-02 1.307626575E+00
-9.157831587E-02 1.308382169E+00-1.039010457E-01 1.309236070E+00-1.162658764E-01
 1.310190261E+00-1.286777744E-01 1.311246414E+00-1.411418187E-01 1.312406565E+00
-1.536630793E-01 1.313672883E+00-1.662466693E-01 1.315048356E+00-1.788975386E-01
 1.316534946E+00-1.916210294E-01 1.318135599E+00-2.044222967E-01 1.319853429E+00
-2.173065377E-01 1.321691679E+00-2.302790146E-01 1.323653507E+00-2.433451658E-01
 1.325742765E+00-2.565102901E-01 1.327963924E+00-2.697795302E-01 1.330320360E+00
-2.831587070E-01 1.332817492E+00-2.966528094E-01 1.335460010E+00-3.102673298E-01
 1.338252676E+00-3.240079300E-01 1.341201855E+00-3.378795190E-01 1.344312563E+00
-3.518879963E-01 1.347590940E+00-3.660388079E-01 1.351043933E+00-3.803370567E-01
 1.354678147E+00-3.947882884E-01 1.358501730E+00-4.093971287E-01 1.362522084E+00
-4.241689496E-01 1.366746258E+00-4.391097204E-01 1.371182568E+00-4.542247108E-01
 1.375841399E+00-4.695175906E-01 1.380732202E+00-4.849929973E-01 1.385864257E+00
-5.006560182E-01 1.391248066E+00-5.165108489E-01 1.396894581E+00-5.325614621E-01
 1.402814715E+00-5.488121506E-01 1.409021159E+00-5.652654661E-01 1.415526534E+00
-5.819241656E-01 1.422343725E+00-5.987908838E-01 1.429486249E+00-6.158676546E-01
 1.436968195E+00-6.331559151E-01 1.444803788E+00-6.506570761E-01 1.453008421E+00
-6.683709880E-01 1.461598100E+00-6.862965352E-01 1.470588704E+00-7.044327498E-01
 1.479997295E+00-7.227766109E-01 1.489841550E+00-7.413236793E-01 1.500138892E+00
-7.600695634E-01 1.510907347E+00-7.790082933E-01 1.522165200E+00-7.981327491E-01
 1.533931114E+00-8.174342222E-01 1.546224120E+00-8.369020982E-01 1.559063446E+00
-8.565239032E-01 1.572468095E+00-8.762860673E-01 1.586457534E+00-8.961716694E-01
 1.601050764E+00-9.161624605E-01 1.616266307E+00-9.362386287E-01 1.632122568E+00
-9.563770557E-01 1.648637314E+00-9.765522526E-01 1.665827649E+00-9.967356407E-01
 1.683709572E+00-1.016896439E+00 1.702297688E+00-1.037002385E+00 1.721605646E+00
-1.057016278E+00 1.741645564E+00-1.076896864E+00 1.762427453E+00-1.096600622E+00
 1.783959050E+00-1.116081697E+00 1.806245742E+00-1.135290031E+00 1.829290209E+00
-1.154170458E+00 1.853091882E+00-1.172664255E+00 1.877646584E+00-1.190709104E+00
 1.902946154E+00-1.208238398E+00 1.928977967E+00-1.225180615E+00 1.955724373E+00
-1.241459098E+00 1.983162078E+00-1.256991594E+00 2.011261613E+00-1.271691576E+00
 2.039986487E+00-1.285465806E+00 2.069292075E+00-1.298212483E+00 2.099124898E+00
-1.309823439E+00 2.129421228E+00-1.320181501E+00 2.160105263E+00-1.329157675E+00
 2.191087381E+00-1.336610625E+00 2.222261540E+00-1.342383362E+00 2.253502263E+00
-1.346300443E+00 2.284660191E+00-1.348162094E+00 2.315556529E+00-1.347737915E+00
 2.345975128E+00-1.344756892E+00 2.375651526E+00-1.338893794E+00 2.404258742E+00
-1.329753222E+00 2.431384752E+00-1.316840561E+00 2.456501404E+00-1.299524951E+00
 2.478919317E+00-1.276986439E+00 2.497720509E+00-1.248137489E+00 2.511664357E+00
-1.211521121E+00 2.519134804E+00-1.165320734E+00 2.518417771E+00-1.107951764E+00
 2.508682863E+00-1.039667283E+00 2.491252985E+00-9.641771672E-01 2.469620393E+00
-8.878998662E-01 2.447664583E+00-8.167459019E-01 2.427852971E+00-7.536634725E-01
 2.410951628E+00-6.988189977E-01 2.396762849E+00-6.510831813E-01 2.384816937E+00
-6.091368778E-01 2.374675339E+00-5.718733876E-01 2.365990957E+00-5.384351131E-01
 2.358492333E+00-5.081569834E-01 2.351965549E+00-4.805175792E-01 2.346243751E+00
-4.551066616E-01 2.341196202E+00-4.315978605E-01 2.336716953E+00-4.097258476E-01
 2.332722368E+00-3.892753428E-01 2.329144259E+00-3.700681405E-01 2.325924812E+00
-3.519538762E-01 2.323017278E+00-3.348068329E-01 2.320384217E+00-3.185212690E-01
 2.317992337E+00-3.030050737E-01 2.315814209E+00-2.881792703E-01 2.313827595E+00
-2.739758642E-01 2.312011129E+00-2.603337730E-01 2.310347215E+00-2.471998164E-01
 2.308822052E+00-2.345277213E-01 2.307422044E+00-2.222753152E-01 2.306135006E+00
-2.104047659E-01 2.304952063E+00-1.988829978E-01 2.303865951E+00-1.876802593E-01
 2.302868658E+00-1.767687153E-01 2.301952142E+00-1.661226425E-01 2.301110107E+00
-1.557189334E-01 2.300337983E+00-1.455367340E-01 2.299631576E+00-1.355566752E-01
 2.298987108E+00-1.257607356E-01 2.298401091E+00-1.161320618E-01 2.297869229E+00
-1.066545670E-01 2.297388490E+00-9.731343095E-02 2.296957104E+00-8.809488822E-02
 2.296573336E+00-7.898579136E-02 2.296234876E+00-6.997344825E-02 2.295940007E+00
-6.104580364E-02 2.295687828E+00-5.219135638E-02 2.295475918E+00-4.339877981E-02
 2.295303712E+00-3.465732627E-02 2.295170285E+00-2.595645012E-02 2.295075927E+00
-1.728587466E-02 2.295018824E+00-8.635357973E-03 2.294999827E+00 5.120693645E-06
 1.244305778E+00-1.415687790E+00 2.580648447E+00-1.415687790E+00 2.580648447E+00
 1.415693220E+00 1.244305778E+00 1.415693220E+00 1.244305778E+00-1.415687790E+00
 
    5.58520440E-02 abs(PSI-AXIS) --> [T M**2]    -2.71440934E-01
    1.04661233E+00 R OF MAGAXE --> [M]       1.88390219E+00
    1.50830892E-06 Z OF MAGAXE --> [M]       2.71495606E-06
    2.84482980E-06 Z0 --> [M]       5.12069365E-06
    1.80000000E+00 R0 [M] USED FOR CONVERTING TO MKSA
    1.50000000E+00 B0 [T] USED FOR CONVERTING TO MKSA
    1.00000000E+00 SIGN OF B0 IN EXPERIMENT (CHEASE ASSUMES 1.0) 
    6.11025007E-01 TOTAL CURRENT --> [A]     1.31284328E+06
    1.00000000E+00 SIGN OF IP IN EXPERIMENT (CHEASE ASSUMES 1.0) 
    2.21955016E+00 b/a
    1.03002164E+00 Q_ZERO, USING SIGNS OF IP AND B0, WOULD GIVE:     1.03002164E+00
    4.33907647E+00 Q_EDGE, USING SIGNS OF IP AND B0, WOULD GIVE:     4.33907647E+00
    8.71393110E-01 POLOIDAL BETA
    3.99697790E-02 BETA_EXP=<P>*2*MU0/B0**2
    6.45500714E-01 LI
    4.67566264E-02 PRESSURE ON AXIS --> [Pa]     8.37174174E+04  --> [10**19 M**-3 KEV]:     5.22580633E+01
    3.95137263E-02 BETA
    5.33841185E-02 BETA* (SQRT(<P**2>))
    9.96691749E-02 BETA-AXIS=2p0/(T0/Rmag)^2;      with Rmag->Rgeo(LCFS):    1.02713717E-01
   -5.58520440E-02 PSI-AXIS --> [T M**2]    -2.71440934E-01
   -3.50928742E-01 2*PI*PSI-AXIS -->        -1.70551369E+00
   -5.58520440E-02 IP_SIGN*PSI-AXIS --> [T M**2]    -2.71440934E-01
   -3.50928742E-01 IP_SIGN*2*PI*PSI-AXIS -->        -1.70551369E+00
    3.14829032E+00 ASPECT RATIO ; a/R=     3.17632714E-01
    4.88119306E+00 VOLUME ->     2.84671179E+01
    7.19947519E-01 AREA   ->     2.33262996E+00
    2.57405523E+01 SURFACE   ->     8.33993893E+01
    3.71133702E+00 LENGTH ->     6.68040664E+00
    7.25006188E-01 RMIN -> RMIN [m]     1.30501114E+00
    1.39951934E+00 RMAX -> RMAX [m]     2.51913480E+00
   -7.48978941E-01 ZMIN -> ZMIN [m]    -1.34816209E+00
    7.48978847E-01 ZMAX -> ZMAX [m]     1.34816192E+00
    1.06226276E+00 RGEOM -> RGEOM [m]     1.91207297E+00
    3.37256574E-01 MINOR RADIUS -> A [m]     6.07061833E-01
