      FROM CHEASE BUT COCOS=02 ,SI UNITS20260225   3 129 129
 1.099994713E+00 1.574999963E+00 1.800000000E+00 1.250003664E+00-6.893955513E-09
 1.855540607E+00-6.893955513E-09-1.495061084E-01 0.000000000E+00 1.500000000E+00
 5.204490451E+05-1.495061084E-01 0.000000000E+00 1.855540607E+00 0.000000000E+00
-6.893955513E-09 0.000000000E+00 0.000000000E+00 0.000000000E+00 0.000000000E+00
 2.726023031E+00 2.724775507E+00 2.723554282E+00 2.722358586E+00 2.721187719E+00
 2.720041054E+00 2.718918022E+00 2.717818116E+00 2.716740884E+00 2.715685925E+00
 2.714652889E+00 2.713641469E+00 2.712651392E+00 2.711682435E+00 2.710734412E+00
 2.709807164E+00 2.708900567E+00 2.708014528E+00 2.707148981E+00 2.706303889E+00
 2.705479235E+00 2.704675024E+00 2.703891282E+00 2.703128051E+00 2.702385387E+00
 2.701663359E+00 2.700962067E+00 2.700281593E+00 2.699622046E+00 2.698983530E+00
 2.698366156E+00 2.697770042E+00 2.697195314E+00 2.696642064E+00 2.696110405E+00
 2.695600449E+00 2.695112296E+00 2.694646018E+00 2.694201695E+00 2.693779389E+00
 2.693379147E+00 2.693000993E+00 2.692644934E+00 2.692310976E+00 2.691999090E+00
 2.691709203E+00 2.691441239E+00 2.691195106E+00 2.690970686E+00 2.690767813E+00
 2.690586300E+00 2.690425947E+00 2.690286509E+00 2.690167721E+00 2.690069295E+00
 2.689990895E+00 2.689932174E+00 2.689892766E+00 2.689872258E+00 2.689870198E+00
 2.689886132E+00 2.689919588E+00 2.689970053E+00 2.690036984E+00 2.690119818E+00
 2.690217992E+00 2.690330908E+00 2.690457956E+00 2.690598511E+00 2.690751928E+00
 2.690917537E+00 2.691094670E+00 2.691282661E+00 2.691480824E+00 2.691688449E+00
 2.691904845E+00 2.692129315E+00 2.692361142E+00 2.692599626E+00 2.692844063E+00
 2.693093747E+00 2.693347979E+00 2.693606066E+00 2.693867314E+00 2.694131041E+00
 2.694396570E+00 2.694663238E+00 2.694930385E+00 2.695197364E+00 2.695463537E+00
 2.695728280E+00 2.695990980E+00 2.696251033E+00 2.696507856E+00 2.696760864E+00
 2.697009499E+00 2.697253206E+00 2.697491455E+00 2.697723720E+00 2.697949488E+00
 2.698168257E+00 2.698379546E+00 2.698582885E+00 2.698777810E+00 2.698963873E+00
 2.699140631E+00 2.699307664E+00 2.699464559E+00 2.699610911E+00 2.699746326E+00
 2.699870417E+00 2.699982811E+00 2.700083135E+00 2.700171055E+00 2.700246304E+00
 2.700308613E+00 2.700357473E+00 2.700391936E+00 2.700410652E+00 2.700412220E+00
 2.700395767E+00 2.700361537E+00 2.700311386E+00 2.700249079E+00 2.700180332E+00
 2.700112585E+00 2.700054383E+00 2.700014463E+00 2.700000000E+00
 3.075737115E+04 3.075361653E+04 3.074235456E+04 3.072358927E+04 3.069732750E+04
 3.066357874E+04 3.062235549E+04 3.057367279E+04 3.051754854E+04 3.045400337E+04
 3.038306068E+04 3.030474662E+04 3.021909002E+04 3.012612257E+04 3.002587859E+04
 2.991839517E+04 2.980371228E+04 2.968187255E+04 2.955292114E+04 2.941690635E+04
 2.927387900E+04 2.912389282E+04 2.896700409E+04 2.880327190E+04 2.863275819E+04
 2.845552746E+04 2.827164717E+04 2.808118746E+04 2.788422133E+04 2.768082431E+04
 2.747107477E+04 2.725505369E+04 2.703284505E+04 2.680453547E+04 2.657021449E+04
 2.632997408E+04 2.608390891E+04 2.583211687E+04 2.557469828E+04 2.531175623E+04
 2.504339645E+04 2.476972787E+04 2.449086167E+04 2.420691195E+04 2.391799571E+04
 2.362423243E+04 2.332574474E+04 2.302265751E+04 2.271509862E+04 2.240319883E+04
 2.208709134E+04 2.176691247E+04 2.144280083E+04 2.111489826E+04 2.078334898E+04
 2.044830024E+04 2.010990200E+04 1.976830668E+04 1.942366973E+04 1.907614919E+04
 1.872590611E+04 1.837310393E+04 1.801790912E+04 1.766049076E+04 1.730102070E+04
 1.693967368E+04 1.657662696E+04 1.621206066E+04 1.584615767E+04 1.547910355E+04
 1.511108669E+04 1.474229833E+04 1.437293219E+04 1.400318493E+04 1.363325598E+04
 1.326334742E+04 1.289366417E+04 1.252441384E+04 1.215580662E+04 1.178805585E+04
 1.142137738E+04 1.105598960E+04 1.069211408E+04 1.032997495E+04 9.969798902E+03
 9.611815861E+03 9.256257942E+03 8.903360365E+03 8.553360871E+03 8.206500191E+03
 7.863021709E+03 7.523171767E+03 7.187198963E+03 6.855354997E+03 6.527894132E+03
 6.205073466E+03 5.887152905E+03 5.574394807E+03 5.267065073E+03 4.965431451E+03
 4.669765068E+03 4.380339165E+03 4.097430504E+03 3.821318069E+03 3.552283625E+03
 3.290612061E+03 3.036590353E+03 2.790509231E+03 2.552660810E+03 2.323341229E+03
 2.102848574E+03 1.891483983E+03 1.689551799E+03 1.497357889E+03 1.315212298E+03
 1.143426494E+03 9.823158400E+02 8.321978671E+02 6.933924886E+02 5.662236600E+02
 4.510163093E+02 3.480998153E+02 2.578052707E+02 1.804663899E+02 1.164209754E+02
 6.600751263E+01 2.956909418E+01 7.450799363E+00 0.000000000E+00
-2.943346798E+00-2.879271629E+00-2.817573583E+00-2.757680594E+00-2.699406194E+00
-2.642589852E+00-2.587101493E+00-2.532789854E+00-2.479528765E+00-2.427212449E+00
-2.375707132E+00-2.324930278E+00-2.274796677E+00-2.225175617E+00-2.176008921E+00
-2.127227932E+00-2.078737749E+00-2.030482384E+00-1.982389337E+00-1.934405289E+00
-1.886480866E+00-1.838552547E+00-1.790600743E+00-1.742559207E+00-1.694429691E+00
-1.646128986E+00-1.597655966E+00-1.549008642E+00-1.500138845E+00-1.451061146E+00
-1.401762229E+00-1.352185402E+00-1.302404729E+00-1.252432752E+00-1.202212556E+00
-1.151770705E+00-1.101168951E+00-1.050418726E+00-9.995232584E-01-9.485312991E-01
-8.974699551E-01-8.464136903E-01-7.953529087E-01-7.443185865E-01-6.934440325E-01
-6.427572833E-01-5.922711322E-01-5.420406948E-01-4.921457440E-01-4.426833317E-01
-3.936705759E-01-3.451684166E-01-2.972827637E-01-2.500238944E-01-2.034882295E-01
-1.577678085E-01-1.128432884E-01-6.882447513E-02-2.581193472E-02 1.615366280E-02
 5.705534136E-02 9.684229246E-02 1.353943354E-01 1.726781723E-01 2.086639686E-01
 2.433273261E-01 2.765967692E-01 3.084456889E-01 3.388476364E-01 3.677239574E-01
 3.950692799E-01 4.208735044E-01 4.451553568E-01 4.677977311E-01 4.888447339E-01
 5.082972785E-01 5.261312960E-01 5.423140350E-01 5.569092962E-01 5.698595497E-01
 5.812097960E-01 5.909469354E-01 5.990968002E-01 6.056485297E-01 6.106487478E-01
 6.140901649E-01 6.160227830E-01 6.164304610E-01 6.153692644E-01 6.128390902E-01
 6.088948022E-01 6.035293824E-01 5.968045055E-01 5.887236438E-01 5.793191840E-01
 5.686309281E-01 5.566822655E-01 5.435209530E-01 5.291428674E-01 5.136010628E-01
 4.969046818E-01 4.791242840E-01 4.602499189E-01 4.403197373E-01 4.193561802E-01
 3.973865819E-01 3.744633034E-01 3.505760131E-01 3.257742802E-01 3.000541914E-01
 2.734612857E-01 2.460006778E-01 2.176946844E-01 1.886948067E-01 1.591319538E-01
 1.287756013E-01 9.677768340E-02 6.204210710E-02 2.393560936E-02-1.703823480E-02
-5.896071904E-02-9.861321665E-02-1.318300795E-01-1.540511036E-01-1.609138947E-01
-1.489867615E-01-1.166627675E-01-6.511851437E-02-3.910143719E-12
-1.017487497E-01-6.428456814E+03-1.285467499E+04-1.927625291E+04-2.569053065E+04
-3.209574775E+04-3.848893549E+04-4.486817482E+04-5.123077392E+04-5.757445090E+04
-6.389722097E+04-7.019626797E+04-7.646937762E+04-8.271426318E+04-8.892867918E+04
-9.511001776E+04-1.012560363E+05-1.073644115E+05-1.134327323E+05-1.194588108E+05
-1.254398247E+05-1.313741157E+05-1.372588391E+05-1.430916830E+05-1.488706655E+05
-1.545928732E+05-1.602563157E+05-1.658582718E+05-1.713967988E+05-1.768695460E+05
-1.822740219E+05-1.876079892E+05-1.928686968E+05-1.980538931E+05-2.031617199E+05
-2.081897154E+05-2.131349216E+05-2.179953544E+05-2.227689292E+05-2.274530190E+05
-2.320451259E+05-2.365428693E+05-2.409447142E+05-2.452471395E+05-2.494483770E+05
-2.535463138E+05-2.575378618E+05-2.614214322E+05-2.651944382E+05-2.688540919E+05
-2.723986407E+05-2.758254679E+05-2.791320473E+05-2.823165002E+05-2.853759353E+05
-2.883080879E+05-2.911110901E+05-2.937819261E+05-2.963189961E+05-2.987190487E+05
-3.009804681E+05-3.031005816E+05-3.050769931E+05-3.069076155E+05-3.085896605E+05
-3.101212444E+05-3.114996374E+05-3.127228035E+05-3.137881199E+05-3.146934627E+05
-3.154361876E+05-3.160142020E+05-3.164250616E+05-3.166664033E+05-3.167358263E+05
-3.166310685E+05-3.163496335E+05-3.158894592E+05-3.152479205E+05-3.144226184E+05
-3.134114738E+05-3.122120830E+05-3.108216542E+05-3.092385248E+05-3.074597475E+05
-3.054831829E+05-3.033066934E+05-3.009275641E+05-2.983438015E+05-2.955526368E+05
-2.925519596E+05-2.893392221E+05-2.859126125E+05-2.822690688E+05-2.784070141E+05
-2.743231994E+05-2.700162756E+05-2.654828612E+05-2.607211175E+05-2.557287882E+05
-2.505031866E+05-2.450425563E+05-2.393434594E+05-2.334049524E+05-2.272232748E+05
-2.207972974E+05-2.141236794E+05-2.072005666E+05-2.000260306E+05-1.925964395E+05
-1.849111971E+05-1.769658885E+05-1.687599904E+05-1.602901911E+05-1.515541791E+05
-1.425503636E+05-1.332748412E+05-1.237273039E+05-1.139034689E+05-1.038020394E+05
-9.342092204E+04-8.275624948E+04-7.180797619E+04-6.057145468E+04-4.904560881E+04
-3.722853383E+04-2.511592323E+04-1.270775447E+04 0.000000000E+00
 4.476197936E-02 4.332515278E-02 4.190917467E-02 4.051736570E-02 3.914904271E-02
 3.780411998E-02 3.648256608E-02 3.518453124E-02 3.391066715E-02 3.266178778E-02
 3.143856288E-02 3.024147311E-02 2.907057797E-02 2.792553877E-02 2.680635307E-02
 2.571364367E-02 2.464803479E-02 2.360987027E-02 2.259932538E-02 2.161650644E-02
 2.066166900E-02 1.973517643E-02 1.883725045E-02 1.796802725E-02 1.712766796E-02
 1.631628672E-02 1.553394092E-02 1.478073395E-02 1.405682405E-02 1.336239693E-02
 1.269765310E-02 1.206281280E-02 1.145808914E-02 1.088367633E-02 1.033970148E-02
 9.826120923E-03 9.342895516E-03 8.890411201E-03 8.468912135E-03 8.078398357E-03
 7.719130344E-03 7.391726386E-03 7.096507792E-03 6.833442575E-03 6.602709766E-03
 6.404979004E-03 6.240896627E-03 6.110741713E-03 6.014775515E-03 5.953530015E-03
 5.927685714E-03 5.937891036E-03 5.984772657E-03 6.068971117E-03 6.191132723E-03
 6.351870266E-03 6.551825914E-03 6.791908031E-03 7.073032040E-03 7.395940394E-03
 7.761381572E-03 8.169992863E-03 8.622365324E-03 9.119305614E-03 9.661905234E-03
 1.025090903E-02 1.088662502E-02 1.156965837E-02 1.230105717E-02 1.308191350E-02
 1.391264843E-02 1.479339055E-02 1.572446660E-02 1.670649450E-02 1.774021458E-02
 1.882609672E-02 1.996432167E-02 2.115485399E-02 2.239772153E-02 2.369340547E-02
 2.504249209E-02 2.644516232E-02 2.790121748E-02 2.941020043E-02 3.097158884E-02
 3.258517942E-02 3.425106106E-02 3.596926670E-02 3.773982473E-02 3.956273664E-02
 4.143746811E-02 4.336287753E-02 4.533787926E-02 4.736206220E-02 4.943558764E-02
 5.155860666E-02 5.373059078E-02 5.595025380E-02 5.821609423E-02 6.052693638E-02
 6.288230380E-02 6.528187290E-02 6.772519255E-02 7.021170445E-02 7.274080546E-02
 7.531189798E-02 7.792435026E-02 8.057732651E-02 8.326970803E-02 8.600026468E-02
 8.876775726E-02 9.157108100E-02 9.440953907E-02 9.728269544E-02 1.001901561E-01
 1.031314910E-01 1.061061575E-01 1.091133675E-01 1.121522065E-01 1.152217699E-01
 1.183211672E-01 1.214495142E-01 1.246059977E-01 1.277900020E-01 1.310009987E-01
 1.342384299E-01 1.375018757E-01 1.407917007E-01 1.441041050E-01 4.386754845E-02
 4.241207586E-02 4.097695409E-02 3.956593672E-02 3.817861843E-02 3.681499672E-02
 3.547509335E-02 3.415887566E-02 3.286651472E-02 3.159862879E-02 3.035600034E-02
 2.913928348E-02 2.794891955E-02 2.678493709E-02 2.564706008E-02 2.453536620E-02
 2.345044929E-02 2.239287265E-02 2.136294789E-02 2.036082756E-02 1.938663482E-02
 1.844064167E-02 1.752316550E-02 1.663438644E-02 1.577443426E-02 1.494344812E-02
 1.414150962E-02 1.336867547E-02 1.262505412E-02 1.191079766E-02 1.122607658E-02
 1.057107639E-02 9.945993480E-03 9.351007898E-03 8.786273319E-03 8.251842718E-03
 7.747644585E-03 7.273824595E-03 6.830733827E-03 6.418458549E-03 6.037107717E-03
 5.687118003E-03 5.368961356E-03 5.082765564E-03 4.828624360E-03 4.607025630E-03
 4.418618778E-03 4.263839898E-03 4.142974848E-03 4.056498104E-03 4.005061101E-03
 3.989335693E-03 4.009977977E-03 4.067658366E-03 4.163066278E-03 4.296881032E-03
 4.469789033E-03 4.682655758E-03 4.936432526E-03 5.231934663E-03 5.569967379E-03
 5.951267690E-03 6.376508899E-03 6.846508775E-03 7.362327036E-03 7.924812578E-03
 8.534406450E-03 9.191746253E-03 9.897856712E-03 1.065383352E-02 1.146019997E-02
 1.231719096E-02 1.322519942E-02 1.418487408E-02 1.519696079E-02 1.626195018E-02
 1.738006226E-02 1.855131687E-02 1.977582263E-02 2.105409784E-02 2.238669936E-02
 2.377377317E-02 2.521510890E-02 2.671026462E-02 2.825878597E-02 2.986057426E-02
 3.151571358E-02 3.322421481E-02 3.498611613E-02 3.680133081E-02 3.866912085E-02
 4.058832454E-02 4.255802535E-02 4.457804959E-02 4.664857454E-02 4.876955801E-02
 5.094012218E-02 5.315885087E-02 5.542430533E-02 5.773561373E-02 6.009239903E-02
 6.249425844E-02 6.494065695E-02 6.743097846E-02 6.996460167E-02 7.254089558E-02
 7.515911957E-02 7.781824233E-02 8.051704214E-02 8.325424852E-02 8.602865422E-02
 8.883936571E-02 9.168584761E-02 9.456767326E-02 9.748440081E-02 1.004354988E-01
 1.034202292E-01 1.064376687E-01 1.094868793E-01 1.125669392E-01 1.156769338E-01
 1.188160027E-01 1.219834571E-01 1.251787315E-01 1.284012727E-01 1.316505194E-01
 1.349260763E-01 1.382283032E-01 1.415532969E-01 4.298456617E-02 4.151119558E-02
 4.005742749E-02 3.862716774E-02 3.722055741E-02 3.583785805E-02 3.447917588E-02
 3.314450295E-02 3.183380219E-02 3.054726245E-02 2.928550376E-02 2.804929446E-02
 2.683927949E-02 2.565587124E-02 2.449904432E-02 2.336854099E-02 2.226452061E-02
 2.118758029E-02 2.013822763E-02 1.911673215E-02 1.812321760E-02 1.715782058E-02
 1.622082599E-02 1.531250344E-02 1.443299398E-02 1.358241831E-02 1.276088899E-02
 1.196845869E-02 1.120518449E-02 1.047117473E-02 9.766569652E-03 9.091520944E-03
 8.446195272E-03 7.830757782E-03 7.245354951E-03 6.690090845E-03 6.164952895E-03
 5.669919927E-03 5.205261069E-03 4.771192645E-03 4.367796650E-03 3.995338903E-03
 3.654283964E-03 3.344909777E-03 3.067374752E-03 2.822025665E-03 2.609417978E-03
 2.430049535E-03 2.284265912E-03 2.172505664E-03 2.095372292E-03 2.053535886E-03
 2.047672650E-03 2.078480239E-03 2.146686887E-03 2.253035648E-03 2.398280081E-03
 2.583277923E-03 2.808996228E-03 3.076332504E-03 3.386166769E-03 3.739348064E-03
 4.136668865E-03 4.578989828E-03 5.067307063E-03 5.602538898E-03 6.185277641E-03
 6.816216883E-03 7.496359274E-03 8.226777383E-03 9.008090160E-03 9.840647142E-03
 1.072491660E-02 1.166158255E-02 1.265139739E-02 1.369487769E-02 1.479228922E-02
 1.594371434E-02 1.714934220E-02 1.840971783E-02 1.972536579E-02 2.109640551E-02
 2.252262026E-02 2.400359555E-02 2.553895988E-02 2.712869736E-02 2.877287312E-02
 3.047148724E-02 3.222457776E-02 3.403192594E-02 3.589262372E-02 3.780554710E-02
 3.977000060E-02 4.178597246E-02 4.385359872E-02 4.597255264E-02 4.814168283E-02
 5.035950613E-02 5.262474589E-02 5.493679856E-02 5.729528673E-02 5.969971133E-02
 6.214946199E-02 6.464388825E-02 6.718234513E-02 6.976414120E-02 7.238836266E-02
 7.505382335E-02 7.775923260E-02 8.050330934E-02 8.328497248E-02 8.610354856E-02
 8.895856552E-02 9.184956518E-02 9.477602343E-02 9.773724880E-02 1.007323201E-01
 1.037602625E-01 1.068201211E-01 1.099109494E-01 1.130318363E-01 1.161820188E-01
 1.193608894E-01 1.225678698E-01 1.258023954E-01 1.290639252E-01 1.323520684E-01
 1.356670954E-01 1.390049307E-01 4.211439535E-02 4.062356699E-02 3.915188899E-02
 3.770290858E-02 3.627695957E-02 3.487483710E-02 3.349693449E-02 3.214334581E-02
 3.081406987E-02 2.950908005E-02 2.822856791E-02 2.697314381E-02 2.574355938E-02
 2.454043929E-02 2.336416526E-02 2.221468638E-02 2.109177771E-02 1.999565424E-02
 1.892689833E-02 1.788596330E-02 1.687307910E-02 1.588835142E-02 1.493193119E-02
 1.400409492E-02 1.310506095E-02 1.223494084E-02 1.139384044E-02 1.058184021E-02
 9.798973489E-03 9.045297775E-03 8.320914681E-03 7.625946134E-03 6.960521889E-03
 6.324782117E-03 5.718850956E-03 5.142826221E-03 4.596755184E-03 4.080618168E-03
 3.594529740E-03 3.138755484E-03 2.713502898E-03 2.318982886E-03 1.955516423E-03
 1.623379385E-03 1.322544392E-03 1.053160930E-03 8.157803214E-04 6.110108738E-04
 4.393716534E-04 3.014003179E-04 1.977321019E-04 1.290642420E-04 9.611468249E-05
 9.962190404E-05 1.403499135E-04 2.190837003E-04 3.366236891E-04 4.938156380E-04
 6.915695334E-04 9.307772815E-04 1.212310848E-03 1.537014463E-03 1.905670790E-03
 2.319159626E-03 2.778727910E-03 3.285482773E-03 3.840207692E-03 4.443703790E-03
 5.096953208E-03 5.800926107E-03 6.556325383E-03 7.363633865E-03 8.223384534E-03
 9.136274755E-03 1.010306038E-02 1.112429470E-02 1.220030233E-02 1.333123694E-02
 1.451736629E-02 1.575925196E-02 1.705738563E-02 1.841186871E-02 1.982248706E-02
 2.128886720E-02 2.281073470E-02 2.438812557E-02 2.602107620E-02 2.770958824E-02
 2.945367895E-02 3.125295599E-02 3.310640406E-02 3.501299699E-02 3.697228332E-02
 3.898432399E-02 4.104913793E-02 4.316605744E-02 4.533375135E-02 4.755075165E-02
 4.981604766E-02 5.212918154E-02 5.448970144E-02 5.689701497E-02 5.935045274E-02
 6.184934399E-02 6.439300484E-02 6.698062453E-02 6.961109493E-02 7.228312625E-02
 7.499539130E-02 7.774666807E-02 8.053609901E-02 8.336313459E-02 8.622729040E-02
 8.912803893E-02 9.206471937E-02 9.503643394E-02 9.804217751E-02 1.010809585E-01
 1.041517974E-01 1.072537378E-01 1.103859447E-01 1.135477588E-01 1.167385681E-01
 1.199577746E-01 1.232048312E-01 1.264792087E-01 1.297804410E-01 1.331086087E-01
 1.364595262E-01 4.125708692E-02 3.974833242E-02 3.825897293E-02 3.679200720E-02
 3.534728700E-02 3.392574846E-02 3.252831008E-02 3.115537796E-02 2.980706130E-02
 2.848336880E-02 2.718428357E-02 2.591000007E-02 2.466111711E-02 2.343836687E-02
 2.224235145E-02 2.107342049E-02 1.993150199E-02 1.881640888E-02 1.772840393E-02
 1.666804383E-02 1.563572627E-02 1.463164262E-02 1.365588559E-02 1.270861848E-02
 1.179009406E-02 1.090047867E-02 1.003985929E-02 9.208320812E-03 8.405910790E-03
 7.632649925E-03 6.888593211E-03 6.173828119E-03 5.488448312E-03 4.832545595E-03
 4.206225455E-03 3.609591624E-03 3.042728015E-03 2.505757714E-03 1.998823552E-03
 1.522007995E-03 1.075012497E-03 6.576772936E-04 2.704075100E-04-8.644605276E-05
-4.134977297E-04-7.108115222E-04-9.773749686E-04-1.212081041E-03-1.413953182E-03
-1.582074053E-03-1.715550154E-03-1.813507943E-03-1.875099490E-03-1.899503413E-03
-1.885922916E-03-1.833584580E-03-1.741739746E-03-1.609664609E-03-1.436655733E-03
-1.222062164E-03-9.652896281E-04-6.658338060E-04-3.233321794E-04 6.289151787E-05
 4.947973997E-04 9.737530258E-04 1.500539030E-03 2.075872683E-03 2.700840755E-03
 3.376959211E-03 4.105211783E-03 4.886237781E-03 5.720573648E-03 6.608854590E-03
 7.551837990E-03 8.550103424E-03 9.604012068E-03 1.071379154E-02 1.187979100E-02
 1.310258381E-02 1.438263236E-02 1.572002936E-02 1.711457557E-02 1.856595097E-02
 2.007398243E-02 2.163872743E-02 2.326019216E-02 2.493838687E-02 2.667327552E-02
 2.846428024E-02 3.031035206E-02 3.221061499E-02 3.416482601E-02 3.617304564E-02
 3.823508506E-02 4.034996538E-02 4.251625468E-02 4.473260188E-02 4.699827290E-02
 4.931282409E-02 5.167569923E-02 5.408622735E-02 5.654370466E-02 5.904743344E-02
 6.159665802E-02 6.419038208E-02 6.682734689E-02 6.950619862E-02 7.222561844E-02
 7.498455340E-02 7.778233590E-02 8.061844018E-02 8.349232617E-02 8.640334911E-02
 8.935064678E-02 9.233319181E-02 9.534995369E-02 9.839991852E-02 1.014820870E-01
 1.045955546E-01 1.077396008E-01 1.109135775E-01 1.141168484E-01 1.173488278E-01
 1.206089855E-01 1.238967292E-01 1.272114094E-01 1.305529643E-01 1.339171833E-01
 4.041338820E-02 3.888597862E-02 3.737839174E-02 3.589355925E-02 3.443075404E-02
 3.299039079E-02 3.157346674E-02 3.018089297E-02 2.881311377E-02 2.747025774E-02
 2.615234365E-02 2.485936564E-02 2.359152152E-02 2.234939719E-02 2.113370212E-02
 1.994501154E-02 1.878364114E-02 1.764950442E-02 1.654245708E-02 1.546279950E-02
 1.441105186E-02 1.338755549E-02 1.239246504E-02 1.142586542E-02 1.048792536E-02
 9.578860266E-03 8.698787071E-03 7.847770179E-03 7.025867443E-03 6.233097203E-03
 5.469468603E-03 4.735015342E-03 4.029799131E-03 3.353905579E-03 2.707465686E-03
 2.090774952E-03 1.503871079E-03 9.461967927E-04 4.172808155E-04-8.293929380E-05
-5.561323721E-04-1.003257200E-03-1.423195306E-03-1.814623202E-03-2.176601118E-03
-2.508185734E-03-2.808294225E-03-3.075882448E-03-3.309970631E-03-3.509624904E-03
-3.673943614E-03-3.802047390E-03-3.893076897E-03-3.946190647E-03-3.960564196E-03
-3.935389712E-03-3.869876597E-03-3.763259481E-03-3.614790982E-03-3.423767899E-03
-3.189527181E-03-2.911465491E-03-2.589057718E-03-2.221785302E-03-1.808954563E-03
-1.350092938E-03-8.450018484E-04-2.936212289E-04 3.052609641E-04 9.547375203E-04
 1.656082265E-03 2.409874494E-03 3.217265457E-03 4.079577112E-03 4.997692284E-03
 5.972119169E-03 7.003155910E-03 8.091098177E-03 9.236333685E-03 1.043941645E-02
 1.170078755E-02 1.302054928E-02 1.439853384E-02 1.583448834E-02 1.732833269E-02
 1.888011988E-02 2.048983211E-02 2.215748698E-02 2.388295401E-02 2.566549358E-02
 2.750409157E-02 2.939806485E-02 3.134729948E-02 3.335179179E-02 3.541106341E-02
 3.752391142E-02 3.968887907E-02 4.190483719E-02 4.417122594E-02 4.648753113E-02
 4.885309454E-02 5.126718634E-02 5.372908077E-02 5.623803383E-02 5.879315555E-02
 6.139325735E-02 6.403698071E-02 6.672294473E-02 6.944992578E-02 7.221709277E-02
 7.502385503E-02 7.786964917E-02 8.075383461E-02 8.367558608E-02 8.663386698E-02
 8.962760703E-02 9.265575510E-02 9.571727096E-02 9.881118497E-02 1.019367059E-01
 1.050931445E-01 1.082798259E-01 1.114961198E-01 1.147414615E-01 1.180152692E-01
 1.213167735E-01 1.246451714E-01 1.280003483E-01 1.313780926E-01 3.958364203E-02
 3.803723653E-02 3.651076675E-02 3.500745932E-02 3.352657083E-02 3.206800644E-02
 3.063219981E-02 2.922007538E-02 2.783255447E-02 2.647012185E-02 2.513292584E-02
 2.382099617E-02 2.253433905E-02 2.127315615E-02 2.003801847E-02 1.882960938E-02
 1.764847347E-02 1.649489128E-02 1.536876847E-02 1.427000691E-02 1.319893250E-02
 1.215601878E-02 1.114155114E-02 1.015565049E-02 9.198397024E-03 8.269954014E-03
 7.370488846E-03 6.500074904E-03 5.658752145E-03 4.846538366E-03 4.063413489E-03
 3.309391708E-03 2.584586360E-03 1.889326030E-03 1.223517387E-03 5.862920070E-04
-2.297252547E-05-6.066550470E-04-1.167054413E-03-1.703139354E-03-2.213678942E-03
-2.697624209E-03-3.153679624E-03-3.580601785E-03-3.977231698E-03-4.342516812E-03
-4.675516830E-03-4.975329482E-03-5.241075032E-03-5.471890215E-03-5.666917488E-03
-5.825301642E-03-5.946188703E-03-6.028724253E-03-6.072054720E-03-6.075328636E-03
-6.037697832E-03-5.958325662E-03-5.836379160E-03-5.671049487E-03-5.461547331E-03
-5.207110604E-03-4.907013227E-03-4.560597302E-03-4.167321769E-03-3.726707615E-03
-3.238360232E-03-2.702029642E-03-2.117347680E-03-1.483764757E-03-8.014162146E-04
-7.030298143E-05 7.122710445E-04 1.549357307E-03 2.441881988E-03 3.390927830E-03
 4.397770509E-03 5.462936287E-03 6.586649030E-03 7.769354650E-03 9.011457049E-03
 1.031303370E-02 1.167395767E-02 1.309406686E-02 1.457335747E-02 1.611186017E-02
 1.770954577E-02 1.936642701E-02 2.108224110E-02 2.285614224E-02 2.468720683E-02
 2.657495195E-02 2.851930618E-02 3.052013060E-02 3.257663974E-02 3.468749310E-02
 3.685130167E-02 3.906719866E-02 4.133465955E-02 4.365306068E-02 4.602166125E-02
 4.843969700E-02 5.090641054E-02 5.342097408E-02 5.598230467E-02 5.858906862E-02
 6.123984815E-02 6.393329526E-02 6.666838398E-02 6.944442453E-02 7.226081709E-02
 7.511691420E-02 7.801191779E-02 8.094479901E-02 8.391444939E-02 8.691977725E-02
 8.995970213E-02 9.303319348E-02 9.613938331E-02 9.927753418E-02 1.024469306E-01
 1.056468961E-01 1.088768240E-01 1.121361095E-01 1.154240016E-01 1.187395642E-01
 1.220819358E-01 1.254509758E-01 1.288424685E-01 3.876773589E-02 3.720234240E-02
 3.565674544E-02 3.413434404E-02 3.263473015E-02 3.115785482E-02 2.970371486E-02
 2.827264395E-02 2.686551199E-02 2.548324438E-02 2.412636323E-02 2.279503776E-02
 2.148930974E-02 2.020919858E-02 1.895491034E-02 1.772699904E-02 1.652611804E-02
 1.535277727E-02 1.420722146E-02 1.308935568E-02 1.199912981E-02 1.093688124E-02
 9.903027898E-03 8.897800368E-03 7.921289457E-03 6.973571438E-03 6.054791554E-03
 5.165060023E-03 4.304396265E-03 3.472802702E-03 2.670346874E-03 1.897296061E-03
 1.153602353E-03 4.382441728E-04-2.502534780E-04-9.163787613E-04-1.561271886E-03
-2.183768939E-03-2.782695662E-03-3.356526180E-03-3.903721305E-03-4.422974601E-03
-4.913211185E-03-5.373462726E-03-5.802813982E-03-6.200387859E-03-6.565340702E-03
-6.896829327E-03-7.194011342E-03-7.456037905E-03-7.682049770E-03-7.871177633E-03
-8.022541749E-03-8.135254536E-03-8.208423316E-03-8.241152658E-03-8.232546742E-03
-8.181715808E-03-8.087774415E-03-7.949849590E-03-7.767084322E-03-7.538637237E-03
-7.263692244E-03-6.941464747E-03-6.571209314E-03-6.152223818E-03-5.683851993E-03
-5.165534103E-03-4.596839856E-03-3.977573240E-03-3.307667802E-03-2.587139011E-03
-1.815715498E-03-9.934793502E-04-1.206979205E-04 8.054743589E-04 1.788796303E-03
 2.830182536E-03 3.930926003E-03 5.092160437E-03 6.314238670E-03 7.597021908E-03
 8.940396207E-03 1.034424947E-02 1.180861104E-02 1.333349124E-02 1.491886629E-02
 1.656472346E-02 1.827065087E-02 2.003576831E-02 2.185928329E-02 2.374087016E-02
 2.568043089E-02 2.767761339E-02 2.973137884E-02 3.184032546E-02 3.400323380E-02
 3.621942811E-02 3.848831864E-02 4.080917092E-02 4.318118564E-02 4.560357476E-02
 4.807552620E-02 5.059606392E-02 5.316391679E-02 5.577765517E-02 5.843584837E-02
 6.113728042E-02 6.388112009E-02 6.666671114E-02 6.949338825E-02 7.236036567E-02
 7.526663594E-02 7.821105775E-02 8.119249573E-02 8.420982860E-02 8.726196873E-02
 9.034796808E-02 9.346703300E-02 9.661840441E-02 9.980135714E-02 1.030152390E-01
 1.062594145E-01 1.095331198E-01 1.128354242E-01 1.161653227E-01 1.195219306E-01
 1.229050742E-01 1.263105312E-01 3.796540412E-02 3.638115533E-02 3.481646712E-02
 3.327478335E-02 3.175588238E-02 3.026003579E-02 2.878734847E-02 2.733779500E-02
 2.591164506E-02 2.450970965E-02 2.313290757E-02 2.178179476E-02 2.045656235E-02
 1.915726527E-02 1.788393744E-02 1.663678982E-02 1.541635712E-02 1.422325833E-02
 1.305796444E-02 1.192068443E-02 1.081133055E-02 9.729900247E-03 8.676726839E-03
 7.652165250E-03 6.656393335E-03 5.689477236E-03 4.751480355E-03 3.842491696E-03
 2.962592150E-03 2.111991793E-03 1.290908076E-03 4.984383692E-04-2.676331503E-04
-1.012901867E-03-1.739000360E-03-2.444958545E-03-3.129130113E-03-3.789638119E-03
-4.424837808E-03-5.033478055E-03-5.614502526E-03-6.166954795E-03-6.689967674E-03
-7.182717729E-03-7.644399923E-03-8.074209278E-03-8.471326514E-03-8.834919175E-03
-9.164130536E-03-9.458083203E-03-9.715882586E-03-9.936616200E-03-1.011935660E-02
-1.026316732E-02-1.036710560E-02-1.043022592E-02-1.045158323E-02-1.043023733E-02
-1.036525840E-02-1.025572244E-02-1.010072669E-02-9.899381571E-03-9.650820503E-03
-9.354200086E-03-9.008702776E-03-8.613539383E-03-8.167953863E-03-7.671251584E-03
-7.122776922E-03-6.521956707E-03-5.868301847E-03-5.161462117E-03-4.401394915E-03
-3.588331153E-03-2.722590151E-03-1.804193755E-03-8.335672486E-04 1.892961685E-04
 1.269115245E-03 2.408806001E-03 3.609454780E-03 4.872265211E-03 6.197401994E-03
 7.584525643E-03 9.033586979E-03 1.054452047E-02 1.211729773E-02 1.375186372E-02
 1.544767896E-02 1.720389899E-02 1.901988283E-02 2.089538335E-02 2.283021831E-02
 2.482377388E-02 2.687484264E-02 2.898204354E-02 3.114438743E-02 3.336125297E-02
 3.563193589E-02 3.795561437E-02 4.033145532E-02 4.275863353E-02 4.523624068E-02
 4.776310369E-02 5.033781144E-02 5.295888300E-02 5.562494983E-02 5.833499890E-02
 6.108828886E-02 6.388412250E-02 6.672171381E-02 6.960008049E-02 7.251805752E-02
 7.547446389E-02 7.846813571E-02 8.149793153E-02 8.456282279E-02 8.766195072E-02
 9.079450876E-02 9.395972040E-02 9.715688336E-02 1.003853274E-01 1.036442698E-01
 1.069327559E-01 1.102497739E-01 1.135942934E-01 1.169653990E-01 1.203628852E-01
 1.237825574E-01 3.717616123E-02 3.557336568E-02 3.398975730E-02 3.242883740E-02
 3.089050978E-02 2.937519555E-02 2.788329751E-02 2.641495464E-02 2.497015545E-02
 2.354912156E-02 2.215259725E-02 2.078148537E-02 1.943637078E-02 1.811746688E-02
 1.682484303E-02 1.555854905E-02 1.431880140E-02 1.310611289E-02 1.192106323E-02
 1.076407997E-02 9.635337331E-03 8.534762759E-03 7.462397659E-03 6.418555770E-03
 5.403524622E-03 4.417421311E-03 3.460263467E-03 2.532195671E-03 1.633618158E-03
 7.644072546E-04-7.778343847E-05-8.986643574E-04-1.702291968E-03-2.488117849E-03
-3.254140357E-03-3.998134052E-03-4.718353686E-03-5.413481770E-03-6.082437384E-03
-6.724295429E-03-7.338238031E-03-7.923496674E-03-8.479315218E-03-9.004934146E-03
-9.499574460E-03-9.962427249E-03-1.039264764E-02-1.078936723E-02-1.115167898E-02
-1.147865178E-02-1.176933410E-02-1.202275514E-02-1.223793080E-02-1.241386851E-02
-1.254957051E-02-1.264403819E-02-1.269627537E-02-1.270529122E-02-1.267010918E-02
-1.258975621E-02-1.246328537E-02-1.228976382E-02-1.206828246E-02-1.179795716E-02
-1.147793596E-02-1.110739010E-02-1.068552459E-02-1.021159421E-02-9.684875801E-03
-9.104687009E-03-8.470406110E-03-7.781473260E-03-7.037425291E-03-6.237898381E-03
-5.382712406E-03-4.472080724E-03-3.506620170E-03-2.486958186E-03-1.413383033E-03
-2.865477748E-04 8.960169565E-04 2.139539312E-03 3.445335237E-03 4.814626680E-03
 6.247777353E-03 7.744377936E-03 9.304282258E-03 1.092730257E-02 1.261280772E-02
 1.436005359E-02 1.616854023E-02 1.803802037E-02 1.996816969E-02 2.195812831E-02
 2.400659719E-02 2.611230853E-02 2.827446274E-02 3.049237881E-02 3.276523285E-02
 3.509214530E-02 3.747225720E-02 3.990467932E-02 4.238834329E-02 4.492189324E-02
 4.750382700E-02 5.013266965E-02 5.280721236E-02 5.552659095E-02 5.829005768E-02
 6.109681372E-02 6.394589536E-02 6.683612701E-02 6.976628163E-02 7.273514965E-02
 7.574153805E-02 7.878434018E-02 8.186262258E-02 8.497552638E-02 8.812222099E-02
 9.130194908E-02 9.451400029E-02 9.775757076E-02 1.010316775E-01 1.043352721E-01
 1.076673134E-01 1.110267385E-01 1.144125972E-01 1.178247195E-01 1.212590392E-01
 3.639947535E-02 3.477847184E-02 3.317626037E-02 3.159629637E-02 3.003860251E-02
 2.850372077E-02 2.699218381E-02 2.550439992E-02 2.404056694E-02 2.260070035E-02
 2.118498619E-02 1.979409833E-02 1.842891465E-02 1.709004212E-02 1.577771613E-02
 1.449202181E-02 1.323302635E-02 1.200095242E-02 1.079628800E-02 9.619568029E-03
 8.471171922E-03 7.351241171E-03 6.259727084E-03 5.196709165E-03 4.162450365E-03
 3.157143288E-03 2.181056209E-03 1.234589765E-03 3.166099924E-04-5.771991914E-04
-1.454496601E-03-2.316250647E-03-3.160564921E-03-3.984853730E-03-4.787079282E-03
-5.565775224E-03-6.319805551E-03-7.048250691E-03-7.750327065E-03-8.425320712E-03
-9.072536386E-03-9.691279868E-03-1.028081838E-02-1.084038327E-02-1.136915960E-02
-1.186628622E-02-1.233086052E-02-1.276194322E-02-1.315856588E-02-1.351973337E-02
-1.384443063E-02-1.413162891E-02-1.438028843E-02-1.458936164E-02-1.475779818E-02
-1.488454824E-02-1.496856538E-02-1.500880936E-02-1.500425422E-02-1.495387963E-02
-1.485669072E-02-1.471170865E-02-1.451797858E-02-1.427457266E-02-1.398059899E-02
-1.363518908E-02-1.323751482E-02-1.278679608E-02-1.228228593E-02-1.172327735E-02
-1.110911767E-02-1.043919584E-02-9.712947892E-03-8.929857867E-03-8.089497938E-03
-7.191551686E-03-6.235839753E-03-5.222468432E-03-4.152173332E-03-3.025906724E-03
-1.844457280E-03-6.086878090E-04 6.824261271E-04 2.035123941E-03 3.451468790E-03
 4.932718314E-03 6.479241016E-03 8.090422683E-03 9.765479817E-03 1.150373145E-02
 1.330476036E-02 1.516827459E-02 1.709376290E-02 1.908018438E-02 2.112622023E-02
 2.323078422E-02 2.539314282E-02 2.761249484E-02 2.988792399E-02 3.221851822E-02
 3.460337505E-02 3.704149680E-02 3.953161742E-02 4.207224616E-02 4.466184130E-02
 4.729901884E-02 4.998275199E-02 5.271221730E-02 5.548658960E-02 5.830490929E-02
 6.116600320E-02 6.406860041E-02 6.701144206E-02 6.999328424E-02 7.301294654E-02
 7.606941205E-02 7.916176352E-02 8.228911321E-02 8.545064379E-02 8.864559889E-02
 9.187314899E-02 9.513228330E-02 9.842191133E-02 1.017409504E-01 1.050883254E-01
 1.084629358E-01 1.118638610E-01 1.152910977E-01 1.187406987E-01 3.563520019E-02
 3.399601146E-02 3.237545225E-02 3.077676424E-02 2.919991653E-02 2.764554043E-02
 2.611429559E-02 2.460670960E-02 2.312321650E-02 2.166407198E-02 2.022932693E-02
 1.881914526E-02 1.743413062E-02 1.607512728E-02 1.474275570E-02 1.343727216E-02
 1.215877875E-02 1.090736174E-02 9.683250749E-03 8.486905664E-03 7.318810349E-03
 6.179292193E-03 5.068464205E-03 3.986289841E-03 2.932864259E-03 1.908689780E-03
 9.142682216E-04-5.294036784E-05-1.000280231E-03-1.933566156E-03-2.852291761E-03
-3.753502438E-03-4.634637362E-03-5.493949094E-03-6.330169639E-03-7.142336387E-03
-7.929676055E-03-8.691525702E-03-9.427259425E-03-1.013625391E-02-1.081784565E-02
-1.147131843E-02-1.209589896E-02-1.269074952E-02-1.325498179E-02-1.378766115E-02
-1.428781282E-02-1.475442643E-02-1.518647526E-02-1.558290328E-02-1.594264001E-02
-1.626460475E-02-1.654770609E-02-1.679084572E-02-1.699292367E-02-1.715284066E-02
-1.726950091E-02-1.734181536E-02-1.736870725E-02-1.734911079E-02-1.728198054E-02
-1.716629072E-02-1.700103832E-02-1.678524892E-02-1.651798434E-02-1.619833028E-02
-1.582541674E-02-1.539841881E-02-1.491655555E-02-1.437908648E-02-1.378533286E-02
-1.313466485E-02-1.242650893E-02-1.166033827E-02-1.083568696E-02-9.952133739E-03
-9.009312041E-03-8.006965427E-03-6.945012193E-03-5.823524349E-03-4.643180189E-03
-3.405386328E-03-2.111431051E-03-7.622423887E-04 6.427082521E-04 2.110012581E-03
 3.642307963E-03 5.240776760E-03 6.905108338E-03 8.634361231E-03 1.042799616E-02
 1.228559389E-02 1.420645907E-02 1.618945166E-02 1.823331286E-02 2.033712133E-02
 2.250008667E-02 2.472127904E-02 2.699972563E-02 2.933448624E-02 3.172458439E-02
 3.416885381E-02 3.666585192E-02 3.921400426E-02 4.181179680E-02 4.445801210E-02
 4.715171794E-02 4.989204452E-02 5.267802327E-02 5.550848804E-02 5.838212891E-02
 6.129763484E-02 6.425371052E-02 6.724910540E-02 7.028271376E-02 7.335355242E-02
 7.646067264E-02 7.960319219E-02 8.278030226E-02 8.599114228E-02 8.923467242E-02
 9.250975978E-02 9.581527386E-02 9.915009580E-02 1.025131112E-01 1.059032484E-01
 1.093197488E-01 1.127627610E-01 1.162283298E-01 3.488361426E-02 3.322595361E-02
 3.158694832E-02 2.996972183E-02 2.837402046E-02 2.680037581E-02 2.524950873E-02
 2.372207467E-02 2.221862266E-02 2.073961149E-02 1.928534720E-02 1.785592439E-02
 1.645149803E-02 1.507260554E-02 1.372004971E-02 1.239445421E-02 1.109609399E-02
 9.825089216E-03 8.581547003E-03 7.365704710E-03 6.177991387E-03 5.018833396E-03
 3.888480180E-03 2.787023909E-03 1.714814918E-03 6.721477813E-04-3.447875047E-04
-1.345687664E-03-2.334202919E-03-3.308460984E-03-4.265188668E-03-5.202066037E-03
-6.117546398E-03-7.010534295E-03-7.880218937E-03-8.725964196E-03-9.547214105E-03
-1.034342592E-02-1.111402199E-02-1.185835582E-02-1.257571269E-02-1.326529578E-02
-1.392624789E-02-1.455764679E-02-1.515852699E-02-1.572788428E-02-1.626468197E-02
-1.676785692E-02-1.723632505E-02-1.766898222E-02-1.806470855E-02-1.842237191E-02
-1.874083050E-02-1.901893605E-02-1.925553748E-02-1.944948415E-02-1.959962978E-02
-1.970483536E-02-1.976397255E-02-1.977592996E-02-1.973961010E-02-1.965394143E-02
-1.951787358E-02-1.933038647E-02-1.909049564E-02-1.879724237E-02-1.844971313E-02
-1.804703502E-02-1.758838610E-02-1.707298057E-02-1.650009785E-02-1.586907028E-02
-1.517929363E-02-1.443022059E-02-1.362137699E-02-1.275234889E-02-1.182277690E-02
-1.083237252E-02-9.780909875E-03-8.668163025E-03-7.494123750E-03-6.259061815E-03
-4.963682181E-03-3.609533375E-03-2.198406420E-03-7.315480056E-04 7.918901452E-04
 2.378841331E-03 4.031700454E-03 5.751444157E-03 7.537626251E-03 9.389364072E-03
 1.130570219E-02 1.328544922E-02 1.532748326E-02 1.743095063E-02 1.959493280E-02
 2.181840157E-02 2.410035372E-02 2.643979856E-02 2.883564005E-02 3.128651701E-02
 3.379085775E-02 3.634706274E-02 3.895372942E-02 4.160977942E-02 4.431427361E-02
 4.706622031E-02 4.986445591E-02 5.270763946E-02 5.559440549E-02 5.852340541E-02
 6.149332159E-02 6.450295702E-02 6.755125407E-02 7.063719842E-02 7.375983782E-02
 7.691830421E-02 8.011169969E-02 8.333895355E-02 8.659888878E-02 8.989032534E-02
 9.321209422E-02 9.656303509E-02 9.994206284E-02 1.033482680E-01 1.067810353E-01
 1.102405316E-01 1.137227474E-01 3.414501252E-02 3.246859178E-02 3.081082971E-02
 2.917488285E-02 2.756041988E-02 2.596776976E-02 2.439750983E-02 2.285032465E-02
 2.132688396E-02 1.982776174E-02 1.835343751E-02 1.690425955E-02 1.548037304E-02
 1.408193603E-02 1.270942763E-02 1.136360243E-02 1.004507564E-02 8.754137370E-03
 7.490926471E-03 6.255573854E-03 5.048326094E-03 3.869555043E-03 2.719635570E-03
 1.599151672E-03 5.080461129E-04-5.589343572E-04-1.612466577E-03-2.654979553E-03
-3.683440483E-03-4.694583673E-03-5.686280674E-03-6.657147315E-03-7.606238146E-03
-8.532886647E-03-9.436582222E-03-1.031686641E-02-1.117326026E-02-1.200521340E-02
-1.281208954E-02-1.359315588E-02-1.434759759E-02-1.507452969E-02-1.577300746E-02
-1.644204699E-02-1.708061958E-02-1.768766908E-02-1.826211107E-02-1.880283410E-02
-1.930869997E-02-1.977855941E-02-2.021123829E-02-2.060555011E-02-2.096030048E-02
-2.127428752E-02-2.154630560E-02-2.177515053E-02-2.195962300E-02-2.209853178E-02
-2.219069676E-02-2.223495816E-02-2.223016661E-02-2.217520468E-02-2.206897555E-02
-2.191041443E-02-2.169849190E-02-2.143220847E-02-2.111060961E-02-2.073277881E-02
-2.029785695E-02-1.980501630E-02-1.925349523E-02-1.864258399E-02-1.797163510E-02
-1.724005879E-02-1.644734204E-02-1.559304166E-02-1.467678468E-02-1.369829596E-02
-1.265737344E-02-1.155380113E-02-1.038751275E-02-9.158512584E-03-7.866834362E-03
-6.512775222E-03-5.097298843E-03-3.622279777E-03-2.089877419E-03-5.015869744E-04
 1.144455651E-03 2.855347004E-03 4.633392780E-03 6.478980643E-03 8.390892005E-03
 1.036769630E-02 1.240832515E-02 1.451187759E-02 1.667730760E-02 1.890353383E-02
 2.118952157E-02 2.353419565E-02 2.593628742E-02 2.839426630E-02 3.090648690E-02
 3.347139626E-02 3.608773844E-02 3.875447489E-02 4.147057415E-02 4.423486174E-02
 4.704597500E-02 4.990249308E-02 5.280301085E-02 5.574614572E-02 5.873060958E-02
 6.175526146E-02 6.481901582E-02 6.792084518E-02 7.105981487E-02 7.423498268E-02
 7.744524436E-02 8.068937680E-02 8.396614749E-02 8.727433518E-02 9.061272713E-02
 9.398019215E-02 9.737580779E-02 1.007988036E-01 1.042485742E-01 1.077252574E-01
 1.112248039E-01 3.341947886E-02 3.172416238E-02 3.004740016E-02 2.839240924E-02
 2.675893692E-02 2.514727428E-02 2.355782994E-02 2.199111382E-02 2.044778945E-02
 1.892853670E-02 1.743395220E-02 1.596453376E-02 1.452066456E-02 1.310254335E-02
 1.171034234E-02 1.034449392E-02 9.005699329E-03 7.694552657E-03 6.411354861E-03
 5.156264512E-03 3.929416705E-03 2.731081211E-03 1.562013140E-03 4.221795615E-04
-6.946404647E-04-1.799767269E-03-2.894944495E-03-3.976449472E-03-5.041047040E-03
-6.086740929E-03-7.112278002E-03-8.116845349E-03-9.099911697E-03-1.006108263E-02
-1.099998404E-02-1.191618350E-02-1.280915069E-02-1.367824395E-02-1.452271594E-02
-1.534173642E-02-1.613439990E-02-1.689975517E-02-1.763680172E-02-1.834450625E-02
-1.902179553E-02-1.966756562E-02-2.028068191E-02-2.085998080E-02-2.140427280E-02
-2.191234982E-02-2.238298227E-02-2.281492727E-02-2.320693297E-02-2.355773994E-02
-2.386608543E-02-2.413070899E-02-2.435035572E-02-2.452377961E-02-2.464974748E-02
-2.472704712E-02-2.475447913E-02-2.473087783E-02-2.465510016E-02-2.452603674E-02
-2.434261407E-02-2.410379429E-02-2.380858344E-02-2.345602565E-02-2.304522869E-02
-2.257532857E-02-2.204552927E-02-2.145508655E-02-2.080331731E-02-2.008959478E-02
-1.931336581E-02-1.847414385E-02-1.757151220E-02-1.660516142E-02-1.557485430E-02
-1.448037896E-02-1.332172481E-02-1.209892953E-02-1.081198684E-02-9.460998087E-03
-8.046246098E-03-6.568169712E-03-5.027994586E-03-3.428095994E-03-1.771001443E-03
-5.804199715E-05 1.715201781E-03 3.554537113E-03 5.461617880E-03 7.435695721E-03
 9.475381960E-03 1.157947890E-02 1.374683075E-02 1.597634657E-02 1.826693804E-02
 2.061740083E-02 2.302627695E-02 2.549191419E-02 2.801265682E-02 3.058706378E-02
 3.321396204E-02 3.589225680E-02 3.862074896E-02 4.139805705E-02 4.422270527E-02
 4.709322833E-02 5.000817946E-02 5.296618221E-02 5.596600312E-02 5.900647910E-02
 6.208650202E-02 6.520506257E-02 6.836116647E-02 7.155367237E-02 7.478130890E-02
 7.804278777E-02 8.133683210E-02 8.466217451E-02 8.801763081E-02 9.140223230E-02
 9.481519136E-02 9.825574279E-02 1.017232462E-01 1.052178274E-01 1.087354154E-01
 3.270698562E-02 3.099271069E-02 2.929683556E-02 2.762258749E-02 2.596978950E-02
 2.433881937E-02 2.273008780E-02 2.114397750E-02 1.958096660E-02 1.804169038E-02
 1.652683110E-02 1.503700462E-02 1.357272550E-02 1.213440520E-02 1.072229490E-02
 9.336590775E-03 7.977693057E-03 6.646247309E-03 5.342815100E-03 4.067681293E-03
 2.821023772E-03 1.603427980E-03 4.148700325E-04-7.512557205E-04-1.906855321E-03
-3.053473323E-03-4.186993695E-03-5.304167099E-03-6.403093218E-03-7.482607187E-03
-8.542020130E-03-9.580930002E-03-1.059904567E-02-1.159606498E-02-1.257159501E-02
-1.352511680E-02-1.445598265E-02-1.536343759E-02-1.624663985E-02-1.710468496E-02
-1.793661930E-02-1.874144158E-02-1.951811371E-02-2.026555115E-02-2.098263811E-02
-2.166821358E-02-2.232108843E-02-2.294004355E-02-2.352383208E-02-2.407118106E-02
-2.458080666E-02-2.505140381E-02-2.548165781E-02-2.587024917E-02-2.621585538E-02
-2.651715579E-02-2.677283639E-02-2.698159393E-02-2.714213986E-02-2.725320574E-02
-2.731354314E-02-2.732193487E-02-2.727719124E-02-2.717815794E-02-2.702371801E-02
-2.681279662E-02-2.654436111E-02-2.621741985E-02-2.583105023E-02-2.538435639E-02
-2.487651317E-02-2.430674830E-02-2.367435102E-02-2.297866697E-02-2.221911375E-02
-2.139517295E-02-2.050639349E-02-1.955243030E-02-1.853298788E-02-1.744781638E-02
-1.629688137E-02-1.508019234E-02-1.379777569E-02-1.244983934E-02-1.103665063E-02
-9.558422749E-03-8.015636776E-03-6.409034950E-03-4.740152796E-03-3.011838769E-03
-1.226896803E-03 6.140775866E-04 2.518289688E-03 4.489399763E-03 6.528201281E-03
 8.633278338E-03 1.080311166E-02 1.303650796E-02 1.533230465E-02 1.768913616E-02
 2.010538297E-02 2.257932937E-02 2.510937378E-02 2.769417809E-02 3.033255370E-02
 3.302326094E-02 3.576489495E-02 3.855592634E-02 4.139482598E-02 4.428008222E-02
 4.721023376E-02 5.018394734E-02 5.319997496E-02 5.625712200E-02 5.935429582E-02
 6.249044157E-02 6.566437613E-02 6.887477731E-02 7.212029766E-02 7.539960082E-02
 7.871136110E-02 8.205433878E-02 8.542751114E-02 8.883003923E-02 9.226113690E-02
 9.572000208E-02 9.920597902E-02 1.027191950E-01 1.062555429E-01 3.200749857E-02
 3.027419867E-02 2.855914450E-02 2.686553644E-02 2.519322760E-02 2.354265327E-02
 2.191431042E-02 2.030861958E-02 1.872597330E-02 1.716683260E-02 1.563179828E-02
 1.412154873E-02 1.263671357E-02 1.117782302E-02 9.745310571E-03 8.339474977E-03
 6.960545202E-03 5.608907409E-03 4.285135512E-03 2.989728659E-03 1.723350529E-03
 4.861365854E-04-7.285045618E-04-1.933322358E-03-3.130187612E-03-4.314761375E-03
-5.483692479E-03-6.635093532E-03-7.767882396E-03-8.881487587E-03-9.975612752E-03
-1.105006587E-02-1.210461267E-02-1.313889270E-02-1.415239808E-02-1.514448254E-02
-1.611438979E-02-1.706128284E-02-1.798426757E-02-1.888239677E-02-1.975467889E-02
-2.060007039E-02-2.141748437E-02-2.220578675E-02-2.296380331E-02-2.369031972E-02
-2.438408631E-02-2.504382246E-02-2.566821902E-02-2.625594151E-02-2.680564028E-02
-2.731594511E-02-2.778547634E-02-2.821284987E-02-2.859667875E-02-2.893557819E-02
-2.922817171E-02-2.947309524E-02-2.966900152E-02-2.981456358E-02-2.990848225E-02
-2.994948540E-02-2.993633637E-02-2.986783470E-02-2.974282056E-02-2.956018239E-02
-2.931884956E-02-2.901779776E-02-2.865607611E-02-2.823276080E-02-2.774700205E-02
-2.719800494E-02-2.658503733E-02-2.590742475E-02-2.516456428E-02-2.435591615E-02
-2.348100798E-02-2.253947269E-02-2.153097023E-02-2.045522916E-02-1.931217568E-02
-1.810174615E-02-1.682392438E-02-1.547892523E-02-1.406701857E-02-1.258853990E-02
-1.104401962E-02-9.433860250E-03-7.758581073E-03-6.019289403E-03-4.218345932E-03
-2.359231457E-03-4.443267209E-04 1.528591623E-03 3.566959980E-03 5.672952164E-03
 7.845724830E-03 1.008366266E-02 1.238531232E-02 1.474913898E-02 1.717342587E-02
 1.965645682E-02 2.219671342E-02 2.479287952E-02 2.744365433E-02 3.014759690E-02
 3.290312654E-02 3.570864640E-02 3.856257771E-02 4.146337686E-02 4.440960683E-02
 4.739992639E-02 5.043304767E-02 5.350778570E-02 5.662301552E-02 5.977750637E-02
 6.296988225E-02 6.619873297E-02 6.946265852E-02 7.276027081E-02 7.609027041E-02
 7.945157720E-02 8.284329242E-02 8.626457436E-02 8.971459887E-02 9.319254974E-02
 9.669777125E-02 1.002303418E-01 1.037860413E-01 3.132105319E-02 2.956860893E-02
 2.783428219E-02 2.612123757E-02 2.442931905E-02 2.275897554E-02 2.111075073E-02
 1.948514333E-02 1.788260882E-02 1.630356281E-02 1.474845872E-02 1.321786594E-02
 1.171245265E-02 1.023285617E-02 8.779620007E-03 7.353194350E-03 5.953919808E-03
 4.582053626E-03 3.237951322E-03 1.922450029E-03 6.362809294E-04-6.262945321E-04
-1.879028428E-03-3.124930605E-03-4.359594272E-03-5.579450206E-03-6.782573682E-03
-7.967925962E-03-9.135014589E-03-1.028365975E-02-1.141376573E-02-1.252515325E-02
-1.361750085E-02-1.469031766E-02-1.574296479E-02-1.677469812E-02-1.778469909E-02
-1.877209089E-02-1.973594364E-02-2.067527457E-02-2.158904450E-02-2.247616523E-02
-2.333549156E-02-2.416583805E-02-2.496596783E-02-2.573461050E-02-2.647044956E-02
-2.717214012E-02-2.783830765E-02-2.846755109E-02-2.905844623E-02-2.960955850E-02
-3.011943764E-02-3.058662852E-02-3.100967537E-02-3.138712550E-02-3.171753579E-02
-3.199947740E-02-3.223154006E-02-3.241233651E-02-3.254051252E-02-3.261473867E-02
-3.263373020E-02-3.259623889E-02-3.250106205E-02-3.234705054E-02-3.213309656E-02
-3.185814563E-02-3.152122000E-02-3.112137154E-02-3.065772993E-02-3.012948269E-02
-2.953588230E-02-2.887624112E-02-2.814994351E-02-2.735643719E-02-2.649523871E-02
-2.556596909E-02-2.456825725E-02-2.350183219E-02-2.236659173E-02-2.116241512E-02
-1.988925704E-02-1.854728918E-02-1.713668979E-02-1.565781657E-02-1.411122598E-02
-1.249739136E-02-1.081690180E-02-9.070459478E-03-7.258955081E-03-5.384026668E-03
-3.448792589E-03-1.457049147E-03 5.898154959E-04 2.698922329E-03 4.874600301E-03
 7.117445732E-03 9.425632301E-03 1.179718126E-02 1.423029803E-02 1.672332633E-02
 1.927479466E-02 2.188331039E-02 2.454738100E-02 2.726537231E-02 3.003561537E-02
 3.285646081E-02 3.572628440E-02 3.864354407E-02 4.160679685E-02 4.461465389E-02
 4.766582836E-02 5.075911477E-02 5.389322739E-02 5.706673288E-02 6.027815441E-02
 6.352602383E-02 6.680888618E-02 7.012537768E-02 7.347435561E-02 7.685485717E-02
 8.026597643E-02 8.370683273E-02 8.717658876E-02 9.067442630E-02 9.419963261E-02
 9.775213242E-02 1.013276140E-01 3.064762120E-02 2.887597850E-02 2.712225427E-02
 2.538965004E-02 2.367802593E-02 2.198781208E-02 2.031955255E-02 1.867378334E-02
 1.705102703E-02 1.545177416E-02 1.387647055E-02 1.232557229E-02 1.079962695E-02
 9.299286368E-03 7.825190354E-03 6.377893671E-03 4.957851873E-03 3.565400947E-03
 2.201057731E-03 8.657688660E-04-4.445193577E-04-1.743967063E-03-3.037660695E-03
-4.321427377E-03-5.591370461E-03-6.845436023E-03-8.082588816E-03-9.302413801E-03
-1.050482470E-02-1.168980522E-02-1.285725543E-02-1.400689641E-02-1.513825404E-02
-1.625071378E-02-1.734355549E-02-1.841598677E-02-1.946715833E-02-2.049616278E-02
-2.150203107E-02-2.248373488E-02-2.344018610E-02-2.437024075E-02-2.527270193E-02
-2.614632009E-02-2.698980063E-02-2.780180257E-02-2.858094775E-02-2.932581959E-02
-3.003497149E-02-3.070692963E-02-3.134019623E-02-3.193326270E-02-3.248460275E-02
-3.299268584E-02-3.345598279E-02-3.387296849E-02-3.424212802E-02-3.456196313E-02
-3.483099686E-02-3.504777863E-02-3.521089313E-02-3.531895360E-02-3.537062370E-02
-3.536460592E-02-3.529965395E-02-3.517457936E-02-3.498823833E-02-3.473954779E-02
-3.442750392E-02-3.405113751E-02-3.360956128E-02-3.310194963E-02-3.252754523E-02
-3.188565378E-02-3.117565447E-02-3.039699121E-02-2.954917946E-02-2.863183711E-02
-2.764457515E-02-2.658713887E-02-2.545940458E-02-2.426121434E-02-2.299252538E-02
-2.165346869E-02-2.024415533E-02-1.876493415E-02-1.721623958E-02-1.559851017E-02
-1.391244036E-02-1.215886643E-02-1.033863811E-02-8.452611752E-03-6.501912646E-03
-4.489057040E-03-2.418433800E-03-2.930984594E-04 1.889904731E-03 4.138007330E-03
 6.453023445E-03 8.833062301E-03 1.127596672E-02 1.378002662E-02 1.634375234E-02
 1.896558874E-02 2.164383786E-02 2.437675188E-02 2.716260636E-02 2.999969689E-02
 3.288637751E-02 3.582109521E-02 3.880235165E-02 4.182874810E-02 4.489898692E-02
 4.801171865E-02 5.116544825E-02 5.435862809E-02 5.758971700E-02 6.085718821E-02
 6.415960851E-02 6.749576668E-02 7.086462984E-02 7.426522336E-02 7.769660160E-02
 8.115787194E-02 8.464819041E-02 8.816666827E-02 9.171243851E-02 9.528530472E-02
 9.888094242E-02 2.998679320E-02 2.819616843E-02 2.642308371E-02 2.467079979E-02
 2.293932010E-02 2.122911393E-02 1.954070809E-02 1.787462938E-02 1.623142583E-02
 1.461164540E-02 1.301580928E-02 1.144439790E-02 9.897880431E-03 8.376794372E-03
 6.881773515E-03 5.413454760E-03 3.972365954E-03 2.559064602E-03 1.174582832E-03
-1.833921371E-04-1.528313687E-03-2.868447380E-03-4.200284113E-03-5.519439336E-03
-6.823634724E-03-8.111797885E-03-9.383551488E-03-1.063889278E-02-1.187790553E-02
-1.310055979E-02-1.430661880E-02-1.549565717E-02-1.666708993E-02-1.782022540E-02
-1.895431204E-02-2.006853380E-02-2.116200987E-02-2.223379356E-02-2.328287171E-02
-2.430816543E-02-2.530853561E-02-2.628278087E-02-2.722964594E-02-2.814781670E-02
-2.903593339E-02-2.989258478E-02-3.071632267E-02-3.150565315E-02-3.225905352E-02
-3.297497257E-02-3.365183474E-02-3.428804590E-02-3.488200329E-02-3.543209566E-02
-3.593671377E-02-3.639425439E-02-3.680312593E-02-3.716175592E-02-3.746859631E-02
-3.772212929E-02-3.792087299E-02-3.806338321E-02-3.814826686E-02-3.817417576E-02
-3.813981847E-02-3.804396534E-02-3.788543741E-02-3.766312372E-02-3.737599467E-02
-3.702306293E-02-3.660342718E-02-3.611625270E-02-3.556077734E-02-3.493630620E-02
-3.424222026E-02-3.347796774E-02-3.264307257E-02-3.173715734E-02-3.075983025E-02
-2.971086563E-02-2.859012427E-02-2.739743124E-02-2.613276769E-02-2.479622384E-02
-2.338789413E-02-2.190812559E-02-2.035722638E-02-1.873559079E-02-1.704386867E-02
-1.528287025E-02-1.345354322E-02-1.155682489E-02-9.593606863E-03-7.565101839E-03
-5.473343692E-03-3.322146854E-03-1.115926465E-03 1.144723697E-03 3.467890749E-03
 5.856811717E-03 8.310434260E-03 1.082666335E-02 1.340370655E-02 1.603981981E-02
 1.873317997E-02 2.148197932E-02 2.428443127E-02 2.713878873E-02 3.004338146E-02
 3.299659259E-02 3.599690070E-02 3.904290324E-02 4.213317648E-02 4.526615848E-02
 4.844022618E-02 5.165376010E-02 5.490515625E-02 5.819290630E-02 6.151572404E-02
 6.487249962E-02 6.826218343E-02 7.168376059E-02 7.513627452E-02 7.861882004E-02
 8.213046683E-02 8.567016990E-02 8.923695803E-02 9.283058636E-02 9.644675659E-02
 2.933805268E-02 2.752870808E-02 2.573650927E-02 2.396465318E-02 2.221323711E-02
 2.048287178E-02 1.877416671E-02 1.708764799E-02 1.542384787E-02 1.378332643E-02
 1.216665403E-02 1.057438064E-02 9.007021475E-03 7.465069027E-03 5.949061072E-03
 4.459596351E-03 2.997323632E-03 1.563296480E-03 1.569120212E-04-1.232498318E-03
-2.617543191E-03-3.996275927E-03-5.363710992E-03-6.717190718E-03-8.055527505E-03
-9.378351539E-03-1.068573639E-02-1.197785577E-02-1.325476351E-02-1.451629554E-02
-1.576206775E-02-1.699153100E-02-1.820405147E-02-1.939891725E-02-2.057534840E-02
-2.173250238E-02-2.286945990E-02-2.398523028E-02-2.507875297E-02-2.614889855E-02
-2.719447068E-02-2.821421082E-02-2.920679703E-02-3.017085303E-02-3.110494250E-02
-3.200758526E-02-3.287724927E-02-3.371236721E-02-3.451133129E-02-3.527250597E-02
-3.599423088E-02-3.667482446E-02-3.731260017E-02-3.790585913E-02-3.845290557E-02
-3.895205321E-02-3.940162885E-02-3.979998060E-02-4.014548434E-02-4.043654977E-02
-4.067162518E-02-4.084920628E-02-4.096783827E-02-4.102612074E-02-4.102271497E-02
-4.095634815E-02-4.082580675E-02-4.062995168E-02-4.036772744E-02-4.003813117E-02
-3.964024988E-02-3.917324307E-02-3.863634809E-02-3.802887480E-02-3.735021230E-02
-3.659982079E-02-3.577724196E-02-3.488210972E-02-3.391404584E-02-3.287286251E-02
-3.175841267E-02-3.057052817E-02-2.930922730E-02-2.797456356E-02-2.656666119E-02
-2.508584574E-02-2.353234268E-02-2.190654757E-02-2.020905919E-02-1.844059921E-02
-1.660201144E-02-1.469418723E-02-1.271824916E-02-1.067551726E-02-8.567192135E-03
-6.394837262E-03-4.161667508E-03-1.872961698E-03 4.685125568E-04 2.869147281E-03
 5.334009312E-03 7.863313042E-03 1.045474430E-02 1.310614615E-02 1.581564712E-02
 1.858139113E-02 2.140153076E-02 2.427427329E-02 2.719787406E-02 3.017067740E-02
 3.319116154E-02 3.625781615E-02 3.936900604E-02 4.252302762E-02 4.571817723E-02
 4.895276776E-02 5.222520945E-02 5.553413379E-02 5.887834634E-02 6.225671545E-02
 6.566815085E-02 6.911162734E-02 7.258616843E-02 7.609076690E-02 7.962433691E-02
 8.318573928E-02 8.677396803E-02 9.038876534E-02 9.402587351E-02 2.870140606E-02
 2.687323028E-02 2.506204348E-02 2.327084893E-02 2.149965519E-02 1.974910790E-02
 1.801993970E-02 1.631279672E-02 1.462824237E-02 1.296682106E-02 1.132910341E-02
 9.715678503E-03 8.127124861E-03 6.563991644E-03 5.026789524E-03 3.516042282E-03
 2.032694010E-03 5.774335787E-04-8.567805746E-04-2.285383640E-03-3.709638316E-03
-5.124320622E-03-6.526179134E-03-7.913813626E-03-9.286812297E-03-1.064529351E-02
-1.198952781E-02-1.331967224E-02-1.463563837E-02-1.593710262E-02-1.722357759E-02
-1.849447338E-02-1.974912531E-02-2.098681439E-02-2.220673294E-02-2.340799585E-02
-2.458964653E-02-2.575064817E-02-2.688989026E-02-2.800618969E-02-2.909829202E-02
-3.016487470E-02-3.120454928E-02-3.221586522E-02-3.319731400E-02-3.414733272E-02
-3.506430877E-02-3.594658873E-02-3.679247587E-02-3.760024432E-02-3.836814279E-02
-3.909439929E-02-3.977722998E-02-4.041484635E-02-4.100546093E-02-4.154729740E-02
-4.203859540E-02-4.247761798E-02-4.286265982E-02-4.319205315E-02-4.346417352E-02
-4.367745141E-02-4.383036654E-02-4.392146481E-02-4.394935734E-02-4.391272631E-02
-4.381032369E-02-4.364098128E-02-4.340361732E-02-4.309721554E-02-4.272085306E-02
-4.227368627E-02-4.175495579E-02-4.116398095E-02-4.050016455E-02-3.976298570E-02
-3.895201228E-02-3.806689496E-02-3.710728631E-02-3.607304144E-02-3.496401542E-02
-3.378007282E-02-3.252127207E-02-3.118764816E-02-2.977939049E-02-2.829677459E-02
-2.674000385E-02-2.510949598E-02-2.340581545E-02-2.162962561E-02-1.978163299E-02
-1.786262131E-02-1.587374866E-02-1.381637362E-02-1.169182064E-02-9.501394616E-03
-7.246646060E-03-4.930376438E-03-2.557761124E-03-1.329319107E-04 2.347456026E-03
 4.890382424E-03 7.496963253E-03 1.016477959E-02 1.289158071E-02 1.567543799E-02
 1.851445357E-02 2.140674515E-02 2.435050937E-02 2.734408949E-02 3.038587421E-02
 3.347414729E-02 3.660711886E-02 3.978299475E-02 4.299999815E-02 4.625645084E-02
 4.955089380E-02 5.288203949E-02 5.624866634E-02 5.964960184E-02 6.308374541E-02
 6.655004320E-02 7.004740188E-02 7.357466297E-02 7.713065456E-02 8.071420980E-02
 8.432432046E-02 8.796072285E-02 9.161919433E-02 2.807749934E-02 2.623002421E-02
 2.439953881E-02 2.258897324E-02 2.079816312E-02 1.902760331E-02 1.727800575E-02
 1.555010031E-02 1.384458249E-02 1.216207020E-02 1.050312994E-02 8.868342122E-03
 7.258312825E-03 5.673644707E-03 4.114886268E-03 2.582718236E-03 1.078319249E-03
-4.015308712E-04-1.872488919E-03-3.340720802E-03-4.801491749E-03-6.250756730E-03
-7.686766041E-03-9.108996536E-03-1.051758267E-02-1.191288928E-02-1.329517982E-02
-1.466446439E-02-1.602050118E-02-1.736286261E-02-1.869101849E-02-2.000437087E-02
-2.130224540E-02-2.258388226E-02-2.384845356E-02-2.509503403E-02-2.632262029E-02
-2.753013169E-02-2.871640450E-02-2.988019848E-02-3.102019762E-02-3.213501118E-02
-3.322317941E-02-3.428317435E-02-3.531340849E-02-3.631223103E-02-3.727794447E-02
-3.820879827E-02-3.910300737E-02-3.995874598E-02-4.077416473E-02-4.154739359E-02
-4.227654661E-02-4.295974048E-02-4.359508835E-02-4.418071715E-02-4.471477382E-02
-4.519543111E-02-4.562089728E-02-4.598942269E-02-4.629930676E-02-4.654890793E-02
-4.673663926E-02-4.686099006E-02-4.692051807E-02-4.691385924E-02-4.683973024E-02
-4.669693238E-02-4.648435732E-02-4.620097688E-02-4.584585944E-02-4.541816036E-02
-4.491712659E-02-4.434209082E-02-4.369247421E-02-4.296778086E-02-4.216761232E-02
-4.129164065E-02-4.033956671E-02-3.931129030E-02-3.820667969E-02-3.702565815E-02
-3.576831887E-02-3.443471366E-02-3.302510768E-02-3.153971864E-02-2.997878680E-02
-2.834275901E-02-2.663218110E-02-2.484766668E-02-2.298981047E-02-2.105939175E-02
-1.905751798E-02-1.698535349E-02-1.484418181E-02-1.263551967E-02-1.036100222E-02
-8.022224580E-03-5.621512358E-03-3.163563856E-03-6.537333116E-04 1.908396026E-03
 4.530954218E-03 7.216054499E-03 9.961419806E-03 1.276468230E-02 1.562381441E-02
 1.853687286E-02 2.150204836E-02 2.451761115E-02 2.758175420E-02 3.069259488E-02
 3.384824158E-02 3.704682052E-02 4.028655717E-02 4.356589275E-02 4.688343705E-02
 5.023786987E-02 5.362792874E-02 5.705242998E-02 6.051023454E-02 6.400015867E-02
 6.752096440E-02 7.107141541E-02 7.465031716E-02 7.825650387E-02 8.188896568E-02
 8.554743882E-02 8.922776717E-02 2.746686768E-02 2.559975157E-02 2.374950642E-02
 2.191914327E-02 2.010850249E-02 1.831796521E-02 1.654807217E-02 1.479946937E-02
 1.307288930E-02 1.136906695E-02 9.688676232E-03 8.032321062E-03 6.400593983E-03
 4.794095436E-03 3.213468692E-03 1.659841090E-03 1.326107463E-04-1.379720483E-03
-2.890056608E-03-4.395549757E-03-5.891160072E-03-7.374574120E-03-8.845058336E-03
-1.030271731E-02-1.174799725E-02-1.318128285E-02-1.460270414E-02-1.601210787E-02
-1.740914134E-02-1.879334743E-02-2.016418997E-02-2.152105684E-02-2.286325386E-02
-2.418999552E-02-2.550040524E-02-2.679353324E-02-2.806832719E-02-2.932365486E-02
-3.055830030E-02-3.177096134E-02-3.296025563E-02-3.412472197E-02-3.526282245E-02
-3.637294964E-02-3.745342606E-02-3.850251518E-02-3.951841930E-02-4.049929417E-02
-4.144325034E-02-4.234836045E-02-4.321266907E-02-4.403420072E-02-4.481096570E-02
-4.554097184E-02-4.622222989E-02-4.685276425E-02-4.743062292E-02-4.795388344E-02
-4.842066234E-02-4.882912346E-02-4.917748605E-02-4.946403113E-02-4.968710516E-02
-4.984513562E-02-4.993662464E-02-4.996016100E-02-4.991442462E-02-4.979818463E-02
-4.961030625E-02-4.934975006E-02-4.901557627E-02-4.860694080E-02-4.812309929E-02
-4.756340071E-02-4.692728849E-02-4.621429681E-02-4.542406670E-02-4.455629588E-02
-4.361074950E-02-4.258737133E-02-4.148605637E-02-4.030680844E-02-3.904974828E-02
-3.771499098E-02-3.630285769E-02-3.481353776E-02-3.324734758E-02-3.160476742E-02
-2.988634407E-02-2.809263095E-02-2.622417433E-02-2.428181916E-02-2.226657272E-02
-2.017943016E-02-1.802155925E-02-1.579444160E-02-1.349980618E-02-1.113937302E-02
-8.714741611E-03-6.228055272E-03-3.683803964E-03-1.088312588E-03 1.557132125E-03
 4.260849613E-03 7.025755921E-03 9.849737700E-03 1.273029801E-02 1.566543837E-02
 1.865331435E-02 2.169201629E-02 2.477956019E-02 2.791394945E-02 3.109320536E-02
 3.431544822E-02 3.757900906E-02 4.088238427E-02 4.422414522E-02 4.760293084E-02
 5.101746572E-02 5.446651703E-02 5.794880543E-02 6.146301048E-02 6.500782463E-02
 6.858199366E-02 7.218432482E-02 7.581364975E-02 7.946897175E-02 8.315007625E-02
 8.685287490E-02 2.686920587E-02 2.498263365E-02 2.311252069E-02 2.126196807E-02
 1.943102836E-02 1.762015672E-02 1.582984211E-02 1.406059074E-02 1.231300531E-02
 1.058780706E-02 8.885753595E-03 7.207568697E-03 5.553895705E-03 3.925321696E-03
 2.322749582E-03 7.470877950E-04-8.077739735E-04-2.358498918E-03-3.906955471E-03
-5.447712868E-03-6.977505829E-03-8.495233566E-03-1.000090804E-02-1.149502487E-02
-1.297809817E-02-1.445039961E-02-1.591188716E-02-1.736229703E-02-1.880124254E-02
-2.022825951E-02-2.164281144E-02-2.304426710E-02-2.443190347E-02-2.580490824E-02
-2.716237263E-02-2.850329305E-02-2.982658607E-02-3.113106069E-02-3.241544210E-02
-3.367836554E-02-3.491837783E-02-3.613394184E-02-3.732343872E-02-3.848517216E-02
-3.961737395E-02-4.071820849E-02-4.178577912E-02-4.281813566E-02-4.381327833E-02
-4.476917417E-02-4.568375242E-02-4.655492547E-02-4.738059209E-02-4.815864417E-02
-4.888698693E-02-4.956353515E-02-5.018623163E-02-5.075305374E-02-5.126202165E-02
-5.171120857E-02-5.209874851E-02-5.242284271E-02-5.268176952E-02-5.287388961E-02
-5.299764843E-02-5.305158636E-02-5.303434464E-02-5.294465885E-02-5.278136831E-02
-5.254342222E-02-5.222987262E-02-5.183987724E-02-5.137270179E-02-5.082771371E-02
-5.020438165E-02-4.950227381E-02-4.872107476E-02-4.786051248E-02-4.692042895E-02
-4.590080954E-02-4.480159275E-02-4.362287645E-02-4.236480774E-02-4.102760888E-02
-3.961161882E-02-3.811705974E-02-3.654434109E-02-3.489398398E-02-3.316654529E-02
-3.136252180E-02-2.948251273E-02-2.752740945E-02-2.549809061E-02-2.339546199E-02
-2.122064527E-02-1.897502520E-02-1.666012940E-02-1.427763137E-02-1.182935381E-02
-9.317235124E-03-6.743595330E-03-4.112528867E-03-1.430631572E-03 1.299501307E-03
 4.085666466E-03 6.931335207E-03 9.834682063E-03 1.279330419E-02 1.580514377E-02
 1.886812995E-02 2.198015331E-02 2.513912026E-02 2.834303603E-02 3.159010973E-02
 3.487871218E-02 3.820729533E-02 4.157438982E-02 4.497861890E-02 4.841864671E-02
 5.189309331E-02 5.540055105E-02 5.893963807E-02 6.250903328E-02 6.610748339E-02
 6.973379339E-02 7.338682020E-02 7.706562493E-02 8.077000981E-02 8.449589837E-02
 2.628385444E-02 2.437815981E-02 2.248845933E-02 2.061779419E-02 1.876632181E-02
 1.693468000E-02 1.512350919E-02 1.333333111E-02 1.156466406E-02 9.818095389E-03
 8.094319450E-03 6.394103584E-03 4.718182713E-03 3.067306983E-03 1.442773619E-03
-1.571285996E-04-1.747063622E-03-3.336439354E-03-4.920865531E-03-6.495889285E-03
-8.059828558E-03-9.612453921E-03-1.115424931E-02-1.268586496E-02-1.420773241E-02
-1.571994509E-02-1.722234426E-02-1.871462459E-02-2.019640226E-02-2.166721424E-02
-2.312650358E-02-2.457362379E-02-2.600782612E-02-2.742826432E-02-2.883399698E-02
-3.022398014E-02-3.159707014E-02-3.295203464E-02-3.428752991E-02-3.560212432E-02
-3.689429079E-02-3.816241045E-02-3.940477736E-02-4.061960226E-02-4.180501835E-02
-4.295908558E-02-4.407980115E-02-4.516509880E-02-4.621286888E-02-4.722095536E-02
-4.818717264E-02-4.910931128E-02-4.998515090E-02-5.081246727E-02-5.158904697E-02
-5.231269200E-02-5.298123448E-02-5.359254709E-02-5.414454965E-02-5.463522083E-02
-5.506260619E-02-5.542482541E-02-5.572008523E-02-5.594667688E-02-5.610298887E-02
-5.618751184E-02-5.619884603E-02-5.613569308E-02-5.599686702E-02-5.578130474E-02
-5.548805005E-02-5.511626302E-02-5.466522024E-02-5.413430888E-02-5.352302474E-02
-5.283097247E-02-5.205788239E-02-5.120351840E-02-5.026780632E-02-4.925077097E-02
-4.815241388E-02-4.697292786E-02-4.571249874E-02-4.437147884E-02-4.295020106E-02
-4.144898289E-02-3.986833065E-02-3.820881780E-02-3.647100249E-02-3.465537503E-02
-3.276266736E-02-3.079374650E-02-2.874939684E-02-2.663050458E-02-2.443819144E-02
-2.217372459E-02-1.983842160E-02-1.743375863E-02-1.496157427E-02-1.242410558E-02
-9.823523723E-03-7.161970661E-03-4.443217912E-03-1.674185081E-03 1.141363508E-03
 4.010697257E-03 6.937902849E-03 9.921348791E-03 1.295843385E-02 1.604689246E-02
 1.918452938E-02 2.236922396E-02 2.559904891E-02 2.887223589E-02 3.218710506E-02
 3.554206771E-02 3.893563530E-02 4.236635916E-02 4.583275354E-02 4.933331827E-02
 5.286659222E-02 5.643118381E-02 6.002577063E-02 6.364910061E-02 6.730001567E-02
 7.097742472E-02 7.468039313E-02 7.840866923E-02 8.215817434E-02 2.571052360E-02
 2.378581285E-02 2.187674932E-02 1.998624706E-02 1.811442846E-02 1.626196284E-02
 1.442960754E-02 1.261805909E-02 1.082792993E-02 9.059777517E-03 7.314194845E-03
 5.591847910E-03 3.893487364E-03 2.220252465E-03 5.727906836E-04-1.056765210E-03
-2.684911087E-03-4.311236883E-03-5.930244434E-03-7.539264874E-03-9.137720634E-03
-1.072603375E-02-1.230493565E-02-1.387501335E-02-1.543653209E-02-1.698945858E-02
-1.853357855E-02-2.006859554E-02-2.159413104E-02-2.310971256E-02-2.461476954E-02
-2.610862827E-02-2.759051946E-02-2.905956548E-02-3.051478428E-02-3.195509092E-02
-3.337929039E-02-3.478608362E-02-3.617407384E-02-3.754174955E-02-3.888750581E-02
-4.020963736E-02-4.150634496E-02-4.277574051E-02-4.401585054E-02-4.522462589E-02
-4.639994518E-02-4.753962797E-02-4.864143743E-02-4.970309401E-02-5.072228837E-02
-5.169668166E-02-5.262392874E-02-5.350168237E-02-5.432760251E-02-5.509937751E-02
-5.581472368E-02-5.647140368E-02-5.706723424E-02-5.760009626E-02-5.806794455E-02
-5.846881679E-02-5.880084346E-02-5.906224644E-02-5.925135766E-02-5.936661676E-02
-5.940658115E-02-5.936991882E-02-5.925541900E-02-5.906200522E-02-5.878871278E-02
-5.843470417E-02-5.799926698E-02-5.748180838E-02-5.688185221E-02-5.619904052E-02
-5.543314973E-02-5.458398632E-02-5.365156036E-02-5.263593556E-02-5.153719578E-02
-5.035561719E-02-4.909145644E-02-4.774518231E-02-4.631713673E-02-4.480777097E-02
-4.321768811E-02-4.154752135E-02-3.979782343E-02-3.796917932E-02-3.606244485E-02
-3.407842126E-02-3.201787231E-02-2.988172883E-02-2.767109984E-02-2.538710808E-02
-2.303092479E-02-2.060392936E-02-1.810791647E-02-1.554496958E-02-1.291728641E-02
-1.022703418E-02-7.476442864E-03-4.669388525E-03-1.813088341E-03 1.088141326E-03
 4.041304184E-03 7.050581911E-03 1.011419174E-02 1.322939563E-02 1.639390611E-02
 1.960566622E-02 2.286275268E-02 2.616333903E-02 2.950570472E-02 3.288823791E-02
 3.630936744E-02 3.976749543E-02 4.326102361E-02 4.678840579E-02 5.034817402E-02
 5.393893303E-02 5.755936773E-02 6.120827163E-02 6.488452242E-02 6.858701281E-02
 7.231475194E-02 7.606744362E-02 7.984106202E-02 2.514936521E-02 2.320555584E-02
 2.127710163E-02 1.936685159E-02 1.747488073E-02 1.560179097E-02 1.374832060E-02
 1.191522270E-02 1.010324491E-02 8.313087794E-03 6.545375090E-03 4.800696476E-03
 3.079802374E-03 1.384131788E-03-2.884682038E-04-1.953795553E-03-3.619613344E-03
-5.281062238E-03-6.934032088E-03-8.577249728E-03-1.021089698E-02-1.183577010E-02
-1.345266459E-02-1.506203434E-02-1.666396757E-02-1.825835636E-02-1.984500233E-02
-2.142361832E-02-2.299382483E-02-2.455514063E-02-2.610697774E-02-2.764864451E-02
-2.917933887E-02-3.069815546E-02-3.220407252E-02-3.369595531E-02-3.517255873E-02
-3.663252046E-02-3.807436880E-02-3.949652402E-02-4.089729002E-02-4.227487172E-02
-4.362736965E-02-4.495278895E-02-4.624904478E-02-4.751396814E-02-4.874531679E-02
-4.994078144E-02-5.109799585E-02-5.221455080E-02-5.328799853E-02-5.431587283E-02
-5.529569313E-02-5.622498255E-02-5.710127625E-02-5.792213850E-02-5.868516748E-02
-5.938801309E-02-6.002838657E-02-6.060406951E-02-6.111292510E-02-6.155290753E-02
-6.192206934E-02-6.221856572E-02-6.244067059E-02-6.258677231E-02-6.265538534E-02
-6.264514473E-02-6.255481535E-02-6.238330643E-02-6.212964440E-02-6.179299399E-02
-6.137265322E-02-6.086804876E-02-6.027873222E-02-5.960438275E-02-5.884482107E-02
-5.799990330E-02-5.706971756E-02-5.605436758E-02-5.495403618E-02-5.376906632E-02
-5.249982826E-02-5.114685846E-02-4.971056334E-02-4.819153928E-02-4.659048684E-02
-4.490809003E-02-4.314492758E-02-4.130177297E-02-3.937952801E-02-3.737895919E-02
-3.530088879E-02-3.314632391E-02-3.091630953E-02-2.861185238E-02-2.623404962E-02
-2.378431721E-02-2.126435736E-02-1.867594890E-02-1.602103734E-02-1.330188769E-02
-1.052099289E-02-7.680848808E-03-4.785292391E-03-1.841640926E-03 1.145368153E-03
 4.182470717E-03 7.273639147E-03 1.041695037E-02 1.360978756E-02 1.685004028E-02
 2.013573910E-02 2.346501674E-02 2.683612473E-02 3.024735966E-02 3.369700427E-02
 3.718335587E-02 4.070477693E-02 4.425971587E-02 4.784669949E-02 5.146434811E-02
 5.511139300E-02 5.878664247E-02 6.248893529E-02 6.621710816E-02 6.997015378E-02
 7.374780444E-02 7.754612729E-02 2.460059669E-02 2.263760137E-02 2.068965696E-02
 1.875956580E-02 1.684740753E-02 1.495376180E-02 1.307931271E-02 1.122476643E-02
 9.390881026E-03 7.578436466E-03 5.788178863E-03 4.020801143E-03 2.277327642E-03
 5.582717984E-04-1.144483787E-03-2.847334533E-03-4.549228439E-03-6.244733348E-03
-7.931520590E-03-9.609375549E-03-1.127900534E-02-1.294131955E-02-1.459699340E-02
-1.624633377E-02-1.788936650E-02-1.952596271E-02-2.115592621E-02-2.277898554E-02
-2.439475786E-02-2.600275001E-02-2.760236306E-02-2.919288166E-02-3.077347941E-02
-3.234320993E-02-3.390101386E-02-3.544570777E-02-3.697598670E-02-3.849042608E-02
-3.998747653E-02-4.146547482E-02-4.292263953E-02-4.435707166E-02-4.576676758E-02
-4.714961806E-02-4.850341813E-02-4.982587376E-02-5.111461112E-02-5.236718590E-02
-5.358109719E-02-5.475379168E-02-5.588268603E-02-5.696517400E-02-5.799863576E-02
-5.898046113E-02-5.990805569E-02-6.077885290E-02-6.159033509E-02-6.234003673E-02
-6.302556176E-02-6.364459219E-02-6.419489975E-02-6.467435499E-02-6.508093406E-02
-6.541272854E-02-6.566795262E-02-6.584494476E-02-6.594217786E-02-6.595825526E-02
-6.589191808E-02-6.574206047E-02-6.550769998E-02-6.518800301E-02-6.478227700E-02
-6.428996671E-02-6.371065038E-02-6.304404260E-02-6.229000418E-02-6.144844780E-02
-6.051952848E-02-5.950339325E-02-5.840033414E-02-5.721074643E-02-5.593514488E-02
-5.457408754E-02-5.312810809E-02-5.159794232E-02-4.998438568E-02-4.828815522E-02
-4.650994943E-02-4.465073199E-02-4.271139347E-02-4.069274405E-02-3.859573167E-02
-3.642140561E-02-3.417073099E-02-3.184466061E-02-2.944434777E-02-2.697124748E-02
-2.442686481E-02-2.181273399E-02-1.913059582E-02-1.638261062E-02-1.357133968E-02
-1.069939774E-02-7.769311362E-03-4.785072937E-03-1.754353661E-03 1.317917127E-03
 4.438531435E-03 7.611175232E-03 1.083384247E-02 1.410402418E-02 1.741969272E-02
 2.077896581E-02 2.417999648E-02 2.762093909E-02 3.109997934E-02 3.461538155E-02
 3.816550222E-02 4.174878461E-02 4.536377930E-02 4.900914332E-02 5.268359948E-02
 5.638589915E-02 6.011483525E-02 6.386925500E-02 6.764820754E-02 7.145146294E-02
 7.527512162E-02 2.406437978E-02 2.208216023E-02 2.011464915E-02 1.816461183E-02
 1.623214949E-02 1.431784076E-02 1.242236046E-02 1.054639165E-02 8.690651796E-03
 6.855899414E-03 5.042902626E-03 3.252523294E-03 1.486209485E-03-2.581036826E-04
-1.996085889E-03-3.735755544E-03-5.472185931E-03-7.201325763E-03-8.922183372E-03
-1.063526933E-02-1.234161759E-02-1.404212413E-02-1.573727172E-02-1.742721953E-02
-1.911198145E-02-2.079148552E-02-2.246554476E-02-2.413386628E-02-2.579606789E-02
-2.745165399E-02-2.910000617E-02-3.074039386E-02-3.237195773E-02-3.399371797E-02
-3.560456526E-02-3.720326745E-02-3.878845854E-02-4.035864195E-02-4.191219280E-02
-4.344735367E-02-4.496224893E-02-4.645487519E-02-4.792311211E-02-4.936473072E-02
-5.077739753E-02-5.215868461E-02-5.350607915E-02-5.481699543E-02-5.608878471E-02
-5.731875214E-02-5.850416594E-02-5.964227201E-02-6.073031435E-02-6.176553999E-02
-6.274522137E-02-6.366666531E-02-6.452723222E-02-6.532434158E-02-6.605549082E-02
-6.671826401E-02-6.731034253E-02-6.782951514E-02-6.827368533E-02-6.864088308E-02
-6.892926434E-02-6.913712073E-02-6.926288567E-02-6.930513266E-02-6.926257996E-02
-6.913410661E-02-6.891872141E-02-6.861559183E-02-6.822403321E-02-6.774350633E-02
-6.717361407E-02-6.651410385E-02-6.576486980E-02-6.492588732E-02-6.399736342E-02
-6.297949478E-02-6.187267926E-02-6.067736474E-02-5.939420681E-02-5.802377936E-02
-5.656677720E-02-5.502406481E-02-5.339651857E-02-5.168489882E-02-4.989012604E-02
-4.801326667E-02-4.605522442E-02-4.401693840E-02-4.189949681E-02-3.970393143E-02
-3.743117463E-02-3.508223610E-02-3.265840796E-02-3.016105820E-02-2.759148928E-02
-2.495108838E-02-2.224154108E-02-1.946486946E-02-1.662333109E-02-1.371949297E-02
-1.075612932E-02-7.736000790E-03-4.663403865E-03-1.546371929E-03 1.610419899E-03
 4.814114165E-03 8.067834968E-03 1.136938368E-02 1.471640239E-02 1.810690811E-02
 2.153892991E-02 2.501053190E-02 2.851987172E-02 3.206520543E-02 3.564488629E-02
 3.925738525E-02 4.290127164E-02 4.657516898E-02 5.027773586E-02 5.400769937E-02
 5.776389019E-02 6.154522349E-02 6.535076799E-02 6.918023222E-02 7.302971693E-02
 2.354075996E-02 2.153935910E-02 1.955227467E-02 1.758222872E-02 1.562935829E-02
 1.369426030E-02 1.177761357E-02 9.880096112E-03 8.002416480E-03 6.145305516E-03
 4.309522590E-03 2.496178338E-03 7.061262060E-04-1.067654884E-03-2.842270590E-03
-4.617338208E-03-6.387374239E-03-8.150081748E-03-9.905460760E-03-1.165447843E-02
-1.339823587E-02-1.513751241E-02-1.687267971E-02-1.860383643E-02-2.033098061E-02
-2.205405749E-02-2.377291975E-02-2.548728909E-02-2.719675494E-02-2.890080969E-02
-3.059883064E-02-3.229005864E-02-3.397361123E-02-3.564846587E-02-3.731346936E-02
-3.896732704E-02-4.060861075E-02-4.223574936E-02-4.384703138E-02-4.544060807E-02
-4.701449142E-02-4.856657233E-02-5.009460627E-02-5.159623348E-02-5.306898475E-02
-5.451028982E-02-5.591748958E-02-5.728784665E-02-5.861856247E-02-5.990678792E-02
-6.114963805E-02-6.234421366E-02-6.348760938E-02-6.457693139E-02-6.560931768E-02
-6.658194803E-02-6.749205771E-02-6.833695668E-02-6.911403712E-02-6.982078825E-02
-7.045480476E-02-7.101379751E-02-7.149560230E-02-7.189818861E-02-7.221965935E-02
-7.245826418E-02-7.261239966E-02-7.268061203E-02-7.266159835E-02-7.255422297E-02
-7.235748679E-02-7.207055750E-02-7.169275680E-02-7.122355879E-02-7.066258821E-02
-7.000962219E-02-6.926457963E-02-6.842750225E-02-6.749863237E-02-6.647822463E-02
-6.536676310E-02-6.416477340E-02-6.287299985E-02-6.149207529E-02-6.002285587E-02
-5.846632014E-02-5.682339632E-02-5.509496454E-02-5.328218081E-02-5.138613718E-02
-4.940783031E-02-4.734839060E-02-4.520898490E-02-4.299062889E-02-4.069430896E-02
-3.832122926E-02-3.587272860E-02-3.335002306E-02-3.075429663E-02-2.808692866E-02
-2.534958069E-02-2.254405872E-02-1.967234832E-02-1.673680053E-02-1.374019937E-02
-1.068551475E-02-7.575655029E-03-4.415267851E-03-1.212815334E-03 2.027707595E-03
 5.313862989E-03 8.647993745E-03 1.202768722E-02 1.545057670E-02 1.891462240E-02
 2.241787398E-02 2.595847605E-02 2.953468388E-02 3.314487418E-02 3.678751351E-02
 4.046111455E-02 4.416424386E-02 4.789556508E-02 5.165386843E-02 5.543804110E-02
 5.924698178E-02 6.307969250E-02 6.693580674E-02 7.081147568E-02 2.302973391E-02
 2.100922038E-02 1.900262224E-02 1.701258739E-02 1.503927003E-02 1.308328821E-02
 1.114534269E-02 9.226127218E-03 7.326349353E-03 5.446717046E-03 3.588036188E-03
 1.751746209E-03-6.332071027E-05-1.870988600E-03-3.681617299E-03-5.490701513E-03
-7.293925591E-03-9.090380625E-03-1.088079053E-02-1.266636936E-02-1.444814644E-02
-1.622671644E-02-1.800236139E-02-1.977522872E-02-2.154535939E-02-2.331267923E-02
-2.507702651E-02-2.683814691E-02-2.859565711E-02-3.034901928E-02-3.209758242E-02
-3.384057499E-02-3.557707823E-02-3.730603553E-02-3.902623850E-02-4.073633522E-02
-4.243482136E-02-4.412004717E-02-4.579021026E-02-4.744335927E-02-4.907739780E-02
-5.069008478E-02-5.227905652E-02-5.384180996E-02-5.537573081E-02-5.687809846E-02
-5.834609828E-02-5.977683651E-02-6.116735420E-02-6.251464373E-02-6.381566706E-02
-6.506736734E-02-6.626669134E-02-6.741060725E-02-6.849611368E-02-6.952026381E-02
-7.048017545E-02-7.137304949E-02-7.219617682E-02-7.294695638E-02-7.362290199E-02
-7.422165305E-02-7.474098297E-02-7.517880525E-02-7.553317667E-02-7.580230976E-02
-7.598456839E-02-7.607847515E-02-7.608270832E-02-7.599611884E-02-7.581770094E-02
-7.554662198E-02-7.518220825E-02-7.472394428E-02-7.417147306E-02-7.352459749E-02
-7.278325292E-02-7.194754601E-02-7.101773832E-02-6.999415124E-02-6.887732597E-02
-6.766789837E-02-6.636663069E-02-6.497427586E-02-6.349183019E-02-6.192036105E-02
-6.026083688E-02-5.851436256E-02-5.668223119E-02-5.476557471E-02-5.276557013E-02
-5.068352541E-02-4.852062316E-02-4.627792890E-02-4.395662950E-02-4.155810934E-02
-3.908362772E-02-3.653430823E-02-3.391136340E-02-3.121623560E-02-2.845045984E-02
-2.561564355E-02-2.271363367E-02-1.974659543E-02-1.671705116E-02-1.362789893E-02
-1.048218982E-02-7.283034455E-03-4.035732680E-03-7.491732606E-04 2.574145037E-03
 5.941968891E-03 9.355405443E-03 1.281182716E-02 1.630898880E-02 1.984494169E-02
 2.341783663E-02 2.702593756E-02 3.066759029E-02 3.434119089E-02 3.804521724E-02
 4.177827372E-02 4.553909975E-02 4.932650991E-02 5.313934049E-02 5.697641995E-02
 6.083671035E-02 6.471983942E-02 6.862206283E-02 2.253142386E-02 2.049181916E-02
 1.846573709E-02 1.645575598E-02 1.446202456E-02 1.248514666E-02 1.052582735E-02
 8.584782644E-03 6.662738340E-03 4.760415228E-03 2.878762203E-03 1.018973843E-03
-8.238253300E-04-2.667105254E-03-4.512580044E-03-6.354753411E-03-8.191067515E-03
-1.002161564E-02-1.184757183E-02-1.367022407E-02-1.549046666E-02-1.730876331E-02
-1.912536048E-02-2.094041905E-02-2.275403063E-02-2.456617150E-02-2.637666583E-02
-2.818522716E-02-2.999147595E-02-3.179490334E-02-3.359483167E-02-3.539044404E-02
-3.718079593E-02-3.896478531E-02-4.074115425E-02-4.250848308E-02-4.426519328E-02
-4.600954199E-02-4.773963031E-02-4.945339798E-02-5.114862787E-02-5.282295222E-02
-5.447385606E-02-5.609870251E-02-5.769471652E-02-5.925901882E-02-6.078863216E-02
-6.228049805E-02-6.373149287E-02-6.513844584E-02-6.649815617E-02-6.780741460E-02
-6.906301911E-02-7.026179242E-02-7.140060248E-02-7.247637802E-02-7.348612372E-02
-7.442693421E-02-7.529600822E-02-7.609066066E-02-7.680833202E-02-7.744659706E-02
-7.800317381E-02-7.847592766E-02-7.886287781E-02-7.916220318E-02-7.937224095E-02
-7.949149448E-02-7.951862711E-02-7.945247815E-02-7.929203712E-02-7.903647057E-02
-7.868510792E-02-7.823744118E-02-7.769312747E-02-7.705199085E-02-7.631397718E-02
-7.547924941E-02-7.454807474E-02-7.352084902E-02-7.239814077E-02-7.118070456E-02
-6.986928940E-02-6.846479738E-02-6.696833735E-02-6.538102570E-02-6.370392098E-02
-6.193837917E-02-6.008573003E-02-5.814722380E-02-5.612426599E-02-5.401825011E-02
-5.183039678E-02-4.956194393E-02-4.721435713E-02-4.478904144E-02-4.228718684E-02
-3.970996841E-02-3.705873994E-02-3.433491508E-02-3.153988641E-02-2.867518483E-02
-2.574256789E-02-2.274402601E-02-1.968179524E-02-1.655846279E-02-1.337709112E-02
-1.014093729E-02-6.853376949E-03-3.520510816E-03-1.514838373E-04 3.253591158E-03
 6.701701885E-03 1.019275985E-02 1.372420633E-02 1.729398315E-02 2.090024790E-02
 2.454120985E-02 2.821514552E-02 3.192044940E-02 3.565566848E-02 3.941947154E-02
 4.321057935E-02 4.702773487E-02 5.086971517E-02 5.473534034E-02 5.862360663E-02
 6.253416569E-02 6.646335729E-02 2.204598689E-02 1.998733458E-02 1.794178662E-02
 1.591186096E-02 1.389772011E-02 1.189996007E-02 9.919267269E-03 7.956342791E-03
 6.011906958E-03 4.086736635E-03 2.182094381E-03 2.978545169E-04-1.576470298E-03
-3.454820680E-03-5.333808287E-03-7.208588679E-03-9.078069421E-03-1.094309544E-02
-1.280507560E-02-1.466521260E-02-1.652424932E-02-1.838260219E-02-2.024054429E-02
-2.209826447E-02-2.395585121E-02-2.581329372E-02-2.767047170E-02-2.952710641E-02
-3.138277396E-02-3.323694282E-02-3.508895216E-02-3.693796817E-02-3.878298274E-02
-4.062284810E-02-4.245625143E-02-4.428170387E-02-4.609754385E-02-4.790193527E-02
-4.969286773E-02-5.146816382E-02-5.322547809E-02-5.496230357E-02-5.667598006E-02
-5.836370089E-02-6.002254222E-02-6.164945053E-02-6.324127913E-02-6.479479823E-02
-6.630671405E-02-6.777368776E-02-6.919235783E-02-7.055935816E-02-7.187133574E-02
-7.312497687E-02-7.431702124E-02-7.544427666E-02-7.650364031E-02-7.749211017E-02
-7.840680105E-02-7.924495109E-02-8.000393674E-02-8.068127761E-02-8.127464430E-02
-8.178186384E-02-8.220092632E-02-8.252998297E-02-8.276735124E-02-8.291151996E-02
-8.296114230E-02-8.291504845E-02-8.277222567E-02-8.253183978E-02-8.219322191E-02
-8.175586906E-02-8.121944779E-02-8.058379781E-02-7.984887238E-02-7.901487517E-02
-7.808207206E-02-7.705093073E-02-7.592203733E-02-7.469622364E-02-7.337425372E-02
-7.195716464E-02-7.044614358E-02-6.884232212E-02-6.714695140E-02-6.536153075E-02
-6.348742829E-02-6.152609615E-02-5.947911493E-02-5.734790752E-02-5.513382426E-02
-5.283841835E-02-5.046329789E-02-4.800982283E-02-4.547924165E-02-4.287293039E-02
-4.019231468E-02-3.743872669E-02-3.461354272E-02-3.171828203E-02-2.875460305E-02
-2.572430169E-02-2.262938723E-02-1.947222009E-02-1.625561129E-02-1.298281542E-02
-9.657182974E-03-6.282439049E-03-2.865813986E-03 5.837458108E-04 4.069145103E-03
 7.595825420E-03 1.116272341E-02 1.476745899E-02 1.840806628E-02 2.208272129E-02
 2.578973856E-02 2.952759758E-02 3.329487421E-02 3.709018111E-02 4.091216388E-02
 4.475953354E-02 4.863109165E-02 5.252570603E-02 5.644239474E-02 6.038077601E-02
 6.433724163E-02 2.157348230E-02 1.949590467E-02 1.743096907E-02 1.538113034E-02
 1.334657741E-02 1.132791324E-02 9.325822931E-03 7.340997308E-03 5.374128943E-03
 3.426056690E-03 1.498245178E-03-4.118123214E-04-2.320206803E-03-4.232733480E-03
-6.144191281E-03-8.051355016E-03-9.954211808E-03-1.185407532E-02-1.375242768E-02
-1.565034543E-02-1.754844629E-02-1.944713316E-02-2.134673185E-02-2.324747414E-02
-2.514946482E-02-2.705269243E-02-2.895702495E-02-3.086221933E-02-3.276788231E-02
-3.467343663E-02-3.657817133E-02-3.848124343E-02-4.038163456E-02-4.227811947E-02
-4.416931418E-02-4.605366108E-02-4.792940735E-02-4.979461756E-02-5.164716562E-02
-5.348474249E-02-5.530486460E-02-5.710487664E-02-5.888196010E-02-6.063314617E-02
-6.235532645E-02-6.404528496E-02-6.569969243E-02-6.731514222E-02-6.888816655E-02
-7.041525770E-02-7.189288938E-02-7.331754027E-02-7.468571549E-02-7.599396424E-02
-7.723890069E-02-7.841722411E-02-7.952573193E-02-8.056133522E-02-8.152107271E-02
-8.240211819E-02-8.320179346E-02-8.391757338E-02-8.454709221E-02-8.508814825E-02
-8.553870882E-02-8.589690742E-02-8.616104946E-02-8.632961413E-02-8.640124942E-02
-8.637477954E-02-8.624919244E-02-8.602365369E-02-8.569749522E-02-8.527021702E-02
-8.474149049E-02-8.411116525E-02-8.337920070E-02-8.254582279E-02-8.161129562E-02
-8.057613601E-02-7.944097007E-02-7.820662404E-02-7.687393877E-02-7.544404750E-02
-7.391816778E-02-7.229746556E-02-7.058342621E-02-6.877756833E-02-6.688137405E-02
-6.489652114E-02-6.282464640E-02-6.066724899E-02-5.842596283E-02-5.610260340E-02
-5.369877069E-02-5.121587284E-02-4.865539212E-02-4.601887166E-02-4.330771768E-02
-4.052329969E-02-3.766705954E-02-3.474049644E-02-3.174514792E-02-2.868265961E-02
-2.555491641E-02-2.236410129E-02-1.911272410E-02-1.580374266E-02-1.244061087E-02
-9.026850781E-03-5.566702709E-03-2.068524593E-03 1.459865947E-03 5.023890010E-03
 8.627170658E-03 1.226783479E-02 1.594365854E-02 1.965288603E-02 2.339391558E-02
 2.716520684E-02 3.096525736E-02 3.479262346E-02 3.864595574E-02 4.252401257E-02
 4.642563185E-02 5.034967843E-02 5.429513208E-02 5.826155981E-02 6.224545389E-02
 2.111389184E-02 1.901756795E-02 1.693339464E-02 1.486375133E-02 1.280884639E-02
 1.076929061E-02 8.745776918E-03 6.738994907E-03 4.749648161E-03 2.778740263E-03
 8.271421148E-04-1.111487848E-03-3.053931314E-03-4.999466556E-03-6.942782797E-03
-8.882252078E-03-1.081869328E-02-1.275369516E-02-1.468867162E-02-1.662454161E-02
-1.856188237E-02-2.050113830E-02-2.244266065E-02-2.438670400E-02-2.633341222E-02
-2.828279485E-02-3.023472203E-02-3.218892906E-02-3.414501920E-02-3.610245288E-02
-3.806048727E-02-4.001820279E-02-4.197453742E-02-4.392824999E-02-4.587787151E-02
-4.782174467E-02-4.975802869E-02-5.168467342E-02-5.359943491E-02-5.549986437E-02
-5.738332658E-02-5.924700628E-02-6.108791800E-02-6.290291833E-02-6.468872271E-02
-6.644192054E-02-6.815900931E-02-6.983639869E-02-7.147044353E-02-7.305746543E-02
-7.459377710E-02-7.607570549E-02-7.749961361E-02-7.886192383E-02-8.015913603E-02
-8.138784700E-02-8.254476495E-02-8.362672541E-02-8.463070065E-02-8.555381450E-02
-8.639334478E-02-8.714673346E-02-8.781158904E-02-8.838569154E-02-8.886699351E-02
-8.925361967E-02-8.954387210E-02-8.973622593E-02-8.982932853E-02-8.982200225E-02
-8.971323841E-02-8.950220346E-02-8.918822997E-02-8.877081961E-02-8.824964460E-02
-8.762455835E-02-8.689552715E-02-8.606277825E-02-8.512658203E-02-8.408746748E-02
-8.294612355E-02-8.170331622E-02-8.035999322E-02-7.891734021E-02-7.737655243E-02
-7.573892697E-02-7.400607248E-02-7.217951577E-02-7.026092841E-02-6.825211396E-02
-6.615473034E-02-6.397048034E-02-6.170133794E-02-5.934917061E-02-5.691560148E-02
-5.440227205E-02-5.181091214E-02-4.914310655E-02-4.640034058E-02-4.358411854E-02
-4.069593927E-02-3.773725590E-02-3.470953518E-02-3.161438020E-02-2.845357534E-02
-2.522910462E-02-2.194324375E-02-1.859868721E-02-1.519863539E-02-1.174669012E-02
-8.246447368E-03-4.702941031E-03-1.125710627E-03 2.479682367E-03 6.120283692E-03
 9.797668887E-03 1.350969545E-02 1.725448323E-02 2.103038010E-02 2.483577377E-02
 2.866914035E-02 3.252907650E-02 3.641428026E-02 4.032351721E-02 4.425559275E-02
 4.820933405E-02 5.218372435E-02 5.617838143E-02 6.018996674E-02 2.066721126E-02
 1.855234124E-02 1.644912061E-02 1.435983570E-02 1.228470547E-02 1.022434334E-02
 8.179442873E-03 6.150686809E-03 4.138821624E-03 2.145120145E-03 1.690561144E-04
-1.800767650E-03-3.776422215E-03-5.753818755E-03-7.728635481E-03-9.700467684E-03
-1.167068796E-02-1.364100011E-02-1.561271157E-02-1.758663361E-02-1.956333388E-02
-2.154329568E-02-2.352692193E-02-2.551449309E-02-2.750615956E-02-2.950195429E-02
-3.150177515E-02-3.350535656E-02-3.551228009E-02-3.752196719E-02-3.953368730E-02
-4.154651163E-02-4.355928415E-02-4.557068028E-02-4.757919127E-02-4.958307483E-02
-5.158036013E-02-5.356888370E-02-5.554626385E-02-5.750991380E-02-5.945703405E-02
-6.138463900E-02-6.328956393E-02-6.516848303E-02-6.701792439E-02-6.883429179E-02
-7.061388574E-02-7.235293831E-02-7.404762609E-02-7.569410082E-02-7.728851711E-02
-7.882705592E-02-8.030594744E-02-8.172149420E-02-8.307008993E-02-8.434824129E-02
-8.555258058E-02-8.667987843E-02-8.772705733E-02-8.869120089E-02-8.956955559E-02
-9.035954195E-02-9.105875436E-02-9.166496393E-02-9.217611885E-02-9.259034394E-02
-9.290594361E-02-9.312139610E-02-9.323535322E-02-9.324663967E-02-9.315425253E-02
-9.295736078E-02-9.265529817E-02-9.224756745E-02-9.173383859E-02-9.111396226E-02
-9.038791481E-02-8.955590251E-02-8.861821709E-02-8.757536648E-02-8.642808561E-02
-8.517709605E-02-8.382342908E-02-8.236827641E-02-8.081280227E-02-7.915849375E-02
-7.740693990E-02-7.555975201E-02-7.361877917E-02-7.158582113E-02-6.946264051E-02
-6.725128123E-02-6.495385419E-02-6.257221742E-02-6.010819122E-02-5.756371932E-02
-5.494062984E-02-5.224061267E-02-4.946534331E-02-4.661645200E-02-4.369546051E-02
-4.070382819E-02-3.764306274E-02-3.451474559E-02-3.132054176E-02-2.806229371E-02
-2.474212507E-02-2.136247371E-02-1.792616327E-02-1.443655095E-02-1.089738895E-02
-7.312545850E-03-3.688499266E-03-3.562685409E-05 3.645009769E-03 7.359981614E-03
 1.110915221E-02 1.489032417E-02 1.870172787E-02 2.254178719E-02 2.640903412E-02
 3.030208596E-02 3.421961512E-02 3.816034295E-02 4.212307007E-02 4.610668976E-02
 5.011029060E-02 5.413356258E-02 5.817327887E-02 2.023362252E-02 1.810034115E-02
 1.597823477E-02 1.386948787E-02 1.177430397E-02 9.693276518E-03 7.627087138E-03
 5.576411581E-03 3.542069173E-03 1.525463434E-03-4.760828684E-04-2.478464338E-03
-4.486449855E-03-6.494816462E-03-8.500843783E-03-1.050507478E-02-1.250922287E-02
-1.451494905E-02-1.652340849E-02-1.853537178E-02-2.055146210E-02-2.257220878E-02
-2.459803330E-02-2.662924086E-02-2.866602184E-02-3.070841670E-02-3.275632136E-02
-3.480948949E-02-3.686750379E-02-3.892975746E-02-4.099546533E-02-4.306366050E-02
-4.513318471E-02-4.720261929E-02-4.927033316E-02-5.133450376E-02-5.339307470E-02
-5.544372537E-02-5.748393063E-02-5.951094474E-02-6.152180905E-02-6.351335201E-02
-6.548222319E-02-6.742490187E-02-6.933772352E-02-7.121689844E-02-7.305853940E-02
-7.485868698E-02-7.661334454E-02-7.831850045E-02-7.997015520E-02-8.156435060E-02
-8.309719219E-02-8.456487477E-02-8.596370087E-02-8.729009759E-02-8.854063336E-02
-8.971203001E-02-9.080117282E-02-9.180511436E-02-9.272108717E-02-9.354650073E-02
-9.427894515E-02-9.491619269E-02-9.545619653E-02-9.589709073E-02-9.623718651E-02
-9.647497172E-02-9.660910841E-02-9.663842748E-02-9.656193399E-02-9.637880145E-02
-9.608836584E-02-9.569013122E-02-9.518376364E-02-9.456910475E-02-9.384614477E-02
-9.301504903E-02-9.207614118E-02-9.102990492E-02-8.987705200E-02-8.861832679E-02
-8.725479161E-02-8.578758590E-02-8.421792648E-02-8.254739045E-02-8.077752939E-02
-7.891010263E-02-7.694699554E-02-7.489000911E-02-7.274116722E-02-7.050274349E-02
-6.817681374E-02-6.576536458E-02-6.327053734E-02-6.069442238E-02-5.803896070E-02
-5.530606711E-02-5.249759803E-02-4.961526452E-02-4.666066256E-02-4.363536990E-02
-4.054094904E-02-3.737894601E-02-3.415097926E-02-3.085881892E-02-2.750440193E-02
-2.408989977E-02-2.061784200E-02-1.709127575E-02-1.351389814E-02-9.889709221E-03
-6.223042969E-03-2.521966530E-03 1.203845420E-03 4.958091472E-03 8.744973145E-03
 1.256315440E-02 1.641068710E-02 2.028601386E-02 2.418766027E-02 2.811419598E-02
 3.206427741E-02 3.603668769E-02 4.003034107E-02 4.404423442E-02 4.807749784E-02
 5.212977515E-02 5.619789055E-02 1.981351756E-02 1.766191182E-02 1.552101363E-02
 1.339292246E-02 1.127783097E-02 9.176298540E-03 7.088966571E-03 5.016497494E-03
 2.959839009E-03 9.199000888E-04-1.109134613E-03-3.143602322E-03-5.182781843E-03
-7.221528676E-03-9.258582722E-03-1.129518958E-02-1.333324933E-02-1.537433734E-02
-1.741949010E-02-1.946945281E-02-2.152488597E-02-2.358637597E-02-2.565439438E-02
-2.772927231E-02-2.981120750E-02-3.190026145E-02-3.399635303E-02-3.609921931E-02
-3.820843128E-02-4.032338271E-02-4.244325248E-02-4.456701012E-02-4.669341107E-02
-4.882100523E-02-5.094808597E-02-5.307267337E-02-5.519258192E-02-5.730539316E-02
-5.940840829E-02-6.149870564E-02-6.357314931E-02-6.562838736E-02-6.766086818E-02
-6.966687494E-02-7.164253902E-02-7.358387589E-02-7.548680636E-02-7.734719050E-02
-7.916085688E-02-8.092363283E-02-8.263137581E-02-8.427999860E-02-8.586549458E-02
-8.738396227E-02-8.883162436E-02-9.020484435E-02-9.150014226E-02-9.271420465E-02
-9.384388974E-02-9.488623843E-02-9.583847670E-02-9.669801333E-02-9.746244617E-02
-9.812955728E-02-9.869731285E-02-9.916386193E-02-9.952752984E-02-9.978681885E-02
-9.994040608E-02-9.998713246E-02-9.992601299E-02-9.975622783E-02-9.947711669E-02
-9.908818582E-02-9.858909749E-02-9.797967944E-02-9.725993696E-02-9.642998743E-02
-9.549017202E-02-9.444097848E-02-9.328303099E-02-9.201713771E-02-9.064434335E-02
-8.916570342E-02-8.758256880E-02-8.589645391E-02-8.410895246E-02-8.222191903E-02
-8.023716823E-02-7.815663446E-02-7.598262838E-02-7.371739204E-02-7.136303793E-02
-6.892184979E-02-6.639615206E-02-6.378813720E-02-6.109998078E-02-5.833381379E-02
-5.549161373E-02-5.257521866E-02-4.958640839E-02-4.652688301E-02-4.339825009E-02
-4.020210285E-02-3.694006590E-02-3.361379228E-02-3.022503943E-02-2.677579410E-02
-2.326840581E-02-1.970571334E-02-1.609110814E-02-1.242847725E-02-8.721783671E-03
-4.976191816E-03-1.201645070E-03 2.594912111E-03 6.420239610E-03 1.027598873E-02
 1.416024669E-02 1.807127989E-02 2.200759359E-02 2.596781730E-02 2.995072677E-02
 3.395522072E-02 3.798026619E-02 4.202483958E-02 4.608802264E-02 5.016941218E-02
 5.426594037E-02 1.940714090E-02 1.723743175E-02 1.507789563E-02 1.293056344E-02
 1.079565594E-02 8.673725138E-03 6.565378448E-03 4.471268883E-03 2.392520701E-03
 3.289373395E-04-1.729343515E-03-3.795015877E-03-5.864321248E-03-7.932993928E-03
-1.000092873E-02-1.206985858E-02-1.414172836E-02-1.621798954E-02-1.829962387E-02
-2.038742341E-02-2.248209453E-02-2.458423739E-02-2.669434298E-02-2.881278848E-02
-3.093981168E-02-3.307548469E-02-3.521971843E-02-3.737225975E-02-3.953267315E-02
-4.170030859E-02-4.387431984E-02-4.605363776E-02-4.823693790E-02-5.042266139E-02
-5.260900697E-02-5.479392999E-02-5.697507170E-02-5.914983553E-02-6.131539536E-02
-6.346865279E-02-6.560626439E-02-6.772468591E-02-6.982016811E-02-7.188878770E-02
-7.392647532E-02-7.592904189E-02-7.789222264E-02-7.981169733E-02-8.168312779E-02
-8.350219224E-02-8.526460996E-02-8.696617764E-02-8.860279066E-02-9.017046573E-02
-9.166536102E-02-9.308379171E-02-9.442224217E-02-9.567737501E-02-9.684603935E-02
-9.792527450E-02-9.891230796E-02-9.980456325E-02-1.005996519E-01-1.012953740E-01
-1.018897154E-01-1.023808441E-01-1.027671057E-01-1.030470215E-01-1.032192865E-01
-1.032827559E-01-1.032364565E-01-1.030795770E-01-1.028114625E-01-1.024316224E-01
-1.019397173E-01-1.013355588E-01-1.006191623E-01-9.979061082E-02-9.885023053E-02
-9.779852670E-02-9.663604298E-02-9.536362648E-02-9.398225908E-02-9.249297445E-02
-9.089718372E-02-8.919632066E-02-8.739207150E-02-8.548622368E-02-8.348058782E-02
-8.137736524E-02-7.917888347E-02-7.688732512E-02-7.450503219E-02-7.203449204E-02
-6.947810570E-02-6.683828301E-02-6.411742686E-02-6.131780782E-02-5.844156211E-02
-5.549075769E-02-5.246734915E-02-4.937315259E-02-4.620990639E-02-4.297927815E-02
-3.968284821E-02-3.632218731E-02-3.289897762E-02-2.941513978E-02-2.587291012E-02
-2.227484110E-02-1.862386983E-02-1.492354544E-02-1.117797743E-02-7.391437492E-03
-3.570860553E-03 2.726521922E-04 4.138340351E-03 8.032008154E-03 1.195327579E-02
 1.590024655E-02 1.987150592E-02 2.386582356E-02 2.788203957E-02 3.191903339E-02
 3.597572649E-02 4.005107647E-02 4.414417458E-02 4.825463254E-02 5.237953013E-02
 1.901435242E-02 1.682692998E-02 1.464909713E-02 1.248279150E-02 1.032825641E-02
 8.186053541E-03 6.056787843E-03 3.941152506E-03 1.840450598E-03-2.470871913E-04
-2.335526523E-03-4.431503830E-03-6.530033621E-03-8.628238170E-03-1.072688514E-02
-1.282799934E-02-1.493348013E-02-1.704466195E-02-1.916250935E-02-2.128786868E-02
-2.342150556E-02-2.556407198E-02-2.771608679E-02-2.987792948E-02-3.204984733E-02
-3.423194632E-02-3.642415958E-02-3.862622051E-02-4.083766559E-02-4.305783279E-02
-4.528582762E-02-4.752050848E-02-4.976049980E-02-5.200415031E-02-5.424953162E-02
-5.649444745E-02-5.873644583E-02-6.097277087E-02-6.320037543E-02-6.541599084E-02
-6.761610183E-02-6.979693358E-02-7.195453537E-02-7.408477506E-02-7.618338220E-02
-7.824597339E-02-8.026808929E-02-8.224524084E-02-8.417293123E-02-8.604669611E-02
-8.786213841E-02-8.961494662E-02-9.130093258E-02-9.291604738E-02-9.445639942E-02
-9.591826929E-02-9.729812116E-02-9.859260874E-02-9.979858334E-02-1.009130898E-01
-1.019333731E-01-1.028568746E-01-1.036812279E-01-1.044042576E-01-1.050239743E-01
-1.055385699E-01-1.059464129E-01-1.062460470E-01-1.064361856E-01-1.065157030E-01
-1.064836395E-01-1.063391937E-01-1.060817180E-01-1.057107259E-01-1.052258799E-01
-1.046269773E-01-1.039140316E-01-1.030871192E-01-1.021465295E-01-1.010927498E-01
-9.992631217E-02-9.864804932E-02-9.725883932E-02-9.575979702E-02-9.415224418E-02
-9.243762283E-02-9.061761851E-02-8.869390520E-02-8.666846221E-02-8.454359069E-02
-8.232147923E-02-8.000443579E-02-7.759501069E-02-7.509573495E-02-7.250918367E-02
-6.983798103E-02-6.708466451E-02-6.425166980E-02-6.134138498E-02-5.835608396E-02
-5.529789092E-02-5.216881794E-02-4.897072929E-02-4.570531914E-02-4.237418565E-02
-3.897894113E-02-3.552131536E-02-3.200316550E-02-2.842646930E-02-2.479344937E-02
-2.110678497E-02-1.736976487E-02-1.358634107E-02-9.760778917E-03-5.897934649E-03
-2.007021861E-03 1.902079370E-03 5.834286855E-03 9.792702432E-03 1.377601620E-02
 1.778271634E-02 2.181155220E-02 2.586132616E-02 2.993090203E-02 3.401922193E-02
 3.812529260E-02 4.224825420E-02 4.638773137E-02 5.054093804E-02 1.863498557E-02
 1.643027548E-02 1.423456440E-02 1.204967877E-02 9.875867040E-03 7.713680394E-03
 5.563719830E-03 3.426765218E-03 1.303959232E-03-8.086163715E-04-2.926832410E-03
-5.051991016E-03-7.178968872E-03-9.306294546E-03-1.143540017E-02-1.356844858E-02
-1.570723201E-02-1.785299321E-02-2.000671585E-02-2.216930269E-02-2.434156433E-02
-2.652419309E-02-2.871775281E-02-3.092266712E-02-3.313919955E-02-3.536744108E-02
-3.760731670E-02-3.985857374E-02-4.212074443E-02-4.439311928E-02-4.667474925E-02
-4.896444624E-02-5.126073561E-02-5.356186739E-02-5.586581526E-02-5.817023336E-02
-6.047249192E-02-6.276967509E-02-6.505859895E-02-6.733575072E-02-6.959740055E-02
-7.183960478E-02-7.405817688E-02-7.624877948E-02-7.840693523E-02-8.052807506E-02
-8.260755903E-02-8.464072529E-02-8.662293599E-02-8.854959774E-02-9.041620213E-02
-9.221835792E-02-9.395180294E-02-9.561243695E-02-9.719633517E-02-9.869975829E-02
-1.001191635E-01-1.014512073E-01-1.026927515E-01-1.038408604E-01-1.048928025E-01
-1.058460425E-01-1.066982425E-01-1.074472552E-01-1.080911184E-01-1.086280509E-01
-1.090564480E-01-1.093748753E-01-1.095820658E-01-1.096769147E-01-1.096584780E-01
-1.095259659E-01-1.092787395E-01-1.089163173E-01-1.084383685E-01-1.078446814E-01
-1.071352507E-01-1.063101697E-01-1.053697031E-01-1.043142672E-01-1.031444345E-01
-1.018609791E-01-1.004647081E-01-9.895678455E-02-9.733842711E-02-9.561111468E-02
-9.377638980E-02-9.183595783E-02-8.979196705E-02-8.764654912E-02-8.540189506E-02
-8.306050304E-02-8.062493538E-02-7.809783705E-02-7.548196432E-02-7.278004799E-02
-6.999477231E-02-6.712882037E-02-6.418479200E-02-6.116516111E-02-5.807228579E-02
-5.490833323E-02-5.167525739E-02-4.837486725E-02-4.500891742E-02-4.157915668E-02
-3.808727841E-02-3.453493609E-02-3.092392821E-02-2.725636965E-02-2.353476095E-02
-1.976205651E-02-1.594184525E-02-1.207839978E-02-8.176235801E-03-4.241758828E-03
-2.862255496E-04 3.686172747E-03 7.682156697E-03 1.170220195E-02 1.574459244E-02
 1.980801224E-02 2.389130467E-02 2.799339317E-02 3.211327628E-02 3.625000345E-02
 4.040274447E-02 4.457112452E-02 4.875249311E-02 1.826920428E-02 1.604753550E-02
 1.383431980E-02 1.163126196E-02 9.438584213E-03 7.256799351E-03 5.086500454E-03
 2.928583750E-03 7.835793526E-04-1.355137120E-03-3.502210088E-03-5.655456698E-03
-7.810248597E-03-9.966275461E-03-1.212546275E-02-1.429003096E-02-1.646166649E-02
-1.864155971E-02-2.083072664E-02-2.303011556E-02-2.524057534E-02-2.746283556E-02
-2.969749438E-02-3.194500599E-02-3.420566518E-02-3.647959195E-02-3.876670839E-02
-4.106672132E-02-4.337912840E-02-4.570320488E-02-4.803796074E-02-5.038211754E-02
-5.273411360E-02-5.509210499E-02-5.745391469E-02-5.981707068E-02-6.217878563E-02
-6.453594614E-02-6.688515301E-02-6.922274538E-02-7.154476795E-02-7.384702652E-02
-7.612515753E-02-7.837460919E-02-8.059070031E-02-8.276866878E-02-8.490371433E-02
-8.699101915E-02-8.902580370E-02-9.100336893E-02-9.291911263E-02-9.476856618E-02
-9.654742247E-02-9.825154311E-02-9.987698231E-02-1.014199956E-01-1.028770447E-01
-1.042448005E-01-1.055201448E-01-1.067001688E-01-1.077821661E-01-1.087636338E-01
-1.096422639E-01-1.104159386E-01-1.110827250E-01-1.116408695E-01-1.120887935E-01
-1.124250864E-01-1.126485015E-01-1.127579537E-01-1.127525167E-01-1.126314136E-01
-1.123940160E-01-1.120398485E-01-1.115685894E-01-1.109800305E-01-1.102741348E-01
-1.094510121E-01-1.085109291E-01-1.074542300E-01-1.062815124E-01-1.049934548E-01
-1.035909059E-01-1.020749409E-01-1.004467702E-01-9.870779006E-02-9.685944542E-02
-9.490361333E-02-9.284231394E-02-9.067756397E-02-8.841170181E-02-8.604721802E-02
-8.358672010E-02-8.103298529E-02-7.838883400E-02-7.565710606E-02-7.284070296E-02
-6.994250005E-02-6.696530100E-02-6.391181823E-02-6.078456923E-02-5.758586071E-02
-5.431784720E-02-5.098259216E-02-4.758203083E-02-4.411788958E-02-4.059176295E-02
-3.700529919E-02-3.336029032E-02-2.965870764E-02-2.590281039E-02-2.209531437E-02
-1.823956093E-02-1.433960418E-02-1.039992872E-02-6.425361533E-03-2.424654143E-03
 1.591075834E-03 5.625420334E-03 9.682089559E-03 1.376009899E-02 1.785802349E-02
 2.197475500E-02 2.610927036E-02 3.026060439E-02 3.442783880E-02 3.861017375E-02
 4.280724408E-02 4.701654642E-02 1.791757108E-02 1.567917222E-02 1.344872381E-02
 1.122781553E-02 9.016637726E-03 6.815651002E-03 4.625425238E-03 2.446983045E-03
 2.799069302E-04-1.885566002E-03-4.060522075E-03-6.240844387E-03-8.422859372E-03
-1.060717565E-02-1.279603652E-02-1.499162758E-02-1.719553671E-02-1.940896561E-02
-2.163300057E-02-2.386863793E-02-2.611675405E-02-2.837810497E-02-3.065331605E-02
-3.294286583E-02-3.524706825E-02-3.756605603E-02-3.989976117E-02-4.224789589E-02
-4.460992687E-02-4.698505355E-02-4.937221569E-02-5.177008189E-02-5.417700318E-02
-5.659099759E-02-5.900976467E-02-6.143068159E-02-6.385077285E-02-6.626676383E-02
-6.867504563E-02-7.107172522E-02-7.345264752E-02-7.581343946E-02-7.814947485E-02
-8.045601256E-02-8.272819520E-02-8.496106544E-02-8.714966030E-02-8.928903255E-02
-9.137428077E-02-9.340060167E-02-9.536332414E-02-9.725792246E-02-9.908004710E-02
-1.008255464E-01-1.024904669E-01-1.040710691E-01-1.055638302E-01-1.069654440E-01
-1.082728204E-01-1.094830791E-01-1.105935462E-01-1.116017515E-01-1.125054189E-01
-1.133024599E-01-1.139909707E-01-1.145692242E-01-1.150356655E-01-1.153889075E-01
-1.156277246E-01-1.157510491E-01-1.157579734E-01-1.156477344E-01-1.154197162E-01
-1.150734513E-01-1.146086269E-01-1.140250511E-01-1.133226614E-01-1.125015684E-01
-1.115620386E-01-1.105043994E-01-1.093292285E-01-1.080371225E-01-1.066289829E-01
-1.051057841E-01-1.034687300E-01-1.017190565E-01-9.985830578E-02-9.788833068E-02
-9.581094670E-02-9.362825066E-02-9.134257206E-02-8.895638279E-02-8.647236819E-02
-8.389331983E-02-8.122211547E-02-7.846176479E-02-7.561532229E-02-7.268584461E-02
-6.967634280E-02-6.658966982E-02-6.342851594E-02-6.019545475E-02-5.689295217E-02
-5.352324441E-02-5.008827124E-02-4.658981047E-02-4.302959274E-02-3.940931347E-02
-3.573068052E-02-3.199555621E-02-2.820610927E-02-2.436488796E-02-2.047487521E-02
-1.653965187E-02-1.256352067E-02-8.551131256E-03-4.508818689E-03-4.479939297E-04
 3.625654905E-03 7.718820575E-03 1.183231229E-02 1.596463046E-02 2.011465397E-02
 2.428140537E-02 2.846396182E-02 3.266144861E-02 3.687310644E-02 4.109858536E-02
 4.533553165E-02 1.758080541E-02 1.532591348E-02 1.307845078E-02 1.083992558E-02
 8.610528273E-03 6.390673332E-03 4.180910120E-03 1.982364264E-03-2.065879734E-04
-2.398883723E-03-4.600707406E-03-6.807153068E-03-9.015773264E-03-1.122788280E-02
-1.344590716E-02-1.567195298E-02-1.790752916E-02-2.015385818E-02-2.241208229E-02
-2.468325484E-02-2.696831295E-02-2.926805818E-02-3.158313618E-02-3.391403511E-02
-3.626107826E-02-3.862440178E-02-4.100393317E-02-4.339937034E-02-4.581015906E-02
-4.823547114E-02-5.067417863E-02-5.312483027E-02-5.558566417E-02-5.805460188E-02
-6.052920279E-02-6.300666294E-02-6.548384759E-02-6.795727720E-02-7.042314116E-02
-7.287734871E-02-7.531551020E-02-7.773301839E-02-8.012509291E-02-8.248676326E-02
-8.481297057E-02-8.709862576E-02-8.933859456E-02-9.152780779E-02-9.366126746E-02
-9.573408679E-02-9.774152973E-02-9.967903823E-02-1.015422407E-01-1.033269726E-01
-1.050292922E-01-1.066454767E-01-1.081720262E-01-1.096056637E-01-1.109433299E-01
-1.121821782E-01-1.133195701E-01-1.143530661E-01-1.152804205E-01-1.160995740E-01
-1.168086487E-01-1.174059417E-01-1.178899205E-01-1.182592173E-01-1.185126266E-01
-1.186490977E-01-1.186677400E-01-1.185678054E-01-1.183486926E-01-1.180099446E-01
-1.175512557E-01-1.169724553E-01-1.162734774E-01-1.154544285E-01-1.145155475E-01
-1.134571991E-01-1.122798927E-01-1.109842455E-01-1.095710968E-01-1.080414142E-01
-1.063962758E-01-1.046368999E-01-1.027649120E-01-1.007819283E-01-9.868976154E-02
-9.649051345E-02-9.418644499E-02-9.178005534E-02-8.927399795E-02-8.667106815E-02
-8.397425694E-02-8.118667348E-02-7.831151136E-02-7.535197347E-02-7.231117536E-02
-6.919215744E-02-6.599791593E-02-6.273132916E-02-5.939498786E-02-5.599119627E-02
-5.252209619E-02-4.898967517E-02-4.539574532E-02-4.174202757E-02-3.803027785E-02
-3.426235293E-02-3.044023485E-02-2.656614070E-02-2.264272837E-02-1.867331116E-02
-1.466200520E-02-1.061351502E-02-6.532945793E-03-2.429293599E-03 1.685813710E-03
 5.815866833E-03 9.964517623E-03 1.413097625E-02 1.831401697E-02 2.251269834E-02
 2.672615416E-02 3.095355794E-02 3.519418851E-02 3.944770419E-02 4.371190011E-02
 1.725896106E-02 1.498811726E-02 1.272410134E-02 1.046832771E-02 8.221008772E-03
 5.982564313E-03 3.753592165E-03 1.535132660E-03-6.759665946E-04-2.894319749E-03
-5.121802754E-03-7.353445809E-03-9.587994545E-03-1.182729597E-02-1.407384876E-02
-1.632965810E-02-1.859618751E-02-2.087470056E-02-2.316639004E-02-2.547234933E-02
-2.779355114E-02-3.013083634E-02-3.248490021E-02-3.485627263E-02-3.724528858E-02
-3.965207027E-02-4.207652648E-02-4.451832900E-02-4.697688584E-02-4.945131750E-02
-5.194043518E-02-5.444271941E-02-5.695629731E-02-5.947892149E-02-6.200799416E-02
-6.454057359E-02-6.707333392E-02-6.960258607E-02-7.212433371E-02-7.463424999E-02
-7.712774978E-02-7.960001429E-02-8.204603205E-02-8.446066228E-02-8.683869506E-02
-8.917483945E-02-9.146386571E-02-9.370057804E-02-9.587989664E-02-9.799687056E-02
-1.000467217E-01-1.020248637E-01-1.039269224E-01-1.057487405E-01-1.074863874E-01
-1.091361679E-01-1.106946138E-01-1.121584808E-01-1.135247443E-01-1.147905926E-01
-1.159534197E-01-1.170108156E-01-1.179605626E-01-1.188006279E-01-1.195291549E-01
-1.201444613E-01-1.206450331E-01-1.210295203E-01-1.212967325E-01-1.214456360E-01
-1.214753544E-01-1.213851552E-01-1.211744536E-01-1.208428072E-01-1.203899158E-01
-1.198156259E-01-1.191198879E-01-1.183028198E-01-1.173646274E-01-1.163057127E-01
-1.151265106E-01-1.138277029E-01-1.124100524E-01-1.108744937E-01-1.092219943E-01
-1.074539019E-01-1.055716532E-01-1.035767761E-01-1.014711071E-01-9.925665261E-02
-9.693566075E-02-9.451056175E-02-9.198396668E-02-8.935873050E-02-8.663788800E-02
-8.382463134E-02-8.092221883E-02-7.793391754E-02-7.486302910E-02-7.171289630E-02
-6.848674264E-02-6.518752051E-02-6.181798615E-02-5.838073413E-02-5.487812498E-02
-5.131228820E-02-4.768520139E-02-4.399873402E-02-4.025462582E-02-3.645455115E-02
-3.260030609E-02-2.869400165E-02-2.473817824E-02-2.073590965E-02-1.669095981E-02
-1.260785244E-02-8.491455915E-03-4.348479624E-03-1.907698559E-04 3.976614352E-03
 8.160043751E-03 1.236024902E-02 1.657592124E-02 2.080612727E-02 2.505005407E-02
 2.930691899E-02 3.357603943E-02 3.785708982E-02 4.214802582E-02 1.695157231E-02
 1.466545919E-02 1.238556170E-02 1.011317803E-02 7.848515659E-03 5.591986827E-03
 3.344260403E-03 1.106039174E-03-1.127607911E-03-3.370992976E-03-5.622967071E-03
-7.878929193E-03-1.013865274E-02-1.240439921E-02-1.467868830E-02-1.696343352E-02
-1.926008103E-02-2.156993837E-02-2.389424153E-02-2.623412306E-02-2.859059134E-02
-3.096451760E-02-3.335662040E-02-3.576744791E-02-3.819735899E-02-4.064650281E-02
-4.311478736E-02-4.560184287E-02-4.810701860E-02-5.062937046E-02-5.316763062E-02
-5.572018357E-02-5.828504875E-02-6.085986698E-02-6.344188667E-02-6.602795136E-02
-6.861454178E-02-7.119780175E-02-7.377350818E-02-7.633712201E-02-7.888386254E-02
-8.140868697E-02-8.390640834E-02-8.637169197E-02-8.879914736E-02-9.118339369E-02
-9.351904326E-02-9.580082065E-02-9.802357899E-02-1.001823180E-01-1.022722297E-01
-1.042887214E-01-1.062274203E-01-1.080841901E-01-1.098551271E-01-1.115365620E-01
-1.131250634E-01-1.146174242E-01-1.160106548E-01-1.173019769E-01-1.184888141E-01
-1.195687835E-01-1.205396919E-01-1.213995260E-01-1.221464475E-01-1.227787895E-01
-1.232950514E-01-1.236938970E-01-1.239741480E-01-1.241347856E-01-1.241749439E-01
-1.240939073E-01-1.238911080E-01-1.235661218E-01-1.231186567E-01-1.225485741E-01
-1.218558489E-01-1.210406153E-01-1.201030777E-01-1.190436306E-01-1.178627234E-01
-1.165610146E-01-1.151392690E-01-1.135983011E-01-1.119391663E-01-1.101631407E-01
-1.082715025E-01-1.062658147E-01-1.041478173E-01-1.019194772E-01-9.958295148E-02
-9.714059606E-02-9.459503781E-02-9.194912617E-02-8.920591948E-02-8.636859180E-02
-8.344042886E-02-8.042486927E-02-7.732546066E-02-7.414564465E-02-7.088870540E-02
-6.755784449E-02-6.415610532E-02-6.068629602E-02-5.715100914E-02-5.355263363E-02
-4.989327901E-02-4.617477289E-02-4.239880708E-02-3.856710079E-02-3.468148337E-02
-3.074397390E-02-2.675690231E-02-2.272306408E-02-1.864589454E-02-1.452964450E-02
-1.037917718E-02-6.199935734E-03-2.001670701E-03 2.204196429E-03 6.422343596E-03
 1.065571150E-02 1.490347614E-02 1.916465041E-02 2.343846447E-02 2.772419624E-02
 3.202121569E-02 3.632922278E-02 4.064633406E-02 1.665854933E-02 1.435776319E-02
 1.206262663E-02 9.774311009E-03 7.492995519E-03 5.219070181E-03 2.953268500E-03
 6.957360827E-04-1.560417641E-03-3.827740829E-03-6.103127988E-03-8.382619044E-03
-1.066681079E-02-1.295823867E-02-1.525939042E-02-1.757211637E-02-1.989789316E-02
-2.223809628E-02-2.459401075E-02-2.696680391E-02-2.935751298E-02-3.176703453E-02
-3.419610953E-02-3.664530124E-02-3.911497286E-02-4.160526567E-02-4.411607502E-02
-4.664702581E-02-4.919744567E-02-5.176632170E-02-5.435227965E-02-5.695359153E-02
-5.956815300E-02-6.219346237E-02-6.482661408E-02-6.746430183E-02-7.010282010E-02
-7.273806725E-02-7.536561049E-02-7.798073598E-02-8.057843144E-02-8.315346883E-02
-8.570047866E-02-8.821395381E-02-9.068837052E-02-9.311819326E-02-9.549795618E-02
-9.782231729E-02-1.000860468E-01-1.022841407E-01-1.044117635E-01-1.064643278E-01
-1.084374809E-01-1.103271071E-01-1.121293383E-01-1.138405433E-01-1.154573231E-01
-1.169765081E-01-1.183951439E-01-1.197104825E-01-1.209199731E-01-1.220212569E-01
-1.230121587E-01-1.238906790E-01-1.246549924E-01-1.253034410E-01-1.258345330E-01
-1.262469396E-01-1.265394929E-01-1.267111835E-01-1.267611559E-01-1.266887101E-01
-1.264932951E-01-1.261745063E-01-1.257320689E-01-1.251658607E-01-1.244758824E-01
-1.236622708E-01-1.227252813E-01-1.216652575E-01-1.204827299E-01-1.191783116E-01
-1.177527263E-01-1.162067829E-01-1.145415968E-01-1.127582553E-01-1.108580654E-01
-1.088425145E-01-1.067132927E-01-1.044722690E-01-1.021215104E-01-9.966336075E-02
-9.710040548E-02-9.443545936E-02-9.167149734E-02-8.881169706E-02-8.585949018E-02
-8.281844489E-02-7.969208202E-02-7.648393957E-02-7.319756121E-02-6.983637370E-02
-6.640365159E-02-6.290250069E-02-5.933573682E-02-5.570580595E-02-5.201487513E-02
-4.826494900E-02-4.445789761E-02-4.059549056E-02-3.667949149E-02-3.271178963E-02
-2.869454575E-02-2.463034364E-02-2.052234831E-02-1.637449647E-02-1.219152004E-02
-7.978525179E-03-3.743135752E-03 5.020385200E-04 4.754781171E-03 9.020548702E-03
 1.329969256E-02 1.759114200E-02 2.189416072E-02 2.620809359E-02 3.053236142E-02
 3.486668358E-02 3.920933130E-02 1.638052616E-02 1.406553567E-02 1.175567178E-02
 9.451992597E-03 7.154647627E-03 4.863999612E-03 2.580841403E-03 3.046181112E-04
-1.973634512E-03-4.263698943E-03-6.561338575E-03-8.863438751E-03-1.117127148E-02
-1.348754839E-02-1.581468475E-02-1.815446172E-02-2.050837562E-02-2.287785404E-02
-2.526423937E-02-2.766875739E-02-3.009249850E-02-3.253639394E-02-3.500120240E-02
-3.748749399E-02-3.999563054E-02-4.252574450E-02-4.507770888E-02-4.765110902E-02
-5.024521646E-02-5.285896360E-02-5.549092213E-02-5.813926888E-02-6.080174920E-02
-6.347569620E-02-6.615803963E-02-6.884529296E-02-7.153356194E-02-7.421857249E-02
-7.689569614E-02-7.955996940E-02-8.220618315E-02-8.482895298E-02-8.742270920E-02
-8.998181231E-02-9.250059889E-02-9.497343028E-02-9.739475500E-02-9.975915163E-02
-1.020613968E-01-1.042964206E-01-1.064594235E-01-1.085458139E-01-1.105512702E-01
-1.124717106E-01-1.143033001E-01-1.160424485E-01-1.176857955E-01-1.192302042E-01
-1.206727525E-01-1.220107187E-01-1.232415742E-01-1.243629776E-01-1.253727645E-01
-1.262689449E-01-1.270496979E-01-1.277133694E-01-1.282584705E-01-1.286836754E-01
-1.289878204E-01-1.291699027E-01-1.292290761E-01-1.291646541E-01-1.289761016E-01
-1.286630338E-01-1.282252008E-01-1.276624973E-01-1.269749593E-01-1.261627262E-01
-1.252261009E-01-1.241654330E-01-1.229812676E-01-1.216742302E-01-1.202449764E-01
-1.186944449E-01-1.170235955E-01-1.152335169E-01-1.133254782E-01-1.113009206E-01
-1.091614411E-01-1.069088196E-01-1.045450993E-01-1.020725622E-01-9.949370887E-02
-9.681123821E-02-9.402811807E-02-9.114762893E-02-8.817317555E-02-8.510824340E-02
-8.195648694E-02-7.872162966E-02-7.540738659E-02-7.201744066E-02-6.855530511E-02
-6.502417494E-02-6.142696515E-02-5.776637874E-02-5.404486549E-02-5.026459562E-02
-4.642750675E-02-4.253538653E-02-3.858997866E-02-3.459310454E-02-3.054680079E-02
-2.645346803E-02-2.231603127E-02-1.813812819E-02-1.392426564E-02-9.679532011E-03
-5.410034848E-03-1.126839211E-03 3.160407665E-03 7.457914243E-03 1.176761031E-02
 1.608855779E-02 2.042002196E-02 2.476140074E-02 2.911216053E-02 3.347203659E-02
 3.783945415E-02 1.611824852E-02 1.378955865E-02 1.146548361E-02 9.146977680E-03
 6.834170044E-03 4.527407875E-03 2.227555795E-03-6.671516378E-05-2.366464253E-03
-4.678091845E-03-6.996860469E-03-9.320603585E-03-1.165112022E-02-1.399122483E-02
-1.634326597E-02-1.870899947E-02-2.108996458E-02-2.348763002E-02-2.590336479E-02
-2.833841626E-02-3.079390329E-02-3.327079761E-02-3.576990175E-02-3.829182072E-02
-4.083692662E-02-4.340533679E-02-4.599689187E-02-4.861113256E-02-5.124727363E-02
-5.390417152E-02-5.658029698E-02-5.927371422E-02-6.198206822E-02-6.470257377E-02
-6.743198458E-02-7.016660369E-02-7.290234200E-02-7.563472978E-02-7.835893809E-02
-8.106983400E-02-8.376203277E-02-8.642992648E-02-8.906779362E-02-9.166987912E-02
-9.423038331E-02-9.674359359E-02-9.920388179E-02-1.016057969E-01-1.039440627E-01
-1.062136301E-01-1.084097035E-01-1.105277167E-01-1.125633758E-01-1.145126402E-01
-1.163717138E-01-1.181370440E-01-1.198053096E-01-1.213734057E-01-1.228384374E-01
-1.241977053E-01-1.254486970E-01-1.265890811E-01-1.276166979E-01-1.285295605E-01
-1.293258457E-01-1.300038963E-01-1.305622207E-01-1.309994904E-01-1.313145414E-01
-1.315063738E-01-1.315741492E-01-1.315171918E-01-1.313349815E-01-1.310271528E-01
-1.305934855E-01-1.300338948E-01-1.293484602E-01-1.285373438E-01-1.276008457E-01
-1.265394049E-01-1.253535475E-01-1.240438716E-01-1.226111338E-01-1.210562167E-01
-1.193800402E-01-1.175836963E-01-1.156684208E-01-1.136355763E-01-1.114866857E-01
-1.092235052E-01-1.068480106E-01-1.043623649E-01-1.017689523E-01-9.907047030E-02
-9.626991216E-02-9.337039307E-02-9.037527046E-02-8.728813992E-02-8.411274423E-02
-8.085296554E-02-7.751270919E-02-7.409571227E-02-7.060555297E-02-6.704568982E-02
-6.341935623E-02-5.972947643E-02-5.597865661E-02-5.216920124E-02-4.830315702E-02
-4.438238130E-02-4.040863471E-02-3.638369635E-02-3.230950448E-02-2.818831283E-02
-2.402285142E-02-1.981649884E-02-1.557348025E-02-1.129879407E-02-6.997901434E-03
-2.679916615E-03 1.642306286E-03 5.971093311E-03 1.031036124E-02 1.465989705E-02
 1.901891024E-02 2.338682899E-02 2.776316437E-02 3.214766590E-02 3.653891551E-02
 1.587201776E-02 1.353025623E-02 1.119259852E-02 8.859897428E-03 6.532269157E-03
 4.210058502E-03 1.894137960E-03-4.176842698E-04-2.738013293E-03-5.069995482E-03
-7.408811927E-03-9.753221707E-03-1.210543051E-02-1.446829653E-02-1.684409903E-02
-1.923458595E-02-2.164134481E-02-2.406589440E-02-2.650964993E-02-2.897390136E-02
-3.145979731E-02-3.396832287E-02-3.650028100E-02-3.905627485E-02-4.163668616E-02
-4.424164619E-02-4.687099745E-02-4.952425106E-02-5.220055630E-02-5.489868171E-02
-5.761699695E-02-6.035345167E-02-6.310555274E-02-6.587035124E-02-6.864444687E-02
-7.142400555E-02-7.420476278E-02-7.698202343E-02-7.975075026E-02-8.250562850E-02
-8.524109212E-02-8.795139426E-02-9.063068573E-02-9.327304194E-02-9.587257543E-02
-9.842350860E-02-1.009201541E-01-1.033570416E-01-1.057288752E-01-1.080306240E-01
-1.102574910E-01-1.124049741E-01-1.144687828E-01-1.164449393E-01-1.183296787E-01
-1.201194882E-01-1.218110824E-01-1.234013866E-01-1.248875270E-01-1.262668228E-01
-1.275367704E-01-1.286950415E-01-1.297394762E-01-1.306680815E-01-1.314790267E-01
-1.321706446E-01-1.327414345E-01-1.331900602E-01-1.335153533E-01-1.337163124E-01
-1.337921042E-01-1.337420616E-01-1.335656793E-01-1.332626127E-01-1.328326738E-01
-1.322758078E-01-1.315921118E-01-1.307818105E-01-1.298452134E-01-1.287828053E-01
-1.275951339E-01-1.262828110E-01-1.248466618E-01-1.232874931E-01-1.216062628E-01
-1.198040485E-01-1.178820277E-01-1.158415126E-01-1.136840105E-01-1.114112152E-01
-1.090249723E-01-1.065273507E-01-1.039207494E-01-1.012077688E-01-9.839120547E-02
-9.547418653E-02-9.246009167E-02-8.935256808E-02-8.615547226E-02-8.287266650E-02
-7.950803100E-02-7.606550587E-02-7.254894907E-02-6.896202053E-02-6.530813070E-02
-6.159039233E-02-5.781159716E-02-5.397421763E-02-5.008043264E-02-4.613218646E-02
-4.213128214E-02-3.807949499E-02-3.397870254E-02-2.983103385E-02-2.563903296E-02
-2.140583537E-02-1.713537481E-02-1.283247004E-02-8.502435823E-03-4.152722474E-03
 2.039536306E-04 4.563248627E-03 8.930977984E-03 1.330800198E-02 1.769346512E-02
 2.208682102E-02 2.648763961E-02 3.089570483E-02 3.530976423E-02 1.564185805E-02
 1.328772031E-02 1.093718617E-02 8.591007886E-03 6.249292435E-03 3.912394757E-03
 1.581063413E-03-7.478614308E-04-3.087514877E-03-5.438535996E-03-7.796276982E-03
-1.016030645E-02-1.253314249E-02-1.491764199E-02-1.731601493E-02-1.973001155E-02
-2.216126613E-02-2.461134295E-02-2.708169768E-02-2.957365765E-02-3.208840354E-02
-3.462694997E-02-3.719012638E-02-3.977855003E-02-4.239259466E-02-4.503235805E-02
-4.769763504E-02-5.038789616E-02-5.310225801E-02-5.583944561E-02-5.859774796E-02
-6.137498891E-02-6.416852612E-02-6.697525589E-02-6.979161542E-02-7.261358413E-02
-7.543670160E-02-7.825611909E-02-8.106665217E-02-8.386279180E-02-8.663877362E-02
-8.938870656E-02-9.210661035E-02-9.478647363E-02-9.742234104E-02-1.000083317E-01
-1.025387358E-01-1.050080686E-01-1.074110346E-01-1.097426257E-01-1.119980760E-01
-1.141728967E-01-1.162628650E-01-1.182640223E-01-1.201726636E-01-1.219852998E-01
-1.236986809E-01-1.253097588E-01-1.268156775E-01-1.282137646E-01-1.295015233E-01
-1.306766208E-01-1.317368901E-01-1.326803259E-01-1.335050825E-01-1.342094783E-01
-1.347919963E-01-1.352512878E-01-1.355861748E-01-1.357956520E-01-1.358788874E-01
-1.358352215E-01-1.356641638E-01-1.353653933E-01-1.349387488E-01-1.343842110E-01
-1.337019000E-01-1.328920832E-01-1.319551462E-01-1.308915783E-01-1.297019316E-01
-1.283869482E-01-1.269473727E-01-1.253840701E-01-1.236980051E-01-1.218902207E-01
-1.199618721E-01-1.179142680E-01-1.157488625E-01-1.134672315E-01-1.110711686E-01
-1.085627475E-01-1.059441603E-01-1.032179047E-01-1.003867712E-01-9.745385863E-02
-9.442259612E-02-9.129654510E-02-8.807943098E-02-8.477522521E-02-8.138799785E-02
-7.792181107E-02-7.438065364E-02-7.076835573E-02-6.708851855E-02-6.334445483E-02
-5.953914720E-02-5.567524267E-02-5.175507393E-02-4.778070276E-02-4.375399402E-02
-3.967672218E-02-3.555070658E-02-3.137796621E-02-2.716088735E-02-2.290240202E-02
-1.860618587E-02-1.427683749E-02-9.919639949E-03-5.540889159E-03-1.151843342E-03
 3.237166828E-03 7.632209810E-03 1.203542481E-02 1.644611347E-02 2.086375122E-02
 2.528796641E-02 2.971857180E-02 3.415446220E-02 1.542780630E-02 1.306204005E-02
 1.069939152E-02 8.340513173E-03 5.985504565E-03 3.634738015E-03 1.288735042E-03
-1.056683900E-03-3.414357912E-03-5.783097641E-03-8.158585556E-03-1.054107876E-02
-1.293333641E-02-1.533819748E-02-1.775782266E-02-2.019398122E-02-2.264835113E-02
-2.512253106E-02-2.761800481E-02-3.013612680E-02-3.267810530E-02-3.524498138E-02
-3.783760432E-02-4.045660123E-02-4.310234502E-02-4.577492504E-02-4.847411838E-02
-5.119935479E-02-5.394967530E-02-5.672370053E-02-5.951961326E-02-6.233514846E-02
-6.516757376E-02-6.801366059E-02-7.086967037E-02-7.373138975E-02-7.659418057E-02
-7.945302052E-02-8.230253095E-02-8.513703882E-02-8.795067175E-02-9.073741658E-02
-9.349114166E-02-9.620573372E-02-9.887517130E-02-1.014935459E-01-1.040551370E-01
-1.065544153E-01-1.089861126E-01-1.113452473E-01-1.136270823E-01-1.158271715E-01
-1.179413424E-01-1.199656605E-01-1.218964766E-01-1.237303257E-01-1.254639869E-01
-1.270944367E-01-1.286188293E-01-1.300344980E-01-1.313389429E-01-1.325298244E-01
-1.336049606E-01-1.345623279E-01-1.354000601E-01-1.361164541E-01-1.367099727E-01
-1.371792498E-01-1.375230938E-01-1.377404916E-01-1.378306098E-01-1.377927950E-01
-1.376265722E-01-1.373316414E-01-1.369078603E-01-1.363552604E-01-1.356740047E-01
-1.348643816E-01-1.339268366E-01-1.328618851E-01-1.316701715E-01-1.303524177E-01
-1.289094232E-01-1.273420761E-01-1.256513314E-01-1.238382393E-01-1.219039642E-01
-1.198497739E-01-1.176770320E-01-1.153873199E-01-1.129823592E-01-1.104640380E-01
-1.078345292E-01-1.050962720E-01-1.022520711E-01-9.930491458E-02-9.625801970E-02
-9.311497125E-02-8.987958834E-02-8.655586099E-02-8.314790734E-02-7.965988939E-02
-7.609592853E-02-7.246001620E-02-6.875593457E-02-6.498719612E-02-6.115698811E-02
-5.726814010E-02-5.332312821E-02-4.932411799E-02-4.527303776E-02-4.117168208E-02
-3.702184319E-02-3.282546330E-02-2.858480722E-02-2.430264136E-02-1.998242226E-02
-1.562851177E-02-1.124610216E-02-6.840946441E-03-2.422719094E-03 1.995517943E-03
 6.416874871E-03 1.084497287E-02 1.527967601E-02 1.972042674E-02 2.416687566E-02
 2.861884981E-02 3.307538452E-02 1.522994368E-02 1.285334594E-02 1.047939954E-02
 8.108659861E-03 5.741219981E-03 3.377471881E-03 1.017646237E-03-1.343458144E-03
-3.717842987E-03-6.103004936E-03-8.495054146E-03-1.089482401E-02-1.330524940E-02
-1.572913520E-02-1.816860513E-02-2.062545649E-02-2.310141223E-02-2.559811027E-02
-2.811707074E-02-3.065968025E-02-3.322717223E-02-3.582060353E-02-3.844082891E-02
-4.108847383E-02-4.376390647E-02-4.646720515E-02-4.919812277E-02-5.195604700E-02
-5.473996174E-02-5.754842007E-02-6.037952215E-02-6.323088763E-02-6.609962839E-02
-6.898234860E-02-7.187517339E-02-7.477377427E-02-7.767337605E-02-8.056876960E-02
-8.345438613E-02-8.632440135E-02-8.917280422E-02-9.199344086E-02-9.478010231E-02
-9.752663072E-02-1.002269335E-01-1.028750398E-01-1.054652170E-01-1.079919605E-01
-1.104500318E-01-1.128344453E-01-1.151405119E-01-1.173638366E-01-1.195002804E-01
-1.215459586E-01-1.234972429E-01-1.253507171E-01-1.271031701E-01-1.287516062E-01
-1.302931820E-01-1.317252294E-01-1.330452426E-01-1.342508682E-01-1.353399041E-01
-1.363103029E-01-1.371601736E-01-1.378877866E-01-1.384915798E-01-1.389701650E-01
-1.393223336E-01-1.395470610E-01-1.396435109E-01-1.396110344E-01-1.394491701E-01
-1.391576358E-01-1.387363202E-01-1.381852883E-01-1.375047477E-01-1.366950479E-01
-1.357566636E-01-1.346901532E-01-1.334962283E-01-1.321756411E-01-1.307292295E-01
-1.291578959E-01-1.274626267E-01-1.256444931E-01-1.237046339E-01-1.216442664E-01
-1.194647909E-01-1.171676422E-01-1.147544856E-01-1.122271697E-01-1.095878712E-01
-1.068389410E-01-1.039829380E-01-1.010228218E-01-9.796183263E-02-9.480348839E-02
-9.155158032E-02-8.821011541E-02-8.478325385E-02-8.127523483E-02-7.769030188E-02
-7.403260853E-02-7.030611557E-02-6.651451042E-02-6.266114994E-02-5.874902758E-02
-5.478076766E-02-5.075865643E-02-4.668470783E-02-4.256076434E-02-3.838861994E-02
-3.417016902E-02-2.990757444E-02-2.560344168E-02-2.126101502E-02-1.688440491E-02
-1.247864727E-02-8.049318760E-03-3.604746995E-03 8.416440202E-04 5.288026329E-03
 9.739514502E-03 1.419675505E-02 1.865914980E-02 2.312638354E-02 2.759832537E-02
 3.207416243E-02 1.504834888E-02 1.266177450E-02 1.027740813E-02 7.895712011E-03
 5.516773379E-03 3.141004579E-03 7.683116380E-04-1.607495836E-03-3.997245286E-03
-6.397519367E-03-8.804905238E-03-1.122071233E-02-1.364799931E-02-1.608952924E-02
-1.854739987E-02-2.102343884E-02-2.351940823E-02-2.603697973E-02-2.857770502E-02
-3.114299973E-02-3.373412274E-02-3.635215218E-02-3.899795879E-02-4.167217588E-02
-4.437516719E-02-4.710699024E-02-4.986735959E-02-5.265561071E-02-5.547066860E-02
-5.831101732E-02-6.117467023E-02-6.405914089E-02-6.696142408E-02-6.987800183E-02
-7.280486085E-02-7.573749914E-02-7.867095009E-02-8.159985087E-02-8.451853371E-02
-8.742107450E-02-9.030131769E-02-9.315297097E-02-9.596973970E-02-9.874539376E-02
-1.014737930E-01-1.041489745E-01-1.067652119E-01-1.093169817E-01-1.117990560E-01
-1.142065099E-01-1.165347015E-01-1.187792516E-01-1.209360650E-01-1.230013093E-01
-1.249713840E-01-1.268429020E-01-1.286126713E-01-1.302777078E-01-1.318351714E-01
-1.332823873E-01-1.346168402E-01-1.358361569E-01-1.369381119E-01-1.379206295E-01
-1.387817887E-01-1.395198299E-01-1.401331620E-01-1.406203717E-01-1.409802299E-01
-1.412116993E-01-1.413139369E-01-1.412862969E-01-1.411283294E-01-1.408397708E-01
-1.404205487E-01-1.398707539E-01-1.391906354E-01-1.383806001E-01-1.374411502E-01
-1.363729467E-01-1.351767084E-01-1.338532404E-01-1.324034158E-01-1.308281862E-01
-1.291285710E-01-1.273056247E-01-1.253604962E-01-1.232943965E-01-1.211086280E-01
-1.188046237E-01-1.163840562E-01-1.138487390E-01-1.112006165E-01-1.084419946E-01
-1.055754237E-01-1.026037500E-01-9.953014606E-02-9.635808430E-02-9.309131393E-02
-8.973383959E-02-8.628986822E-02-8.276371892E-02-7.915973043E-02-7.548217125E-02
-7.173514547E-02-6.792250238E-02-6.404776836E-02-6.011410493E-02-5.612429609E-02
-5.208076465E-02-4.798562401E-02-4.384076205E-02-3.964796522E-02-3.540907266E-02
-3.112614727E-02-2.680166290E-02-2.243870715E-02-1.804119185E-02-1.361399943E-02
-9.162666348E-03-4.694427065E-03-2.218892192E-04 4.247830519E-03 8.721037786E-03
 1.319922530E-02 1.768178777E-02 2.216844213E-02 2.665908754E-02 3.115303706E-02
 1.488305511E-02 1.248740443E-02 1.009355319E-02 7.701873945E-03 5.312445641E-03
 2.925698786E-03 5.412018800E-04-1.848170200E-03-4.251889589E-03-6.665931356E-03
-9.087371983E-03-1.151790737E-02-1.396067868E-02-1.641840519E-02-1.889316895E-02
-2.138682872E-02-2.390118108E-02-2.643792712E-02-2.899864578E-02-3.158477745E-02
-3.419760206E-02-3.683821444E-02-3.950749614E-02-4.220608404E-02-4.493433628E-02
-4.769229548E-02-5.047965141E-02-5.329570325E-02-5.613932337E-02-5.900892214E-02
-6.190241703E-02-6.481721036E-02-6.775018078E-02-7.069768781E-02-7.365558292E-02
-7.661922404E-02-7.958351235E-02-8.254295807E-02-8.549174957E-02-8.842380076E-02
-9.133283136E-02-9.421249911E-02-9.705648320E-02-9.985848766E-02-1.026123044E-01
-1.053119465E-01-1.079516843E-01-1.105260308E-01-1.130298050E-01-1.154581070E-01
-1.178063012E-01-1.200700773E-01-1.222453896E-01-1.243284227E-01-1.263156054E-01
-1.282035816E-01-1.299891830E-01-1.316694192E-01-1.332414567E-01-1.347026098E-01
-1.360503478E-01-1.372822780E-01-1.383961447E-01-1.393898416E-01-1.402614148E-01
-1.410090710E-01-1.416311884E-01-1.421263257E-01-1.424932316E-01-1.427308526E-01
-1.428383383E-01-1.428150437E-01-1.426605289E-01-1.423745532E-01-1.419570670E-01
-1.414082016E-01-1.407282540E-01-1.399176653E-01-1.389770189E-01-1.379069982E-01
-1.367083797E-01-1.353820163E-01-1.339288404E-01-1.323498482E-01-1.306460456E-01
-1.288185513E-01-1.268684568E-01-1.247969695E-01-1.226054255E-01-1.202952739E-01
-1.178680046E-01-1.153253922E-01-1.126693720E-01-1.099021317E-01-1.070261542E-01
-1.040442088E-01-1.009593811E-01-9.777509518E-02-9.449508229E-02-9.112333683E-02
-8.766407280E-02-8.412165011E-02-8.050048281E-02-7.680494369E-02-7.303927288E-02
-6.920748147E-02-6.531326772E-02-6.135995247E-02-5.735045196E-02-5.328729457E-02
-4.917267168E-02-4.500852803E-02-4.079668393E-02-3.653897317E-02-3.223740994E-02
-2.789437581E-02-2.351281195E-02-1.909642600E-02-1.464990474E-02-1.017871848E-02
-5.689354429E-03-1.193259478E-03 3.298542437E-03 7.792073808E-03 1.228972597E-02
 1.679104431E-02 2.129574380E-02 2.580373234E-02 3.031443843E-02 1.473432671E-02
 1.233046135E-02 9.928035455E-03 7.527341326E-03 5.128449565E-03 2.731806401E-03
 3.366455599E-04-2.065025511E-03-4.481266422E-03-6.907678052E-03-9.341815677E-03
-1.178568505E-02-1.424247813E-02-1.671487163E-02-1.920493965E-02-2.171457069E-02
-2.424559165E-02-2.679972979E-02-2.937858850E-02-3.198363007E-02-3.461615229E-02
-3.727726321E-02-3.996785151E-02-4.268855412E-02-4.543972094E-02-4.822137740E-02
-5.103318580E-02-5.387440592E-02-5.674385731E-02-5.963988402E-02-6.256032593E-02
-6.550249768E-02-6.846317790E-02-7.143860944E-02-7.442451068E-02-7.741610125E-02
-8.040814872E-02-8.339503328E-02-8.637081949E-02-8.932932239E-02-9.226418868E-02
-9.516899776E-02-9.803733416E-02-1.008628343E-01-1.036392912E-01-1.063607592E-01
-1.090215222E-01-1.116160767E-01-1.141392420E-01-1.165861659E-01-1.189522802E-01
-1.212333198E-01-1.234252388E-01-1.255242665E-01-1.275268771E-01-1.294297204E-01
-1.312296391E-01-1.329236492E-01-1.345089147E-01-1.359827400E-01-1.373425763E-01
-1.385860041E-01-1.397107371E-01-1.407146365E-01-1.415957141E-01-1.423521418E-01
-1.429822649E-01-1.434846130E-01-1.438579107E-01-1.441010873E-01-1.442132834E-01
-1.441938539E-01-1.440423670E-01-1.437586025E-01-1.433425406E-01-1.427943440E-01
-1.421143555E-01-1.413030608E-01-1.403610946E-01-1.392891928E-01-1.380881826E-01
-1.367589803E-01-1.353025673E-01-1.337199536E-01-1.320121904E-01-1.301803685E-01
-1.282256451E-01-1.261492754E-01-1.239524822E-01-1.216366898E-01-1.192033950E-01
-1.166542790E-01-1.139912333E-01-1.112163648E-01-1.083320706E-01-1.053410615E-01
-1.022463638E-01-9.905133681E-02-9.575965984E-02-9.237529877E-02-8.890246769E-02
-8.534556753E-02-8.170909260E-02-7.799751918E-02-7.421519241E-02-7.036623569E-02
-6.645447109E-02-6.248336384E-02-5.845598609E-02-5.437500826E-02-5.024273629E-02
-4.606118673E-02-4.183219462E-02-3.755756427E-02-3.323924216E-02-2.887950451E-02
-2.448115332E-02-2.004773062E-02-1.558375229E-02-1.109461770E-02-6.586433969E-03
-2.069568386E-03 2.442952908E-03 6.955226802E-03 1.147059466E-02 1.598896519E-02
 2.051004303E-02 2.503374735E-02 2.955962336E-02 1.460275033E-02 1.219150427E-02
 9.781379769E-03 7.372599319E-03 4.965228069E-03 2.559728702E-03 1.550209603E-04
-2.257665938E-03-4.685001469E-03-7.122383420E-03-9.567820583E-03-1.202356642E-02
-1.449284290E-02-1.697829008E-02-1.948198210E-02-2.200583694E-02-2.455170998E-02
-2.712135327E-02-2.971639273E-02-3.233831021E-02-3.498841899E-02-3.766783797E-02
-4.037746108E-02-4.311792414E-02-4.588956802E-02-4.869240023E-02-5.152605494E-02
-5.438975258E-02-5.728226144E-02-6.020186243E-02-6.314632083E-02-6.611286550E-02
-6.909817812E-02-7.209839534E-02-7.510912400E-02-7.812547395E-02-8.114210562E-02
-8.415329042E-02-8.715298274E-02-9.013489674E-02-9.309259063E-02-9.601956290E-02
-9.890934466E-02-1.017555700E-01-1.045520351E-01-1.072927633E-01-1.099720179E-01
-1.125843264E-01-1.151245752E-01-1.175879748E-01-1.199699581E-01-1.222662497E-01
-1.244728770E-01-1.265861173E-01-1.286024511E-01-1.305185300E-01-1.323312262E-01
-1.340375520E-01-1.356346619E-01-1.371198520E-01-1.384905506E-01-1.397443095E-01
-1.408788152E-01-1.418918955E-01-1.427815258E-01-1.435458434E-01-1.441831604E-01
-1.446919765E-01-1.450709920E-01-1.453191185E-01-1.454354866E-01-1.454194507E-01
-1.452705875E-01-1.449886910E-01-1.445737666E-01-1.440260195E-01-1.433458213E-01
-1.425337169E-01-1.415903796E-01-1.405165982E-01-1.393132664E-01-1.379813324E-01
-1.365218358E-01-1.349357924E-01-1.332242990E-01-1.313885310E-01-1.294295945E-01
-1.273487329E-01-1.251472006E-01-1.228263641E-01-1.203876989E-01-1.178328289E-01
-1.151635904E-01-1.123820444E-01-1.094905168E-01-1.064916296E-01-1.033883305E-01
-1.001839234E-01-9.688206170E-02-9.348670469E-02-9.000205739E-02-8.643251735E-02
-8.278260218E-02-7.905686655E-02-7.525977843E-02-7.139560475E-02-6.746831417E-02
-6.348149687E-02-5.943833062E-02-5.534157801E-02-5.119361861E-02-4.699652074E-02
-4.275215382E-02-3.846232827E-02-3.412895995E-02-2.975425858E-02-2.534092768E-02
-2.089237688E-02-1.641295831E-02-1.190797064E-02-7.383328205E-03-2.848467392E-03
 1.682862447E-03 6.212018367E-03 1.074322850E-02 1.527685856E-02 1.981259617E-02
 2.435036561E-02 2.888981659E-02 1.448876222E-02 1.207100955E-02 9.654094593E-03
 7.238178779E-03 4.823324107E-03 2.410011205E-03-3.120847367E-06-2.425528045E-03
-4.862557292E-03-7.309526182E-03-9.764862634E-03-1.223101699E-02-1.471122687E-02
-1.720810079E-02-1.972371599E-02-2.226001572E-02-2.481887886E-02-2.740207870E-02
-3.001126116E-02-3.264792594E-02-3.531340166E-02-3.800881896E-02-4.073507857E-02
-4.349281735E-02-4.628236985E-02-4.910372813E-02-5.195650108E-02-5.483987308E-02
-5.775256496E-02-6.069279910E-02-6.365827117E-02-6.664613002E-02-6.965296868E-02
-7.267482834E-02-7.570721597E-02-7.874514013E-02-8.178315990E-02-8.481544799E-02
-8.783586639E-02-9.083805129E-02-9.381550176E-02-9.676167052E-02-9.967005030E-02
-1.025342472E-01-1.053480351E-01-1.081054140E-01-1.108006678E-01-1.134283904E-01
-1.159834878E-01-1.184611641E-01-1.208568850E-01-1.231664266E-01-1.253858882E-01
-1.275115381E-01-1.295398408E-01-1.314675004E-01-1.332914040E-01-1.350085377E-01
-1.366160581E-01-1.381112526E-01-1.394915210E-01-1.407543946E-01-1.418975281E-01
-1.429187152E-01-1.438158985E-01-1.445871816E-01-1.452308434E-01-1.457453552E-01
-1.461293931E-01-1.463818514E-01-1.465018507E-01-1.464887428E-01-1.463421112E-01
-1.460617664E-01-1.456477369E-01-1.451002561E-01-1.444197451E-01-1.436067794E-01
-1.426620798E-01-1.415865012E-01-1.403809682E-01-1.390464776E-01-1.375840791E-01
-1.359949098E-01-1.342800484E-01-1.324406731E-01-1.304779459E-01-1.283930760E-01
-1.261873221E-01-1.238620342E-01-1.214186678E-01-1.188588081E-01-1.161842148E-01
-1.133968849E-01-1.104991044E-01-1.074934551E-01-1.043828191E-01-1.011704139E-01
-9.785982419E-02-9.445499019E-02-9.096014060E-02-8.737971720E-02-8.371827810E-02
-7.998041496E-02-7.617065140E-02-7.229333261E-02-6.835252971E-02-6.435195818E-02
-6.029491967E-02-5.618428765E-02-5.202253373E-02-4.781179348E-02-4.355397031E-02
-3.925087413E-02-3.490438961E-02-3.051666509E-02-2.609031374E-02-2.162862485E-02
-1.713580195E-02-1.261703971E-02-8.078157382E-03-3.527834942E-03 1.020133014E-03
 5.564196143E-03 1.010933162E-02 1.465636103E-02 1.920495500E-02 2.375504017E-02
 2.830636125E-02 1.439242468E-02 1.196910172E-02 9.546367239E-03 7.124328850E-03
 4.703045374E-03 2.283015265E-03-1.373630638E-04-2.568136508E-03-5.013438735E-03
-7.468587351E-03-9.932384520E-03-1.240743519E-02-1.489698447E-02-1.740361629E-02
-1.992941408E-02-2.247634348E-02-2.504630332E-02-2.764108474E-02-3.026235026E-02
-3.291161403E-02-3.559021648E-02-3.829929659E-02-4.103975890E-02-4.381223859E-02
-4.661706240E-02-4.945420819E-02-5.232326324E-02-5.522338233E-02-5.815324815E-02
-6.111103588E-02-6.409438468E-02-6.710037781E-02-7.012553385E-02-7.316581168E-02
-7.621663016E-02-7.927290698E-02-8.232911018E-02-8.537932585E-02-8.841733715E-02
-9.143671366E-02-9.443090065E-02-9.739330745E-02-1.003173929E-01-1.031967417E-01
-1.060251288E-01-1.087965728E-01-1.115053780E-01-1.141461564E-01-1.167138220E-01
-1.192035858E-01-1.216109666E-01-1.239317921E-01-1.261621551E-01-1.282983476E-01
-1.303368532E-01-1.322744139E-01-1.341078997E-01-1.358342865E-01-1.374507321E-01
-1.389545175E-01-1.403430090E-01-1.416137209E-01-1.427642788E-01-1.437924462E-01
-1.446961329E-01-1.454734112E-01-1.461225297E-01-1.466419329E-01-1.470302750E-01
-1.472864331E-01-1.474095182E-01-1.473988793E-01-1.472541055E-01-1.469750225E-01
-1.465616801E-01-1.460143380E-01-1.453334495E-01-1.445196292E-01-1.435736494E-01
-1.424964037E-01-1.412888391E-01-1.399520418E-01-1.384870774E-01-1.368951002E-01
-1.351772545E-01-1.333346996E-01-1.313686335E-01-1.292802792E-01-1.270708817E-01
-1.247417547E-01-1.222943436E-01-1.197302274E-01-1.170511150E-01-1.142589236E-01
-1.113558709E-01-1.083445034E-01-1.052276869E-01-1.020086059E-01-9.869078847E-02
-9.527811028E-02-9.177476053E-02-8.818518362E-02-8.451397970E-02-8.076580287E-02
-7.694525412E-02-7.305676687E-02-6.910450177E-02-6.509226667E-02-6.102345706E-02
-5.690103384E-02-5.272754223E-02-4.850517228E-02-4.423585957E-02-3.992142215E-02
-3.556372634E-02-3.116487522E-02-2.672741126E-02-2.225452848E-02-1.775031019E-02
-1.321985680E-02-8.668938961E-03-4.105641704E-03 4.565274253E-04 5.013306715E-03
 9.570282803E-03 1.412869194E-02 1.868819364E-02 2.324871919E-02 2.781009734E-02
 1.431362793E-02 1.188572232E-02 9.458194913E-03 7.031107852E-03 4.604517768E-03
 2.178924258E-03-2.474854877E-04-2.685148246E-03-5.137247839E-03-7.599132848E-03
-1.006990781E-02-1.255229647E-02-1.504954657E-02-1.756422322E-02-2.009841707E-02
-2.265411255E-02-2.523322500E-02-2.783756029E-02-3.046879450E-02-3.312845349E-02
-3.581788702E-02-3.853824036E-02-4.129042080E-02-4.407506201E-02-4.689248413E-02
-4.974265262E-02-5.262513571E-02-5.553906208E-02-5.848308062E-02-6.145532476E-02
-6.445338403E-02-6.747428462E-02-7.051448147E-02-7.356986537E-02-7.663578464E-02
-7.970708651E-02-8.277817011E-02-8.584305662E-02-8.889546934E-02-9.192892448E-02
-9.493682161E-02-9.791253253E-02-1.008494884E-01-1.037412557E-01-1.065816048E-01
-1.093645613E-01-1.120844406E-01-1.147358684E-01-1.173137856E-01-1.198134444E-01
-1.222303999E-01-1.245604937E-01-1.267998211E-01-1.289446955E-01-1.309916282E-01
-1.329373473E-01-1.347787323E-01-1.365127749E-01-1.381366134E-01-1.396475178E-01
-1.410428318E-01-1.423200497E-01-1.434767728E-01-1.445107392E-01-1.454198301E-01
-1.462020886E-01-1.468557364E-01-1.473791951E-01-1.477710988E-01-1.480303100E-01
-1.481559302E-01-1.481473063E-01-1.480040324E-01-1.477259446E-01-1.473131101E-01
-1.467658147E-01-1.460845405E-01-1.452699401E-01-1.443228074E-01-1.432440870E-01
-1.420347762E-01-1.406959721E-01-1.392287974E-01-1.376344193E-01-1.359140199E-01
-1.340687714E-01-1.320998869E-01-1.300086073E-01-1.277961619E-01-1.254638390E-01
-1.230130736E-01-1.204454351E-01-1.177626144E-01-1.149664899E-01-1.120592088E-01
-1.090432428E-01-1.059214038E-01-1.026968518E-01-9.937310152E-02-9.595401011E-02
-9.244374881E-02-8.884675016E-02-8.516762414E-02-8.141105773E-02-7.758170418E-02
-7.368406601E-02-6.972238420E-02-6.570054976E-02-6.162204026E-02-5.748989313E-02
-5.330671877E-02-4.907475701E-02-4.479597415E-02-4.047219743E-02-3.610528003E-02
-3.169728976E-02-2.725071296E-02-2.276866756E-02-1.825513954E-02-1.371514673E-02
-9.154432068E-03-4.580626424E-03-6.832619279E-06 4.560357029E-03 9.127019083E-03
 1.369474021E-02 1.826317115E-02 2.283224783E-02 2.740186768E-02 1.425218683E-02
 1.182071616E-02 9.389458094E-03 6.958439005E-03 4.527714186E-03 2.097773035E-03
-3.333728172E-04-2.776389213E-03-5.233771926E-03-7.700909075E-03-1.017713327E-02
-1.266525511E-02-1.516852171E-02-1.768948414E-02-2.023023970E-02-2.279278762E-02
-2.537905616E-02-2.799086283E-02-3.062989437E-02-3.329768584E-02-3.599559437E-02
-3.872477019E-02-4.148612278E-02-4.428028453E-02-4.710757022E-02-4.996793521E-02
-5.286093223E-02-5.578566870E-02-5.874076608E-02-6.172432408E-02-6.473389230E-02
-6.776645125E-02-7.081840575E-02-7.388559325E-02-7.696330672E-02-8.004633707E-02
-8.312902779E-02-8.620534725E-02-8.926897016E-02-9.231336970E-02-9.533191027E-02
-9.831793849E-02-1.012648704E-01-1.041662663E-01-1.070158977E-01-1.098077965E-01
-1.125362898E-01-1.151960188E-01-1.177819436E-01-1.202893362E-01-1.227137654E-01
-1.250510803E-01-1.272973895E-01-1.294490318E-01-1.315025485E-01-1.334546612E-01
-1.353022477E-01-1.370423118E-01-1.386719654E-01-1.401884541E-01-1.415891373E-01
-1.428714727E-01-1.440330587E-01-1.450715924E-01-1.459849394E-01-1.467711213E-01
-1.474283355E-01-1.479549839E-01-1.483496847E-01-1.486112874E-01-1.487388864E-01
-1.487318267E-01-1.485897053E-01-1.483123677E-01-1.478998950E-01-1.473525911E-01
-1.466709644E-01-1.458556957E-01-1.449076146E-01-1.438276796E-01-1.426169348E-01
-1.412765004E-01-1.398075313E-01-1.382112222E-01-1.364887585E-01-1.346413412E-01
-1.326702171E-01-1.305766139E-01-1.283617548E-01-1.260269367E-01-1.235735679E-01
-1.210031755E-01-1.183174324E-01-1.155182085E-01-1.126076257E-01-1.095881055E-01
-1.064624061E-01-1.032336464E-01-9.990531259E-02-9.648124632E-02-9.296561292E-02
-8.936284619E-02-8.567756854E-02-8.191449258E-02-7.807830958E-02-7.417357083E-02
-7.020457594E-02-6.617527989E-02-6.208922449E-02-5.794950735E-02-5.375879099E-02
-4.951935543E-02-4.523319220E-02-4.090213673E-02-3.652803310E-02-3.211292265E-02
-2.765924899E-02-2.317007185E-02-1.864930248E-02-1.410189211E-02-9.533566212E-03
-4.951628082E-03-3.687906979E-04 4.206536898E-03 8.780767097E-03 1.335576785E-02
 1.793118768E-02 2.250696446E-02 2.708304743E-02 1.420802617E-02 1.177401400E-02
 9.340095749E-03 6.906272249E-03 4.472598166E-03 2.039550764E-03-3.949895619E-04
-2.841820669E-03-5.302970355E-03-7.773862008E-03-1.025398691E-02-1.274621410E-02
-1.525378852E-02-1.777925126E-02-2.032470478E-02-2.289215882E-02-2.548355087E-02
-2.810070679E-02-3.074532104E-02-3.341893530E-02-3.612291208E-02-3.885840522E-02
-4.162632583E-02-4.442730537E-02-4.726165476E-02-5.012932211E-02-5.302984914E-02
-5.596232809E-02-5.892536088E-02-6.191702326E-02-6.493483643E-02-6.797574843E-02
-7.103612806E-02-7.411177401E-02-7.719793900E-02-8.028937295E-02-8.338037894E-02
-8.646488702E-02-8.953653714E-02-9.258877204E-02-9.561493118E-02-9.860834270E-02
-1.015624114E-01-1.044706933E-01-1.073269605E-01-1.101252496E-01-1.128598949E-01
-1.155255476E-01-1.181171797E-01-1.206300790E-01-1.230598329E-01-1.254023087E-01
-1.276536278E-01-1.298101380E-01-1.318683888E-01-1.338251040E-01-1.356771559E-01
-1.374215421E-01-1.390553758E-01-1.405758911E-01-1.419804383E-01-1.432664723E-01
-1.444315622E-01-1.454733918E-01-1.463898093E-01-1.471788216E-01-1.478386075E-01
-1.483675541E-01-1.487642674E-01-1.490275876E-01-1.491566036E-01-1.491506595E-01
-1.490093543E-01-1.487325399E-01-1.483203088E-01-1.477729763E-01-1.470910705E-01
-1.462752916E-01-1.453264958E-01-1.442456582E-01-1.430338402E-01-1.416921992E-01
-1.402219166E-01-1.386241807E-01-1.369002136E-01-1.350512434E-01-1.330784919E-01
-1.309831816E-01-1.287665609E-01-1.264299343E-01-1.239746861E-01-1.214023142E-01
-1.187144727E-01-1.159130186E-01-1.130000576E-01-1.099779885E-01-1.068495411E-01
-1.036178049E-01-1.002862400E-01-9.685866841E-02-9.333924415E-02-8.973239873E-02
-8.604276206E-02-8.227506410E-02-7.843402274E-02-7.452422395E-02-7.055000832E-02
-6.651537561E-02-6.242391333E-02-5.827876228E-02-5.408262268E-02-4.983780402E-02
-4.554631727E-02-4.121000622E-02-3.683071089E-02-3.241045596E-02-2.795165649E-02
-2.345733247E-02-1.893134365E-02-1.437859312E-02-9.804793801E-03-5.217048997E-03
-6.277811794E-04 3.953451527E-03 8.533135785E-03 1.311336229E-02 1.769380126E-02
 2.227438951E-02 2.685511265E-02 1.418125738E-02 1.174573166E-02 9.310228853E-03
 6.874734526E-03 4.439303160E-03 2.004403160E-03-4.321672821E-04-2.881278581E-03
-5.344686099E-03-7.817834328E-03-1.030030675E-02-1.279500554E-02-1.530517340E-02
-1.783334537E-02-2.038162706E-02-2.295203445E-02-2.554651051E-02-2.816688606E-02
-3.081486013E-02-3.349197836E-02-3.619960637E-02-3.893890009E-02-4.171077147E-02
-4.451585128E-02-4.735444794E-02-5.022650503E-02-5.313155743E-02-5.606868806E-02
-5.903648688E-02-6.203301507E-02-6.505577664E-02-6.810169999E-02-7.116713219E-02
-7.424784853E-02-7.733907754E-02-8.043554474E-02-8.353152933E-02-8.662093889E-02
-8.969739330E-02-9.275431802E-02-9.578503848E-02-9.878287240E-02-1.017412179E-01
-1.046536279E-01-1.075138748E-01-1.103159981E-01-1.130543370E-01-1.157235494E-01
-1.183186155E-01-1.208348322E-01-1.232677968E-01-1.256133857E-01-1.278677276E-01
-1.300271753E-01-1.320882795E-01-1.340477627E-01-1.359024960E-01-1.376494796E-01
-1.392858326E-01-1.408087835E-01-1.422156676E-01-1.435039302E-01-1.446711297E-01
-1.457149536E-01-1.466332307E-01-1.474239492E-01-1.480852877E-01-1.486156217E-01
-1.490135475E-01-1.492779019E-01-1.494077704E-01-1.494024949E-01-1.492616765E-01
-1.489851708E-01-1.485730761E-01-1.480257183E-01-1.473436329E-01-1.465275350E-01
-1.455782945E-01-1.444968992E-01-1.432844298E-01-1.419420448E-01-1.404709422E-01
-1.388723363E-01-1.371474567E-01-1.352975323E-01-1.333237851E-01-1.312274459E-01
-1.290097693E-01-1.266720552E-01-1.242156778E-01-1.216421232E-01-1.189530328E-01
-1.161502498E-01-1.132358651E-01-1.102122623E-01-1.070821551E-01-1.038486174E-01
-1.005150948E-01-9.708539858E-02-9.356367642E-02-8.995435861E-02-8.626207976E-02
-8.249158046E-02-7.864759505E-02-7.473473109E-02-7.075735464E-02-6.671949301E-02
-6.262476185E-02-5.847632858E-02-5.427691671E-02-5.002885404E-02-4.573416369E-02
-4.139469433E-02-3.701228338E-02-3.258894542E-02-2.812707825E-02-2.362967797E-02
-1.910057346E-02-1.454463790E-02-9.967575352E-03-5.376383968E-03-7.833106677E-04
 3.801476956E-03 8.384424523E-03 1.296776725E-02 1.755120062E-02 2.213465980E-02
 2.671815172E-02 1.417218081E-02 1.173616727E-02 9.300153492E-03 6.864120067E-03
 4.428121482E-03 1.992623213E-03-4.446058650E-04-2.894465388E-03-5.358621322E-03
-7.832521656E-03-1.031577823E-02-1.281130334E-02-1.532233852E-02-1.785141666E-02
-2.040064440E-02-2.297203978E-02-2.556754759E-02-2.818900030E-02-3.083809845E-02
-3.351638898E-02-3.622523855E-02-3.896580378E-02-4.173899687E-02-4.454544832E-02
-4.738546570E-02-5.025899102E-02-5.316555685E-02-5.610424293E-02-5.907363517E-02
-6.207178981E-02-6.509620508E-02-6.814380272E-02-7.121092253E-02-7.429333191E-02
-7.738625131E-02-8.048439806E-02-8.358204337E-02-8.667308733E-02-8.975114311E-02
-9.280963042E-02-9.584187005E-02-9.884117632E-02-1.018009452E-01-1.047147285E-01
-1.075762989E-01-1.103796968E-01-1.131192635E-01-1.157896593E-01-1.183858671E-01
-1.209031868E-01-1.233372183E-01-1.256838404E-01-1.279391842E-01-1.300996048E-01
-1.321616541E-01-1.341220552E-01-1.359776796E-01-1.377255294E-01-1.393627238E-01
-1.408864889E-01-1.422941561E-01-1.435831650E-01-1.447510715E-01-1.457955601E-01
-1.467144557E-01-1.475057452E-01-1.481676024E-01-1.486983994E-01-1.490967305E-01
-1.493614302E-01-1.494915838E-01-1.494865311E-01-1.493458737E-01-1.490694695E-01
-1.486574185E-01-1.481100502E-01-1.474279025E-01-1.466116953E-01-1.456623014E-01
-1.445807156E-01-1.433680278E-01-1.420253947E-01-1.405540164E-01-1.389551169E-01
-1.372299254E-01-1.353796705E-01-1.334055799E-01-1.313088883E-01-1.290908508E-01
-1.267527655E-01-1.242960051E-01-1.217220535E-01-1.190325480E-01-1.162293263E-01
-1.133144736E-01-1.102903670E-01-1.071597147E-01-1.039255849E-01-1.005914183E-01
-9.716102277E-02-9.363854370E-02-9.002841089E-02-8.633526036E-02-8.256383612E-02
-7.871887789E-02-7.480500034E-02-7.082657796E-02-6.678764727E-02-6.269183331E-02
-5.854231241E-02-5.434181591E-02-5.009267780E-02-4.579692528E-02-4.145640870E-02
-3.707296462E-02-3.264860427E-02-2.818571971E-02-2.368729905E-02-1.915716089E-02
-1.460016825E-02-1.002202200E-02-5.429687189E-03-8.353516593E-04 3.750624627E-03
 8.334660763E-03 1.291904177E-02 1.750347333E-02 2.208788990E-02 2.667230539E-02
 1.418104702E-02 1.174555659E-02 9.310089412E-03 6.874631071E-03 4.439236065E-03
 2.004373269E-03-4.321617065E-04-2.881250955E-03-5.344649524E-03-7.817794674E-03
-1.030026611E-02-1.279496476E-02-1.530513285E-02-1.783330521E-02-2.038158737E-02
-2.295199529E-02-2.554647192E-02-2.816684809E-02-3.081482283E-02-3.349194177E-02
-3.619957056E-02-3.893886513E-02-4.171073743E-02-4.451581823E-02-4.735441595E-02
-5.022647418E-02-5.313152782E-02-5.606865977E-02-5.903646000E-02-6.203298967E-02
-6.505575281E-02-6.810167778E-02-7.116711167E-02-7.424782973E-02-7.733906048E-02
-8.043552941E-02-8.353151570E-02-8.662092691E-02-8.969738292E-02-9.275430916E-02
-9.578503105E-02-9.878286632E-02-1.017412131E-01-1.046536244E-01-1.075138726E-01
-1.103159971E-01-1.130543373E-01-1.157235510E-01-1.183186185E-01-1.208348366E-01
-1.232678026E-01-1.256133928E-01-1.278677355E-01-1.300271833E-01-1.320882865E-01
-1.340477681E-01-1.359024988E-01-1.376494797E-01-1.392858306E-01-1.408087805E-01
-1.422156653E-01-1.435039299E-01-1.446711311E-01-1.457149544E-01-1.466332307E-01
-1.474239487E-01-1.480852879E-01-1.486156214E-01-1.490135475E-01-1.492779019E-01
-1.494077703E-01-1.494024949E-01-1.492616766E-01-1.489851708E-01-1.485730762E-01
-1.480257184E-01-1.473436330E-01-1.465275351E-01-1.455782946E-01-1.444968993E-01
-1.432844298E-01-1.419420448E-01-1.404709421E-01-1.388723362E-01-1.371474567E-01
-1.352975322E-01-1.333237850E-01-1.312274457E-01-1.290097691E-01-1.266720550E-01
-1.242156774E-01-1.216421228E-01-1.189530323E-01-1.161502493E-01-1.132358646E-01
-1.102122617E-01-1.070821546E-01-1.038486168E-01-1.005150942E-01-9.708539793E-02
-9.356367574E-02-8.995435792E-02-8.626207904E-02-8.249157972E-02-7.864759430E-02
-7.473473033E-02-7.075735386E-02-6.671949222E-02-6.262476106E-02-5.847632778E-02
-5.427691591E-02-5.002885326E-02-4.573416291E-02-4.139469356E-02-3.701228263E-02
-3.258894470E-02-2.812707757E-02-2.362967733E-02-1.910057288E-02-1.454463740E-02
-9.967574982E-03-5.376383790E-03-7.833107731E-04 3.801476505E-03 8.384423730E-03
 1.296776613E-02 1.755119919E-02 2.213465806E-02 2.671814969E-02 1.420784586E-02
 1.177386876E-02 9.339984161E-03 6.906192530E-03 4.472548471E-03 2.039529434E-03
-3.949861501E-04-2.841803993E-03-5.302950121E-03-7.773841984E-03-1.025396819E-02
-1.274619707E-02-1.525377330E-02-1.777923792E-02-2.032469334E-02-2.289214929E-02
-2.548354326E-02-2.810070108E-02-3.074531721E-02-3.341893334E-02-3.612291196E-02
-3.885840691E-02-4.162632928E-02-4.442731054E-02-4.726166158E-02-5.012933050E-02
-5.302985899E-02-5.596233926E-02-5.892537321E-02-6.191703654E-02-6.493485045E-02
-6.797576293E-02-7.103614280E-02-7.411178871E-02-7.719795335E-02-8.028938660E-02
-8.338039154E-02-8.646489825E-02-8.953654683E-02-9.258878013E-02-9.561493770E-02
-9.860834764E-02-1.015624147E-01-1.044706949E-01-1.073269602E-01-1.101252476E-01
-1.128598912E-01-1.155255426E-01-1.181171739E-01-1.206300731E-01-1.230598283E-01
-1.254023065E-01-1.276536282E-01-1.298101409E-01-1.318683939E-01-1.338251102E-01
-1.356771609E-01-1.374215438E-01-1.390553738E-01-1.405758873E-01-1.419804364E-01
-1.432664742E-01-1.444315633E-01-1.454733904E-01-1.463898098E-01-1.471788212E-01
-1.478386072E-01-1.483675539E-01-1.487642673E-01-1.490275875E-01-1.491566036E-01
-1.491506595E-01-1.490093544E-01-1.487325401E-01-1.483203089E-01-1.477729766E-01
-1.470910707E-01-1.462752918E-01-1.453264960E-01-1.442456584E-01-1.430338403E-01
-1.416921993E-01-1.402219167E-01-1.386241808E-01-1.369002138E-01-1.350512436E-01
-1.330784921E-01-1.309831817E-01-1.287665610E-01-1.264299343E-01-1.239746861E-01
-1.214023141E-01-1.187144726E-01-1.159130183E-01-1.130000573E-01-1.099779881E-01
-1.068495406E-01-1.036178044E-01-1.002862394E-01-9.685866770E-02-9.333924338E-02
-8.973239789E-02-8.604276116E-02-8.227506314E-02-7.843402173E-02-7.452422289E-02
-7.055000721E-02-6.651537447E-02-6.242391215E-02-5.827876108E-02-5.408262146E-02
-4.983780278E-02-4.554631603E-02-4.121000498E-02-3.683070966E-02-3.241045476E-02
-2.795165533E-02-2.345733137E-02-1.893134264E-02-1.437859224E-02-9.804793131E-03
-5.217048657E-03-6.277813402E-04 3.953450748E-03 8.533134384E-03 1.311336028E-02
 1.769379867E-02 2.227438635E-02 2.685510893E-02 1.425221915E-02 1.182075020E-02
 9.389491103E-03 6.958467826E-03 4.527735766E-03 2.097784182E-03-3.333745778E-04
-2.776402032E-03-5.233791394E-03-7.700932177E-03-1.017715851E-02-1.266528171E-02
-1.516854925E-02-1.768951233E-02-2.023026831E-02-2.279281640E-02-2.537908487E-02
-2.799089117E-02-3.062992204E-02-3.329771249E-02-3.599561969E-02-3.872479389E-02
-4.148614461E-02-4.428030429E-02-4.710758771E-02-4.996795025E-02-5.286094469E-02
-5.578567850E-02-5.874077320E-02-6.172432859E-02-6.473389430E-02-6.776645085E-02
-7.081840307E-02-7.388558849E-02-7.696330017E-02-8.004632909E-02-8.312901885E-02
-8.620533793E-02-8.926896127E-02-9.231336228E-02-9.533190537E-02-9.831793651E-02
-1.012648711E-01-1.041662694E-01-1.070159027E-01-1.098078031E-01-1.125362971E-01
-1.151960260E-01-1.177819494E-01-1.202893396E-01-1.227137661E-01-1.250510790E-01
-1.272973870E-01-1.294490285E-01-1.315025452E-01-1.334546594E-01-1.353022496E-01
-1.370423170E-01-1.386719676E-01-1.401884492E-01-1.415891340E-01-1.428714749E-01
-1.440330583E-01-1.450715925E-01-1.459849401E-01-1.467711210E-01-1.474283354E-01
-1.479549838E-01-1.483496846E-01-1.486112874E-01-1.487388864E-01-1.487318266E-01
-1.485897052E-01-1.483123680E-01-1.478998953E-01-1.473525914E-01-1.466709645E-01
-1.458556962E-01-1.449076149E-01-1.438276800E-01-1.426169352E-01-1.412765009E-01
-1.398075316E-01-1.382112224E-01-1.364887587E-01-1.346413414E-01-1.326702172E-01
-1.305766140E-01-1.283617550E-01-1.260269370E-01-1.235735682E-01-1.210031758E-01
-1.183174327E-01-1.155182089E-01-1.126076259E-01-1.095881058E-01-1.064624063E-01
-1.032336465E-01-9.990531258E-02-9.648124622E-02-9.296561272E-02-8.936284588E-02
-8.567756813E-02-8.191449207E-02-7.807830897E-02-7.417357014E-02-7.020457517E-02
-6.617527904E-02-6.208922357E-02-5.794950637E-02-5.375878995E-02-4.951935435E-02
-4.523319108E-02-4.090213560E-02-3.652803195E-02-3.211292151E-02-2.765924787E-02
-2.317007079E-02-1.864930150E-02-1.410189126E-02-9.533565581E-03-4.951627811E-03
-3.687909915E-04 4.206535895E-03 8.780765363E-03 1.335576539E-02 1.793118449E-02
 2.250696053E-02 2.708304277E-02 1.431379252E-02 1.188585858E-02 9.458302390E-03
 7.031186508E-03 4.604568086E-03 2.178946936E-03-2.474878352E-04-2.685165600E-03
-5.137269934E-03-7.599154871E-03-1.006992806E-02-1.255231429E-02-1.504956167E-02
-1.756423547E-02-2.009842639E-02-2.265411890E-02-2.523322837E-02-2.783756070E-02
-3.046879202E-02-3.312844824E-02-3.581787916E-02-3.853823005E-02-4.129040824E-02
-4.407504748E-02-4.689246798E-02-4.974263533E-02-5.262511788E-02-5.553904445E-02
-5.848306408E-02-6.145531033E-02-6.445337271E-02-6.747427696E-02-7.051447759E-02
-7.356986515E-02-7.663578777E-02-7.970709264E-02-8.277817884E-02-8.584306741E-02
-8.889548145E-02-9.192893701E-02-9.493683339E-02-9.791254203E-02-1.008494944E-01
-1.037412582E-01-1.065816042E-01-1.093645583E-01-1.120844364E-01-1.147358645E-01
-1.173137832E-01-1.198134439E-01-1.222304007E-01-1.245604956E-01-1.267998250E-01
-1.289447006E-01-1.309916302E-01-1.329373412E-01-1.347787234E-01-1.365127751E-01
-1.381366186E-01-1.396475158E-01-1.410428312E-01-1.423200495E-01-1.434767735E-01
-1.445107396E-01-1.454198302E-01-1.462020880E-01-1.468557361E-01-1.473791949E-01
-1.477710987E-01-1.480303099E-01-1.481559301E-01-1.481473065E-01-1.480040327E-01
-1.477259448E-01-1.473131101E-01-1.467658147E-01-1.460845410E-01-1.452699410E-01
-1.443228074E-01-1.432440874E-01-1.420347769E-01-1.406959728E-01-1.392287981E-01
-1.376344199E-01-1.359140204E-01-1.340687719E-01-1.320998872E-01-1.300086075E-01
-1.277961622E-01-1.254638392E-01-1.230130737E-01-1.204454351E-01-1.177626145E-01
-1.149664900E-01-1.120592090E-01-1.090432431E-01-1.059214043E-01-1.026968524E-01
-9.937310206E-02-9.595401066E-02-9.244374935E-02-8.884675068E-02-8.516762461E-02
-8.141105813E-02-7.758170450E-02-7.368406625E-02-6.972238434E-02-6.570054980E-02
-6.162204021E-02-5.748989298E-02-5.330671854E-02-4.907475670E-02-4.479597378E-02
-4.047219700E-02-3.610527956E-02-3.169728928E-02-2.725071248E-02-2.276866709E-02
-1.825513912E-02-1.371514640E-02-9.154431885E-03-4.580626492E-03-6.833083565E-06
 4.560356046E-03 9.127017516E-03 1.369473801E-02 1.826316828E-02 2.283224424E-02
 2.740186336E-02 1.439249082E-02 1.196914630E-02 9.546393800E-03 7.124341751E-03
 4.703049125E-03 2.283014592E-03-1.373632776E-04-2.568132338E-03-5.013429494E-03
-7.468573975E-03-9.932367993E-03-1.240741622E-02-1.489696359E-02-1.740359394E-02
-1.992939069E-02-2.247631955E-02-2.504627941E-02-2.764106149E-02-3.026232845E-02
-3.291159454E-02-3.559020008E-02-3.829928377E-02-4.103974994E-02-4.381223365E-02
-4.661706154E-02-4.945421136E-02-5.232327025E-02-5.522339285E-02-5.815326187E-02
-6.111105241E-02-6.409440343E-02-6.710039787E-02-7.012555398E-02-7.316583027E-02
-7.621664546E-02-7.927291783E-02-8.232911642E-02-8.537932770E-02-8.841733504E-02
-9.143670829E-02-9.443089300E-02-9.739329888E-02-1.003173853E-01-1.031967369E-01
-1.060251276E-01-1.087965749E-01-1.115053826E-01-1.141461626E-01-1.167138286E-01
-1.192035908E-01-1.216109677E-01-1.239317860E-01-1.261621439E-01-1.282983398E-01
-1.303368571E-01-1.322744202E-01-1.341078959E-01-1.358342840E-01-1.374507349E-01
-1.389545162E-01-1.403430089E-01-1.416137195E-01-1.427642792E-01-1.437924465E-01
-1.446961325E-01-1.454734108E-01-1.461225295E-01-1.466419327E-01-1.470302748E-01
-1.472864330E-01-1.474095181E-01-1.473988795E-01-1.472541063E-01-1.469750224E-01
-1.465616797E-01-1.460143385E-01-1.453334495E-01-1.445196299E-01-1.435736506E-01
-1.424964042E-01-1.412888389E-01-1.399520421E-01-1.384870785E-01-1.368951014E-01
-1.351772558E-01-1.333347004E-01-1.313686340E-01-1.292802798E-01-1.270708824E-01
-1.247417552E-01-1.222943440E-01-1.197302277E-01-1.170511153E-01-1.142589237E-01
-1.113558710E-01-1.083445034E-01-1.052276869E-01-1.020086059E-01-9.869078854E-02
-9.527811043E-02-9.177476084E-02-8.818518410E-02-8.451398032E-02-8.076580359E-02
-7.694525491E-02-7.305676771E-02-6.910450264E-02-6.509226756E-02-6.102345795E-02
-5.690103470E-02-5.272754306E-02-4.850517307E-02-4.423586032E-02-3.992142286E-02
-3.556372701E-02-3.116487587E-02-2.672741190E-02-2.225452912E-02-1.775031084E-02
-1.321985747E-02-8.668939630E-03-4.105642348E-03 4.565268628E-04 5.013306183E-03
 9.570282164E-03 1.412869106E-02 1.868819241E-02 2.324871751E-02 2.781009513E-02
 1.448866272E-02 1.207091956E-02 9.654017383E-03 7.238117711E-03 4.823281819E-03
 2.409989771E-03-3.121148864E-06-2.425513177E-03-4.862536360E-03-7.309504691E-03
-9.764843074E-03-1.223100050E-02-1.471121400E-02-1.720809182E-02-1.972371107E-02
-2.226001495E-02-2.481888226E-02-2.740208621E-02-3.001127264E-02-3.264794114E-02
-3.531342021E-02-3.800884042E-02-4.073510238E-02-4.349284274E-02-4.628239585E-02
-4.910375348E-02-5.195652424E-02-5.483989251E-02-5.775257973E-02-6.069280891E-02
-6.365827594E-02-6.664612989E-02-6.965296396E-02-7.267481956E-02-7.570720395E-02
-7.874512621E-02-8.178314601E-02-8.481543633E-02-8.783585883E-02-9.083804888E-02
-9.381550462E-02-9.676167811E-02-9.967006155E-02-1.025342599E-01-1.053480460E-01
-1.081054202E-01-1.108006673E-01-1.134283820E-01-1.159834741E-01-1.184611509E-01
-1.208568798E-01-1.231664324E-01-1.253858950E-01-1.275115344E-01-1.295398362E-01
-1.314675046E-01-1.332914041E-01-1.350085352E-01-1.366160580E-01-1.381112511E-01
-1.394915192E-01-1.407543914E-01-1.418975262E-01-1.429187142E-01-1.438158978E-01
-1.445871811E-01-1.452308431E-01-1.457453549E-01-1.461293930E-01-1.463818513E-01
-1.465018508E-01-1.464887428E-01-1.463421107E-01-1.460617671E-01-1.456477385E-01
-1.451002570E-01-1.444197464E-01-1.436067795E-01-1.426620808E-01-1.415865029E-01
-1.403809701E-01-1.390464775E-01-1.375840784E-01-1.359949099E-01-1.342800501E-01
-1.324406750E-01-1.304779476E-01-1.283930774E-01-1.261873230E-01-1.238620348E-01
-1.214186686E-01-1.188588090E-01-1.161842156E-01-1.133968855E-01-1.104991049E-01
-1.074934554E-01-1.043828193E-01-1.011704140E-01-9.785982414E-02-9.445499006E-02
-9.096014044E-02-8.737971707E-02-8.371827802E-02-7.998041495E-02-7.617065150E-02
-7.229333287E-02-6.835253017E-02-6.435195887E-02-6.029492054E-02-5.618428867E-02
-5.202253489E-02-4.781179476E-02-4.355397169E-02-3.925087560E-02-3.490439116E-02
-3.051666671E-02-2.609031542E-02-2.162862658E-02-1.713580371E-02-1.261704146E-02
-8.078159015E-03-3.527836196E-03 1.020132544E-03 5.564196524E-03 1.010933267E-02
 1.465636254E-02 1.920495679E-02 2.375504208E-02 2.830636313E-02 1.460264368E-02
 1.219142582E-02 9.781326665E-03 7.372567523E-03 4.965212774E-03 2.559724272E-03
 1.550209850E-04-2.257667437E-03-4.685007347E-03-7.122394183E-03-9.567835874E-03
-1.202358566E-02-1.449286547E-02-1.697831539E-02-1.948200955E-02-2.200586590E-02
-2.455173967E-02-2.712138274E-02-2.971642083E-02-3.233833557E-02-3.498844044E-02
-3.766785485E-02-4.037747311E-02-4.311793118E-02-4.588957000E-02-4.869239723E-02
-5.152604719E-02-5.438974050E-02-5.728224582E-02-6.020184444E-02-6.314630209E-02
-6.611284798E-02-6.909816378E-02-7.209838589E-02-7.510912068E-02-7.812547726E-02
-8.114211538E-02-8.415330575E-02-8.715300180E-02-9.013491582E-02-9.309260554E-02
-9.601957069E-02-9.890934299E-02-1.017555579E-01-1.045520164E-01-1.072927443E-01
-1.099720049E-01-1.125843248E-01-1.151245832E-01-1.175879826E-01-1.199699557E-01
-1.222662439E-01-1.244728796E-01-1.265861223E-01-1.286024478E-01-1.305185286E-01
-1.323312257E-01-1.340375487E-01-1.356346582E-01-1.371198533E-01-1.384905517E-01
-1.397443090E-01-1.408788142E-01-1.418918946E-01-1.427815251E-01-1.435458430E-01
-1.441831601E-01-1.446919763E-01-1.450709919E-01-1.453191184E-01-1.454354867E-01
-1.454194507E-01-1.452705873E-01-1.449886907E-01-1.445737660E-01-1.440260195E-01
-1.433458231E-01-1.425337189E-01-1.415903800E-01-1.405165996E-01-1.393132687E-01
-1.379813346E-01-1.365218373E-01-1.349357916E-01-1.332242977E-01-1.313885309E-01
-1.294295965E-01-1.273487355E-01-1.251472029E-01-1.228263660E-01-1.203877003E-01
-1.178328298E-01-1.151635911E-01-1.123820453E-01-1.094905179E-01-1.064916307E-01
-1.033883315E-01-1.001839242E-01-9.688206221E-02-9.348670498E-02-9.000205751E-02
-8.643251735E-02-8.278260206E-02-7.905686634E-02-7.525977817E-02-7.139560450E-02
-6.746831396E-02-6.348149675E-02-5.943833061E-02-5.534157815E-02-5.119361894E-02
-4.699652131E-02-4.275215466E-02-3.846232940E-02-3.412896135E-02-2.975426022E-02
-2.534092954E-02-2.089237895E-02-1.641296055E-02-1.190797296E-02-7.383330405E-03
-2.848468965E-03 1.682862239E-03 6.212019707E-03 1.074323124E-02 1.527686253E-02
 1.981260119E-02 2.435037149E-02 2.888982318E-02 1.473438534E-02 1.233052757E-02
 9.928102858E-03 7.527402538E-03 5.128497684E-03 2.731834829E-03 3.366494142E-04
-2.065042862E-03-4.481293994E-03-6.907709011E-03-9.341846917E-03-1.178571468E-02
-1.424250473E-02-1.671489425E-02-1.920495783E-02-2.171458419E-02-2.424560032E-02
-2.679973352E-02-2.937858727E-02-3.198362394E-02-3.461614153E-02-3.727724834E-02
-3.996783328E-02-4.268853350E-02-4.543969920E-02-4.822135609E-02-5.103316665E-02
-5.387439063E-02-5.674384733E-02-5.963988050E-02-6.256032950E-02-6.550250850E-02
-6.846319550E-02-7.143863251E-02-7.442453648E-02-7.741612532E-02-8.040816690E-02
-8.339504250E-02-8.637081714E-02-8.932930696E-02-9.226416403E-02-9.516897134E-02
-9.803731277E-02-1.008628239E-01-1.036392940E-01-1.063607706E-01-1.090215318E-01
-1.116160761E-01-1.141392366E-01-1.165861653E-01-1.189522857E-01-1.212333201E-01
-1.234252345E-01-1.255242676E-01-1.275268758E-01-1.294297158E-01-1.312296368E-01
-1.329236503E-01-1.345089098E-01-1.359827392E-01-1.373425775E-01-1.385860048E-01
-1.397107365E-01-1.407146357E-01-1.415957135E-01-1.423521414E-01-1.429822646E-01
-1.434846128E-01-1.438579105E-01-1.441010872E-01-1.442132832E-01-1.441938540E-01
-1.440423685E-01-1.437586047E-01-1.433425412E-01-1.427943456E-01-1.421143541E-01
-1.413030630E-01-1.403610973E-01-1.392891933E-01-1.380881839E-01-1.367589827E-01
-1.353025703E-01-1.337199568E-01-1.320121912E-01-1.301803669E-01-1.282256431E-01
-1.261492750E-01-1.239524847E-01-1.216366933E-01-1.192033982E-01-1.166542815E-01
-1.139912352E-01-1.112163662E-01-1.083320715E-01-1.053410623E-01-1.022463648E-01
-9.905133800E-02-9.575966112E-02-9.237529997E-02-8.890246874E-02-8.534556836E-02
-8.170909315E-02-7.799751948E-02-7.421519253E-02-7.036623567E-02-6.645447095E-02
-6.248336361E-02-5.845598581E-02-5.437500798E-02-5.024273604E-02-4.606118657E-02
-4.183219459E-02-3.755756443E-02-3.323924255E-02-2.887950517E-02-2.448115429E-02
-2.004773194E-02-1.558375397E-02-1.109461968E-02-6.586436012E-03-2.069569871E-03
 2.442952873E-03 6.955228519E-03 1.147059814E-02 1.598897040E-02 2.051004992E-02
 2.503375580E-02 2.955963326E-02 1.488324856E-02 1.248757071E-02 1.009368874E-02
 7.701975888E-03 5.312513089E-03 2.925732985E-03 5.412073133E-04-1.848181931E-03
-4.251903844E-03-6.665941887E-03-9.087377515E-03-1.151790777E-02-1.396067408E-02
-1.641839586E-02-1.889315533E-02-2.138681137E-02-2.390116070E-02-2.643790455E-02
-2.899862204E-02-3.158475378E-02-3.419757984E-02-3.683819508E-02-3.950748098E-02
-4.220607430E-02-4.493433299E-02-4.769229929E-02-5.047966255E-02-5.329572156E-02
-5.613934809E-02-5.900895147E-02-6.190244750E-02-6.481723765E-02-6.775020103E-02
-7.069769799E-02-7.365558015E-02-7.661920629E-02-7.958348258E-02-8.254292410E-02
-8.549171882E-02-8.842377993E-02-9.133282595E-02-9.421250771E-02-9.705649908E-02
-9.985849979E-02-1.026123053E-01-1.053119410E-01-1.079516806E-01-1.105260341E-01
-1.130298100E-01-1.154581047E-01-1.178062981E-01-1.200700797E-01-1.222453868E-01
-1.243284172E-01-1.263156044E-01-1.282035803E-01-1.299891821E-01-1.316694206E-01
-1.332414524E-01-1.347026068E-01-1.360503477E-01-1.372822777E-01-1.383961440E-01
-1.393898410E-01-1.402614142E-01-1.410090705E-01-1.416311881E-01-1.421263255E-01
-1.424932314E-01-1.427308525E-01-1.428383383E-01-1.428150437E-01-1.426605285E-01
-1.423745543E-01-1.419570679E-01-1.414082010E-01-1.407282557E-01-1.399176645E-01
-1.389770219E-01-1.379070013E-01-1.367083803E-01-1.353820170E-01-1.339288430E-01
-1.323498520E-01-1.306460493E-01-1.288185545E-01-1.268684566E-01-1.247969667E-01
-1.226054227E-01-1.202952732E-01-1.178680073E-01-1.153253966E-01-1.126693763E-01
-1.099021351E-01-1.070261568E-01-1.040442107E-01-1.009593824E-01-9.777509615E-02
-9.449508313E-02-9.112333779E-02-8.766407410E-02-8.412165158E-02-8.050048427E-02
-7.680494504E-02-7.303927404E-02-6.920748237E-02-6.531326834E-02-6.135995285E-02
-5.735045214E-02-5.328729462E-02-4.917267162E-02-4.500852788E-02-4.079668373E-02
-3.653897297E-02-3.223740978E-02-2.789437577E-02-2.351281208E-02-1.909642638E-02
-1.464990544E-02-1.017871954E-02-5.689355779E-03-1.193260680E-03 3.298542098E-03
 7.792074720E-03 1.228972839E-02 1.679104845E-02 2.129574980E-02 2.580374027E-02
 3.031444830E-02 1.504848915E-02 1.266187425E-02 1.027747222E-02 7.895747136E-03
 5.516787236E-03 3.141005907E-03 7.683101079E-04-1.607491599E-03-3.997232968E-03
-6.397500956E-03-8.804882945E-03-1.122068769E-02-1.364797353E-02-1.608950344E-02
-1.854737518E-02-2.102341637E-02-2.351938911E-02-2.603696504E-02-2.857769576E-02
-3.114299679E-02-3.373412673E-02-3.635216332E-02-3.899797699E-02-4.167220071E-02
-4.437519757E-02-4.710702379E-02-4.986739277E-02-5.265563965E-02-5.547068982E-02
-5.831102790E-02-6.117466717E-02-6.405912189E-02-6.696139112E-02-6.987796192E-02
-7.280482161E-02-7.573746761E-02-7.867093330E-02-8.159985216E-02-8.451854878E-02
-8.742109544E-02-9.030133281E-02-9.315297284E-02-9.596973354E-02-9.874538750E-02
-1.014737933E-01-1.041489805E-01-1.067652137E-01-1.093169785E-01-1.117990545E-01
-1.142065130E-01-1.165346977E-01-1.187792448E-01-1.209360637E-01-1.230013054E-01
-1.249713865E-01-1.268428980E-01-1.286126731E-01-1.302777090E-01-1.318351686E-01
-1.332823850E-01-1.346168396E-01-1.358361562E-01-1.369381112E-01-1.379206288E-01
-1.387817882E-01-1.395198295E-01-1.401331616E-01-1.406203714E-01-1.409802298E-01
-1.412116992E-01-1.413139370E-01-1.412862969E-01-1.411283276E-01-1.408397684E-01
-1.404205470E-01-1.398707530E-01-1.391906382E-01-1.383805989E-01-1.374411506E-01
-1.363729505E-01-1.351767120E-01-1.338532409E-01-1.324034154E-01-1.308281890E-01
-1.291285752E-01-1.273056291E-01-1.253605013E-01-1.232943992E-01-1.211086263E-01
-1.188046196E-01-1.163840525E-01-1.138487380E-01-1.112006193E-01-1.084419997E-01
-1.055754292E-01-1.026037545E-01-9.953014945E-02-9.635808688E-02-9.309131578E-02
-8.973384090E-02-8.628986923E-02-8.276371982E-02-7.915973145E-02-7.548217263E-02
-7.173514710E-02-6.792250408E-02-6.404777001E-02-6.011410643E-02-5.612429737E-02
-5.208076568E-02-4.798562478E-02-4.384076260E-02-3.964796559E-02-3.540907288E-02
-3.112614737E-02-2.680166291E-02-2.243870713E-02-1.804119187E-02-1.361399960E-02
-9.162666808E-03-4.694427916E-03-2.218903542E-04 4.247829445E-03 8.721037094E-03
 1.319922529E-02 1.768178876E-02 2.216844440E-02 2.665909136E-02 3.115304267E-02
 1.522990664E-02 1.285329129E-02 1.047933587E-02 8.108596926E-03 5.741166655E-03
 3.377436144E-03 1.017634480E-03-1.343446354E-03-3.717820014E-03-6.102980150E-03
-8.495031398E-03-1.089480493E-02-1.330523499E-02-1.572912628E-02-1.816860241E-02
-2.062546050E-02-2.310142317E-02-2.559812805E-02-2.811709503E-02-3.065971037E-02
-3.322720669E-02-3.582063963E-02-3.844086341E-02-4.108850335E-02-4.376392785E-02
-4.646721563E-02-4.919811948E-02-5.195602758E-02-5.473992734E-02-5.754837651E-02
-6.037947657E-02-6.323084683E-02-6.609959974E-02-6.898233865E-02-7.187518211E-02
-7.477379585E-02-7.767340194E-02-8.056878753E-02-8.345438877E-02-8.632439418E-02
-8.917279510E-02-9.199343758E-02-9.478010749E-02-9.752663738E-02-1.002269329E-01
-1.028750364E-01-1.054652166E-01-1.079919640E-01-1.104500272E-01-1.128344373E-01
-1.151405094E-01-1.173638314E-01-1.195002824E-01-1.215459548E-01-1.234972427E-01
-1.253507121E-01-1.271031711E-01-1.287516050E-01-1.302931792E-01-1.317252285E-01
-1.330452419E-01-1.342508672E-01-1.353399033E-01-1.363103023E-01-1.371601731E-01
-1.378877862E-01-1.384915795E-01-1.389701648E-01-1.393223334E-01-1.395470608E-01
-1.396435111E-01-1.396110347E-01-1.394491695E-01-1.391576338E-01-1.387363234E-01
-1.381852917E-01-1.375047473E-01-1.366950520E-01-1.357566599E-01-1.346901557E-01
-1.334962330E-01-1.321756452E-01-1.307292299E-01-1.291578946E-01-1.274626296E-01
-1.256444978E-01-1.237046388E-01-1.216442718E-01-1.194647965E-01-1.171676439E-01
-1.147544822E-01-1.122271641E-01-1.095878665E-01-1.068389395E-01-1.039829408E-01
-1.010228275E-01-9.796183907E-02-9.480349418E-02-9.155158477E-02-8.821011877E-02
-8.478325637E-02-8.127523663E-02-7.769030319E-02-7.403260957E-02-7.030611653E-02
-6.651451151E-02-6.266115139E-02-5.874902935E-02-5.478076956E-02-5.075865835E-02
-4.668470967E-02-4.256076601E-02-3.838862140E-02-3.417017025E-02-2.990757545E-02
-2.560344248E-02-2.126101563E-02-1.688440537E-02-1.247864765E-02-8.049319244E-03
-3.604747817E-03 8.416426646E-04 5.288024459E-03 9.739512278E-03 1.419675269E-02
 1.865914756E-02 2.312638170E-02 2.759832424E-02 3.207416228E-02 1.542762825E-02
 1.306188122E-02 1.069925784E-02 8.340409595E-03 5.985433143E-03 3.634698005E-03
 1.288722659E-03-1.056678081E-03-3.414349288E-03-5.783094137E-03-8.158588945E-03
-1.054108915E-02-1.293335356E-02-1.533822103E-02-1.775785208E-02-2.019401552E-02
-2.264838840E-02-2.512256864E-02-2.761803983E-02-3.013615625E-02-3.267812629E-02
-3.524499139E-02-3.783760077E-02-4.045658186E-02-4.310231035E-02-4.577487976E-02
-4.847406876E-02-5.119930715E-02-5.394963641E-02-5.672367783E-02-5.951961127E-02
-6.233516449E-02-6.516760130E-02-6.801369077E-02-7.086969068E-02-7.373139314E-02
-7.659417228E-02-7.945300849E-02-8.230252380E-02-8.513704153E-02-8.795068077E-02
-9.073742109E-02-9.349113918E-02-9.620573040E-02-9.887517209E-02-1.014935496E-01
-1.040551321E-01-1.065544064E-01-1.089861082E-01-1.113452413E-01-1.136270825E-01
-1.158271727E-01-1.179413386E-01-1.199656634E-01-1.218964731E-01-1.237303220E-01
-1.254639864E-01-1.270944351E-01-1.286188283E-01-1.300344974E-01-1.313389420E-01
-1.325298236E-01-1.336049599E-01-1.345623272E-01-1.354000595E-01-1.361164536E-01
-1.367099724E-01-1.371792496E-01-1.375230936E-01-1.377404916E-01-1.378306101E-01
-1.377927956E-01-1.376265737E-01-1.373316426E-01-1.369078649E-01-1.363552605E-01
-1.356740016E-01-1.348643855E-01-1.339268378E-01-1.328618809E-01-1.316701762E-01
-1.303524232E-01-1.289094280E-01-1.273420764E-01-1.256513291E-01-1.238382420E-01
-1.219039695E-01-1.198497792E-01-1.176770378E-01-1.153873272E-01-1.129823646E-01
-1.104640379E-01-1.078345239E-01-1.050962650E-01-1.022520656E-01-9.930491264E-02
-9.625802229E-02-9.311497736E-02-8.987959572E-02-8.655586799E-02-8.314791301E-02
-7.965989364E-02-7.609593181E-02-7.246001863E-02-6.875593632E-02-6.498719743E-02
-6.115698920E-02-5.726814115E-02-5.332312942E-02-4.932411953E-02-4.527303965E-02
-4.117168418E-02-3.702184536E-02-3.282546544E-02-2.858480925E-02-2.430264322E-02
-1.998242391E-02-1.562851318E-02-1.124610336E-02-6.840947514E-03-2.422720260E-03
 1.995516368E-03 6.416872666E-03 1.084496995E-02 1.527967241E-02 1.972042253E-02
 2.416687101E-02 2.861884496E-02 3.307537968E-02 1.564169263E-02 1.328759826E-02
 1.093710497E-02 8.590962346E-03 6.249274706E-03 3.912394496E-03 1.581067758E-03
-7.478653241E-04-3.087531333E-03-5.438562325E-03-7.796310059E-03-1.016034381E-02
-1.253318165E-02-1.491768040E-02-1.731604999E-02-1.973004055E-02-2.216128641E-02
-2.461135224E-02-2.708169375E-02-2.957363844E-02-3.208836916E-02-3.462690415E-02
-3.719007443E-02-3.977849772E-02-4.239254801E-02-4.503232401E-02-4.769762013E-02
-5.038790214E-02-5.310228067E-02-5.583947820E-02-5.859778149E-02-6.137501107E-02
-6.416853026E-02-6.697524671E-02-6.979160063E-02-7.261357273E-02-7.543670084E-02
-7.825612825E-02-8.106666260E-02-8.386279309E-02-8.663876949E-02-8.938870324E-02
-9.210661259E-02-9.478647775E-02-9.742233582E-02-1.000083219E-01-1.025387294E-01
-1.050080631E-01-1.074110333E-01-1.097426293E-01-1.119980700E-01-1.141728964E-01
-1.162628624E-01-1.182640237E-01-1.201726613E-01-1.219853002E-01-1.236986807E-01
-1.253097581E-01-1.268156769E-01-1.282137642E-01-1.295015224E-01-1.306766200E-01
-1.317368894E-01-1.326803252E-01-1.335050820E-01-1.342094778E-01-1.347919959E-01
-1.352512875E-01-1.355861747E-01-1.357956521E-01-1.358788878E-01-1.358352220E-01
-1.356641664E-01-1.353653973E-01-1.349387491E-01-1.343842091E-01-1.337019009E-01
-1.328920823E-01-1.319551534E-01-1.308915743E-01-1.297019290E-01-1.283869550E-01
-1.269473788E-01-1.253840758E-01-1.236980055E-01-1.218902176E-01-1.199618744E-01
-1.179142741E-01-1.157488685E-01-1.134672375E-01-1.110711759E-01-1.085627558E-01
-1.059441647E-01-1.032179024E-01-1.003867640E-01-9.745385016E-02-9.442258960E-02
-9.129654258E-02-8.807943331E-02-8.477523161E-02-8.138800602E-02-7.792181920E-02
-7.438066061E-02-7.076836112E-02-6.708852266E-02-6.334445799E-02-5.953914954E-02
-5.567524439E-02-5.175507525E-02-4.778070391E-02-4.375399519E-02-3.967672354E-02
-3.555070826E-02-3.137796825E-02-2.716088961E-02-2.290240438E-02-1.860618821E-02
-1.427683970E-02-9.919641937E-03-5.540890869E-03-1.151844827E-03 3.237165360E-03
 7.632208069E-03 1.203542253E-02 1.644611042E-02 2.086374724E-02 2.528796141E-02
 2.971856584E-02 3.415445538E-02 1.587201690E-02 1.353029246E-02 1.119266119E-02
 8.859973056E-03 6.532343956E-03 4.210118489E-03 1.894168876E-03-4.176905341E-04
-2.738043412E-03-5.070032079E-03-7.408846354E-03-9.753249954E-03-1.210544985E-02
-1.446830488E-02-1.684409449E-02-1.923456674E-02-2.164131081E-02-2.406584854E-02
-2.650959668E-02-2.897384581E-02-3.145974498E-02-3.396827980E-02-3.650025372E-02
-3.905626826E-02-4.163669953E-02-4.424167456E-02-4.687103416E-02-4.952428707E-02
-5.220057980E-02-5.489868660E-02-5.761698729E-02-6.035343458E-02-6.310553730E-02
-6.587034643E-02-6.864445402E-02-7.142401906E-02-7.420477084E-02-7.698202160E-02
-7.975074482E-02-8.250562561E-02-8.524109604E-02-8.795139873E-02-9.063068015E-02
-9.327303126E-02-9.587256716E-02-9.842350365E-02-1.009201509E-01-1.033570456E-01
-1.057288728E-01-1.080306205E-01-1.102574939E-01-1.124049689E-01-1.144687834E-01
-1.164449381E-01-1.183296798E-01-1.201194891E-01-1.218110820E-01-1.234013860E-01
-1.248875267E-01-1.262668220E-01-1.275367696E-01-1.286950407E-01-1.297394755E-01
-1.306680809E-01-1.314790262E-01-1.321706443E-01-1.327414342E-01-1.331900599E-01
-1.335153531E-01-1.337163123E-01-1.337921046E-01-1.337420620E-01-1.335656807E-01
-1.332626142E-01-1.328326707E-01-1.322758118E-01-1.315921160E-01-1.307818056E-01
-1.298452182E-01-1.287828116E-01-1.275951253E-01-1.262828116E-01-1.248466702E-01
-1.232875000E-01-1.216062695E-01-1.198040491E-01-1.178820237E-01-1.158415141E-01
-1.136840171E-01-1.114112221E-01-1.090249785E-01-1.065273580E-01-1.039207589E-01
-1.012077773E-01-9.839120802E-02-9.547418185E-02-9.246008254E-02-8.935255821E-02
-8.615546476E-02-8.287266334E-02-7.950803299E-02-7.606551239E-02-7.254895786E-02
-6.896202968E-02-6.530813891E-02-6.159039899E-02-5.781160230E-02-5.397422161E-02
-5.008043567E-02-4.613218871E-02-4.213128384E-02-3.807949636E-02-3.397870380E-02
-2.983103519E-02-2.563903452E-02-2.140583724E-02-1.713537698E-02-1.283247237E-02
-8.502438098E-03-4.152724480E-03 2.039520967E-04 4.563247534E-03 8.930977096E-03
 1.330800101E-02 1.769346379E-02 2.208681904E-02 2.648763674E-02 3.089570086E-02
 3.530975902E-02 1.611846485E-02 1.378977671E-02 1.146568811E-02 9.147152441E-03
 6.834303638E-03 4.527494094E-03 2.227594071E-03-6.671583055E-05-2.366478959E-03
-4.678100237E-03-6.996855833E-03-9.320584300E-03-1.165108638E-02-1.399117890E-02
-1.634321178E-02-1.870894145E-02-2.108990779E-02-2.348757990E-02-2.590332711E-02
-2.833839679E-02-3.079390469E-02-3.327081750E-02-3.576993498E-02-3.829186069E-02
-4.083696436E-02-4.340536124E-02-4.599689747E-02-4.861112280E-02-5.124725494E-02
-5.390415255E-02-5.658028763E-02-5.927371813E-02-6.198208210E-02-6.470258824E-02
-6.743198848E-02-7.016659892E-02-7.290233544E-02-7.563472806E-02-7.835894385E-02
-8.106983866E-02-8.376202672E-02-8.642991488E-02-8.906778368E-02-9.166987386E-02
-9.423037786E-02-9.674359750E-02-9.920388462E-02-1.016057898E-01-1.039440623E-01
-1.062136293E-01-1.084097011E-01-1.105277129E-01-1.125633736E-01-1.145126404E-01
-1.163717145E-01-1.181370435E-01-1.198053088E-01-1.213734053E-01-1.228384367E-01
-1.241977044E-01-1.254486962E-01-1.265890804E-01-1.276166974E-01-1.285295600E-01
-1.293258452E-01-1.300038960E-01-1.305622204E-01-1.309994902E-01-1.313145411E-01
-1.315063734E-01-1.315741496E-01-1.315171922E-01-1.313349810E-01-1.310271491E-01
-1.305934815E-01-1.300339019E-01-1.293484601E-01-1.285373414E-01-1.276008432E-01
-1.265394156E-01-1.253535468E-01-1.240438616E-01-1.226111390E-01-1.210562261E-01
-1.193800479E-01-1.175837041E-01-1.156684216E-01-1.136355714E-01-1.114866857E-01
-1.092235118E-01-1.068480185E-01-1.043623718E-01-1.017689594E-01-9.907047967E-02
-9.626992328E-02-9.337040060E-02-9.037527059E-02-8.728813275E-02-8.411273323E-02
-8.085295431E-02-7.751270071E-02-7.409570845E-02-7.060555456E-02-6.704569630E-02
-6.341936548E-02-5.972948646E-02-5.597866600E-02-5.216920922E-02-4.830316338E-02
-4.438238624E-02-4.040863855E-02-3.638369926E-02-3.230950667E-02-2.818831456E-02
-2.402285291E-02-1.981650031E-02-1.557348185E-02-1.129879591E-02-6.997903445E-03
-2.679918557E-03 1.642304828E-03 5.971092490E-03 1.031036100E-02 1.465989722E-02
 1.901891060E-02 2.338682926E-02 2.776316426E-02 3.214766511E-02 3.653891379E-02
 1.638084646E-02 1.406579933E-02 1.175587215E-02 9.452127108E-03 7.154721372E-03
 4.864025479E-03 2.580839568E-03 3.046152315E-04-1.973616018E-03-4.263658739E-03
-6.561284939E-03-8.863378712E-03-1.117121071E-02-1.348749226E-02-1.581463842E-02
-1.815443057E-02-2.050836417E-02-2.287786274E-02-2.526426502E-02-2.766879480E-02
-3.009254103E-02-3.253643289E-02-3.500122753E-02-3.748750031E-02-3.999562101E-02
-4.252572487E-02-4.507768708E-02-4.765109512E-02-5.024521633E-02-5.285897565E-02
-5.549093976E-02-5.813928051E-02-6.080174887E-02-6.347568894E-02-6.615803261E-02
-6.884529305E-02-7.153356961E-02-7.421857716E-02-7.689568952E-02-7.955995690E-02
-8.220617185E-02-8.482894683E-02-8.742270205E-02-8.998181496E-02-9.250060435E-02
-9.497342359E-02-9.739475137E-02-9.975915510E-02-1.020613924E-01-1.042964214E-01
-1.064594194E-01-1.085458108E-01-1.105512683E-01-1.124717104E-01-1.143032995E-01
-1.160424475E-01-1.176857945E-01-1.192302034E-01-1.206727516E-01-1.220107178E-01
-1.232415734E-01-1.243629770E-01-1.253727640E-01-1.262689446E-01-1.270496975E-01
-1.277133690E-01-1.282584702E-01-1.286836752E-01-1.289878202E-01-1.291699022E-01
-1.292290764E-01-1.291646547E-01-1.289761006E-01-1.286630282E-01-1.282251976E-01
-1.276625002E-01-1.269749584E-01-1.261627314E-01-1.252260942E-01-1.241654379E-01
-1.229812800E-01-1.216742214E-01-1.202449684E-01-1.186944542E-01-1.170236051E-01
-1.152335254E-01-1.133254873E-01-1.113009217E-01-1.091614351E-01-1.069088177E-01
-1.045451056E-01-1.020725712E-01-9.949371660E-02-9.681124536E-02-9.402812704E-02
-9.114764070E-02-8.817318698E-02-8.510824912E-02-8.195648436E-02-7.872162011E-02
-7.540737379E-02-7.201742812E-02-6.855529567E-02-6.502417044E-02-6.142696628E-02
-5.776638504E-02-5.404487501E-02-5.026460637E-02-4.642751723E-02-4.253539581E-02
-3.858998637E-02-3.459311069E-02-3.054680561E-02-2.645347174E-02-2.231603412E-02
-1.813813044E-02-1.392426757E-02-9.679533859E-03-5.410036762E-03-1.126841079E-03
 3.160406134E-03 7.457913199E-03 1.176760990E-02 1.608855809E-02 2.042002293E-02
 2.476140223E-02 2.911216235E-02 3.347203842E-02 3.783945572E-02 1.665871264E-02
 1.435783646E-02 1.206262042E-02 9.774242740E-03 7.492890651E-03 5.218961588E-03
 2.953189685E-03 6.957138209E-04-1.560383127E-03-3.827684572E-03-6.103073952E-03
-8.382577092E-03-1.066678651E-02-1.295823482E-02-1.525940572E-02-1.757214716E-02
-1.989793420E-02-2.223814088E-02-2.459405057E-02-2.696682959E-02-2.935752003E-02
-3.176702546E-02-3.419608948E-02-3.664527735E-02-3.911495481E-02-4.160526100E-02
-4.411608400E-02-4.664704379E-02-4.919746348E-02-5.176632853E-02-5.435227530E-02
-5.695358225E-02-5.956814653E-02-6.219346477E-02-6.482662348E-02-6.746430636E-02
-7.010281288E-02-7.273805390E-02-7.536559818E-02-7.798072887E-02-8.057842320E-02
-8.315346892E-02-8.570048609E-02-8.821395334E-02-9.068836232E-02-9.311819326E-02
-9.549795729E-02-9.782231289E-02-1.000860480E-01-1.022841392E-01-1.044117615E-01
-1.064643241E-01-1.084374793E-01-1.103271063E-01-1.121293372E-01-1.138405417E-01
-1.154573218E-01-1.169765071E-01-1.183951431E-01-1.197104816E-01-1.209199723E-01
-1.220212565E-01-1.230121583E-01-1.238906786E-01-1.246549920E-01-1.253034407E-01
-1.258345328E-01-1.262469394E-01-1.265394928E-01-1.267111834E-01-1.267611561E-01
-1.266887106E-01-1.264932945E-01-1.261745027E-01-1.257320684E-01-1.251658600E-01
-1.244758872E-01-1.236622748E-01-1.227252765E-01-1.216652527E-01-1.204827436E-01
-1.191783177E-01-1.177527109E-01-1.162067793E-01-1.145416091E-01-1.127582647E-01
-1.108580748E-01-1.088425247E-01-1.067132941E-01-1.044722619E-01-1.021215064E-01
-9.966336641E-02-9.710041537E-02-9.443546820E-02-9.167150484E-02-8.881170546E-02
-8.585950151E-02-8.281845856E-02-7.969209271E-02-7.648394279E-02-7.319755581E-02
-6.983636187E-02-6.640363706E-02-6.290248687E-02-5.933572643E-02-5.570580076E-02
-5.201487576E-02-4.826495503E-02-4.445790726E-02-4.059550189E-02-3.667950295E-02
-3.271180018E-02-2.869455486E-02-2.463035115E-02-2.052235430E-02-1.637450117E-02
-1.219152373E-02-7.978528147E-03-3.743138189E-03 5.020367008E-04 4.754779828E-03
 9.020547598E-03 1.329969167E-02 1.759114147E-02 2.189416076E-02 2.620809441E-02
 3.053236313E-02 3.486668605E-02 3.920933434E-02 1.695134489E-02 1.466517060E-02
 1.238524572E-02 1.011287175E-02 7.848251208E-03 5.591789585E-03 3.344145004E-03
 1.106004939E-03-1.127588707E-03-3.370972318E-03-5.622967080E-03-7.878949434E-03
-1.013868804E-02-1.240444351E-02-1.467873472E-02-1.696347411E-02-1.926010726E-02
-2.156994623E-02-2.389423311E-02-2.623410294E-02-2.859056603E-02-3.096449603E-02
-3.335661106E-02-3.576745300E-02-3.819737530E-02-4.064652363E-02-4.311480199E-02
-4.560184471E-02-4.810701085E-02-5.062935995E-02-5.316762560E-02-5.572018851E-02
-5.828505958E-02-6.085987126E-02-6.344187884E-02-6.602793721E-02-6.861452870E-02
-7.119779388E-02-7.377349977E-02-7.633711921E-02-7.888387043E-02-8.140869167E-02
-8.390639839E-02-8.637168803E-02-8.879915193E-02-9.118339014E-02-9.351904058E-02
-9.580081801E-02-9.802357761E-02-1.001823180E-01-1.022722254E-01-1.042887185E-01
-1.062274192E-01-1.080841889E-01-1.098551250E-01-1.115365602E-01-1.131250622E-01
-1.146174233E-01-1.160106540E-01-1.173019762E-01-1.184888133E-01-1.195687830E-01
-1.205396916E-01-1.213995256E-01-1.221464471E-01-1.227787892E-01-1.232950511E-01
-1.236938967E-01-1.239741478E-01-1.241347861E-01-1.241749441E-01-1.240939076E-01
-1.238911082E-01-1.235661224E-01-1.231186606E-01-1.225485712E-01-1.218558583E-01
-1.210406148E-01-1.201030816E-01-1.190436211E-01-1.178627278E-01-1.165610328E-01
-1.151392646E-01-1.135982833E-01-1.119391689E-01-1.101631549E-01-1.082715115E-01
-1.062658252E-01-1.041478287E-01-1.019194790E-01-9.958294341E-02-9.714059005E-02
-9.459504241E-02-9.194913663E-02-8.920592960E-02-8.636859998E-02-8.344043692E-02
-8.042487983E-02-7.732547451E-02-7.414565883E-02-7.088871436E-02-6.755784486E-02
-6.415609713E-02-6.068628199E-02-5.715099293E-02-5.355261855E-02-4.989326768E-02
-4.617476698E-02-4.239880718E-02-3.856710648E-02-3.468149305E-02-3.074398567E-02
-2.675691461E-02-2.272307577E-02-1.864590493E-02-1.452965324E-02-1.037918416E-02
-6.199940893E-03-2.001673792E-03 2.204195550E-03 6.422343912E-03 1.065571206E-02
 1.490347648E-02 1.916465041E-02 2.343846425E-02 2.772419605E-02 3.202121583E-02
 3.632922357E-02 4.064633576E-02 1.725839043E-02 1.498759232E-02 1.272365157E-02
 1.046797711E-02 8.220767173E-03 5.982427597E-03 3.753539030E-03 1.535125768E-03
-6.759697448E-04-2.894345844E-03-5.121846512E-03-7.353493809E-03-9.588036288E-03
-1.182732307E-02-1.407385765E-02-1.632965053E-02-1.859616761E-02-2.087467436E-02
-2.316636568E-02-2.547233550E-02-2.779355183E-02-3.013084982E-02-3.248492148E-02
-3.485629303E-02-3.724529818E-02-3.965206746E-02-4.207651599E-02-4.451831829E-02
-4.697688297E-02-4.945132496E-02-5.194044712E-02-5.444272336E-02-5.695628888E-02
-5.947890657E-02-6.200798044E-02-6.454056521E-02-6.707332596E-02-6.960258040E-02
-7.212434002E-02-7.463425878E-02-7.712774481E-02-7.960000472E-02-8.204603323E-02
-8.446066570E-02-8.683869001E-02-8.917483991E-02-9.146386075E-02-9.370057532E-02
-9.587989811E-02-9.799686696E-02-1.000467180E-01-1.020248622E-01-1.039269212E-01
-1.057487383E-01-1.074863855E-01-1.091361666E-01-1.106946129E-01-1.121584799E-01
-1.135247435E-01-1.147905920E-01-1.159534192E-01-1.170108152E-01-1.179605621E-01
-1.188006275E-01-1.195291545E-01-1.201444610E-01-1.206450329E-01-1.210295201E-01
-1.212967323E-01-1.214456371E-01-1.214753545E-01-1.213851552E-01-1.211744541E-01
-1.208428112E-01-1.203899211E-01-1.198156206E-01-1.191198943E-01-1.183028190E-01
-1.173646347E-01-1.163057053E-01-1.151265030E-01-1.138277187E-01-1.124100675E-01
-1.108744785E-01-1.092219785E-01-1.074539109E-01-1.055716684E-01-1.035767849E-01
-1.014711187E-01-9.925666525E-02-9.693566295E-02-9.451055285E-02-9.198395875E-02
-8.935873361E-02-8.663789860E-02-8.382464270E-02-8.092222800E-02-7.793392558E-02
-7.486303873E-02-7.171290946E-02-6.848675850E-02-6.518753406E-02-6.181799264E-02
-5.838073148E-02-5.487811408E-02-5.131227201E-02-4.768518352E-02-4.399871769E-02
-4.025461356E-02-3.645454453E-02-3.260030566E-02-2.869400697E-02-2.473818784E-02
-2.073592166E-02-1.669097257E-02-1.260786459E-02-8.491466288E-03-4.348486819E-03
-1.907720661E-04 3.976617037E-03 8.160049081E-03 1.236025505E-02 1.657592680E-02
 2.080613173E-02 2.505005724E-02 2.930692093E-02 3.357604040E-02 3.785709020E-02
 4.214802603E-02 1.758024531E-02 1.532550320E-02 1.307819431E-02 1.083980699E-02
 8.610512142E-03 6.390717119E-03 4.180970576E-03 1.982402954E-03-2.065922634E-04
-2.398916086E-03-4.600736829E-03-6.807164947E-03-9.015767426E-03-1.122786351E-02
-1.344588049E-02-1.567192648E-02-1.790751127E-02-2.015385436E-02-2.241209225E-02
-2.468327480E-02-2.696833628E-02-2.926807529E-02-3.158314050E-02-3.391402833E-02
-3.626106585E-02-3.862439191E-02-4.100393290E-02-4.339938011E-02-4.581017180E-02
-4.823547470E-02-5.067416964E-02-5.312481462E-02-5.558564990E-02-5.805459321E-02
-6.052919548E-02-6.300665478E-02-6.548385087E-02-6.795728872E-02-7.042314335E-02
-7.287733601E-02-7.531550612E-02-7.773302472E-02-8.012509069E-02-8.248675857E-02
-8.481297271E-02-8.709862218E-02-8.933859155E-02-9.152780976E-02-9.366126552E-02
-9.573408299E-02-9.774152791E-02-9.967903704E-02-1.015422387E-01-1.033269711E-01
-1.050292911E-01-1.066454757E-01-1.081720253E-01-1.096056628E-01-1.109433290E-01
-1.121821774E-01-1.133195697E-01-1.143530657E-01-1.152804200E-01-1.160995736E-01
-1.168086484E-01-1.174059415E-01-1.178899204E-01-1.182592171E-01-1.185126267E-01
-1.186490989E-01-1.186677400E-01-1.185678051E-01-1.183486934E-01-1.180099497E-01
-1.175512571E-01-1.169724487E-01-1.162734795E-01-1.154544337E-01-1.145155501E-01
-1.134572005E-01-1.122798796E-01-1.109842491E-01-1.095711201E-01-1.080414179E-01
-1.063962526E-01-1.046368894E-01-1.027649266E-01-1.007819435E-01-9.868977028E-02
-9.649052633E-02-9.418645878E-02-9.178005791E-02-8.927398833E-02-8.667105838E-02
-8.397425816E-02-8.118668373E-02-7.831152379E-02-7.535198392E-02-7.231118376E-02
-6.919216635E-02-6.599792800E-02-6.273134486E-02-5.939500435E-02-5.599120821E-02
-5.252209979E-02-4.898966945E-02-4.539573175E-02-4.174200924E-02-3.803025833E-02
-3.426233537E-02-3.044022170E-02-2.656613345E-02-2.264272750E-02-1.867331615E-02
-1.466201452E-02-1.061352645E-02-6.532956699E-03-2.429300185E-03 1.685815493E-03
 5.815876617E-03 9.964532587E-03 1.413099351E-02 1.831403419E-02 2.251271395E-02
 2.672616730E-02 3.095356828E-02 3.519419609E-02 3.944770933E-02 4.371190320E-02
 1.791743275E-02 1.567918365E-02 1.344884450E-02 1.122799427E-02 9.016825357E-03
 6.815808254E-03 4.625527629E-03 2.447025621E-03 2.799088851E-04-1.885569389E-03
-4.060509840E-03-6.240819300E-03-8.422831370E-03-1.060715417E-02-1.279602827E-02
-1.499163363E-02-1.719555439E-02-1.940898975E-02-2.163302317E-02-2.386865017E-02
-2.611675350E-02-2.837809494E-02-3.065330274E-02-3.294285767E-02-3.524707076E-02
-3.756606785E-02-3.989977444E-02-4.224789902E-02-4.460991736E-02-4.698503722E-02
-4.937220092E-02-5.177007307E-02-5.417699648E-02-5.659098785E-02-5.900976442E-02
-6.143069344E-02-6.385078101E-02-6.626675408E-02-6.867503484E-02-7.107172810E-02
-7.345265356E-02-7.581343373E-02-7.814947250E-02-8.045601221E-02-8.272819246E-02
-8.496106349E-02-8.714966187E-02-8.928903206E-02-9.137427743E-02-9.340059961E-02
-9.536332302E-02-9.725792076E-02-9.908004626E-02-1.008255456E-01-1.024904660E-01
-1.040710683E-01-1.055638294E-01-1.069654434E-01-1.082728198E-01-1.094830785E-01
-1.105935458E-01-1.116017509E-01-1.125054184E-01-1.133024595E-01-1.139909704E-01
-1.145692241E-01-1.150356654E-01-1.153889074E-01-1.156277250E-01-1.157510500E-01
-1.157579730E-01-1.156477339E-01-1.154197171E-01-1.150734557E-01-1.146086229E-01
-1.140250451E-01-1.133226602E-01-1.125015812E-01-1.115620368E-01-1.105044093E-01
-1.093292179E-01-1.080371121E-01-1.066289999E-01-1.051058075E-01-1.034687202E-01
-1.017190300E-01-9.985830263E-02-9.788834930E-02-9.581096131E-02-9.362825967E-02
-9.134258630E-02-8.895639768E-02-8.647237113E-02-8.389330959E-02-8.122210392E-02
-7.846176378E-02-7.561533167E-02-7.268585783E-02-6.967635467E-02-6.658967891E-02
-6.342852440E-02-6.019546557E-02-5.689296697E-02-5.352326210E-02-5.008828722E-02
-4.658982002E-02-4.302959319E-02-3.940930466E-02-3.573066429E-02-3.199553576E-02
-2.820608818E-02-2.436486937E-02-2.047486153E-02-1.653964453E-02-1.256351997E-02
-8.551136100E-03-4.508825710E-03-4.479968609E-04 3.625661895E-03 7.718838213E-03
 1.183233868E-02 1.596466276E-02 2.011468902E-02 2.428144021E-02 2.846399406E-02
 3.266147672E-02 3.687312979E-02 4.109860387E-02 4.533554557E-02 1.826952111E-02
 1.604787893E-02 1.383464313E-02 1.163152102E-02 9.438753958E-03 7.256882633E-03
 5.086521234E-03 2.928574405E-03 7.835718299E-04-1.355125593E-03-3.502189304E-03
-5.655443570E-03-7.810250047E-03-9.966290227E-03-1.212548635E-02-1.429005676E-02
-1.646168602E-02-1.864156683E-02-2.083072185E-02-2.303010307E-02-2.524056213E-02
-2.746282974E-02-2.969749966E-02-3.194501959E-02-3.420567875E-02-3.647959464E-02
-3.876669840E-02-4.106670440E-02-4.337911317E-02-4.570319596E-02-4.803795459E-02
-5.038210739E-02-5.273410974E-02-5.509211463E-02-5.745392747E-02-5.981706860E-02
-6.217877069E-02-6.453594232E-02-6.688516145E-02-6.922274534E-02-7.154476119E-02
-7.384702760E-02-7.612515413E-02-7.837460571E-02-8.059069980E-02-8.276866918E-02
-8.490371444E-02-8.699101644E-02-8.902580150E-02-9.100336792E-02-9.291911141E-02
-9.476856598E-02-9.654742196E-02-9.825154227E-02-9.987698145E-02-1.014199948E-01
-1.028770439E-01-1.042447998E-01-1.055201444E-01-1.067001684E-01-1.077821656E-01
-1.087636334E-01-1.096422636E-01-1.104159383E-01-1.110827247E-01-1.116408692E-01
-1.120887932E-01-1.124250864E-01-1.126485020E-01-1.127579540E-01-1.127525161E-01
-1.126314131E-01-1.123940168E-01-1.120398510E-01-1.115685828E-01-1.109800282E-01
-1.102741293E-01-1.094510243E-01-1.085109274E-01-1.074542370E-01-1.062815109E-01
-1.049934377E-01-1.035909082E-01-1.020749682E-01-1.004467846E-01-9.870776777E-02
-9.685942054E-02-9.490361825E-02-9.284233488E-02-9.067757766E-02-8.841171141E-02
-8.604723366E-02-8.358673604E-02-8.103298859E-02-7.838882323E-02-7.565709278E-02
-7.284069941E-02-6.994250808E-02-6.696531460E-02-6.391183143E-02-6.078457935E-02
-5.758586912E-02-5.431785693E-02-5.098260561E-02-4.758204813E-02-4.411790797E-02
-4.059177745E-02-3.700530587E-02-3.336028747E-02-2.965869570E-02-2.590279152E-02
-2.209529200E-02-1.823953886E-02-1.433958581E-02-1.039991671E-02-6.425357156E-03
-2.424655700E-03 1.591074876E-03 5.625427575E-03 9.682109024E-03 1.376013137E-02
 1.785806715E-02 2.197480692E-02 2.610932693E-02 3.026066193E-02 3.442789399E-02
 3.861022399E-02 4.280728767E-02 4.701658272E-02 1.863540112E-02 1.643056978E-02
 1.423473237E-02 1.204973644E-02 9.875845713E-03 7.713618909E-03 5.563655308E-03
 3.426723458E-03 1.303947211E-03-8.086144121E-04-2.926838755E-03-5.052011000E-03
-7.178996024E-03-9.306319862E-03-1.143541543E-02-1.356845094E-02-1.570722367E-02
-1.785297918E-02-2.000670365E-02-2.216929962E-02-2.434157226E-02-2.652420823E-02
-2.871776650E-02-3.092266937E-02-3.313918916E-02-3.536742367E-02-3.760730105E-02
-3.985856471E-02-4.212073882E-02-4.439310971E-02-4.667474225E-02-4.896445230E-02
-5.126075098E-02-5.356187314E-02-5.586580141E-02-5.817022171E-02-6.047249665E-02
-6.276968391E-02-6.505859338E-02-6.733574593E-02-6.959740387E-02-7.183960065E-02
-7.405817302E-02-7.624878039E-02-7.840693421E-02-8.052807508E-02-8.260755692E-02
-8.464072305E-02-8.662293512E-02-8.854959700E-02-9.041620235E-02-9.221835739E-02
-9.395180200E-02-9.561243611E-02-9.719633437E-02-9.869975754E-02-1.001191629E-01
-1.014512067E-01-1.026927509E-01-1.038408600E-01-1.048928019E-01-1.058460421E-01
-1.066982422E-01-1.074472550E-01-1.080911182E-01-1.086280506E-01-1.090564478E-01
-1.093748755E-01-1.095820659E-01-1.096769144E-01-1.096584771E-01-1.095259653E-01
-1.092787399E-01-1.089163176E-01-1.084383625E-01-1.078446852E-01-1.071352420E-01
-1.063101766E-01-1.053697083E-01-1.043142673E-01-1.031444455E-01-1.018609648E-01
-1.004646949E-01-9.895680184E-02-9.733845772E-02-9.561111416E-02-9.377635863E-02
-9.183593844E-02-8.979197971E-02-8.764657116E-02-8.540190778E-02-8.306051347E-02
-8.062495242E-02-7.809785397E-02-7.548196795E-02-7.278003676E-02-6.999475737E-02
-6.712881416E-02-6.418479828E-02-6.116517462E-02-5.807230013E-02-5.490834473E-02
-5.167526613E-02-4.837487611E-02-4.500892936E-02-4.157917288E-02-3.808729758E-02
-3.453495403E-02-3.092394036E-02-2.725637298E-02-2.353475454E-02-1.976204138E-02
-1.594182423E-02-1.207837736E-02-8.176217194E-03-4.241749174E-03-2.862273667E-04
 3.686164606E-03 7.682151735E-03 1.170220838E-02 1.574461521E-02 1.980805263E-02
 2.389136123E-02 2.799346258E-02 3.211335430E-02 3.625008559E-02 4.040282640E-02
 4.457120236E-02 4.875256413E-02 1.901445085E-02 1.682690551E-02 1.464898963E-02
 1.248265091E-02 1.032812685E-02 8.185967079E-03 6.056754019E-03 3.941156252E-03
 1.840464186E-03-2.470896663E-04-2.335547491E-03-4.431526300E-03-6.530044944E-03
-8.628236518E-03-1.072687396E-02-1.282798470E-02-1.493346975E-02-1.704466183E-02
-1.916251980E-02-2.128788515E-02-2.342151924E-02-2.556407382E-02-2.771607605E-02
-2.987791166E-02-3.204983128E-02-3.423193716E-02-3.642415449E-02-3.862621205E-02
-4.083765630E-02-4.305783479E-02-4.528584285E-02-4.752052059E-02-4.976049275E-02
-5.200413367E-02-5.424952846E-02-5.649445812E-02-5.873644850E-02-6.097276237E-02
-6.320037433E-02-6.541599300E-02-6.761609782E-02-6.979693057E-02-7.195453747E-02
-7.408477283E-02-7.618338179E-02-7.824597181E-02-8.026808710E-02-8.224524011E-02
-8.417293081E-02-8.604669639E-02-8.786213761E-02-8.961494552E-02-9.130093170E-02
-9.291604662E-02-9.445639874E-02-9.591826869E-02-9.729812064E-02-9.859260849E-02
-9.979858296E-02-1.009130894E-01-1.019333728E-01-1.028568742E-01-1.036812276E-01
-1.044042574E-01-1.050239742E-01-1.055385699E-01-1.059464130E-01-1.062460471E-01
-1.064361851E-01-1.065157021E-01-1.064836383E-01-1.063391931E-01-1.060817180E-01
-1.057107244E-01-1.052258765E-01-1.046269852E-01-1.039140222E-01-1.030871211E-01
-1.021465451E-01-1.010927456E-01-9.992632467E-02-9.864804411E-02-9.725881828E-02
-9.575979760E-02-9.415227402E-02-9.243764800E-02-9.061760248E-02-8.869387005E-02
-8.666845083E-02-8.454360996E-02-8.232150131E-02-8.000444766E-02-7.759502207E-02
-7.509575335E-02-7.250920150E-02-6.983798499E-02-6.708465287E-02-6.425165332E-02
-6.134137618E-02-5.835608820E-02-5.529790387E-02-5.216883315E-02-4.897074229E-02
-4.570532856E-02-4.237419398E-02-3.897895163E-02-3.552133001E-02-3.200318407E-02
-2.842648911E-02-2.479346569E-02-2.110679378E-02-1.736976403E-02-1.358633071E-02
-9.760762004E-03-5.897917848E-03-2.007015556E-03 1.902067508E-03 5.834260927E-03
 9.792672149E-03 1.377599178E-02 1.778270672E-02 2.181156387E-02 2.586136217E-02
 2.993096146E-02 3.401930139E-02 3.812538721E-02 4.224835847E-02 4.638783974E-02
 5.054104595E-02 1.940692786E-02 1.723721506E-02 1.507772105E-02 1.293046668E-02
 1.079563927E-02 8.673768111E-03 6.565449398E-03 4.471334456E-03 2.392557059E-03
 3.289409064E-04-1.729350928E-03-3.795013631E-03-5.864308800E-03-7.932979426E-03
-1.000092066E-02-1.206986144E-02-1.414174117E-02-1.621800715E-02-1.829963747E-02
-2.038742489E-02-2.248208351E-02-2.458421926E-02-2.669432653E-02-2.881277914E-02
-3.093980707E-02-3.307547760E-02-3.521970786E-02-3.737225775E-02-3.953268586E-02
-4.170032521E-02-4.387432154E-02-4.605362086E-02-4.823692600E-02-5.042266786E-02
-5.260901845E-02-5.479392559E-02-5.697506379E-02-5.914983813E-02-6.131539441E-02
-6.346864805E-02-6.560626275E-02-6.772468861E-02-6.982016505E-02-7.188878684E-02
-7.392647420E-02-7.592903983E-02-7.789222203E-02-7.981169703E-02-8.168312778E-02
-8.350219115E-02-8.526460881E-02-8.696617679E-02-8.860278997E-02-9.017046508E-02
-9.166536041E-02-9.308379105E-02-9.442224145E-02-9.567737448E-02-9.684603903E-02
-9.792527401E-02-9.891230762E-02-9.980456305E-02-1.005996517E-01-1.012953738E-01
-1.018897154E-01-1.023808443E-01-1.027671059E-01-1.030470212E-01-1.032192854E-01
-1.032827547E-01-1.032364552E-01-1.030795763E-01-1.028114624E-01-1.024316207E-01
-1.019397167E-01-1.013355652E-01-1.006191537E-01-9.979060681E-02-9.885024914E-02
-9.779852357E-02-9.663604791E-02-9.536363561E-02-9.398224028E-02-9.249295864E-02
-9.089720064E-02-8.919635693E-02-8.739208245E-02-8.548619416E-02-8.348055376E-02
-8.137736309E-02-7.917890747E-02-7.688734637E-02-7.450504334E-02-7.203450443E-02
-6.947812538E-02-6.683830169E-02-6.411743111E-02-6.131779581E-02-5.844154421E-02
-5.549074642E-02-5.246735108E-02-4.937316453E-02-4.620992210E-02-4.297929251E-02
-3.968285867E-02-3.632219551E-02-3.289898686E-02-2.941515269E-02-2.587292742E-02
-2.227486119E-02-1.862388848E-02-1.492355789E-02-1.117798054E-02-7.391431660E-03
-3.570852653E-03 2.726479254E-04 4.138313857E-03 8.031960525E-03 1.195321425E-02
 1.590018108E-02 1.987144742E-02 2.386578226E-02 2.788202373E-02 3.191904826E-02
 3.597577356E-02 4.005115305E-02 4.414427551E-02 4.825475129E-02 5.237966068E-02
 1.981333891E-02 1.766184724E-02 1.552105286E-02 1.339303804E-02 1.127798204E-02
 9.176443026E-03 7.089071593E-03 5.016550713E-03 2.959852420E-03 9.198980466E-04
-1.109130780E-03-3.143591464E-03-5.182776010E-03-7.221534100E-03-9.258597718E-03
-1.129520821E-02-1.333326283E-02-1.537433851E-02-1.741947886E-02-1.946943443E-02
-2.152486915E-02-2.358636641E-02-2.565439018E-02-2.772926663E-02-2.981119662E-02
-3.190025597E-02-3.399636188E-02-3.609923801E-02-3.820844085E-02-4.032337107E-02
-4.244323476E-02-4.456700792E-02-4.669342389E-02-4.882101091E-02-5.094807688E-02
-5.307266938E-02-5.519258702E-02-5.730538987E-02-5.940840290E-02-6.149870557E-02
-6.357315199E-02-6.562838405E-02-6.766086703E-02-6.966687421E-02-7.164253712E-02
-7.358387541E-02-7.548680608E-02-7.734719007E-02-7.916085563E-02-8.092363178E-02
-8.263137515E-02-8.427999797E-02-8.586549397E-02-8.738396169E-02-8.883162392E-02
-9.020484402E-02-9.150014214E-02-9.271420433E-02-9.384388942E-02-9.488623822E-02
-9.583847640E-02-9.669801314E-02-9.746244606E-02-9.812955718E-02-9.869731272E-02
-9.916386193E-02-9.952752986E-02-9.978681808E-02-9.994040474E-02-9.998713115E-02
-9.992601151E-02-9.975622704E-02-9.947711660E-02-9.908818506E-02-9.858909924E-02
-9.797968046E-02-9.725993072E-02-9.642997709E-02-9.549018613E-02-9.444098355E-02
-9.328302749E-02-9.201715489E-02-9.064433384E-02-8.916567866E-02-8.758256759E-02
-8.589648499E-02-8.410898675E-02-8.222191299E-02-8.023712950E-02-7.815660555E-02
-7.598263546E-02-7.371741870E-02-7.136305780E-02-6.892186045E-02-6.639616550E-02
-6.378815810E-02-6.110000022E-02-5.833381831E-02-5.549160138E-02-5.257519947E-02
-4.958639474E-02-4.652688242E-02-4.339826061E-02-4.020211861E-02-3.694008143E-02
-3.361380412E-02-3.022504789E-02-2.677580240E-02-2.326841709E-02-1.970572897E-02
-1.609112706E-02-1.242849564E-02-8.721796006E-03-4.976195441E-03-1.201645832E-03
 2.594899998E-03 6.420205409E-03 1.027592796E-02 1.416016113E-02 1.807117691E-02
 2.200748403E-02 2.596771335E-02 2.995064023E-02 3.395516189E-02 3.798024274E-02
 4.202485575E-02 4.608807871E-02 5.016950375E-02 5.426606152E-02 2.023375324E-02
 1.810055106E-02 1.597847652E-02 1.386970808E-02 1.177446152E-02 9.693358372E-03
 7.627106789E-03 5.576396251E-03 3.542047972E-03 1.525454323E-03-4.760824770E-04
-2.478469438E-03-4.486465319E-03-6.494835860E-03-8.500857292E-03-1.050507572E-02
-1.250921144E-02-1.451493048E-02-1.652339130E-02-1.853536195E-02-2.055145822E-02
-2.257220443E-02-2.459802299E-02-2.662923268E-02-2.866602633E-02-3.070843491E-02
-3.275633712E-02-3.480948638E-02-3.686748474E-02-3.892974586E-02-4.099547338E-02
-4.306367442E-02-4.513318234E-02-4.720260871E-02-4.927033382E-02-5.133450830E-02
-5.339307031E-02-5.544372045E-02-5.748393227E-02-5.951094703E-02-6.152180611E-02
-6.351335082E-02-6.548222276E-02-6.742490014E-02-6.933772315E-02-7.121689815E-02
-7.305853865E-02-7.485868587E-02-7.661334369E-02-7.831849989E-02-7.997015467E-02
-8.156435003E-02-8.309719169E-02-8.456487438E-02-8.596370047E-02-8.729009715E-02
-8.854063300E-02-8.971202983E-02-9.080117257E-02-9.180511417E-02-9.272108716E-02
-9.354650066E-02-9.427894511E-02-9.491619267E-02-9.545619637E-02-9.589709062E-02
-9.623718650E-02-9.647497109E-02-9.660910728E-02-9.663842628E-02-9.656193241E-02
-9.637880053E-02-9.608836592E-02-9.569013191E-02-9.518376716E-02-9.456910057E-02
-9.384614313E-02-9.301503476E-02-9.207614884E-02-9.102992276E-02-8.987704456E-02
-8.861833893E-02-8.725479693E-02-8.578756247E-02-8.421790834E-02-8.254740640E-02
-8.077756964E-02-7.891012587E-02-7.694697295E-02-7.488996604E-02-7.274114633E-02
-7.050275897E-02-6.817684159E-02-6.576538289E-02-6.327054772E-02-6.069443690E-02
-5.803898276E-02-5.530608726E-02-5.249760279E-02-4.961525187E-02-4.666064216E-02
-4.363535395E-02-4.054094574E-02-3.737895475E-02-3.415099466E-02-3.085883533E-02
-2.750441523E-02-2.408990886E-02-2.061784983E-02-1.709128579E-02-1.351391198E-02
-9.889725400E-03-6.223056707E-03-2.521973094E-03 1.203842906E-03 4.958082288E-03
 8.744945817E-03 1.256309953E-02 1.641059950E-02 2.028589427E-02 2.418751597E-02
 2.811403879E-02 3.206412114E-02 3.603654613E-02 4.003022669E-02 4.404415747E-02
 4.807746552E-02 5.212979069E-02 5.619795375E-02 2.066754390E-02 1.855262023E-02
 1.644930939E-02 1.435992390E-02 1.228471117E-02 1.022430078E-02 8.179390586E-03
 6.150654959E-03 4.138818809E-03 2.145131324E-03 1.690582339E-04-1.800781014E-03
-3.776435602E-03-5.753820115E-03-7.728624025E-03-9.700448912E-03-1.167067041E-02
-1.364098999E-02-1.561270789E-02-1.758663042E-02-1.956332474E-02-2.154328570E-02
-2.352692222E-02-2.551450869E-02-2.750617941E-02-2.950196000E-02-3.150175977E-02
-3.350533839E-02-3.551227901E-02-3.752198192E-02-3.953369602E-02-4.154650305E-02
-4.355927643E-02-4.557068490E-02-4.757919287E-02-4.958306943E-02-5.158035659E-02
-5.356888691E-02-5.554626540E-02-5.750991153E-02-5.945703302E-02-6.138463881E-02
-6.328956236E-02-6.516848277E-02-6.701792406E-02-6.883429084E-02-7.061388504E-02
-7.235293774E-02-7.404762556E-02-7.569410032E-02-7.728851662E-02-7.882705548E-02
-8.030594702E-02-8.172149377E-02-8.307008967E-02-8.434824125E-02-8.555258037E-02
-8.667987824E-02-8.772705718E-02-8.869120078E-02-8.956955552E-02-9.035954190E-02
-9.105875439E-02-9.166496407E-02-9.217611896E-02-9.259034396E-02-9.290594376E-02
-9.312139603E-02-9.323535275E-02-9.324663877E-02-9.315425088E-02-9.295735975E-02
-9.265529849E-02-9.224756946E-02-9.173384326E-02-9.111395532E-02-9.038791966E-02
-8.955588816E-02-8.861821738E-02-8.757539081E-02-8.642808076E-02-8.517709764E-02
-8.382344818E-02-8.236826218E-02-8.081277425E-02-7.915849070E-02-7.740697121E-02
-7.555979356E-02-7.361878512E-02-7.158578492E-02-6.946259793E-02-6.725127002E-02
-6.495387671E-02-6.257224544E-02-6.010820800E-02-5.756372961E-02-5.494064549E-02
-5.224063582E-02-4.946536409E-02-4.661645698E-02-4.369544756E-02-4.070380666E-02
-3.764304454E-02-3.451473942E-02-3.132054841E-02-2.806230836E-02-2.474214196E-02
-2.136248823E-02-1.792617344E-02-1.443655915E-02-1.089739847E-02-7.312557336E-03
-3.688509090E-03-3.562980320E-05 3.645013464E-03 7.359985163E-03 1.110914474E-02
 1.489029367E-02 1.870166399E-02 2.254168341E-02 2.640888956E-02 3.030190635E-02
 3.421941256E-02 3.816013278E-02 4.212286833E-02 4.610651141E-02 5.011014853E-02
 5.413346706E-02 5.817323633E-02 2.111408768E-02 1.901764124E-02 1.693336991E-02
 1.486367233E-02 1.280876252E-02 1.076924314E-02 8.745780871E-03 6.739037270E-03
 4.749700681E-03 2.778775357E-03 8.271497912E-04-1.111490534E-03-3.053923247E-03
-4.999448274E-03-6.942764674E-03-8.882241503E-03-1.081868970E-02-1.275369299E-02
-1.468866399E-02-1.662453067E-02-1.856187895E-02-2.050115005E-02-2.244268219E-02
-2.438671723E-02-2.633340444E-02-2.828277439E-02-3.023471115E-02-3.218893853E-02
-3.414503530E-02-3.610245322E-02-3.806047540E-02-4.001820032E-02-4.197454447E-02
-4.392824838E-02-4.587786518E-02-4.782174285E-02-4.975803303E-02-5.168467396E-02
-5.359943325E-02-5.549986353E-02-5.738332654E-02-5.924700486E-02-6.108791785E-02
-6.290291798E-02-6.468872165E-02-6.644192030E-02-6.815900896E-02-6.983639815E-02
-7.147044303E-02-7.305746503E-02-7.459377673E-02-7.607570512E-02-7.749961340E-02
-7.886192363E-02-8.015913596E-02-8.138784689E-02-8.254476493E-02-8.362672544E-02
-8.463070061E-02-8.555381440E-02-8.639334477E-02-8.714673352E-02-8.781158912E-02
-8.838569175E-02-8.886699387E-02-8.925361993E-02-8.954387256E-02-8.973622653E-02
-8.982932909E-02-8.982200182E-02-8.971323673E-02-8.950220234E-02-8.918823053E-02
-8.877082247E-02-8.824964978E-02-8.762455073E-02-8.689553703E-02-8.606276633E-02
-8.512657387E-02-8.408748926E-02-8.294612851E-02-8.170330829E-02-8.036001266E-02
-7.891734077E-02-7.737652462E-02-7.573890676E-02-7.400608704E-02-7.217955833E-02
-7.026096267E-02-6.825210177E-02-6.615468488E-02-6.397044230E-02-6.170133696E-02
-5.934919836E-02-5.691562881E-02-5.440228740E-02-5.181092257E-02-4.914312336E-02
-4.640036478E-02-4.358413987E-02-4.069594443E-02-3.773724267E-02-3.470951257E-02
-3.161435979E-02-2.845356619E-02-2.522910896E-02-2.194325726E-02-1.859870407E-02
-1.519865084E-02-1.174670186E-02-8.246456693E-03-4.702949506E-03-1.125715649E-03
 2.479684974E-03 6.120295057E-03 9.797686545E-03 1.350971197E-02 1.725448675E-02
 2.103035722E-02 2.483571256E-02 2.866903246E-02 3.252891881E-02 3.641407614E-02
 4.032327703E-02 4.425533267E-02 4.820907213E-02 5.218347830E-02 5.617816736E-02
 6.018979668E-02 2.157341249E-02 1.949578681E-02 1.743085729E-02 1.538107645E-02
 1.334659896E-02 1.132799574E-02 9.325931551E-03 7.341091959E-03 5.374181229E-03
 3.426066479E-03 1.498237323E-03-4.118098983E-04-2.320191940E-03-4.232721620E-03
-6.144187256E-03-8.051353728E-03-9.954205862E-03-1.185406422E-02-1.375242120E-02
-1.565035278E-02-1.754846727E-02-1.944715216E-02-2.134673301E-02-2.324745594E-02
-2.514944676E-02-2.705269255E-02-2.895704129E-02-3.086223096E-02-3.276787517E-02
-3.467342555E-02-3.657817406E-02-3.848125007E-02-4.038163076E-02-4.227811307E-02
-4.416931413E-02-4.605366591E-02-4.792940675E-02-4.979461629E-02-5.164716494E-02
-5.348474256E-02-5.530486332E-02-5.710487659E-02-5.888195975E-02-6.063314507E-02
-6.235532664E-02-6.404528465E-02-6.569969190E-02-6.731514181E-02-6.888816622E-02
-7.041525739E-02-7.189288913E-02-7.331754010E-02-7.468571524E-02-7.599396395E-02
-7.723890070E-02-7.841722405E-02-7.952573188E-02-8.056133509E-02-8.152107270E-02
-8.240211834E-02-8.320179357E-02-8.391757351E-02-8.454709233E-02-8.508814835E-02
-8.553870913E-02-8.589690785E-02-8.616105021E-02-8.632961533E-02-8.640125122E-02
-8.637477969E-02-8.624919075E-02-8.602365252E-02-8.569749598E-02-8.527022009E-02
-8.474149554E-02-8.411115815E-02-8.337921088E-02-8.254581426E-02-8.161128005E-02
-8.057615099E-02-7.944098940E-02-7.820661306E-02-7.687394864E-02-7.544406501E-02
-7.391814855E-02-7.229743484E-02-7.058342132E-02-6.877759906E-02-6.688142099E-02
-6.489653991E-02-6.282461747E-02-6.066719894E-02-5.842593238E-02-5.610261218E-02
-5.369880162E-02-5.121589884E-02-4.865540620E-02-4.601888242E-02-4.330773569E-02
-4.052332488E-02-3.766708136E-02-3.474050174E-02-3.174513439E-02-2.868263596E-02
-2.555489389E-02-2.236408924E-02-1.911272602E-02-1.580375470E-02-1.244062716E-02
-9.026866499E-03-5.566714812E-03-2.068531298E-03 1.459865971E-03 5.023897472E-03
 8.627186823E-03 1.226786042E-02 1.594369157E-02 1.965291942E-02 2.339393658E-02
 2.716520039E-02 3.096520939E-02 3.479252333E-02 3.864579770E-02 4.252379705E-02
 4.642536640E-02 5.034937762E-02 5.429481536E-02 5.826124793E-02 6.224516398E-02
 2.204585274E-02 1.998728682E-02 1.794183611E-02 1.591199164E-02 1.389788885E-02
 1.190011365E-02 9.919361417E-03 7.956365200E-03 6.011877545E-03 4.086691426E-03
 2.182065213E-03 2.978506327E-04-1.576464791E-03-3.454818450E-03-5.333804123E-03
-7.208578257E-03-9.078060640E-03-1.094309844E-02-1.280509409E-02-1.466523526E-02
-1.652425893E-02-1.838259030E-02-2.024052303E-02-2.209825460E-02-2.395586195E-02
-2.581331175E-02-2.767047510E-02-2.952709447E-02-3.138276747E-02-3.323694959E-02
-3.508895603E-02-3.693796278E-02-3.878297732E-02-4.062284991E-02-4.245625609E-02
-4.428170215E-02-4.609754278E-02-4.790193469E-02-4.969286788E-02-5.146816268E-02
-5.322547815E-02-5.496230326E-02-5.667597897E-02-5.836370143E-02-6.002254190E-02
-6.164945002E-02-6.324127889E-02-6.479479802E-02-6.630671381E-02-6.777368757E-02
-6.919235766E-02-7.055935802E-02-7.187133573E-02-7.312497711E-02-7.431702138E-02
-7.544427681E-02-7.650364059E-02-7.749211037E-02-7.840680104E-02-7.924495116E-02
-8.000393689E-02-8.068127783E-02-8.127464453E-02-8.178186388E-02-8.220092646E-02
-8.252998339E-02-8.276735180E-02-8.291152135E-02-8.296114513E-02-8.291504919E-02
-8.277222403E-02-8.253183862E-02-8.219322285E-02-8.175587174E-02-8.121945213E-02
-8.058379210E-02-7.984887837E-02-7.901487091E-02-7.808205241E-02-7.705093729E-02
-7.592206608E-02-7.469621721E-02-7.337425089E-02-7.195718914E-02-7.044613887E-02
-6.884229041E-02-6.714692934E-02-6.536154367E-02-6.348747183E-02-6.152613927E-02
-5.947911498E-02-5.734786526E-02-5.513377409E-02-5.283839744E-02-5.046331530E-02
-4.800985528E-02-4.547926599E-02-4.287294338E-02-4.019232598E-02-3.743874596E-02
-3.461356885E-02-3.171830425E-02-2.875460840E-02-2.572428781E-02-2.262936257E-02
-1.947219568E-02-1.625559676E-02-1.298281516E-02-9.657193332E-03-6.282453353E-03
-2.865824742E-03 5.837451207E-04 4.069153584E-03 7.595839572E-03 1.116274344E-02
 1.476748759E-02 1.840810524E-02 2.208276946E-02 2.578978988E-02 2.952763970E-02
 3.329489052E-02 3.709015507E-02 4.091208211E-02 4.475938745E-02 4.863087843E-02
 5.252542973E-02 5.644206684E-02 6.038041566E-02 6.433686851E-02 2.253151304E-02
 2.049200423E-02 1.846596865E-02 1.645596722E-02 1.446215710E-02 1.248517845E-02
 1.052577510E-02 8.584688163E-03 6.662648358E-03 4.760358574E-03 2.878737510E-03
 1.018966764E-03-8.238233749E-04-2.667096914E-03-4.512570222E-03-6.354752317E-03
-8.191082209E-03-1.002163985E-02-1.184758852E-02-1.367022063E-02-1.549044645E-02
-1.730874578E-02-1.912536182E-02-2.094043678E-02-2.275404493E-02-2.456616659E-02
-2.637665264E-02-2.818522664E-02-2.999148489E-02-3.179490369E-02-3.359482513E-02
-3.539044022E-02-3.718079957E-02-3.896478936E-02-4.074115162E-02-4.250848214E-02
-4.426519276E-02-4.600954221E-02-4.773962928E-02-4.945339814E-02-5.114862762E-02
-5.282295116E-02-5.447385684E-02-5.609870220E-02-5.769471606E-02-5.925901867E-02
-6.078863205E-02-6.228049793E-02-6.373149276E-02-6.513844572E-02-6.649815623E-02
-6.780741459E-02-6.906301894E-02-7.026179251E-02-7.140060259E-02-7.247637812E-02
-7.348612361E-02-7.442693433E-02-7.529600856E-02-7.609066092E-02-7.680833227E-02
-7.744659736E-02-7.800317421E-02-7.847592793E-02-7.886287797E-02-7.916220346E-02
-7.937224097E-02-7.949149555E-02-7.951863040E-02-7.945247943E-02-7.929203557E-02
-7.903646946E-02-7.868510900E-02-7.823744309E-02-7.769313077E-02-7.705198722E-02
-7.631397738E-02-7.547925071E-02-7.454805495E-02-7.352084603E-02-7.239816955E-02
-7.118070933E-02-6.986927683E-02-6.846481610E-02-6.696835071E-02-6.538100151E-02
-6.370388805E-02-6.193837249E-02-6.008575964E-02-5.814727438E-02-5.612429709E-02
-5.401823166E-02-5.183034531E-02-4.956189754E-02-4.721434671E-02-4.478906604E-02
-4.228721978E-02-3.970999100E-02-3.705875200E-02-3.433492708E-02-3.153990698E-02
-2.867521186E-02-2.574259039E-02-2.274403121E-02-1.968178081E-02-1.655843720E-02
-1.337706558E-02-1.014092183E-02-6.853375955E-03-3.520518149E-03-1.514868462E-04
 3.253601950E-03 6.701725022E-03 1.019278844E-02 1.372423622E-02 1.729401604E-02
 2.090028827E-02 2.454126100E-02 2.821520765E-02 3.192051797E-02 3.565573273E-02
 3.941951416E-02 4.321058156E-02 4.702768024E-02 5.086959193E-02 5.473514233E-02
 5.862333421E-02 6.253382728E-02 6.646296574E-02 2.303003311E-02 2.100948452E-02
 1.900278970E-02 1.701262558E-02 1.503919328E-02 1.308314395E-02 1.114519115E-02
 9.226014598E-03 7.326283888E-03 5.446680941E-03 3.588009891E-03 1.751726746E-03
-6.332302966E-05-1.870984744E-03-3.681626110E-03-5.490724900E-03-7.293947806E-03
-9.090386063E-03-1.088077521E-02-1.266634781E-02-1.444813777E-02-1.622672835E-02
-1.800238115E-02-1.977523528E-02-2.154534837E-02-2.331266892E-02-2.507703138E-02
-2.683815537E-02-2.859565448E-02-3.034901224E-02-3.209758039E-02-3.384058018E-02
-3.557708144E-02-3.730603237E-02-3.902623775E-02-4.073633479E-02-4.243482164E-02
-4.412004626E-02-4.579021054E-02-4.744335913E-02-4.907739679E-02-5.069008570E-02
-5.227905631E-02-5.384180959E-02-5.537573071E-02-5.687809839E-02-5.834609824E-02
-5.977683649E-02-6.116735421E-02-6.251464380E-02-6.381566702E-02-6.506736748E-02
-6.626669183E-02-6.741060760E-02-6.849611400E-02-6.952026431E-02-7.048017583E-02
-7.137304972E-02-7.219617715E-02-7.294695670E-02-7.362290231E-02-7.422165339E-02
-7.474098344E-02-7.517880584E-02-7.553317702E-02-7.580231000E-02-7.598456787E-02
-7.607847549E-02-7.608271159E-02-7.599612058E-02-7.581769954E-02-7.554662095E-02
-7.518220949E-02-7.472394536E-02-7.417147531E-02-7.352459635E-02-7.278324818E-02
-7.194755365E-02-7.101772128E-02-6.999413883E-02-6.887734884E-02-6.766791850E-02
-6.636661654E-02-6.497428204E-02-6.349185656E-02-6.192035085E-02-6.026080182E-02
-5.851433887E-02-5.668224230E-02-5.476561832E-02-5.276562018E-02-5.068353849E-02
-4.852058829E-02-4.627787255E-02-4.395659000E-02-4.155810945E-02-3.908365789E-02
-3.653434090E-02-3.391138423E-02-3.121624691E-02-2.845047273E-02-2.561566551E-02
-2.271366153E-02-1.974661789E-02-1.671705563E-02-1.362788356E-02-1.048216414E-02
-7.283011305E-03-4.035722687E-03-7.491753877E-04 2.574147114E-03 5.941987728E-03
 9.355442389E-03 1.281187616E-02 1.630904052E-02 1.984498982E-02 2.341788353E-02
 2.702598955E-02 3.066765265E-02 3.434126553E-02 3.804530149E-02 4.177835877E-02
 4.553916966E-02 4.932654413E-02 5.313931954E-02 5.697632859E-02 6.083653897E-02
 6.471958502E-02 6.862172794E-02 2.354095839E-02 2.153939925E-02 1.955217204E-02
 1.758203437E-02 1.562914443E-02 1.369408926E-02 1.177750431E-02 9.880030435E-03
 8.002362933E-03 6.145244489E-03 4.309468271E-03 2.496154058E-03 7.061255467E-04
-1.067664628E-03-2.842293622E-03-4.617352558E-03-6.387366843E-03-8.150060066E-03
-9.905444028E-03-1.165448103E-02-1.339825482E-02-1.513752914E-02-1.687267760E-02
-1.860382244E-02-2.033097593E-02-2.205406627E-02-2.377292557E-02-2.548728430E-02
-2.719674829E-02-2.890080948E-02-3.059883689E-02-3.229006088E-02-3.397360804E-02
-3.564846542E-02-3.731346905E-02-3.896732740E-02-4.060860995E-02-4.223574974E-02
-4.384703137E-02-4.544060712E-02-4.701449236E-02-4.856657232E-02-5.009460604E-02
-5.159623343E-02-5.306898474E-02-5.451028986E-02-5.591748962E-02-5.728784673E-02
-5.861856256E-02-5.990678810E-02-6.114963824E-02-6.234421382E-02-6.348760961E-02
-6.457693167E-02-6.560931793E-02-6.658194802E-02-6.749205794E-02-6.833695692E-02
-6.911403742E-02-6.982078863E-02-7.045480518E-02-7.101379792E-02-7.149560269E-02
-7.189818931E-02-7.221965993E-02-7.245826455E-02-7.261239893E-02-7.268061166E-02
-7.266160128E-02-7.255422510E-02-7.235748556E-02-7.207055657E-02-7.169275818E-02
-7.122355916E-02-7.066258967E-02-7.000962360E-02-6.926457165E-02-6.842751478E-02
-6.749861978E-02-6.647820493E-02-6.536677711E-02-6.416480510E-02-6.287299205E-02
-6.149206752E-02-6.002288189E-02-5.846632798E-02-5.682336747E-02-5.509492976E-02
-5.328217241E-02-5.138616536E-02-4.940788309E-02-4.734843224E-02-4.520897878E-02
-4.299058099E-02-4.069425186E-02-3.832119882E-02-3.587273859E-02-3.335005707E-02
-3.075432839E-02-2.808694772E-02-2.534959143E-02-2.254407276E-02-1.967237186E-02
-1.673682897E-02-1.374022071E-02-1.068551703E-02-7.575639262E-03-4.415249025E-03
-1.212811189E-03 2.027694311E-03 5.313851685E-03 8.648003909E-03 1.202772529E-02
 1.545063854E-02 1.891469827E-02 2.241795139E-02 2.595854547E-02 2.953474681E-02
 3.314493834E-02 3.678758650E-02 4.046120035E-02 4.416434180E-02 4.789566876E-02
 5.165396433E-02 5.543810843E-02 5.924699854E-02 6.307963988E-02 6.693567141E-02
 7.081125072E-02 2.406424641E-02 2.208191745E-02 2.011437245E-02 1.816438013E-02
 1.623199326E-02 1.431774368E-02 1.242228199E-02 1.054629599E-02 8.690544869E-03
 6.855822991E-03 5.042885666E-03 3.252554635E-03 1.486239067E-03-2.581066398E-04
-1.996090547E-03-3.735739572E-03-5.472164250E-03-7.201318257E-03-8.922196464E-03
-1.063529068E-02-1.234162724E-02-1.404211484E-02-1.573725856E-02-1.742722112E-02
-1.911199210E-02-2.079148777E-02-2.246553850E-02-2.413386079E-02-2.579606951E-02
-2.745166075E-02-2.910000736E-02-3.074039105E-02-3.237195769E-02-3.399371782E-02
-3.560456569E-02-3.720326675E-02-3.878845902E-02-4.035864211E-02-4.191219192E-02
-4.344735449E-02-4.496224921E-02-4.645487512E-02-4.792311214E-02-4.936473085E-02
-5.077739768E-02-5.215868474E-02-5.350607931E-02-5.481699557E-02-5.608878502E-02
-5.731875234E-02-5.850416613E-02-5.964227267E-02-6.073031489E-02-6.176554049E-02
-6.274522203E-02-6.366666578E-02-6.452723264E-02-6.532434216E-02-6.605549132E-02
-6.671826450E-02-6.731034305E-02-6.782951568E-02-6.827368565E-02-6.864088362E-02
-6.892926510E-02-6.913712143E-02-6.926288519E-02-6.930513185E-02-6.926258242E-02
-6.913410904E-02-6.891872037E-02-6.861559101E-02-6.822403472E-02-6.774350625E-02
-6.717361519E-02-6.651410757E-02-6.576485987E-02-6.492590100E-02-6.399735620E-02
-6.297947114E-02-6.187268289E-02-6.067739905E-02-5.939421132E-02-5.802376258E-02
-5.656679330E-02-5.502408970E-02-5.339650288E-02-5.168486092E-02-4.989010088E-02
-4.801327591E-02-4.605526747E-02-4.401699366E-02-4.189952287E-02-3.970390694E-02
-3.743111754E-02-3.508218205E-02-3.265838786E-02-3.016107689E-02-2.759152550E-02
-2.495111869E-02-2.224155838E-02-1.946487996E-02-1.662334685E-02-1.371951818E-02
-1.075615680E-02-7.736017512E-03-4.663402826E-03-1.546367736E-03 1.610402807E-03
 4.814072575E-03 8.067786967E-03 1.136935642E-02 1.471641465E-02 1.810696137E-02
 2.153901476E-02 2.501063472E-02 2.851997675E-02 3.206529964E-02 3.564496799E-02
 3.925746287E-02 4.290135527E-02 4.657526492E-02 5.027784567E-02 5.400781909E-02
 5.776400896E-02 6.154532275E-02 6.535082402E-02 6.918022248E-02 7.302962550E-02
 2.460025335E-02 2.263731077E-02 2.068945057E-02 1.875943481E-02 1.684730524E-02
 1.495363753E-02 1.307915756E-02 1.122463051E-02 9.390822226E-03 7.578477934E-03
 5.788281954E-03 4.020888095E-03 2.277357242E-03 5.582680819E-04-1.144473697E-03
-2.847318962E-03-4.549231413E-03-6.244753576E-03-7.931539696E-03-9.609376565E-03
-1.127899159E-02-1.294131076E-02-1.459700034E-02-1.624634385E-02-1.788936531E-02
-1.952595567E-02-2.115592230E-02-2.277898900E-02-2.439476455E-02-2.600275011E-02
-2.760236084E-02-2.919288206E-02-3.077347943E-02-3.234321045E-02-3.390101325E-02
-3.544570834E-02-3.697598705E-02-3.849042534E-02-3.998747719E-02-4.146547540E-02
-4.292263954E-02-4.435707176E-02-4.576676783E-02-4.714961833E-02-4.850341838E-02
-4.982587401E-02-5.111461138E-02-5.236718623E-02-5.358109744E-02-5.475379208E-02
-5.588268654E-02-5.696517437E-02-5.799863618E-02-5.898046153E-02-5.990805587E-02
-6.077885332E-02-6.159033545E-02-6.234003720E-02-6.302556229E-02-6.364459274E-02
-6.419490035E-02-6.467435567E-02-6.508093455E-02-6.541272899E-02-6.566795349E-02
-6.584494589E-02-6.594217792E-02-6.595825431E-02-6.589192000E-02-6.574206313E-02
-6.550769915E-02-6.518800233E-02-6.478227863E-02-6.428996644E-02-6.371065159E-02
-6.304404828E-02-6.228999334E-02-6.144845840E-02-6.051952712E-02-5.950336904E-02
-5.840032724E-02-5.721077655E-02-5.593516533E-02-5.457407081E-02-5.312810960E-02
-5.159797303E-02-4.998438756E-02-4.828812217E-02-4.650991307E-02-4.465072193E-02
-4.271142002E-02-4.069279800E-02-3.859578184E-02-3.642141266E-02-3.417069051E-02
-3.184459829E-02-2.944429991E-02-2.697123818E-02-2.442689084E-02-2.181277116E-02
-1.913062421E-02-1.638262630E-02-1.357135090E-02-1.069941602E-02-7.769336235E-03
-4.785092677E-03-1.754360118E-03 1.317909535E-03 4.438496701E-03 7.611105403E-03
 1.083375052E-02 1.410393697E-02 1.741964280E-02 2.077897394E-02 2.418006045E-02
 2.762104438E-02 3.110010838E-02 3.461551545E-02 3.816562433E-02 4.174888819E-02
 4.536387243E-02 4.900923818E-02 5.268370504E-02 5.638601928E-02 6.011496846E-02
 6.386939341E-02 6.764833559E-02 7.145155654E-02 7.527515840E-02 2.514910796E-02
 2.320538817E-02 2.127697544E-02 1.936670370E-02 1.747468384E-02 1.560159384E-02
 1.374820277E-02 1.191524130E-02 1.010339144E-02 8.313269734E-03 6.545493749E-03
 4.800713531E-03 3.079760585E-03 1.384102899E-03-2.884675887E-04-1.953804382E-03
-3.619635544E-03-5.281075336E-03-6.934025193E-03-8.577234886E-03-1.021089436E-02
-1.183578071E-02-1.345267210E-02-1.506203050E-02-1.666396047E-02-1.825835416E-02
-1.984500749E-02-2.142362446E-02-2.299382385E-02-2.455513907E-02-2.610697856E-02
-2.764864469E-02-2.917933948E-02-3.069815493E-02-3.220407319E-02-3.369595586E-02
-3.517255817E-02-3.663252099E-02-3.807436968E-02-3.949652406E-02-4.089729017E-02
-4.227487204E-02-4.362736997E-02-4.495278929E-02-4.624904511E-02-4.751396849E-02
-4.874531715E-02-4.994078193E-02-5.109799625E-02-5.221455105E-02-5.328799928E-02
-5.431587352E-02-5.529569379E-02-5.622498334E-02-5.710127678E-02-5.792213904E-02
-5.868516817E-02-5.938801368E-02-6.002838718E-02-6.060407016E-02-6.111292576E-02
-6.155290828E-02-6.192207013E-02-6.221856623E-02-6.244067147E-02-6.258677365E-02
-6.265538600E-02-6.264514390E-02-6.255481677E-02-6.238330924E-02-6.212964378E-02
-6.179299344E-02-6.137265495E-02-6.086804850E-02-6.027873371E-02-5.960438995E-02
-5.884481062E-02-5.799990849E-02-5.706972241E-02-5.605434558E-02-5.495402018E-02
-5.376908821E-02-5.249986179E-02-5.114684951E-02-4.971055064E-02-4.819156424E-02
-4.659050762E-02-4.490806899E-02-4.314488727E-02-4.130174647E-02-3.937953534E-02
-3.737900132E-02-3.530094777E-02-3.314636185E-02-3.091629735E-02-2.861179910E-02
-2.623398602E-02-2.378427796E-02-2.126435874E-02-1.867598075E-02-1.602107426E-02
-1.330191375E-02-1.052100791E-02-7.680862433E-03-4.785310302E-03-1.841652822E-03
 1.145370222E-03 4.182473066E-03 7.273612621E-03 1.041687366E-02 1.360966531E-02
 1.684989652E-02 2.013560859E-02 2.346493802E-02 2.683612250E-02 3.024742943E-02
 3.369712684E-02 3.718350968E-02 4.070494005E-02 4.425986783E-02 4.784682835E-02
 5.146445958E-02 5.511150042E-02 5.878675764E-02 6.248906468E-02 6.621725275E-02
 6.997030847E-02 7.374795588E-02 7.754625799E-02 2.571037598E-02 2.378564225E-02
 2.187651794E-02 1.998599125E-02 1.811424124E-02 1.626193185E-02 1.442976232E-02
 1.261831966E-02 1.082815837E-02 9.059871727E-03 7.314144277E-03 5.591740631E-03
 3.893417686E-03 2.220246432E-03 5.727999465E-04-1.056777362E-03-2.684917306E-03
-4.311224851E-03-5.930231995E-03-7.539268510E-03-9.137732846E-03-1.072603770E-02
-1.230492995E-02-1.387500689E-02-1.543653160E-02-1.698946515E-02-1.853358382E-02
-2.006859357E-02-2.159413010E-02-2.310971370E-02-2.461476989E-02-2.610862897E-02
-2.759051900E-02-2.905956624E-02-3.051478503E-02-3.195509057E-02-3.337929083E-02
-3.478608482E-02-3.617407393E-02-3.754174974E-02-3.888750619E-02-4.020963774E-02
-4.150634536E-02-4.277574091E-02-4.401585097E-02-4.522462630E-02-4.639994573E-02
-4.753962838E-02-4.864143799E-02-4.970309480E-02-5.072228890E-02-5.169668224E-02
-5.262392930E-02-5.350168281E-02-5.432760321E-02-5.509937813E-02-5.581472446E-02
-5.647140443E-02-5.706723496E-02-5.760009699E-02-5.806794528E-02-5.846881750E-02
-5.880084447E-02-5.906224711E-02-5.925135845E-02-5.936661792E-02-5.940658230E-02
-5.936991836E-02-5.925541997E-02-5.906200812E-02-5.878871237E-02-5.843470376E-02
-5.799926880E-02-5.748180826E-02-5.688185396E-02-5.619904867E-02-5.543314109E-02
-5.458398572E-02-5.365157124E-02-5.263591793E-02-5.153717322E-02-5.035562849E-02
-4.909149488E-02-4.774518652E-02-4.631711643E-02-4.480778315E-02-4.321772049E-02
-4.154751726E-02-3.979778663E-02-3.796914158E-02-3.606243316E-02-3.407844605E-02
-3.201792671E-02-2.988178581E-02-2.767112018E-02-2.538707792E-02-2.303086229E-02
-2.060386837E-02-1.810788762E-02-1.554498105E-02-1.291732209E-02-1.022706925E-02
-7.476466718E-03-4.669403709E-03-1.813097889E-03 1.088144562E-03 4.041325536E-03
 7.050610737E-03 1.011420146E-02 1.322935064E-02 1.639378865E-02 1.960549195E-02
 2.286255587E-02 2.616316178E-02 2.950559177E-02 3.288821911E-02 3.630943775E-02
 3.976763163E-02 4.326120009E-02 4.678859754E-02 5.034835718E-02 5.393909092E-02
 5.755950092E-02 6.120839365E-02 6.488464785E-02 6.858715091E-02 7.231490617E-02
 7.606761102E-02 7.984123499E-02 2.628359146E-02 2.437785100E-02 2.248819832E-02
 2.061769386E-02 1.876645010E-02 1.693499077E-02 1.512384802E-02 1.333354128E-02
 1.156466604E-02 9.817944424E-03 8.094152830E-03 6.394030577E-03 4.718214898E-03
 3.067368710E-03 1.442798596E-03-1.571303575E-04-1.747053864E-03-3.336431822E-03
-4.920873941E-03-6.495900859E-03-8.059828838E-03-9.612447091E-03-1.115424398E-02
-1.268586617E-02-1.420773998E-02-1.571994927E-02-1.722234151E-02-1.871462415E-02
-2.019640359E-02-2.166721475E-02-2.312650436E-02-2.457362340E-02-2.600782697E-02
-2.742826525E-02-2.883399684E-02-3.022398051E-02-3.159707162E-02-3.295203481E-02
-3.428753016E-02-3.560212477E-02-3.689429126E-02-3.816241095E-02-3.940477785E-02
-4.061960278E-02-4.180501886E-02-4.295908616E-02-4.407980171E-02-4.516509938E-02
-4.621286932E-02-4.722095617E-02-4.818717347E-02-4.910931211E-02-4.998515178E-02
-5.081246786E-02-5.158904759E-02-5.231269259E-02-5.298123515E-02-5.359254784E-02
-5.414455044E-02-5.463522166E-02-5.506260705E-02-5.542482607E-02-5.572008623E-02
-5.594667774E-02-5.610298962E-02-5.618751262E-02-5.619884751E-02-5.613569318E-02
-5.599686766E-02-5.578130766E-02-5.548804985E-02-5.511626276E-02-5.466522215E-02
-5.413430899E-02-5.352302664E-02-5.283098087E-02-5.205787658E-02-5.120351276E-02
-5.026782172E-02-4.925075921E-02-4.815238759E-02-4.697292787E-02-4.571253500E-02
-4.437149937E-02-4.295018233E-02-4.144897928E-02-3.986836246E-02-3.820883305E-02
-3.647097638E-02-3.465533259E-02-3.276263960E-02-3.079375189E-02-2.874943780E-02
-2.663056608E-02-2.443823941E-02-2.217372570E-02-1.983837579E-02-1.743369067E-02
-1.496151971E-02-1.242408877E-02-9.823544121E-03-7.162006768E-03-4.443246868E-03
-1.674197996E-03 1.141365900E-03 4.010714280E-03 6.937941503E-03 9.921405633E-03
 1.295848829E-02 1.604690897E-02 1.918446648E-02 2.236906680E-02 2.559882312E-02
 2.887198512E-02 3.218687825E-02 3.554191568E-02 3.893559377E-02 4.236642449E-02
 4.583289935E-02 4.933351482E-02 5.286681140E-02 5.643139892E-02 6.002596063E-02
 6.364925904E-02 6.730015499E-02 7.097756167E-02 7.468053990E-02 7.840883173E-02
 8.215835324E-02 2.686886564E-02 2.498245532E-02 2.311259173E-02 2.126229293E-02
 1.943146153E-02 1.762050173E-02 1.582995221E-02 1.406045308E-02 1.231275706E-02
 1.058762026E-02 8.885731150E-03 7.207676071E-03 5.554016621E-03 3.925367843E-03
 2.322735151E-03 7.470748578E-04-8.077730678E-04-2.358508167E-03-3.906964541E-03
-5.447710135E-03-6.977498508E-03-8.495229607E-03-1.000091094E-02-1.149503302E-02
-1.297810116E-02-1.445039636E-02-1.591188715E-02-1.736229841E-02-1.880124319E-02
-2.022826038E-02-2.164281111E-02-2.304426803E-02-2.443190457E-02-2.580490826E-02
-2.716237292E-02-2.850329479E-02-2.982658639E-02-3.113106101E-02-3.241544262E-02
-3.367836614E-02-3.491837843E-02-3.613394244E-02-3.732343932E-02-3.848517275E-02
-3.961737455E-02-4.071820923E-02-4.178577975E-02-4.281813629E-02-4.381327935E-02
-4.476917487E-02-4.568375314E-02-4.655492619E-02-4.738059281E-02-4.815864513E-02
-4.888698781E-02-4.956353614E-02-5.018623249E-02-5.075305458E-02-5.126202252E-02
-5.171120948E-02-5.209874949E-02-5.242284348E-02-5.268177039E-02-5.287389065E-02
-5.299764926E-02-5.305158677E-02-5.303434623E-02-5.294465967E-02-5.278136876E-02
-5.254342511E-02-5.222987262E-02-5.183987714E-02-5.137270377E-02-5.082771407E-02
-5.020438356E-02-4.950228180E-02-4.872107235E-02-4.786050300E-02-4.692044599E-02
-4.590080436E-02-4.480156546E-02-4.362286607E-02-4.236483710E-02-4.102764351E-02
-3.961160894E-02-3.811704255E-02-3.654436335E-02-3.489401505E-02-3.316653532E-02
-3.136248164E-02-2.948247373E-02-2.752739617E-02-2.549811347E-02-2.339551629E-02
-2.122070748E-02-1.897505812E-02-1.666011126E-02-1.427757263E-02-1.182928523E-02
-9.317192200E-03-6.743592997E-03-4.112552932E-03-1.430648136E-03 1.299511336E-03
 4.085693359E-03 6.931368390E-03 9.834729556E-03 1.279337879E-02 1.580523528E-02
 1.886820881E-02 2.198017602E-02 2.513903995E-02 2.834284023E-02 3.158983299E-02
 3.487840683E-02 3.820701666E-02 4.157419436E-02 4.497854854E-02 4.841870134E-02
 5.189324436E-02 5.540076462E-02 5.893988294E-02 6.250928017E-02 6.610770702E-02
 6.973398069E-02 7.338698021E-02 7.706577533E-02 8.077016592E-02 8.449606870E-02
 2.746685734E-02 2.560005538E-02 2.375000516E-02 2.191962318E-02 2.010876032E-02
 1.831790606E-02 1.654778758E-02 1.479916244E-02 1.307274580E-02 1.136914407E-02
 9.688872844E-03 8.032478144E-03 6.400622406E-03 4.794040446E-03 3.213425945E-03
 1.659839959E-03 1.326130878E-04-1.379724719E-03-2.890052417E-03-4.395542508E-03
-5.891157521E-03-7.374578680E-03-8.845066602E-03-1.030271906E-02-1.174799385E-02
-1.318128325E-02-1.460270547E-02-1.601210865E-02-1.740914230E-02-1.879334715E-02
-2.016419098E-02-2.152105810E-02-2.286325404E-02-2.418999572E-02-2.550040718E-02
-2.679353376E-02-2.806832759E-02-2.932365545E-02-3.055830098E-02-3.177096202E-02
-3.296025631E-02-3.412472263E-02-3.526282314E-02-3.637295029E-02-3.745342685E-02
-3.850251583E-02-3.951842009E-02-4.049929492E-02-4.144325124E-02-4.234836140E-02
-4.321267006E-02-4.403420170E-02-4.481096633E-02-4.554097258E-02-4.622223063E-02
-4.685276519E-02-4.743062389E-02-4.795388441E-02-4.842066330E-02-4.882912445E-02
-4.917748710E-02-4.946403217E-02-4.968710604E-02-4.984513685E-02-4.993662566E-02
-4.996016115E-02-4.991442609E-02-4.979818628E-02-4.961030662E-02-4.934975288E-02
-4.901557645E-02-4.860694087E-02-4.812310134E-02-4.756340136E-02-4.692729027E-02
-4.621430395E-02-4.542406774E-02-4.455628359E-02-4.361076463E-02-4.258737285E-02
-4.148603054E-02-4.030678974E-02-3.904976762E-02-3.771503255E-02-3.630286165E-02
-3.481351463E-02-3.324735506E-02-3.160480347E-02-2.988635318E-02-2.809260010E-02
-2.622413000E-02-2.428179021E-02-2.226657609E-02-2.017946965E-02-1.802162237E-02
-1.579449772E-02-1.349981992E-02-1.113933589E-02-8.714674536E-03-6.227997596E-03
-3.683785087E-03-1.088317655E-03 1.557149190E-03 4.260903133E-03 7.025825017E-03
 9.849803345E-03 1.273035955E-02 1.566551727E-02 1.865342542E-02 2.169214165E-02
 2.477966235E-02 2.791397781E-02 3.109310812E-02 3.431521476E-02 3.757868202E-02
 4.088202395E-02 4.422381280E-02 4.760268805E-02 5.101736059E-02 5.446655516E-02
 5.794895704E-02 6.146323764E-02 6.500809290E-02 6.858227129E-02 7.218458302E-02
 7.581386981E-02 7.946915629E-02 8.315024308E-02 8.685304082E-02 2.807804079E-02
 2.623061515E-02 2.439996273E-02 2.258905126E-02 2.079790590E-02 1.902720474E-02
 1.727770742E-02 1.555006557E-02 1.384478691E-02 1.216234192E-02 1.050327976E-02
 8.868315020E-03 7.258206636E-03 5.673589932E-03 4.114904860E-03 2.582747095E-03
 1.078322622E-03-4.015309094E-04-1.872483441E-03-3.340719427E-03-4.801497758E-03
-6.250764643E-03-7.686766571E-03-9.108993343E-03-1.051758348E-02-1.191289047E-02
-1.329518071E-02-1.466446543E-02-1.602050096E-02-1.736286370E-02-1.869101990E-02
-2.000437119E-02-2.130224551E-02-2.258388435E-02-2.384845433E-02-2.509503446E-02
-2.632262096E-02-2.753013244E-02-2.871640522E-02-2.988019922E-02-3.102019835E-02
-3.213501194E-02-3.322318015E-02-3.428317517E-02-3.531340933E-02-3.631223183E-02
-3.727794516E-02-3.820879950E-02-3.910300827E-02-3.995874685E-02-4.077416561E-02
-4.154739457E-02-4.227654772E-02-4.295974147E-02-4.359508939E-02-4.418071808E-02
-4.471477479E-02-4.519543214E-02-4.562089834E-02-4.598942376E-02-4.629930778E-02
-4.654890921E-02-4.673664023E-02-4.686099142E-02-4.692051940E-02-4.691385936E-02
-4.683973135E-02-4.669693484E-02-4.648435774E-02-4.620097958E-02-4.584585980E-02
-4.541816059E-02-4.491712870E-02-4.434209174E-02-4.369247578E-02-4.296778692E-02
-4.216761643E-02-4.129162663E-02-4.033957728E-02-3.931129835E-02-3.820665749E-02
-3.702563358E-02-3.576832673E-02-3.443475506E-02-3.302512819E-02-3.153969839E-02
-2.997877812E-02-2.834278977E-02-2.663220843E-02-2.484765097E-02-2.298976730E-02
-2.105935162E-02-1.905750302E-02-1.698537415E-02-1.484423578E-02-1.263558589E-02
-1.036104439E-02-8.022214617E-03-5.621460974E-03-3.163516280E-03-6.537268726E-04
 1.908389441E-03 4.530990240E-03 7.216151232E-03 9.961545959E-03 1.276480251E-02
 1.562391369E-02 1.853696178E-02 2.150215995E-02 2.451775901E-02 2.758191256E-02
 3.069271925E-02 3.384827507E-02 3.704670679E-02 4.028628705E-02 4.356551609E-02
 4.688302155E-02 5.023748219E-02 5.362763520E-02 5.705228462E-02 6.051025044E-02
 6.400030593E-02 6.752120139E-02 7.107170443E-02 7.465062399E-02 7.825679698E-02
 8.188922156E-02 8.554765242E-02 8.922795194E-02 2.870200374E-02 2.687347881E-02
 2.506188401E-02 2.327041388E-02 2.149920944E-02 1.974890095E-02 1.802006229E-02
 1.631312711E-02 1.462854671E-02 1.296691480E-02 1.132899679E-02 9.715532933E-03
 8.127086110E-03 6.564047706E-03 5.026841252E-03 3.516042138E-03 2.032673792E-03
 5.774254820E-04-8.567806641E-04-2.285389792E-03-3.709645485E-03-5.124320039E-03
-6.526176394E-03-7.913814850E-03-9.286813337E-03-1.064529451E-02-1.198952894E-02
-1.331967206E-02-1.463563953E-02-1.593710417E-02-1.722357803E-02-1.849447339E-02
-1.974912747E-02-2.098681546E-02-2.220673336E-02-2.340799657E-02-2.458964734E-02
-2.575064897E-02-2.688989109E-02-2.800619051E-02-2.909829285E-02-3.016487553E-02
-3.120455011E-02-3.221586619E-02-3.319731483E-02-3.414733367E-02-3.506430982E-02
-3.594658974E-02-3.679247695E-02-3.760024547E-02-3.836814387E-02-3.909439996E-02
-3.977723090E-02-4.041484733E-02-4.100546215E-02-4.154729852E-02-4.203859648E-02
-4.247761909E-02-4.286266098E-02-4.319205434E-02-4.346417453E-02-4.367745278E-02
-4.383036762E-02-4.392146621E-02-4.394935899E-02-4.391272665E-02-4.381032439E-02
-4.364098440E-02-4.340361786E-02-4.309721812E-02-4.272085358E-02-4.227368668E-02
-4.175495796E-02-4.116398212E-02-4.050016587E-02-3.976299062E-02-3.895201893E-02
-3.806688058E-02-3.710729115E-02-3.607305543E-02-3.496399868E-02-3.378004478E-02
-3.252126865E-02-3.118768428E-02-2.977942583E-02-2.829676408E-02-2.673998280E-02
-2.510951444E-02-2.340585292E-02-2.162962853E-02-1.978159782E-02-1.786257529E-02
-1.587371837E-02-1.381637470E-02-1.169185916E-02-9.501459585E-03-7.246704392E-03
-4.930390324E-03-2.557739279E-03-1.329354666E-04 2.347397167E-03 4.890320930E-03
 7.496968268E-03 1.016488396E-02 1.289175981E-02 1.567562948E-02 1.851461813E-02
 2.140687426E-02 2.435062530E-02 2.734423497E-02 3.038605898E-02 3.347433777E-02
 3.660726443E-02 3.978303289E-02 4.299986836E-02 4.625614500E-02 4.955046828E-02
 5.288156878E-02 5.624822220E-02 5.964925466E-02 6.308355507E-02 6.655003130E-02
 7.004753970E-02 7.357490576E-02 7.713096132E-02 8.071454381E-02 8.432464798E-02
 8.796101638E-02 9.161943900E-02 2.933804452E-02 2.752830817E-02 2.573595634E-02
 2.396425022E-02 2.221319430E-02 2.048317104E-02 1.877459193E-02 1.708792474E-02
 1.542384314E-02 1.378313647E-02 1.216649924E-02 1.057438605E-02 9.007121550E-03
 7.465129290E-03 5.949042001E-03 4.459547779E-03 2.997293440E-03 1.563292140E-03
 1.569131255E-04-1.232502986E-03-2.617542245E-03-3.996273807E-03-5.363712588E-03
-6.717191602E-03-8.055528631E-03-9.378352747E-03-1.068573626E-02-1.197785701E-02
-1.325476519E-02-1.451629611E-02-1.576206765E-02-1.699153312E-02-1.820405286E-02
-1.939891767E-02-2.057534917E-02-2.173250325E-02-2.286946079E-02-2.398523119E-02
-2.507875388E-02-2.614889944E-02-2.719447160E-02-2.821421169E-02-2.920679805E-02
-3.017085394E-02-3.110494346E-02-3.200758607E-02-3.287725065E-02-3.371236831E-02
-3.451133231E-02-3.527250701E-02-3.599423209E-02-3.667482564E-02-3.731260121E-02
-3.790586007E-02-3.845290665E-02-3.895205438E-02-3.940163006E-02-3.979998180E-02
-4.014548557E-02-4.043655106E-02-4.067162627E-02-4.084920758E-02-4.096783947E-02
-4.102612212E-02-4.102271672E-02-4.095634884E-02-4.082580719E-02-4.062995523E-02
-4.036772813E-02-4.003813363E-02-3.964025057E-02-3.917324365E-02-3.863635032E-02
-3.802887620E-02-3.735021340E-02-3.659982469E-02-3.577725066E-02-3.488209663E-02
-3.391404484E-02-3.287288093E-02-3.175840262E-02-3.057049891E-02-2.930921421E-02
-2.797459077E-02-2.656670518E-02-2.508584962E-02-2.353231739E-02-2.190655009E-02
-2.020909624E-02-1.844062138E-02-1.660199034E-02-1.469414139E-02-1.271820758E-02
-1.067550036E-02-8.567212570E-03-6.394892571E-03-4.161723564E-03-1.872981748E-03
 4.685004417E-04 2.869071867E-03 5.333854685E-03 7.863143790E-03 1.045465588E-02
 1.310619570E-02 1.581583402E-02 1.858164986E-02 2.140178004E-02 2.427447625E-02
 2.719803004E-02 3.017082048E-02 3.319134195E-02 3.625803775E-02 3.936922773E-02
 4.252319340E-02 4.571821956E-02 4.895262229E-02 5.222486881E-02 5.553366016E-02
 5.887782052E-02 6.225621391E-02 6.566774768E-02 6.911138804E-02 7.258612329E-02
 7.609089002E-02 7.962458122E-02 8.318606051E-02 8.677432684E-02 9.038912520E-02
 9.402620575E-02 2.998618154E-02 2.819559960E-02 2.642282026E-02 2.467096773E-02
 2.293978190E-02 2.122957533E-02 1.954089737E-02 1.787450194E-02 1.623117140E-02
 1.461151814E-02 1.301587874E-02 1.144453461E-02 9.897930210E-03 8.376743639E-03
 6.881694786E-03 5.413407631E-03 3.972364861E-03 2.559085214E-03 1.174590332E-03
-1.833932755E-04-1.528312949E-03-2.868449089E-03-4.200284888E-03-5.519440604E-03
-6.823636017E-03-8.111797795E-03-9.383552798E-03-1.063889458E-02-1.187790623E-02
-1.310055959E-02-1.430662078E-02-1.549565887E-02-1.666709038E-02-1.782022621E-02
-1.895431297E-02-2.006853478E-02-2.116201085E-02-2.223379454E-02-2.328287266E-02
-2.430816642E-02-2.530853656E-02-2.628278191E-02-2.722964701E-02-2.814781770E-02
-2.903593440E-02-2.989258607E-02-3.071632378E-02-3.150565435E-02-3.225905481E-02
-3.297497376E-02-3.365183552E-02-3.428804708E-02-3.488200454E-02-3.543209703E-02
-3.593671495E-02-3.639425558E-02-3.680312718E-02-3.716175720E-02-3.746859762E-02
-3.772213064E-02-3.792087430E-02-3.806338447E-02-3.814826822E-02-3.817417716E-02
-3.813982009E-02-3.804396641E-02-3.788543777E-02-3.766312747E-02-3.737599554E-02
-3.702306527E-02-3.660342802E-02-3.611625346E-02-3.556077961E-02-3.493630782E-02
-3.424222123E-02-3.347797087E-02-3.264308285E-02-3.173714696E-02-3.075982401E-02
-2.971088613E-02-2.859012141E-02-2.739740282E-02-2.613274711E-02-2.479623998E-02
-2.338793989E-02-2.190814618E-02-2.035720518E-02-1.873557753E-02-1.704389700E-02
-1.528290656E-02-1.345354020E-02-1.155678582E-02-9.593558518E-03-7.565070466E-03
-5.473347893E-03-3.322182578E-03-1.115949379E-03 1.144739680E-03 3.467887112E-03
 5.856702932E-03 8.310200263E-03 1.082636567E-02 1.340346874E-02 1.603974392E-02
 1.873329958E-02 2.148225653E-02 2.428476386E-02 2.713908844E-02 3.004361768E-02
 3.299677324E-02 3.599707152E-02 3.904311945E-02 4.213343465E-02 4.526641048E-02
 4.844041125E-02 5.165380619E-02 5.490499548E-02 5.819253174E-02 6.151520309E-02
 6.487191888E-02 6.826162381E-02 7.168329956E-02 7.513598279E-02 7.861873633E-02
 8.213056986E-02 8.567041132E-02 8.923729014E-02 9.283096609E-02 9.644714979E-02
 3.064711515E-02 2.887594135E-02 2.712264544E-02 2.539022875E-02 2.367844778E-02
 2.198786419E-02 2.031930169E-02 1.867350539E-02 1.705096357E-02 1.545191525E-02
 1.387662447E-02 1.232559218E-02 1.079953645E-02 9.299179644E-03 7.825134205E-03
 6.377905767E-03 4.957896928E-03 3.565420752E-03 2.201049988E-03 8.657639532E-04
-4.445207763E-04-1.743967777E-03-3.037662144E-03-4.321428767E-03-5.591370419E-03
-6.845437406E-03-8.082590732E-03-9.302414627E-03-1.050482443E-02-1.168980701E-02
-1.285725742E-02-1.400689693E-02-1.513825488E-02-1.625071475E-02-1.734355654E-02
-1.841598780E-02-1.946715938E-02-2.049616380E-02-2.150203212E-02-2.248373592E-02
-2.344018713E-02-2.437024194E-02-2.527270295E-02-2.614632122E-02-2.698980162E-02
-2.780180404E-02-2.858094904E-02-2.932582075E-02-3.003497268E-02-3.070693105E-02
-3.134019746E-02-3.193326382E-02-3.248460383E-02-3.299268721E-02-3.345598416E-02
-3.387296980E-02-3.424212936E-02-3.456196450E-02-3.483099827E-02-3.504777997E-02
-3.521089468E-02-3.531895491E-02-3.537062524E-02-3.536460738E-02-3.529965534E-02
-3.517458080E-02-3.498823874E-02-3.473955156E-02-3.442750498E-02-3.405113976E-02
-3.360956227E-02-3.310195057E-02-3.252754754E-02-3.188565563E-02-3.117565543E-02
-3.039699381E-02-2.954919078E-02-2.863183041E-02-2.764456457E-02-2.658715851E-02
-2.545940886E-02-2.426118871E-02-2.299249952E-02-2.165347323E-02-2.024419754E-02
-1.876497005E-02-1.721622890E-02-1.559848614E-02-1.391245468E-02-1.215890729E-02
-1.033865448E-02-8.452585084E-03-6.501863340E-03-4.489019144E-03-2.418428919E-03
-2.931016977E-04 1.889950178E-03 4.138103611E-03 6.453093264E-03 8.832993361E-03
 1.127570840E-02 1.377962681E-02 1.634334020E-02 1.896532447E-02 2.164380841E-02
 2.437696049E-02 2.716297616E-02 3.000009640E-02 3.288672101E-02 3.582136031E-02
 3.880255553E-02 4.182894764E-02 4.489923971E-02 4.801201303E-02 5.116572966E-02
 5.435883156E-02 5.758976644E-02 6.085701250E-02 6.415920090E-02 6.749519923E-02
 7.086399448E-02 7.426460515E-02 7.769608120E-02 8.115752463E-02 8.464806286E-02
 8.816674583E-02 9.171267235E-02 9.528564256E-02 9.888134384E-02 3.132128222E-02
 2.956919366E-02 2.783490633E-02 2.612154810E-02 2.442920502E-02 2.275862401E-02
 2.111049801E-02 1.948517131E-02 1.788281553E-02 1.630370995E-02 1.474843333E-02
 1.321773287E-02 1.171232312E-02 1.023280008E-02 8.779654327E-03 7.353264497E-03
 5.953945329E-03 4.582034550E-03 3.237939049E-03 1.922449180E-03 6.362798013E-04
-6.262958626E-04-1.879029888E-03-3.124930657E-03-4.359595717E-03-5.579452225E-03
-6.782574640E-03-7.967925659E-03-9.135016179E-03-1.028366202E-02-1.141376637E-02
-1.252515413E-02-1.361750190E-02-1.469031876E-02-1.574296588E-02-1.677469924E-02
-1.778470019E-02-1.877209199E-02-1.973594476E-02-2.067527564E-02-2.158904573E-02
-2.247616637E-02-2.333549272E-02-2.416583911E-02-2.496596933E-02-2.573461173E-02
-2.647045088E-02-2.717214155E-02-2.783830895E-02-2.846755205E-02-2.905844767E-02
-2.960955991E-02-3.011943901E-02-3.058662979E-02-3.100967674E-02-3.138712693E-02
-3.171753722E-02-3.199947886E-02-3.223154156E-02-3.241233784E-02-3.254051422E-02
-3.261474007E-02-3.263373192E-02-3.259624047E-02-3.250106322E-02-3.234705227E-02
-3.213309714E-02-3.185814932E-02-3.152122130E-02-3.112137372E-02-3.065773108E-02
-3.012948380E-02-2.953588465E-02-2.887624320E-02-2.814994454E-02-2.735643945E-02
-2.649525049E-02-2.556596652E-02-2.456824331E-02-2.350184829E-02-2.236660275E-02
-2.116239413E-02-1.988922804E-02-1.854728305E-02-1.713672448E-02-1.565786252E-02
-1.411123010E-02-1.249736475E-02-1.081690017E-02-9.070496369E-03-7.258987266E-03
-5.384015158E-03-3.448754417E-03-1.457028852E-03 5.898082256E-04 2.698940619E-03
 4.874703952E-03 7.117632821E-03 9.425818325E-03 1.179722924E-02 1.423009649E-02
 1.672288965E-02 1.927423942E-02 2.188282328E-02 2.454713043E-02 2.726541739E-02
 3.003592563E-02 3.285692072E-02 3.572674346E-02 3.864392542E-02 4.160708716E-02
 4.461488019E-02 4.766605796E-02 5.075940482E-02 5.389355751E-02 5.706704279E-02
 6.027837543E-02 6.352607624E-02 6.680869585E-02 7.012493784E-02 7.347374244E-02
 7.685416755E-02 8.026529929E-02 8.370625171E-02 8.717618302E-02 9.067424984E-02
 9.419967918E-02 9.775235232E-02 1.013279580E-01 3.200824889E-02 3.027476401E-02
 2.855928497E-02 2.686525523E-02 2.519282184E-02 2.354247235E-02 2.191444256E-02
 2.030887119E-02 1.872608869E-02 1.716675169E-02 1.563162480E-02 1.412140382E-02
 1.263666730E-02 1.117788684E-02 9.745403442E-03 8.339498707E-03 6.960511859E-03
 5.608889411E-03 4.285135818E-03 2.989727147E-03 1.723350497E-03 4.861356413E-04
-7.285052319E-04-1.933323819E-03-3.130189656E-03-4.314762462E-03-5.483692191E-03
-6.635094943E-03-7.767884922E-03-8.881488381E-03-9.975613629E-03-1.105006701E-02
-1.210461382E-02-1.313889385E-02-1.415239926E-02-1.514448371E-02-1.611439095E-02
-1.706128403E-02-1.798426871E-02-1.888239799E-02-1.975468017E-02-2.060007157E-02
-2.141748564E-02-2.220578800E-02-2.296380483E-02-2.369032115E-02-2.438408761E-02
-2.504382380E-02-2.566822062E-02-2.625594277E-02-2.680564153E-02-2.731594641E-02
-2.778547794E-02-2.821285130E-02-2.859668015E-02-2.893557966E-02-2.922817321E-02
-2.947309678E-02-2.966900310E-02-2.981456498E-02-2.990848397E-02-2.994948691E-02
-2.993633820E-02-2.986783645E-02-2.974282157E-02-2.956018433E-02-2.931885040E-02
-2.901780130E-02-2.865607766E-02-2.823276291E-02-2.774700334E-02-2.719800622E-02
-2.658503971E-02-2.590742709E-02-2.516456545E-02-2.435591817E-02-2.348101965E-02
-2.253947420E-02-2.153095408E-02-2.045524008E-02-1.931219268E-02-1.810173137E-02
-1.682389415E-02-1.547891033E-02-1.406704305E-02-1.258858939E-02-1.104404028E-02
-9.433838589E-03-7.758565630E-03-6.019316177E-03-4.218381721E-03-2.359234150E-03
-4.443261320E-04 1.528547923E-03 3.566897963E-03 5.672945671E-03 7.845841552E-03
 1.008391683E-02 1.238562190E-02 1.474935085E-02 1.717337178E-02 1.965607425E-02
 2.219608955E-02 2.479219455E-02 2.744313644E-02 3.014739584E-02 3.290326837E-02
 3.570906500E-02 3.856312104E-02 4.146388770E-02 4.441002071E-02 4.740023893E-02
 5.043329621E-02 5.350804701E-02 5.662334343E-02 5.977787167E-02 6.297021977E-02
 6.619897075E-02 6.946271353E-02 7.276006618E-02 7.608979914E-02 7.945091914E-02
 8.284254897E-02 8.626383811E-02 8.971395626E-02 9.319208314E-02 9.669754112E-02
 1.002303500E-01 1.037862478E-01 3.270743637E-02 3.099263725E-02 2.929641062E-02
 2.762218912E-02 2.596971946E-02 2.433905311E-02 2.273035283E-02 2.114403835E-02
 1.958082503E-02 1.804148176E-02 1.652667951E-02 1.503697834E-02 1.357282398E-02
 1.213451609E-02 1.072230956E-02 9.336542333E-03 7.977671581E-03 6.646249446E-03
 5.342813229E-03 4.067683174E-03 2.821023677E-03 1.603423940E-03 4.148684488E-04
-7.512572658E-04-1.906856486E-03-3.053473172E-03-4.186994935E-03-5.304169856E-03
-6.403094214E-03-7.482608021E-03-8.542021337E-03-9.580931215E-03-1.059904690E-02
-1.159606622E-02-1.257159625E-02-1.352511801E-02-1.445598390E-02-1.536343882E-02
-1.624664106E-02-1.710468634E-02-1.793662052E-02-1.874144288E-02-1.951811486E-02
-2.026555285E-02-2.098263945E-02-2.166821501E-02-2.232108997E-02-2.294004496E-02
-2.352383325E-02-2.407118267E-02-2.458080810E-02-2.505140509E-02-2.548165930E-02
-2.587025073E-02-2.621585691E-02-2.651715734E-02-2.677283796E-02-2.698159556E-02
-2.714214149E-02-2.725320733E-02-2.731354479E-02-2.732193646E-02-2.727719312E-02
-2.717815991E-02-2.702371901E-02-2.681279862E-02-2.654436227E-02-2.621742321E-02
-2.583105204E-02-2.538435845E-02-2.487651460E-02-2.430674975E-02-2.367435344E-02
-2.297866957E-02-2.221911514E-02-2.139517482E-02-2.050640454E-02-1.955243547E-02
-1.853297086E-02-1.744782141E-02-1.629690290E-02-1.508018468E-02-1.379774595E-02
-1.244981775E-02-1.103666375E-02-9.558470572E-03-8.015672503E-03-6.409023918E-03
-4.740131460E-03-3.011850406E-03-1.226913578E-03 6.140720295E-04 2.518237259E-03
 4.489270521E-03 6.528048065E-03 8.633197495E-03 1.080318728E-02 1.303677873E-02
 1.533271212E-02 1.768952134E-02 2.010554337E-02 2.257910477E-02 2.510878262E-02
 2.769337564E-02 3.033177596E-02 3.302275439E-02 3.576477356E-02 3.855618149E-02
 4.139535425E-02 4.428069993E-02 4.721078891E-02 5.018438906E-02 5.320030735E-02
 5.625739311E-02 5.935459059E-02 6.249080780E-02 6.566477601E-02 6.887514157E-02
 7.212055142E-02 7.539965808E-02 7.871114247E-02 8.205383685E-02 8.542680901E-02
 8.882924245E-02 9.226034150E-02 9.571929718E-02 9.920544938E-02 1.027189053E-01
 1.062555134E-01 3.341917886E-02 3.172365157E-02 3.004706783E-02 2.839247348E-02
 2.675925520E-02 2.514752020E-02 2.355781988E-02 2.199091174E-02 2.044755297E-02
 1.892838773E-02 1.743395615E-02 1.596466966E-02 1.452078694E-02 1.310254242E-02
 1.171027972E-02 1.034447137E-02 9.005703400E-03 7.694550384E-03 6.411358958E-03
 5.156265050E-03 3.929408567E-03 2.731078658E-03 1.562013916E-03 4.221785101E-04
-6.946413110E-04-1.799768386E-03-2.894947363E-03-3.976450723E-03-5.041047826E-03
-6.086742182E-03-7.112279261E-03-8.116846658E-03-9.099912987E-03-1.006108394E-02
-1.099998531E-02-1.191618480E-02-1.280915200E-02-1.367824520E-02-1.452271735E-02
-1.534173777E-02-1.613440123E-02-1.689975650E-02-1.763680320E-02-1.834450783E-02
-1.902179709E-02-1.966756704E-02-2.028068339E-02-2.085998255E-02-2.140427408E-02
-2.191235122E-02-2.238298380E-02-2.281492896E-02-2.320693447E-02-2.355774149E-02
-2.386608706E-02-2.413071062E-02-2.435035738E-02-2.452378133E-02-2.464974910E-02
-2.472704893E-02-2.475448076E-02-2.473087954E-02-2.465510208E-02-2.452603889E-02
-2.434261519E-02-2.410379620E-02-2.380858498E-02-2.345602882E-02-2.304523077E-02
-2.257533060E-02-2.204553084E-02-2.145508815E-02-2.080331976E-02-2.008959764E-02
-1.931336742E-02-1.847414565E-02-1.757152225E-02-1.660516964E-02-1.557483793E-02
-1.448037809E-02-1.332174882E-02-1.209892936E-02-1.081195925E-02-9.460971655E-03
-8.046248311E-03-6.568212645E-03-5.028039980E-03-3.428099203E-03-1.770990166E-03
-5.804051807E-05 1.715228492E-03 3.554566333E-03 5.461551083E-03 7.435498259E-03
 9.475121874E-03 1.157928431E-02 1.374681320E-02 1.597657233E-02 1.826738980E-02
 2.061793312E-02 2.302667017E-02 2.549194152E-02 2.801221425E-02 3.058625540E-02
 3.321300427E-02 3.589143149E-02 3.862029206E-02 4.139804010E-02 4.422308498E-02
 4.709386331E-02 5.000886226E-02 5.296677514E-02 5.596646862E-02 5.900682955E-02
 6.208679643E-02 6.520539241E-02 6.836157128E-02 7.155410620E-02 7.478169907E-02
 7.804305677E-02 8.133689129E-02 8.466194215E-02 8.801709896E-02 9.140148691E-02
 9.481434177E-02 9.825488825E-02 1.017224784E-01 1.052172339E-01 1.087350634E-01
 3.414444799E-02 3.246839305E-02 3.081103350E-02 2.917525346E-02 2.756061623E-02
 2.596768012E-02 2.439725256E-02 2.285006919E-02 2.132674742E-02 1.982780507E-02
 1.835361081E-02 1.690438553E-02 1.548035106E-02 1.408186130E-02 1.270940632E-02
 1.136360799E-02 1.004507290E-02 8.754143985E-03 7.490927383E-03 6.255561316E-03
 5.048322319E-03 3.869558721E-03 2.719635272E-03 1.599146717E-03 5.080440084E-04
-5.589363677E-04-1.612468063E-03-2.654980359E-03-3.683441768E-03-4.694584969E-03
-5.686282035E-03-6.657148660E-03-7.606239516E-03-8.532887995E-03-9.436583560E-03
-1.031686779E-02-1.117326156E-02-1.200521479E-02-1.281209101E-02-1.359315721E-02
-1.434759902E-02-1.507453095E-02-1.577300931E-02-1.644204844E-02-1.708062111E-02
-1.768767074E-02-1.826211260E-02-1.880283547E-02-1.930870165E-02-1.977856091E-02
-2.021123969E-02-2.060555186E-02-2.096030214E-02-2.127428913E-02-2.154630727E-02
-2.177515223E-02-2.195962474E-02-2.209853358E-02-2.219069838E-02-2.223496014E-02
-2.223016830E-02-2.217520654E-02-2.206897753E-02-2.191041659E-02-2.169849321E-02
-2.143221012E-02-2.111061157E-02-2.073278179E-02-2.029785930E-02-1.980501830E-02
-1.925349692E-02-1.864258573E-02-1.797163756E-02-1.724006191E-02-1.644734389E-02
-1.559304342E-02-1.467679350E-02-1.369830664E-02-1.265735929E-02-1.155379490E-02
-1.038753673E-02-9.158519831E-03-7.866810353E-03-6.512745226E-03-5.097293014E-03
-3.622313982E-03-2.089913482E-03-5.015971103E-04 1.144435125E-03 2.855333038E-03
 4.633453895E-03 6.479073943E-03 8.390870293E-03 1.036747355E-02 1.240796938E-02
 1.451154515E-02 1.667715302E-02 1.890365533E-02 2.118994454E-02 2.353481987E-02
 2.593689096E-02 2.839458756E-02 3.090630787E-02 3.347070834E-02 3.608672041E-02
 3.875339723E-02 4.146974912E-02 4.423448811E-02 4.704608214E-02 4.990300343E-02
 5.280374605E-02 5.574688500E-02 5.873123471E-02 6.175574724E-02 6.481938311E-02
 6.792116391E-02 7.106018122E-02 7.423542616E-02 7.744571146E-02 8.068979205E-02
 8.396643103E-02 8.727439598E-02 9.061248131E-02 9.397963110E-02 9.737501994E-02
 1.007979017E-01 1.042476607E-01 1.077244288E-01 1.112241398E-01 3.488356937E-02
 3.322628401E-02 3.158733049E-02 2.996984212E-02 2.837384823E-02 2.680007189E-02
 2.524924414E-02 2.372196071E-02 2.221871243E-02 2.073981893E-02 1.928546786E-02
 1.785587723E-02 1.645141397E-02 1.507258749E-02 1.372005591E-02 1.239445095E-02
 1.109610344E-02 9.825090227E-03 8.581529820E-03 7.365699548E-03 6.177997999E-03
 5.018834494E-03 3.888470767E-03 2.787018523E-03 1.714817654E-03 6.721473896E-04
-3.447887503E-04-1.345689060E-03-2.334204258E-03-3.308462389E-03-4.265190073E-03
-5.202067464E-03-6.117547819E-03-7.010535682E-03-7.880220369E-03-8.725965586E-03
-9.547215485E-03-1.034342748E-02-1.111402339E-02-1.185835729E-02-1.257571405E-02
-1.326529746E-02-1.392624952E-02-1.455764845E-02-1.515852853E-02-1.572788588E-02
-1.626468383E-02-1.676785824E-02-1.723632666E-02-1.766898392E-02-1.806471020E-02
-1.842237354E-02-1.874083223E-02-1.901893779E-02-1.925553922E-02-1.944948592E-02
-1.959963161E-02-1.970483721E-02-1.976397424E-02-1.977593203E-02-1.973961188E-02
-1.965394346E-02-1.951787563E-02-1.933038852E-02-1.909049717E-02-1.879724370E-02
-1.844971557E-02-1.804703783E-02-1.758838872E-02-1.707298255E-02-1.650009966E-02
-1.586907215E-02-1.517929609E-02-1.443022394E-02-1.362137905E-02-1.275235065E-02
-1.182278440E-02-1.083238510E-02-9.780899123E-03-8.668152253E-03-7.494145405E-03
-6.259075851E-03-4.963662513E-03-3.609503852E-03-2.198399242E-03-7.315563166E-04
 7.919125724E-04 2.378862320E-03 4.031651022E-03 5.751381117E-03 7.537682640E-03
 9.389520935E-03 1.130577416E-02 1.328526011E-02 1.532706813E-02 1.743047931E-02
 1.959460981E-02 2.181836776E-02 2.410067530E-02 2.644043631E-02 2.883639902E-02
 3.128712011E-02 3.379102307E-02 3.634662648E-02 3.895278770E-02 4.160857297E-02
 4.431312012E-02 4.706543911E-02 4.986419317E-02 5.270788542E-02 5.559504768E-02
 5.852423124E-02 6.149410915E-02 6.450360943E-02 6.755175718E-02 7.063758187E-02
 7.376018217E-02 7.691870824E-02 8.011218174E-02 8.333945324E-02 8.659932830E-02
 8.989062275E-02 9.321215633E-02 9.656277606E-02 9.994147328E-02 1.033474383E-01
 1.067800818E-01 1.102395625E-01 1.137218493E-01 3.563565607E-02 3.399634969E-02
 3.237547778E-02 3.077651215E-02 2.919957571E-02 2.764527675E-02 2.611421454E-02
 2.460685063E-02 2.312345175E-02 2.166417788E-02 2.022925196E-02 1.881905506E-02
 1.743411749E-02 1.607513312E-02 1.474275189E-02 1.343728475E-02 1.215877957E-02
 1.090733968E-02 9.683244047E-03 8.486915154E-03 7.318813377E-03 6.179279016E-03
 5.068454124E-03 3.986297045E-03 2.932867765E-03 1.908686795E-03 9.142663131E-04
-5.294176801E-05-1.000281653E-03-1.933567623E-03-2.852293232E-03-3.753503921E-03
-4.634638803E-03-5.493950569E-03-6.330171115E-03-7.142337794E-03-7.929677624E-03
-8.691527228E-03-9.427260892E-03-1.013625544E-02-1.081784707E-02-1.147132037E-02
-1.209590050E-02-1.269075114E-02-1.325498355E-02-1.378766279E-02-1.428781438E-02
-1.475442816E-02-1.518647684E-02-1.558290486E-02-1.594264191E-02-1.626460645E-02
-1.654770782E-02-1.679084753E-02-1.699292550E-02-1.715284250E-02-1.726950282E-02
-1.734181724E-02-1.736870910E-02-1.734911283E-02-1.728198240E-02-1.716629289E-02
-1.700104046E-02-1.678525081E-02-1.651798611E-02-1.619833139E-02-1.582541973E-02
-1.539842147E-02-1.491655843E-02-1.437908844E-02-1.378533478E-02-1.313466683E-02
-1.242651138E-02-1.166034184E-02-1.083568921E-02-9.952135488E-03-9.009318224E-03
-8.006979379E-03-6.945005310E-03-5.823510212E-03-4.643197635E-03-3.405403756E-03
-2.111421492E-03-7.622347047E-04 6.427032600E-04 2.110051592E-03 3.642425770E-03
 5.240878036E-03 6.905064982E-03 8.634238982E-03 1.042799729E-02 1.228578394E-02
 1.420664253E-02 1.618936197E-02 1.823289601E-02 2.033653906E-02 2.249958114E-02
 2.472105063E-02 2.699988369E-02 2.933504747E-02 3.172541898E-02 3.416968755E-02
 3.666637151E-02 3.921393420E-02 4.181107476E-02 4.445682366E-02 4.715035603E-02
 4.989086510E-02 5.267732340E-02 5.550835850E-02 5.838252385E-02 6.129840554E-02
 6.425461499E-02 6.724993336E-02 7.028338911E-02 7.335407041E-02 7.646107205E-02
 7.960356365E-02 8.278074490E-02 8.599166264E-02 8.923520400E-02 9.251022282E-02
 9.581558450E-02 9.915015895E-02 1.025128392E-01 1.059026309E-01 1.093188783E-01
 1.127617599E-01 1.162272958E-01 3.639976085E-02 3.477838780E-02 3.317593517E-02
 3.159592936E-02 3.003834974E-02 2.850368299E-02 2.699237870E-02 2.550465485E-02
 2.404064923E-02 2.260059668E-02 2.118489319E-02 1.979409129E-02 1.842891908E-02
 1.709003780E-02 1.577773214E-02 1.449202214E-02 1.323299920E-02 1.200094403E-02
 1.079630029E-02 9.619573437E-03 8.471155769E-03 7.351225174E-03 6.259737226E-03
 5.196718092E-03 4.162445922E-03 3.157139973E-03 2.181054532E-03 1.234588248E-03
 3.166085240E-04-5.772006698E-04-1.454498118E-03-2.316252138E-03-3.160566426E-03
-3.984855272E-03-4.787080744E-03-5.565776772E-03-6.319807206E-03-7.048252158E-03
-7.750328663E-03-8.425322120E-03-9.072538263E-03-9.691281560E-03-1.028082013E-02
-1.084038492E-02-1.136916131E-02-1.186628815E-02-1.233086190E-02-1.276194505E-02
-1.315856764E-02-1.351973496E-02-1.384443248E-02-1.413163075E-02-1.438029022E-02
-1.458936349E-02-1.475780006E-02-1.488455016E-02-1.496856738E-02-1.500881123E-02
-1.500425626E-02-1.495388160E-02-1.485669265E-02-1.471171091E-02-1.451798082E-02
-1.427457437E-02-1.398060100E-02-1.363519012E-02-1.323751839E-02-1.278679862E-02
-1.228228906E-02-1.172327930E-02-1.110911969E-02-1.043919792E-02-9.712950317E-03
-8.929861615E-03-8.089500310E-03-7.191553373E-03-6.235844917E-03-5.222483025E-03
-4.152170031E-03-3.025892866E-03-1.844465413E-03-6.086969018E-04 6.824084018E-04
 2.035070467E-03 3.451422771E-03 4.932777547E-03 6.479446956E-03 8.090637585E-03
 9.765496296E-03 1.150356778E-02 1.330466784E-02 1.516844668E-02 1.709404371E-02
 1.908024806E-02 2.112587253E-02 2.323014279E-02 2.539246549E-02 2.761204713E-02
 2.988786935E-02 3.221892350E-02 3.460418651E-02 3.704248223E-02 3.953245003E-02
 4.207259480E-02 4.466147647E-02 4.729800169E-02 4.998133672E-02 5.271074286E-02
 5.548543572E-02 5.830432311E-02 6.116602456E-02 6.406914993E-02 6.701233425E-02
 6.999425545E-02 7.301380797E-02 7.607010647E-02 7.916229445E-02 8.228952885E-02
 8.545104402E-02 8.864608080E-02 9.187370726E-02 9.513284607E-02 9.842239713E-02
 1.017412737E-01 1.050883893E-01 1.084626509E-01 1.118632163E-01 1.152901909E-01
 1.187396401E-01 3.717596422E-02 3.557298486E-02 3.398937489E-02 3.242860565E-02
 3.089052541E-02 2.937544455E-02 2.788356276E-02 2.641500581E-02 2.497002411E-02
 2.354902906E-02 2.215259695E-02 2.078148740E-02 1.943636610E-02 1.811748656E-02
 1.682484256E-02 1.555851659E-02 1.431879120E-02 1.310612789E-02 1.192107137E-02
 1.076406160E-02 9.635314344E-03 8.534773659E-03 7.462413062E-03 6.418550731E-03
 5.403519132E-03 4.417419345E-03 3.460261633E-03 2.532194244E-03 1.633616687E-03
 7.644057527E-04-7.778497144E-05-8.986658849E-04-1.702293531E-03-2.488119378E-03
-3.254141885E-03-3.998135763E-03-4.718355247E-03-5.413483370E-03-6.082438961E-03
-6.724297044E-03-7.338240035E-03-7.923498319E-03-8.479316936E-03-9.004935991E-03
-9.499576192E-03-9.962428984E-03-1.039264938E-02-1.078936892E-02-1.115168075E-02
-1.147865372E-02-1.176933588E-02-1.202275701E-02-1.223793271E-02-1.241387043E-02
-1.254957245E-02-1.264404019E-02-1.269627743E-02-1.270529310E-02-1.267011140E-02
-1.258975818E-02-1.246328742E-02-1.228976611E-02-1.206828484E-02-1.179795877E-02
-1.147793820E-02-1.110739118E-02-1.068552869E-02-1.021159662E-02-9.684879159E-03
-9.104688950E-03-8.470408220E-03-7.781475415E-03-7.037427681E-03-6.237902262E-03
-5.382714800E-03-4.472082454E-03-3.506624883E-03-2.486970342E-03-1.413385360E-03
-2.865476620E-04 8.960256323E-04 2.139560121E-03 3.445294919E-03 4.814502725E-03
 6.247664491E-03 7.744415914E-03 9.304545759E-03 1.092764309E-02 1.261294101E-02
 1.435989098E-02 1.616834553E-02 1.803811284E-02 1.996850484E-02 2.195836173E-02
 2.400639325E-02 2.611167887E-02 2.827365520E-02 3.049170592E-02 3.276493048E-02
 3.509233154E-02 3.747294346E-02 3.990571595E-02 4.238941341E-02 4.492263873E-02
 4.750392040E-02 5.013197766E-02 5.280590690E-02 5.552497952E-02 5.828852052E-02
 6.109573114E-02 6.394544895E-02 6.683631258E-02 6.976698709E-02 7.273615361E-02
 7.574256530E-02 7.878522932E-02 8.186333271E-02 8.497606875E-02 8.812265357E-02
 9.130237989E-02 9.451452200E-02 9.775816646E-02 1.010322708E-01 1.043357799E-01
 1.076676486E-01 1.110268027E-01 1.144122998E-01 1.178240527E-01 1.212580846E-01
 3.796496123E-02 3.638077594E-02 3.481626718E-02 3.327486040E-02 3.175618293E-02
 3.026030117E-02 2.878736264E-02 2.733763903E-02 2.591155621E-02 2.450971620E-02
 2.313290630E-02 2.178178995E-02 2.045658591E-02 1.915726367E-02 1.788389949E-02
 1.663677769E-02 1.541637472E-02 1.422326948E-02 1.305794454E-02 1.192065365E-02
 1.081133990E-02 9.729922876E-03 8.676722657E-03 7.652156935E-03 6.656390894E-03
 5.689474925E-03 4.751478800E-03 3.842490246E-03 2.962590643E-03 2.111990194E-03
 1.290906414E-03 4.984368029E-04-2.676347290E-04-1.012903433E-03-1.739002037E-03
-2.444960217E-03-3.129131679E-03-3.789639805E-03-4.424839276E-03-5.033480092E-03
-5.614504268E-03-6.166956625E-03-6.689969415E-03-7.182719533E-03-7.644401914E-03
-8.074210732E-03-8.471328483E-03-8.834920994E-03-9.164132211E-03-9.458085243E-03
-9.715884476E-03-9.936618093E-03-1.011935858E-02-1.026316931E-02-1.036710761E-02
-1.043022801E-02-1.045158532E-02-1.043023926E-02-1.036526074E-02-1.025572446E-02
-1.010072887E-02-9.899383931E-03-9.650823038E-03-9.354201668E-03-9.008705192E-03
-8.613540585E-03-8.167958369E-03-7.671253875E-03-7.122780515E-03-6.521958634E-03
-5.868304050E-03-5.161464317E-03-4.401397274E-03-3.588335027E-03-2.722592603E-03
-1.804196136E-03-8.335698692E-04 1.892953293E-04 1.269101047E-03 2.408769095E-03
 3.609469790E-03 4.872329893E-03 6.197365140E-03 7.584342871E-03 9.033391363E-03
 1.054450088E-02 1.211757683E-02 1.375232092E-02 1.544797182E-02 1.720379734E-02
 1.901960706E-02 2.089534106E-02 2.283054340E-02 2.482415407E-02 2.687484675E-02
 2.898150827E-02 3.114351471E-02 3.336037504E-02 3.563136677E-02 3.795553482E-02
 4.033193326E-02 4.275960620E-02 4.523744920E-02 4.776417855E-02 5.033837906E-02
 5.295865125E-02 5.562391887E-02 5.833342418E-02 6.108652162E-02 6.388257642E-02
 6.672074041E-02 6.959979445E-02 7.251841657E-02 7.547532250E-02 7.846923945E-02
 8.149900563E-02 8.456373485E-02 8.766267364E-02 9.079506155E-02 9.396017098E-02
 9.715734675E-02 1.003858893E-01 1.036449024E-01 1.069333789E-01 1.102503030E-01
 1.135946400E-01 1.169654636E-01 1.203625797E-01 1.237818568E-01 3.876735399E-02
 3.720218916E-02 3.565689001E-02 3.413469017E-02 3.263498475E-02 3.115782770E-02
 2.970353893E-02 2.827256182E-02 2.686552501E-02 2.548323912E-02 2.412635864E-02
 2.279506535E-02 2.148930668E-02 2.020915496E-02 1.895489617E-02 1.772701914E-02
 1.652613240E-02 1.535275648E-02 1.420718245E-02 1.308936140E-02 1.199916016E-02
 1.093687999E-02 9.903016399E-03 8.897797137E-03 7.921286746E-03 6.973569567E-03
 6.054790149E-03 5.165058478E-03 4.304394656E-03 3.472800845E-03 2.670345191E-03
 1.897294491E-03 1.153600533E-03 4.382425277E-04-2.502551356E-04-9.163803673E-04
-1.561273534E-03-2.183770532E-03-2.782697451E-03-3.356528178E-03-3.903723026E-03
-4.422976395E-03-4.913213101E-03-5.373464544E-03-5.802815868E-03-6.200389593E-03
-6.565342516E-03-6.896831239E-03-7.194013245E-03-7.456039865E-03-7.682051774E-03
-7.871179604E-03-8.022543772E-03-8.135256586E-03-8.208425395E-03-8.241154830E-03
-8.232548851E-03-8.181717883E-03-8.087776790E-03-7.949851678E-03-7.767086649E-03
-7.538639680E-03-7.263694855E-03-6.941466396E-03-6.571211851E-03-6.152225185E-03
-5.683856772E-03-5.165536266E-03-4.596843683E-03-3.977575136E-03-3.307670077E-03
-2.587141304E-03-1.815717889E-03-9.934826811E-04-1.207011949E-04 8.054708614E-04
 1.788800704E-03 2.830202024E-03 3.930906235E-03 5.092079415E-03 6.314239571E-03
 7.597130346E-03 8.940390739E-03 1.034402860E-02 1.180832640E-02 1.333338463E-02
 1.491911554E-02 1.656526913E-02 1.827112143E-02 2.003579641E-02 2.185897317E-02
 2.374066996E-02 2.568067214E-02 2.767808794E-02 2.973161516E-02 3.183996869E-02
 3.400237809E-02 3.621839771E-02 3.848748372E-02 4.080879448E-02 4.318139257E-02
 4.560437362E-02 4.807675522E-02 5.059737241E-02 5.316490763E-02 5.577795616E-02
 5.843524925E-02 6.113591607E-02 6.387930522E-02 6.666483680E-02 6.949188803E-02
 7.235953314E-02 7.526652642E-02 7.821159564E-02 8.119350082E-02 8.421101814E-02
 8.726308130E-02 9.034889888E-02 9.346776623E-02 9.661896701E-02 9.980182713E-02
 1.030157371E-01 1.062600171E-01 1.095337888E-01 1.128360762E-01 1.161658725E-01
 1.195222881E-01 1.229051384E-01 1.263102143E-01 3.958353456E-02 3.803745540E-02
 3.651114961E-02 3.500769172E-02 3.352649963E-02 3.206781572E-02 3.063212724E-02
 2.922009413E-02 2.783254470E-02 2.647011795E-02 2.513295757E-02 2.382099130E-02
 2.253428959E-02 2.127313983E-02 2.003804095E-02 1.882962709E-02 1.764845239E-02
 1.649484394E-02 1.536876883E-02 1.427004509E-02 1.319893656E-02 1.215600411E-02
 1.114154664E-02 1.015564765E-02 9.198394716E-03 8.269952742E-03 7.370487284E-03
 6.500073317E-03 5.658750169E-03 4.846536451E-03 4.063411954E-03 3.309389730E-03
 2.584584324E-03 1.889324834E-03 1.223515641E-03 5.862902245E-04-2.297425955E-05
-6.066566689E-04-1.167056444E-03-1.703141097E-03-2.213680807E-03-2.697625995E-03
-3.153681499E-03-3.580603798E-03-3.977233257E-03-4.342518857E-03-4.675518699E-03
-4.975331299E-03-5.241077175E-03-5.471892159E-03-5.666919503E-03-5.825303707E-03
-5.946190781E-03-6.028726354E-03-6.072056871E-03-6.075330876E-03-6.037699929E-03
-5.958327920E-03-5.836381477E-03-5.671051639E-03-5.461549798E-03-5.207113134E-03
-4.907015777E-03-4.560599093E-03-4.167324276E-03-3.726709281E-03-3.238365173E-03
-2.702031776E-03-2.117351378E-03-1.483766962E-03-8.014187072E-04-7.030593307E-05
 7.122682593E-04 1.549355613E-03 2.441877244E-03 3.390922765E-03 4.397781040E-03
 5.462977176E-03 6.586635586E-03 7.769233681E-03 9.011423441E-03 1.031317512E-02
 1.167400723E-02 1.309383414E-02 1.457298687E-02 1.611164523E-02 1.770972291E-02
 1.936701769E-02 2.108288428E-02 2.285636391E-02 2.468692971E-02 2.657461130E-02
 2.851939055E-02 3.052062326E-02 3.257708274E-02 3.468739008E-02 3.685055624E-02
 3.906609222E-02 4.133358643E-02 4.365237316E-02 4.602155316E-02 4.844023753E-02
 5.090753204E-02 5.342239999E-02 5.598362913E-02 5.858988186E-02 6.123980308E-02
 6.393231303E-02 6.666670485E-02 6.944240739E-02 7.225889005E-02 7.511550818E-02
 7.801125144E-02 8.094487825E-02 8.391516761E-02 8.692091884E-02 8.996096304E-02
 9.303433698E-02 9.614032913E-02 9.927827563E-02 1.024475028E-01 1.056473872E-01
 1.088773587E-01 1.121367530E-01 1.154247063E-01 1.187402448E-01 1.220825055E-01
 1.254513402E-01 1.288425390E-01 4.041369122E-02 3.888638007E-02 3.737859091E-02
 3.589344293E-02 3.443055385E-02 3.299033007E-02 3.157349014E-02 3.018087843E-02
 2.881311112E-02 2.747029365E-02 2.615233663E-02 2.485931020E-02 2.359150296E-02
 2.234942193E-02 2.113372328E-02 1.994499079E-02 1.878358566E-02 1.764949788E-02
 1.654250267E-02 1.546281099E-02 1.441103435E-02 1.338754898E-02 1.239246228E-02
 1.142586254E-02 1.048792418E-02 9.578858723E-03 8.698785492E-03 7.847768204E-03
 7.025865234E-03 6.233095597E-03 5.469466752E-03 4.735012753E-03 4.029797945E-03
 3.353904424E-03 2.707463304E-03 2.090773176E-03 1.503868553E-03 9.461954408E-04
 4.172791864E-04-8.294102442E-05-5.561342341E-04-1.003259106E-03-1.423197133E-03
-1.814625164E-03-2.176602835E-03-2.508187689E-03-2.808296185E-03-3.075884311E-03
-3.309972765E-03-3.509626952E-03-3.673945656E-03-3.802049513E-03-3.893079034E-03
-3.946192798E-03-3.960566420E-03-3.935391988E-03-3.869878678E-03-3.763261908E-03
-3.614793236E-03-3.423770133E-03-3.189529745E-03-2.911468121E-03-2.589060074E-03
-2.221787320E-03-1.808956925E-03-1.350095058E-03-8.450057262E-04-2.936237789E-04
 3.052586977E-04 9.547337180E-04 1.656078818E-03 2.409869976E-03 3.217261717E-03
 4.079577524E-03 4.997686213E-03 5.972112185E-03 7.003169720E-03 8.091158228E-03
 9.236337246E-03 1.043926465E-02 1.170070216E-02 1.302070616E-02 1.439865521E-02
 1.583427288E-02 1.732788838E-02 1.887978444E-02 2.048990193E-02 2.215806921E-02
 2.388374472E-02 2.566594952E-02 2.750392559E-02 2.939763079E-02 3.134717812E-02
 3.335221572E-02 3.541165433E-02 3.752410044E-02 3.968833769E-02 4.190374650E-02
 4.416997594E-02 4.648653911E-02 4.885264393E-02 5.126740724E-02 5.372998061E-02
 5.623944470E-02 5.879470119E-02 6.139450631E-02 6.403752324E-02 6.672249835E-02
 6.944856325E-02 7.221512703E-02 7.502168158E-02 7.786772653E-02 8.075256209E-02
 8.367510543E-02 8.663414361E-02 8.962850338E-02 9.265702087E-02 9.571859031E-02
 9.881235311E-02 1.019376634E-01 1.050938925E-01 1.082804080E-01 1.114966338E-01
 1.147420345E-01 1.180159537E-01 1.213175134E-01 1.246458796E-01 1.280009338E-01
 1.313784737E-01 4.125752577E-02 3.974847506E-02 3.825881149E-02 3.679180330E-02
 3.534723977E-02 3.392577513E-02 3.252829080E-02 3.115537721E-02 2.980710140E-02
 2.848335926E-02 2.718422200E-02 2.590997918E-02 2.466114400E-02 2.343839152E-02
 2.224233160E-02 2.107335734E-02 1.993148712E-02 1.881646083E-02 1.772842461E-02
 1.666802409E-02 1.563571676E-02 1.463163992E-02 1.365588196E-02 1.270861707E-02
 1.179009254E-02 1.090047701E-02 1.003985737E-02 9.208318329E-03 8.405908927E-03
 7.632648307E-03 6.888590305E-03 6.173826197E-03 5.488448085E-03 4.832543114E-03
 4.206223259E-03 3.609588963E-03 3.042725342E-03 2.505757808E-03 1.998821725E-03
 1.522006136E-03 1.075010665E-03 6.576752871E-04 2.704058055E-04-8.644804520E-05
-4.134996819E-04-7.108134252E-04-9.773769628E-04-1.212083117E-03-1.413955236E-03
-1.582076157E-03-1.715552246E-03-1.813510083E-03-1.875101654E-03-1.899505599E-03
-1.885925189E-03-1.833586841E-03-1.741741885E-03-1.609667086E-03-1.436658003E-03
-1.222064505E-03-9.652921450E-04-6.658363973E-04-3.233346224E-04 6.288884346E-05
 4.947942032E-04 9.737513012E-04 1.500539765E-03 2.075869212E-03 2.700840915E-03
 3.376953061E-03 4.105207098E-03 4.886231636E-03 5.720568652E-03 6.608857187E-03
 7.551830877E-03 8.550094352E-03 9.604026788E-03 1.071386752E-02 1.187982016E-02
 1.310241336E-02 1.438248259E-02 1.572018006E-02 1.711477625E-02 1.856578239E-02
 2.007348577E-02 2.163826820E-02 2.326012705E-02 2.493890542E-02 2.667417092E-02
 2.846497947E-02 3.031037833E-02 3.221015812E-02 3.416449623E-02 3.617331358E-02
 3.823573997E-02 4.035042737E-02 4.251600279E-02 4.473162917E-02 4.699693221E-02
 4.931156114E-02 5.167489603E-02 5.408608747E-02 5.654429861E-02 5.904869171E-02
 6.159829391E-02 6.419195936E-02 6.682842461E-02 6.950638438E-02 7.222474629E-02
 7.498282812E-02 7.778011960E-02 8.061616361E-02 8.349046553E-02 8.640224161E-02
 8.935036687E-02 9.233367095E-02 9.535102246E-02 9.840129445E-02 1.014834537E-01
 1.045967423E-01 1.077405671E-01 1.109143307E-01 1.141174408E-01 1.173493666E-01
 1.206095982E-01 1.238974547E-01 1.272121838E-01 1.305536962E-01 1.339177938E-01
 4.211448951E-02 4.062336201E-02 3.915168569E-02 3.770287591E-02 3.627698810E-02
 3.487481320E-02 3.349693617E-02 3.214339005E-02 3.081405755E-02 2.950901229E-02
 2.822854466E-02 2.697317259E-02 2.574358742E-02 2.454042107E-02 2.336409526E-02
 2.221466177E-02 2.109183435E-02 1.999568558E-02 1.892687741E-02 1.788594967E-02
 1.687307626E-02 1.588834689E-02 1.493192922E-02 1.400409345E-02 1.310505915E-02
 1.223493901E-02 1.139383780E-02 1.058183794E-02 9.798972024E-03 9.045295023E-03
 8.320911645E-03 7.625946189E-03 6.960520348E-03 6.324778904E-03 5.718848920E-03
 5.142821792E-03 4.596755544E-03 4.080617700E-03 3.594527674E-03 3.138753402E-03
 2.713501165E-03 2.318980918E-03 1.955514433E-03 1.623376708E-03 1.322542576E-03
 1.053158937E-03 8.157780691E-04 6.110090008E-04 4.393696044E-04 3.013981945E-04
 1.977299791E-04 1.290620842E-04 9.611249149E-05 9.961968573E-05 1.403476844E-04
 2.190813583E-04 3.366213349E-04 4.938134313E-04 6.915669722E-04 9.307748921E-04
 1.212308694E-03 1.537012403E-03 1.905666839E-03 2.319155504E-03 2.778722013E-03
 3.285483111E-03 3.840213519E-03 4.443699302E-03 5.096956086E-03 5.800917432E-03
 6.556319556E-03 7.363626225E-03 8.223378040E-03 9.136279533E-03 1.010305251E-02
 1.112428349E-02 1.220031605E-02 1.333132501E-02 1.451742739E-02 1.575907669E-02
 1.705716481E-02 1.841198955E-02 1.982276361E-02 2.128877370E-02 2.281021486E-02
 2.438754752E-02 2.602085641E-02 2.770999380E-02 2.945462309E-02 3.125388044E-02
 3.310669312E-02 3.501260463E-02 3.697178641E-02 3.898436041E-02 4.104975741E-02
 4.316673041E-02 4.533384450E-02 4.755000011E-02 4.981471618E-02 5.212771561E-02
 5.448855675E-02 5.689648996E-02 5.935068153E-02 6.185033403E-02 6.439458653E-02
 6.698240373E-02 6.961260995E-02 7.228393636E-02 7.499515175E-02 7.774536883E-02
 8.053403849E-02 8.336071093E-02 8.622496839E-02 8.912629103E-02 9.206380166E-02
 9.503636603E-02 9.804286090E-02 1.010821907E-01 1.041532683E-01 1.072551429E-01
 1.103871480E-01 1.135487315E-01 1.167393256E-01 1.199583783E-01 1.232053967E-01
 1.264798623E-01 1.297812070E-01 1.331094137E-01 1.364602904E-01 4.298429750E-02
 4.151101206E-02 4.005740991E-02 3.862719543E-02 3.722052901E-02 3.583786313E-02
 3.447922425E-02 3.314448740E-02 3.183372803E-02 3.054723668E-02 2.928553442E-02
 2.804932605E-02 2.683926338E-02 2.565579521E-02 2.449900883E-02 2.336860011E-02
 2.226456369E-02 2.118755980E-02 2.013820893E-02 1.911672883E-02 1.812321237E-02
 1.715781777E-02 1.622082469E-02 1.531250154E-02 1.443299223E-02 1.358241570E-02
 1.276088625E-02 1.196845715E-02 1.120518226E-02 1.047117085E-02 9.766568951E-03
 9.091521127E-03 8.446191448E-03 7.830755592E-03 7.245350545E-03 6.690088296E-03
 6.164955866E-03 5.669917688E-03 5.205259158E-03 4.771190603E-03 4.367794454E-03
 3.995337620E-03 3.654279961E-03 3.344907737E-03 3.067372818E-03 2.822023185E-03
 2.609415989E-03 2.430047858E-03 2.284263870E-03 2.172503444E-03 2.095370133E-03
 2.053533659E-03 2.047670362E-03 2.078477989E-03 2.146684742E-03 2.253032794E-03
 2.398277718E-03 2.583275970E-03 2.808993104E-03 3.076330323E-03 3.386165192E-03
 3.739346563E-03 4.136662483E-03 4.578984294E-03 5.067297530E-03 5.602542919E-03
 6.185287384E-03 6.816211414E-03 7.496365016E-03 8.226766057E-03 9.008083314E-03
 9.840638096E-03 1.072490835E-02 1.166158946E-02 1.265138907E-02 1.369486435E-02
 1.479230041E-02 1.594381048E-02 1.714943904E-02 1.840955208E-02 1.972507420E-02
 2.109647244E-02 2.252295736E-02 2.400360166E-02 2.553845044E-02 2.712801353E-02
 2.877248775E-02 3.047174023E-02 3.222550649E-02 3.403303762E-02 3.589321671E-02
 3.780531188E-02 3.976940566E-02 4.178574276E-02 4.385408215E-02 4.597334789E-02
 4.814211629E-02 5.035907061E-02 5.262353344E-02 5.493522433E-02 5.729383904E-02
 5.969879481E-02 6.214928730E-02 6.464452726E-02 6.718372856E-02 6.976597844E-02
 7.239019298E-02 7.505517830E-02 7.775968335E-02 8.050260576E-02 8.328326106E-02
 8.610118800E-02 8.895598509E-02 9.184725797E-02 9.477443004E-02 9.773654025E-02
 1.007324724E-01 1.037611485E-01 1.068215047E-01 1.099124985E-01 1.130332713E-01
 1.161832337E-01 1.193618663E-01 1.225686312E-01 1.258030116E-01 1.290645196E-01
 1.323527637E-01 1.356678986E-01 1.390057750E-01 4.386735772E-02 4.241207392E-02
 4.097698625E-02 3.956590355E-02 3.817862132E-02 3.681504957E-02 3.547508001E-02
 3.415879488E-02 3.286648394E-02 3.159865977E-02 3.035603389E-02 2.913927344E-02
 2.794884241E-02 2.678488591E-02 2.564711555E-02 2.453542416E-02 2.345043265E-02
 2.239284742E-02 2.136294370E-02 2.036082240E-02 1.938663086E-02 1.844064072E-02
 1.752316359E-02 1.663438464E-02 1.577443187E-02 1.494344498E-02 1.414150762E-02
 1.336867379E-02 1.262505017E-02 1.191079515E-02 1.122607796E-02 1.057107364E-02
 9.945989869E-03 9.351005308E-03 8.786267118E-03 8.251845640E-03 7.747644959E-03
 7.273822282E-03 6.830731676E-03 6.418456983E-03 6.037105557E-03 5.687116469E-03
 5.368956255E-03 5.082764707E-03 4.828622245E-03 4.607022412E-03 4.418617808E-03
 4.263837922E-03 4.142972756E-03 4.056495836E-03 4.005058880E-03 3.989333389E-03
 4.009975594E-03 4.067656212E-03 4.163064075E-03 4.296877408E-03 4.469787193E-03
 4.682653446E-03 4.936428925E-03 5.231933011E-03 5.569966635E-03 5.951266301E-03
 6.376499760E-03 6.846502053E-03 7.362314029E-03 7.924822035E-03 8.534418775E-03
 9.191739961E-03 9.897865395E-03 1.065381938E-02 1.146019222E-02 1.231718060E-02
 1.322518916E-02 1.418488303E-02 1.519695242E-02 1.626193473E-02 1.738006983E-02
 1.855141714E-02 1.977595615E-02 2.105395573E-02 2.238634534E-02 2.377376355E-02
 2.521548080E-02 2.671038805E-02 2.825832271E-02 2.985980676E-02 3.151516116E-02
 3.322428615E-02 3.498696159E-02 3.680257216E-02 3.867002039E-02 4.058833893E-02
 4.255742617E-02 4.457757663E-02 4.664882748E-02 4.877036389E-02 5.094083144E-02
 5.315880118E-02 5.542332650E-02 5.773404257E-02 6.009072562E-02 6.249296836E-02
 6.494005829E-02 6.743120911E-02 6.996567005E-02 7.254263280E-02 7.516112076E-02
 7.782002168E-02 8.051813338E-02 8.325425719E-02 8.602748126E-02 8.883727529E-02
 9.168323534E-02 9.456500025E-02 9.748217630E-02 1.004340958E-01 1.034197433E-01
 1.064380435E-01 1.094879584E-01 1.125684530E-01 1.156785381E-01 1.188174564E-01
 1.219846795E-01 1.251797108E-01 1.284020389E-01 1.316511519E-01 1.349267055E-01
 1.382290414E-01 1.415541451E-01 4.476202525E-02 4.332517877E-02 4.190912388E-02
 4.051737411E-02 3.914911159E-02 3.780410184E-02 3.648246765E-02 3.518449800E-02
 3.391070444E-02 3.266182744E-02 3.143855866E-02 3.024138642E-02 2.907050740E-02
 2.792559673E-02 2.680642952E-02 2.571362851E-02 2.464800168E-02 2.360986588E-02
 2.259932058E-02 2.161650114E-02 2.066166836E-02 1.973517452E-02 1.883724850E-02
 1.796802510E-02 1.712766448E-02 1.631628412E-02 1.553393964E-02 1.478073044E-02
 1.405681955E-02 1.336239823E-02 1.269765278E-02 1.206280735E-02 1.145808738E-02
 1.088366965E-02 1.033969996E-02 9.826126993E-03 9.342892100E-03 8.890409395E-03
 8.468909798E-03 8.078396005E-03 7.719129303E-03 7.391721033E-03 7.096504432E-03
 6.833440981E-03 6.602707008E-03 6.404975630E-03 6.240896227E-03 6.110739541E-03
 6.014773202E-03 5.953527812E-03 5.927683425E-03 5.937888647E-03 5.984770222E-03
 6.068969214E-03 6.191130155E-03 6.351865928E-03 6.551824971E-03 6.791904945E-03
 7.073028357E-03 7.395939485E-03 7.761381843E-03 8.169990781E-03 8.622353515E-03
 9.119297824E-03 9.661889512E-03 1.025092554E-02 1.088663879E-02 1.156965148E-02
 1.230106878E-02 1.308189642E-02 1.391263989E-02 1.479337895E-02 1.572445410E-02
 1.670650536E-02 1.774020649E-02 1.882607916E-02 1.996432498E-02 2.115495535E-02
 2.239789045E-02 2.369329825E-02 2.504208828E-02 2.644505960E-02 2.790159839E-02
 2.941044966E-02 3.097120222E-02 3.258435331E-02 3.425034632E-02 3.596913804E-02
 3.774053282E-02 3.956404794E-02 4.143865110E-02 4.336321285E-02 4.533736821E-02
 4.736140009E-02 4.943554412E-02 5.155932103E-02 5.373149621E-02 5.595060998E-02
 5.821544224E-02 6.052547154E-02 6.288049448E-02 6.528024404E-02 6.772416531E-02
 7.021149350E-02 7.274148428E-02 7.531340016E-02 7.792638502E-02 8.057941177E-02
 8.327135145E-02 8.600100705E-02 8.876726913E-02 9.156943654E-02 9.440708483E-02
 9.727985752E-02 1.001874284E-01 1.031293869E-01 1.061049655E-01 1.091131205E-01
 1.121528167E-01 1.152230514E-01 1.183228175E-01 1.214511772E-01 1.246074718E-01
 1.277912298E-01 1.310019766E-01 1.342391955E-01 1.375025167E-01 1.407923544E-01
 1.441048909E-01
 1.029999912E+00 1.036667445E+00 1.043028580E+00 1.049266916E+00 1.055392259E+00
 1.061415219E+00 1.067345243E+00 1.073192400E+00 1.078966856E+00 1.084678511E+00
 1.090337592E+00 1.095954250E+00 1.101537840E+00 1.107098702E+00 1.112647202E+00
 1.118193017E+00 1.123746090E+00 1.129316564E+00 1.134914412E+00 1.140549747E+00
 1.146232547E+00 1.151972870E+00 1.157780724E+00 1.163666069E+00 1.169638701E+00
 1.175708749E+00 1.181886593E+00 1.188181920E+00 1.194604859E+00 1.201165425E+00
 1.207873314E+00 1.214738942E+00 1.221772551E+00 1.228983477E+00 1.236381784E+00
 1.243977979E+00 1.251782020E+00 1.259803731E+00 1.268053032E+00 1.276540113E+00
 1.285275080E+00 1.294267602E+00 1.303527765E+00 1.313066031E+00 1.322892384E+00
 1.333016322E+00 1.343447725E+00 1.354197094E+00 1.365274616E+00 1.376690030E+00
 1.388453191E+00 1.400574281E+00 1.413063235E+00 1.425930089E+00 1.439184999E+00
 1.452837616E+00 1.466898244E+00 1.481377261E+00 1.496284427E+00 1.511629411E+00
 1.527422139E+00 1.543673284E+00 1.560392875E+00 1.577590253E+00 1.595275536E+00
 1.613458782E+00 1.632150172E+00 1.651359918E+00 1.671097972E+00 1.691374422E+00
 1.712198808E+00 1.733581034E+00 1.755531859E+00 1.778061160E+00 1.801178405E+00
 1.824893964E+00 1.849218003E+00 1.874160179E+00 1.899730663E+00 1.925939546E+00
 1.952796684E+00 1.980312304E+00 2.008496467E+00 2.037358882E+00 2.066909609E+00
 2.097158844E+00 2.128116549E+00 2.159792713E+00 2.192197382E+00 2.225340400E+00
 2.259232032E+00 2.293882261E+00 2.329300947E+00 2.365498485E+00 2.402484347E+00
 2.440268750E+00 2.478861529E+00 2.518273185E+00 2.558513680E+00 2.599592722E+00
 2.641520181E+00 2.684306181E+00 2.727961470E+00 2.772495414E+00 2.817918177E+00
 2.864239051E+00 2.911468785E+00 2.959617601E+00 3.008695250E+00 3.058711919E+00
 3.109676893E+00 3.161600683E+00 3.214491963E+00 3.268364124E+00 3.323242375E+00
 3.379152123E+00 3.436076141E+00 3.493904365E+00 3.552425595E+00 3.611383887E+00
 3.670597170E+00 3.730107978E+00 3.790337292E+00 3.852216766E+00 3.917288256E+00
 3.987762403E+00 4.066539409E+00 4.157174437E+00 4.263789803E+00
  300    5
 2.300000002E+00 7.723201945E-07 2.299943918E+00 9.334931600E-03 2.299776548E+00
 1.867030226E-02 2.299498068E+00 2.800813386E-02 2.299106958E+00 3.734956489E-02
 2.298603009E+00 4.669576895E-02 2.297986829E+00 5.604803930E-02 2.297257956E+00
 6.540760526E-02 2.296415486E+00 7.477563372E-02 2.295458371E+00 8.415324687E-02
 2.294385972E+00 9.354163342E-02 2.293197762E+00 1.029420320E-01 2.291892126E+00
 1.123554443E-01 2.290467791E+00 1.217829228E-01 2.288924715E+00 1.312258877E-01
 2.287261440E+00 1.406854154E-01 2.285475654E+00 1.501622823E-01 2.283566419E+00
 1.596577035E-01 2.281532545E+00 1.691728621E-01 2.279371936E+00 1.787086141E-01
 2.277082726E+00 1.882658945E-01 2.274663153E+00 1.978456992E-01 2.272111331E+00
 2.074489937E-01 2.269425076E+00 2.170766204E-01 2.266601983E+00 2.267293121E-01
 2.263639755E+00 2.364078663E-01 2.260535976E+00 2.461130340E-01 2.257288042E+00
 2.558454724E-01 2.253893323E+00 2.656058395E-01 2.250348790E+00 2.753945439E-01
 2.246651037E+00 2.852117153E-01 2.242797778E+00 2.950582951E-01 2.238786119E+00
 3.049348629E-01 2.234611814E+00 3.148409378E-01 2.230271430E+00 3.247766308E-01
 2.225761326E+00 3.347418815E-01 2.221077509E+00 3.447362989E-01 2.216216674E+00
 3.547601304E-01 2.211174660E+00 3.648128401E-01 2.205946859E+00 3.748933809E-01
 2.200529156E+00 3.850011630E-01 2.194917201E+00 3.951353312E-01 2.189106147E+00
 4.052944075E-01 2.183090946E+00 4.154765573E-01 2.176866787E+00 4.256801204E-01
 2.170428643E+00 4.359030541E-01 2.163771556E+00 4.461433002E-01 2.156890275E+00
 4.563982566E-01 2.149779043E+00 4.666643494E-01 2.142432159E+00 4.769377757E-01
 2.134844193E+00 4.872148670E-01 2.127009228E+00 4.974907888E-01 2.118921564E+00
 5.077606457E-01 2.110575697E+00 5.180194761E-01 2.101965528E+00 5.282605984E-01
 2.093084815E+00 5.384761999E-01 2.083928172E+00 5.486594834E-01 2.074489936E+00
 5.588021612E-01 2.064764114E+00 5.688939130E-01 2.054745312E+00 5.789244602E-01
 2.044428427E+00 5.888827340E-01 2.033808258E+00 5.987553630E-01 2.022880568E+00
 6.085296882E-01 2.011641005E+00 6.181899464E-01 2.000085803E+00 6.277189131E-01
 1.988212124E+00 6.370989326E-01 1.976017828E+00 6.463105763E-01 1.963501469E+00
 6.553315988E-01 1.950662874E+00 6.641390440E-01 1.937503111E+00 6.727085035E-01
 1.924024533E+00 6.810131925E-01 1.910230915E+00 6.890226478E-01 1.896128074E+00
 6.967068082E-01 1.881723704E+00 7.040327850E-01 1.867027682E+00 7.109650184E-01
 1.852052361E+00 7.174669547E-01 1.836812718E+00 7.235000121E-01 1.821326646E+00
 7.290227491E-01 1.805615027E+00 7.339949439E-01 1.789701957E+00 7.383742579E-01
 1.773614825E+00 7.421182397E-01 1.757384341E+00 7.451849163E-01 1.741044714E+00
 7.475319607E-01 1.724633280E+00 7.491197339E-01 1.708190193E+00 7.499120981E-01
 1.691758485E+00 7.498750922E-01 1.675383357E+00 7.489795511E-01 1.659111452E+00
 7.472025510E-01 1.642990556E+00 7.445266338E-01 1.627068648E+00 7.409414976E-01
 1.611392703E+00 7.364456896E-01 1.596008572E+00 7.310445793E-01 1.580959066E+00
 7.247537197E-01 1.566284102E+00 7.175958486E-01 1.552019828E+00 7.096011773E-01
 1.538197663E+00 7.008076992E-01 1.524843569E+00 6.912607863E-01 1.511978412E+00
 6.810106475E-01 1.499618061E+00 6.701109203E-01 1.487773059E+00 6.586183207E-01
 1.476448603E+00 6.465918062E-01 1.465645213E+00 6.340907399E-01 1.455358878E+00
 6.211742965E-01 1.445582747E+00 6.078986720E-01 1.436306178E+00 5.943187317E-01
 1.427515531E+00 5.804868492E-01 1.419196375E+00 5.664501770E-01 1.411331430E+00
 5.522539045E-01 1.403902433E+00 5.379390544E-01 1.396891457E+00 5.235414442E-01
 1.390278915E+00 5.090945556E-01 1.384045105E+00 4.946280351E-01 1.378171988E+00
 4.801663344E-01 1.372640836E+00 4.657316986E-01 1.367433501E+00 4.513431512E-01
 1.362532375E+00 4.370168948E-01 1.357920463E+00 4.227665634E-01 1.353582459E+00
 4.086026235E-01 1.349502350E+00 3.945346747E-01 1.345665708E+00 3.805697171E-01
 1.342059069E+00 3.667129467E-01 1.338670081E+00 3.529678635E-01 1.335486260E+00
 3.393373012E-01 1.332496700E+00 3.258223696E-01 1.329691021E+00 3.124233295E-01
 1.327059350E+00 2.991396895E-01 1.324592095E+00 2.859703970E-01 1.322281401E+00
 2.729131296E-01 1.320119371E+00 2.599653822E-01 1.318098426E+00 2.471242794E-01
 1.316211241E+00 2.343866292E-01 1.314452118E+00 2.217483758E-01 1.312816247E+00
 2.092050653E-01 1.311297149E+00 1.967528532E-01 1.309889808E+00 1.843872234E-01
 1.308590563E+00 1.721031746E-01 1.307395323E+00 1.598958723E-01 1.306299875E+00
 1.477604942E-01 1.305300901E+00 1.356919388E-01 1.304395422E+00 1.236850297E-01
 1.303580780E+00 1.117345320E-01 1.302854133E+00 9.983525437E-02 1.302212944E+00
 8.798192902E-02 1.301656030E+00 7.616907724E-02 1.301182050E+00 6.439130702E-02
 1.300789652E+00 5.264325912E-02 1.300477437E+00 4.091958538E-02 1.300243795E+00
 2.921493052E-02 1.300087860E+00 1.752385760E-02 1.300009666E+00 5.840902624E-03
 1.300009660E+00-5.839358038E-03 1.300087845E+00-1.752231345E-02 1.300243770E+00
-2.921338723E-02 1.300477401E+00-4.091804339E-02 1.300789606E+00-5.264171887E-02
 1.301181994E+00-6.438976895E-02 1.301655963E+00-7.616754182E-02 1.302212867E+00
-8.798039671E-02 1.302854045E+00-9.983372562E-02 1.303580681E+00-1.117330073E-01
 1.304395313E+00-1.236835095E-01 1.305300781E+00-1.356904237E-01 1.306299744E+00
-1.477589846E-01 1.307395182E+00-1.598943689E-01 1.308590410E+00-1.721016778E-01
 1.309889645E+00-1.843857340E-01 1.311296975E+00-1.967513717E-01 1.312816061E+00
-2.092035923E-01 1.314451920E+00-2.217469120E-01 1.316211032E+00-2.343851753E-01
 1.318098205E+00-2.471228360E-01 1.320119139E+00-2.599639502E-01 1.322281157E+00
-2.729117098E-01 1.324591839E+00-2.859689902E-01 1.327059082E+00-2.991382967E-01
 1.329690740E+00-3.124219515E-01 1.332496406E+00-3.258210074E-01 1.335485954E+00
-3.393359559E-01 1.338669762E+00-3.529665362E-01 1.342058737E+00-3.667116385E-01
 1.345665364E+00-3.805684293E-01 1.349501993E+00-3.945334085E-01 1.353582089E+00
-4.086013802E-01 1.357920079E+00-4.227653445E-01 1.362531978E+00-4.370157018E-01
 1.367433091E+00-4.513419855E-01 1.372640413E+00-4.657305619E-01 1.378171552E+00
-4.801652282E-01 1.384044656E+00-4.946269613E-01 1.390278454E+00-5.090935157E-01
 1.396890983E+00-5.235404401E-01 1.403901947E+00-5.379380879E-01 1.411330933E+00
-5.522529773E-01 1.419195868E+00-5.664492908E-01 1.427515013E+00-5.804860058E-01
 1.436305652E+00-5.943179325E-01 1.445582213E+00-6.078979187E-01 1.455358337E+00
-6.211735903E-01 1.465644668E+00-6.340900818E-01 1.476448054E+00-6.465911972E-01
 1.487772508E+00-6.586177614E-01 1.499617510E+00-6.701104108E-01 1.511977865E+00
-6.810101878E-01 1.524843026E+00-6.912603759E-01 1.538197127E+00-7.008073373E-01
 1.552019302E+00-7.096008625E-01 1.566283587E+00-7.175955791E-01 1.580958566E+00
-7.247534935E-01 1.596008089E+00-7.310443938E-01 1.611392240E+00-7.364455419E-01
 1.627068206E+00-7.409413846E-01 1.642990138E+00-7.445265522E-01 1.659111060E+00
-7.472024971E-01 1.675382992E+00-7.489795213E-01 1.691758149E+00-7.498750827E-01
 1.708189888E+00-7.499121052E-01 1.724633006E+00-7.491197539E-01 1.741044472E+00
-7.475319898E-01 1.757384133E+00-7.451849510E-01 1.773614650E+00-7.421182766E-01
 1.789701815E+00-7.383742939E-01 1.805614919E+00-7.339949758E-01 1.821326572E+00
-7.290227741E-01 1.836812677E+00-7.235000275E-01 1.852052353E+00-7.174669581E-01
 1.867027707E+00-7.109650075E-01 1.881723759E+00-7.040327577E-01 1.896128161E+00
-6.967067625E-01 1.910231032E+00-6.890225820E-01 1.924024679E+00-6.810131051E-01
 1.937503285E+00-6.727083931E-01 1.950663075E+00-6.641389094E-01 1.963501696E+00
-6.553314387E-01 1.976018081E+00-6.463103898E-01 1.988212401E+00-6.370987189E-01
 2.000086102E+00-6.277186713E-01 2.011641326E+00-6.181896759E-01 2.022880909E+00
-6.085293884E-01 2.033808619E+00-5.987550335E-01 2.044428806E+00-5.888823744E-01
 2.054745708E+00-5.789240702E-01 2.064764526E+00-5.688934922E-01 2.074490363E+00
-5.588017095E-01 2.083928614E+00-5.486590007E-01 2.093085269E+00-5.384756861E-01
 2.101965994E+00-5.282600535E-01 2.110576173E+00-5.180189000E-01 2.118922050E+00
-5.077600387E-01 2.127009722E+00-4.974901509E-01 2.134844695E+00-4.872141983E-01
 2.142432667E+00-4.769370765E-01 2.149779556E+00-4.666636199E-01 2.156890793E+00
-4.563974970E-01 2.163772077E+00-4.461425108E-01 2.170429167E+00-4.359022353E-01
 2.176867313E+00-4.256792725E-01 2.183091472E+00-4.154756807E-01 2.189106673E+00
-4.052935025E-01 2.194917726E+00-3.951343983E-01 2.200529679E+00-3.850002027E-01
 2.205947379E+00-3.748923936E-01 2.211175177E+00-3.648118262E-01 2.216217187E+00
-3.547590906E-01 2.221078017E+00-3.447352336E-01 2.225761828E+00-3.347407913E-01
 2.230271925E+00-3.247755160E-01 2.234612302E+00-3.148397992E-01 2.238786600E+00
-3.049337010E-01 2.242798251E+00-2.950571106E-01 2.246651501E+00-2.852105088E-01
 2.250349244E+00-2.753933158E-01 2.253893767E+00-2.656045906E-01 2.257288475E+00
-2.558442034E-01 2.260536397E+00-2.461117454E-01 2.263640164E+00-2.364065588E-01
 2.266602380E+00-2.267279864E-01 2.269425460E+00-2.170752772E-01 2.272111701E+00
-2.074476336E-01 2.274663510E+00-1.978443230E-01 2.277083068E+00-1.882645029E-01
 2.279372264E+00-1.787072078E-01 2.281532857E+00-1.691714417E-01 2.283566717E+00
-1.596562698E-01 2.285475936E+00-1.501608361E-01 2.287261705E+00-1.406839573E-01
 2.288924964E+00-1.312244185E-01 2.290468024E+00-1.217814433E-01 2.291892342E+00
-1.123539552E-01 2.293197960E+00-1.029405341E-01 2.294386153E+00-9.354012743E-02
 2.295458535E+00-8.415173355E-02 2.296415632E+00-7.477411384E-02 2.297258084E+00
-6.540607959E-02 2.297986939E+00-5.604650860E-02 2.298603101E+00-4.669423401E-02
 2.299107032E+00-3.734802646E-02 2.299498123E+00-2.800659270E-02 2.299776585E+00
-1.866875917E-02 2.299943937E+00-9.333387352E-03 2.300000002E+00 7.723201944E-07
 1.250016164E+00-7.874921132E-01 2.349987377E+00-7.874921132E-01 2.349987377E+00
 7.874920994E-01 1.250016164E+00 7.874920994E-01 1.250016164E+00-7.874921132E-01
 
    3.07625738E-02 abs(PSI-AXIS) --> [T M**2]    -1.49506108E-01
    1.03085589E+00 R OF MAGAXE --> [M]       1.85554061E+00
   -3.82997528E-09 Z OF MAGAXE --> [M]      -6.89395551E-09
    4.29066775E-07 Z0 --> [M]       7.72320195E-07
    1.80000000E+00 R0 [M] USED FOR CONVERTING TO MKSA
    1.50000000E+00 B0 [T] USED FOR CONVERTING TO MKSA
    1.00000000E+00 SIGN OF B0 IN EXPERIMENT (CHEASE ASSUMES 1.0) 
    2.42227985E-01 TOTAL CURRENT --> [A]     5.20449045E+05
    1.00000000E+00 SIGN OF IP IN EXPERIMENT (CHEASE ASSUMES 1.0) 
    1.49999978E+00 b/a
    1.02999991E+00 Q_ZERO, USING SIGNS OF IP AND B0, WOULD GIVE:     1.02999991E+00
    4.26378980E+00 Q_EDGE, USING SIGNS OF IP AND B0, WOULD GIVE:     4.26378980E+00
    1.07867001E+00 POLOIDAL BETA
    1.41151095E-02 BETA_EXP=<P>*2*MU0/B0**2
    9.57048099E-01 LI
    1.71781567E-02 PRESSURE ON AXIS --> [Pa]     3.07573712E+04  --> [10**19 M**-3 KEV]:     1.91993578E+01
    1.33068933E-02 BETA
    1.74479835E-02 BETA* (SQRT(<P**2>))
    3.58154950E-02 BETA-AXIS=2p0/(T0/Rmag)^2;      with Rmag->Rgeo(LCFS):    3.37035008E-02
   -3.07625738E-02 PSI-AXIS --> [T M**2]    -1.49506108E-01
   -1.93286951E-01 2*PI*PSI-AXIS -->        -9.39374584E-01
   -3.07625738E-02 IP_SIGN*PSI-AXIS --> [T M**2]    -1.49506108E-01
   -1.93286951E-01 IP_SIGN*2*PI*PSI-AXIS -->        -9.39374584E-01
    3.59999947E+00 ASPECT RATIO ; a/R=     2.77777819E-01
    2.24191687E+00 VOLUME ->     1.30748592E+01
    3.61795294E-01 AREA   ->     1.17221675E+00
    1.36426469E+01 SURFACE   ->     4.42021761E+01
    2.20703391E+00 LENGTH ->     3.97266104E+00
    7.22227589E-01 RMIN -> RMIN [m]     1.30000966E+00
    1.27777778E+00 RMAX -> RMAX [m]     2.30000000E+00
   -4.16617836E-01 ZMIN -> ZMIN [m]    -7.49912105E-01
    4.16617832E-01 ZMAX -> ZMAX [m]     7.49912098E-01
    1.00000268E+00 RGEOM -> RGEOM [m]     1.80000483E+00
    2.77775095E-01 MINOR RADIUS -> A [m]     4.99995171E-01
