      FROM CHEASE BUT COCOS=02 ,SI UNITS20260212   3 129 129
 1.134507627E+00 2.394213466E+00 1.800000000E+00 1.253465364E+00-4.016945718E-07
 1.884766733E+00-4.016945718E-07-2.240215954E-01 0.000000000E+00 1.500000000E+00
 9.524278774E+05-2.240215954E-01 0.000000000E+00 1.884766733E+00 0.000000000E+00
-4.016945718E-07 0.000000000E+00 0.000000000E+00 0.000000000E+00 0.000000000E+00
 2.718607693E+00 2.716417190E+00 2.714276903E+00 2.712185728E+00 2.710142652E+00
 2.708146775E+00 2.706197286E+00 2.704293457E+00 2.702434646E+00 2.700620282E+00
 2.698849862E+00 2.697122958E+00 2.695439176E+00 2.693798183E+00 2.692199726E+00
 2.690643565E+00 2.689129507E+00 2.687657417E+00 2.686227173E+00 2.684838705E+00
 2.683491968E+00 2.682186948E+00 2.680923639E+00 2.679702066E+00 2.678522264E+00
 2.677384320E+00 2.676288297E+00 2.675234260E+00 2.674222311E+00 2.673252549E+00
 2.672325044E+00 2.671439929E+00 2.670597263E+00 2.669797132E+00 2.669039613E+00
 2.668324778E+00 2.667652655E+00 2.667023263E+00 2.666436619E+00 2.665892707E+00
 2.665391482E+00 2.664932855E+00 2.664516742E+00 2.664143013E+00 2.663811503E+00
 2.663521989E+00 2.663274238E+00 2.663067982E+00 2.662902883E+00 2.662778585E+00
 2.662694701E+00 2.662650779E+00 2.662646314E+00 2.662680773E+00 2.662753598E+00
 2.662864163E+00 2.663011804E+00 2.663195829E+00 2.663415489E+00 2.663669985E+00
 2.663958488E+00 2.664280148E+00 2.664634063E+00 2.665019295E+00 2.665434857E+00
 2.665879752E+00 2.666352940E+00 2.666853375E+00 2.667379968E+00 2.667931593E+00
 2.668507103E+00 2.669105338E+00 2.669725137E+00 2.670365303E+00 2.671024594E+00
 2.671701795E+00 2.672395689E+00 2.673105007E+00 2.673828480E+00 2.674564844E+00
 2.675312834E+00 2.676071166E+00 2.676838557E+00 2.677613716E+00 2.678395345E+00
 2.679182150E+00 2.679972851E+00 2.680766156E+00 2.681560760E+00 2.682355377E+00
 2.683148713E+00 2.683939479E+00 2.684726382E+00 2.685508144E+00 2.686283470E+00
 2.687051090E+00 2.687809708E+00 2.688558052E+00 2.689294837E+00 2.690018789E+00
 2.690728631E+00 2.691423087E+00 2.692100890E+00 2.692760756E+00 2.693401409E+00
 2.694021557E+00 2.694619932E+00 2.695195246E+00 2.695746207E+00 2.696271520E+00
 2.696769874E+00 2.697239936E+00 2.697680346E+00 2.698089930E+00 2.698467732E+00
 2.698812420E+00 2.699121329E+00 2.699390251E+00 2.699614477E+00 2.699790541E+00
 2.699917820E+00 2.699999319E+00 2.700041572E+00 2.700053811E+00 2.700046643E+00
 2.700030526E+00 2.700014186E+00 2.700003391E+00 2.700000000E+00
 6.912204373E+04 6.911360583E+04 6.908829642E+04 6.904612457E+04 6.898710567E+04
 6.891126106E+04 6.881861883E+04 6.870921266E+04 6.858308269E+04 6.844027551E+04
 6.828084360E+04 6.810484577E+04 6.791234691E+04 6.770341804E+04 6.747813649E+04
 6.723658550E+04 6.697885496E+04 6.670504050E+04 6.641524388E+04 6.610957340E+04
 6.578814328E+04 6.545107459E+04 6.509849329E+04 6.473053283E+04 6.434733166E+04
 6.394903519E+04 6.353579515E+04 6.310776877E+04 6.266512030E+04 6.220801963E+04
 6.173664259E+04 6.125117140E+04 6.075179474E+04 6.023870722E+04 5.971211024E+04
 5.917221020E+04 5.861922000E+04 5.805335964E+04 5.747485444E+04 5.688393606E+04
 5.628084223E+04 5.566581787E+04 5.503911273E+04 5.440098337E+04 5.375169255E+04
 5.309150888E+04 5.242070785E+04 5.173957014E+04 5.104838301E+04 5.034744023E+04
 4.963704137E+04 4.891749291E+04 4.818910636E+04 4.745220021E+04 4.670709887E+04
 4.595413276E+04 4.519363916E+04 4.442596077E+04 4.365144696E+04 4.287045301E+04
 4.208334015E+04 4.129047636E+04 4.049223530E+04 3.968899734E+04 3.888114858E+04
 3.806908165E+04 3.725319502E+04 3.643389333E+04 3.561158750E+04 3.478669472E+04
 3.395963844E+04 3.313084837E+04 3.230075996E+04 3.146981505E+04 3.063846180E+04
 2.980715419E+04 2.897635289E+04 2.814652453E+04 2.731814158E+04 2.649168333E+04
 2.566763460E+04 2.484648675E+04 2.402873751E+04 2.321489028E+04 2.240545469E+04
 2.160094765E+04 2.080189075E+04 2.000881270E+04 1.922224748E+04 1.844273619E+04
 1.767082570E+04 1.690706980E+04 1.615202724E+04 1.540626373E+04 1.467035029E+04
 1.394486491E+04 1.323039186E+04 1.252752034E+04 1.183684836E+04 1.115897714E+04
 1.049451635E+04 9.844080024E+03 9.208290286E+03 8.587773847E+03 7.983164053E+03
 7.395101299E+03 6.824229966E+03 6.271203777E+03 5.736679154E+03 5.221321812E+03
 4.725801275E+03 4.250794623E+03 3.796986115E+03 3.365062413E+03 2.955720735E+03
 2.569660648E+03 2.207591194E+03 1.870226092E+03 1.558283875E+03 1.272493135E+03
 1.013583645E+03 7.822961564E+02 5.793743711E+02 4.055679005E+02 2.616367936E+02
 1.483406746E+02 6.645152865E+01 1.674469249E+01 0.000000000E+00
-3.442956346E+00-3.360605384E+00-3.280936987E+00-3.203120273E+00-3.126945015E+00
-3.052259088E+00-2.978920102E+00-2.906789147E+00-2.835734852E+00-2.765653878E+00
-2.696423728E+00-2.627944637E+00-2.560175866E+00-2.492965827E+00-2.426233514E+00
-2.359985149E+00-2.294064144E+00-2.228472400E+00-2.163119517E+00-2.097958990E+00
-2.032932900E+00-1.968027770E+00-1.903184386E+00-1.838406219E+00-1.773600025E+00
-1.708760200E+00-1.643912443E+00-1.579022020E+00-1.514021952E+00-1.448996012E+00
-1.383870439E+00-1.318642052E+00-1.253406290E+00-1.188075807E+00-1.122701937E+00
-1.057284131E+00-9.919109275E-01-9.265371379E-01-8.612135406E-01-7.959671213E-01
-7.308725889E-01-6.659491581E-01-6.012006156E-01-5.367155768E-01-4.725495935E-01
-4.087650618E-01-3.453535903E-01-2.824411070E-01-2.200685271E-01-1.582615315E-01
-9.710134055E-02-3.667078923E-02 2.295000726E-02 8.175826445E-02 1.396766532E-01
 1.965968527E-01 2.525110068E-01 3.073358566E-01 3.609923220E-01 4.134241887E-01
 4.645874849E-01 5.144513346E-01 5.629177852E-01 6.099475702E-01 6.554770379E-01
 6.994833487E-01 7.419199386E-01 7.827574605E-01 8.219312460E-01 8.593831568E-01
 8.951131756E-01 9.290772364E-01 9.612999043E-01 9.916505382E-01 1.020155560E+00
 1.046826798E+00 1.071638591E+00 1.094498669E+00 1.115461563E+00 1.134496671E+00
 1.151617249E+00 1.166764958E+00 1.179981405E+00 1.191205398E+00 1.200471952E+00
 1.207754795E+00 1.213104745E+00 1.216441715E+00 1.217813236E+00 1.217195650E+00
 1.214611813E+00 1.210027896E+00 1.203482584E+00 1.194945848E+00 1.184439022E+00
 1.171955300E+00 1.157477827E+00 1.141036852E+00 1.122600543E+00 1.102207745E+00
 1.079811855E+00 1.055464743E+00 1.029125076E+00 1.000800351E+00 9.704770938E-01
 9.381566066E-01 9.038609631E-01 8.675392068E-01 8.292176092E-01 7.888541168E-01
 7.464499710E-01 7.019182774E-01 6.553441473E-01 6.071661068E-01 5.574470251E-01
 5.048389629E-01 4.467950155E-01 3.814541196E-01 3.093144313E-01 2.336815139E-01
 1.597860385E-01 9.336517452E-02 3.940440570E-02 1.119814715E-03-2.050957093E-02
-2.694883901E-02-2.194734851E-02-1.092853632E-02-1.425205659E-15
 5.181898712E-01-9.641335841E+03-1.927968995E+04-2.891088253E+04-3.853080435E+04
-4.813747352E+04-5.772601720E+04-6.729373164E+04-7.683663055E+04-8.635087239E+04
-9.583383830E+04-1.052811065E+05-1.146895449E+05-1.240556851E+05-1.333761939E+05
-1.426470470E+05-1.518650128E+05-1.610262156E+05-1.701276837E+05-1.791655791E+05
-1.881359753E+05-1.970363284E+05-2.058621975E+05-2.146104400E+05-2.232779439E+05
-2.318600764E+05-2.403540753E+05-2.487560098E+05-2.570627274E+05-2.652706773E+05
-2.733765674E+05-2.813764626E+05-2.892664659E+05-2.970432172E+05-3.047039673E+05
-3.122450921E+05-3.196620119E+05-3.269515601E+05-3.341112519E+05-3.411365606E+05
-3.480237930E+05-3.547694378E+05-3.613715321E+05-3.678240998E+05-3.741252703E+05
-3.802713902E+05-3.862579201E+05-3.920825696E+05-3.977414984E+05-4.032303359E+05
-4.085464271E+05-4.136859193E+05-4.186451626E+05-4.234212175E+05-4.280097684E+05
-4.324076860E+05-4.366115456E+05-4.406172831E+05-4.444221984E+05-4.480219590E+05
-4.514137364E+05-4.545934916E+05-4.575577488E+05-4.603032716E+05-4.628260311E+05
-4.651230591E+05-4.671903825E+05-4.690250236E+05-4.706227652E+05-4.719806284E+05
-4.730945131E+05-4.739613614E+05-4.745775895E+05-4.749395052E+05-4.750436851E+05
-4.748866654E+05-4.744645743E+05-4.737742972E+05-4.728121379E+05-4.715744253E+05
-4.700579450E+05-4.682588755E+05-4.661736524E+05-4.637993130E+05-4.611314724E+05
-4.581669119E+05-4.549025320E+05-4.513342251E+05-4.474592033E+05-4.432729396E+05
-4.387726009E+05-4.339539915E+05-4.288146648E+05-4.233499822E+05-4.175578591E+05
-4.114326850E+05-4.049732673E+05-3.981739505E+05-3.910322705E+05-3.835448267E+05
-3.757073509E+05-3.675174177E+05-3.589697333E+05-3.500632656E+05-3.407916885E+05
-3.311540590E+05-3.211450206E+05-3.107616314E+05-3.000011855E+05-2.888581693E+05
-2.773319607E+05-2.654151918E+05-2.531079442E+05-2.404049671E+05-2.273025282E+05
-2.137987878E+05-1.998870130E+05-1.855676905E+05-1.708337732E+05-1.556834341E+05
-1.401138321E+05-1.241184763E+05-1.076985526E+05-9.084569064E+04-7.355904960E+04
-5.583598795E+04-3.766880938E+04-1.905928049E+04 0.000000000E+00
 1.431846057E-01 1.408995688E-01 1.386252231E-01 1.363634460E-01 1.341141458E-01
 1.318775719E-01 1.296540357E-01 1.274438462E-01 1.252472998E-01 1.230645796E-01
 1.208956716E-01 1.187405045E-01 1.165990220E-01 1.144711736E-01 1.123569099E-01
 1.102562566E-01 1.081694871E-01 1.060970412E-01 1.040393617E-01 1.019968686E-01
 9.996995553E-02 9.795887740E-02 9.596364356E-02 9.398420139E-02 9.202052297E-02
 9.007260251E-02 8.814053386E-02 8.622459429E-02 8.432512013E-02 8.244245079E-02
 8.057691933E-02 7.872878163E-02 7.689822913E-02 7.508544677E-02 7.329064634E-02
 7.151413826E-02 6.975632223E-02 6.801760732E-02 6.629827454E-02 6.459827229E-02
 6.291740792E-02 6.125557874E-02 5.961297950E-02 5.799007647E-02 5.638735491E-02
 5.480517413E-02 5.324375605E-02 5.170331629E-02 5.018410821E-02 4.868641880E-02
 4.721055073E-02 4.575679675E-02 4.432545633E-02 4.291692737E-02 4.153174865E-02
 4.017043063E-02 3.883327689E-02 3.752049007E-02 3.623231806E-02 3.496907199E-02
 3.373108534E-02 3.251870092E-02 3.133223751E-02 3.017198753E-02 2.903841825E-02
 2.793221414E-02 2.685397507E-02 2.580409471E-02 2.478270235E-02 2.378993380E-02
 2.282634162E-02 2.189262592E-02 2.098937766E-02 2.011708759E-02 1.927610837E-02
 1.846665966E-02 1.768916998E-02 1.694412438E-02 1.623178790E-02 1.555260967E-02
 1.490705407E-02 1.429539646E-02 1.371805674E-02 1.317541420E-02 1.266773487E-02
 1.219532194E-02 1.175847965E-02 1.135738980E-02 1.099233070E-02 1.066359953E-02
 1.037132411E-02 1.011573848E-02 9.897043615E-03 9.715302947E-03 9.570582972E-03
 9.462933031E-03 9.392365582E-03 9.359013480E-03 9.363017751E-03 9.404403944E-03
 9.483303461E-03 9.599852733E-03 9.754115211E-03 9.946217418E-03 1.017633583E-02
 1.044464680E-02 1.075146656E-02 1.109722657E-02 1.148232404E-02 1.190732336E-02
 1.237291634E-02 1.287979147E-02 1.342888562E-02 1.402137453E-02 1.465840031E-02
 1.534126878E-02 1.607162280E-02 1.685111877E-02 1.768157511E-02 1.856516404E-02
 1.950426591E-02 2.050137504E-02 2.155907626E-02 2.268042232E-02 2.386899571E-02
 2.512764227E-02 2.646014292E-02 2.787463382E-02 2.936345986E-02 1.401172114E-01
 1.378182223E-01 1.355298732E-01 1.332539743E-01 1.309904205E-01 1.287394707E-01
 1.265014336E-01 1.242766112E-01 1.220653158E-01 1.198678426E-01 1.176843734E-01
 1.155149089E-01 1.133593869E-01 1.112177554E-01 1.090899691E-01 1.069759922E-01
 1.048758859E-01 1.027899515E-01 1.007186347E-01 9.866238275E-02 9.662162042E-02
 9.459672786E-02 9.258791369E-02 9.059517743E-02 8.861848063E-02 8.665780879E-02
 8.471318486E-02 8.278476623E-02 8.087286279E-02 7.897782159E-02 7.709999148E-02
 7.523969502E-02 7.339716970E-02 7.157261314E-02 6.976622820E-02 6.797827059E-02
 6.620910542E-02 6.445915486E-02 6.272879921E-02 6.101818530E-02 5.932718363E-02
 5.765565141E-02 5.600363641E-02 5.437152281E-02 5.275981633E-02 5.116895807E-02
 4.959923260E-02 4.805087073E-02 4.652413103E-02 4.501931157E-02 4.353673289E-02
 4.207671593E-02 4.063957672E-02 3.922569393E-02 3.783559168E-02 3.646982087E-02
 3.512876839E-02 3.381267862E-02 3.252181625E-02 3.125651425E-02 3.001713487E-02
 2.880405194E-02 2.761762846E-02 2.645819522E-02 2.532621426E-02 2.422236898E-02
 2.314729301E-02 2.210143037E-02 2.108498949E-02 2.009816079E-02 1.914150149E-02
 1.821571837E-02 1.732141995E-02 1.645911911E-02 1.562920459E-02 1.483195872E-02
 1.406784661E-02 1.333735121E-02 1.264078919E-02 1.197864452E-02 1.135136919E-02
 1.075928468E-02 1.020283050E-02 9.682382770E-03 9.198232557E-03 8.750696434E-03
 8.340059449E-03 7.966517250E-03 7.630363277E-03 7.331824330E-03 7.071042881E-03
 6.848226418E-03 6.663508574E-03 6.516927765E-03 6.408536044E-03 6.338335645E-03
 6.306343142E-03 6.312648287E-03 6.357289483E-03 6.440272469E-03 6.561680467E-03
 6.721558619E-03 6.919936468E-03 7.156919642E-03 7.432624389E-03 7.747227901E-03
 8.101034927E-03 8.494375642E-03 8.927661094E-03 9.401470555E-03 9.916448886E-03
 1.047336384E-02 1.107326896E-02 1.171727527E-02 1.240658644E-02 1.314270126E-02
 1.392726947E-02 1.476203326E-02 1.564906076E-02 1.659068177E-02 1.758938077E-02
 1.864775317E-02 1.976875465E-02 2.095589186E-02 2.221235986E-02 2.354148194E-02
 2.494852550E-02 2.644070993E-02 2.800895424E-02 1.370650114E-01 1.347518476E-01
 1.324493307E-01 1.301592169E-01 1.278813324E-01 1.256159199E-01 1.233632960E-01
 1.211237603E-01 1.188976206E-01 1.166851998E-01 1.144868017E-01 1.123026060E-01
 1.101326157E-01 1.079767747E-01 1.058350372E-01 1.037073618E-01 1.015937182E-01
 9.949420070E-02 9.740914787E-02 9.533901846E-02 9.328426436E-02 9.124531708E-02
 8.922254402E-02 8.721610652E-02 8.522599271E-02 8.325217900E-02 8.129466518E-02
 7.935350895E-02 7.742893216E-02 7.552127353E-02 7.363089104E-02 7.175814204E-02
 6.990333125E-02 6.806668588E-02 6.624841347E-02 6.444874091E-02 6.266798010E-02
 6.090654055E-02 5.916485278E-02 5.744323121E-02 5.574168254E-02 5.406006621E-02
 5.239833492E-02 5.075673882E-02 4.913577179E-02 4.753593367E-02 4.595759153E-02
 4.440100440E-02 4.286643930E-02 4.135420360E-02 3.986463441E-02 3.839807996E-02
 3.695487968E-02 3.553540679E-02 3.414016350E-02 3.276972669E-02 3.142456281E-02
 3.010496887E-02 2.881123275E-02 2.754370941E-02 2.630279154E-02 2.508888572E-02
 2.390239817E-02 2.274370420E-02 2.161327086E-02 2.051177880E-02 1.943989192E-02
 1.839810377E-02 1.738670278E-02 1.640594219E-02 1.545638890E-02 1.453875538E-02
 1.365366307E-02 1.280164504E-02 1.198313121E-02 1.119847105E-02 1.044817016E-02
 9.732738637E-03 9.052555591E-03 8.408126129E-03 7.799894886E-03 7.228225161E-03
 6.693571942E-03 6.196368171E-03 5.736936022E-03 5.315577046E-03 4.932541364E-03
 4.588029605E-03 4.282299264E-03 4.015513858E-03 3.787807567E-03 3.599324480E-03
 3.450130258E-03 3.340238313E-03 3.269655699E-03 3.238346459E-03 3.246303156E-03
 3.293538382E-03 3.380013948E-03 3.505716289E-03 3.670660389E-03 3.874840570E-03
 4.118288993E-03 4.401094421E-03 4.723385979E-03 5.085387373E-03 5.487314382E-03
 5.929374310E-03 6.412007974E-03 6.935786490E-03 7.501324924E-03 8.109465527E-03
 8.761250655E-03 9.457810427E-03 1.020050474E-02 1.099093566E-02 1.183078333E-02
 1.272199984E-02 1.366684761E-02 1.466778400E-02 1.572740122E-02 1.684856996E-02
 1.803471183E-02 1.928921825E-02 2.061543819E-02 2.201798568E-02 2.350177413E-02
 2.507328875E-02 2.672440680E-02 1.340308318E-01 1.317032270E-01 1.293862900E-01
 1.270817704E-01 1.247894396E-01 1.225094683E-01 1.202421528E-01 1.179878002E-01
 1.157467157E-01 1.135192134E-01 1.113056228E-01 1.091062534E-01 1.069212891E-01
 1.047507376E-01 1.025945491E-01 1.004526848E-01 9.832510936E-02 9.621180639E-02
 9.411290240E-02 9.202876692E-02 8.995986978E-02 8.790666763E-02 8.586959400E-02
 8.384899421E-02 8.184499037E-02 7.985756950E-02 7.788672466E-02 7.593247555E-02
 7.399492762E-02 7.207435921E-02 7.017112933E-02 6.828560669E-02 6.641814971E-02
 6.456904361E-02 6.273851580E-02 6.092678972E-02 5.913413029E-02 5.736090732E-02
 5.560756064E-02 5.387450167E-02 5.216192671E-02 5.046976132E-02 4.879791726E-02
 4.714650384E-02 4.551594987E-02 4.390678435E-02 4.231945899E-02 4.075428370E-02
 3.921154017E-02 3.769154457E-02 3.619464987E-02 3.472122876E-02 3.327165004E-02
 3.184629581E-02 3.044564643E-02 2.907028985E-02 2.772075989E-02 2.639741868E-02
 2.510058615E-02 2.383064025E-02 2.258800599E-02 2.137312525E-02 2.018644679E-02
 1.902839635E-02 1.789945833E-02 1.680030891E-02 1.573163787E-02 1.469398690E-02
 1.368772033E-02 1.271315988E-02 1.177088842E-02 1.086162812E-02 9.986038277E-03
 9.144693087E-03 8.338065912E-03 7.566568464E-03 6.830761262E-03 6.131279134E-03
 5.468584942E-03 4.843169018E-03 4.255459682E-03 3.705857188E-03 3.194719948E-03
 2.722102311E-03 2.288271933E-03 1.893628920E-03 1.538516922E-03 1.223238684E-03
 9.480853495E-04 7.132722821E-04 5.189828792E-04 3.653616915E-04 2.524876171E-04
 1.803965597E-04 1.490846250E-04 1.585077328E-04 2.086101814E-04 2.993064542E-04
 4.304720434E-04 6.019777985E-04 8.136741156E-04 1.065390906E-03 1.356968808E-03
 1.688248995E-03 2.059072471E-03 2.469415422E-03 2.919776265E-03 3.410953031E-03
 3.943542112E-03 4.518163915E-03 5.135409942E-03 5.795974111E-03 6.500857833E-03
 7.251239769E-03 8.048576045E-03 8.894513169E-03 9.790916287E-03 1.073995956E-02
 1.174405085E-02 1.280576926E-02 1.392793050E-02 1.511385601E-02 1.636704085E-02
 1.769085267E-02 1.908980628E-02 2.056859371E-02 2.213107939E-02 2.378532938E-02
 2.552414537E-02 1.310147538E-01 1.286724403E-01 1.263408148E-01 1.240216297E-01
 1.217146486E-01 1.194199937E-01 1.171378862E-01 1.148686085E-01 1.126124720E-01
 1.103697891E-01 1.081408798E-01 1.059260803E-01 1.037257061E-01 1.015399456E-01
 9.936881178E-02 9.721226207E-02 9.507026537E-02 9.294279373E-02 9.082984659E-02
 8.873158537E-02 8.664840823E-02 8.458079448E-02 8.252920542E-02 8.049407369E-02
 7.847571627E-02 7.647422228E-02 7.448958564E-02 7.252181758E-02 7.057096395E-02
 6.863718839E-02 6.672081484E-02 6.482221786E-02 6.294177679E-02 6.107984277E-02
 5.923668640E-02 5.741254338E-02 5.560766032E-02 5.382235400E-02 5.205704378E-02
 5.031218187E-02 4.858812168E-02 4.688493203E-02 4.520253342E-02 4.354094358E-02
 4.190047072E-02 4.028163939E-02 3.868496568E-02 3.711083425E-02 3.555955203E-02
 3.403144623E-02 3.252688480E-02 3.104626220E-02 2.958997911E-02 2.815843785E-02
 2.675210609E-02 2.537157119E-02 2.401741692E-02 2.269007945E-02 2.138992038E-02
 2.011734410E-02 1.887280958E-02 1.765679602E-02 1.646979358E-02 1.531228230E-02
 1.418477421E-02 1.308793525E-02 1.202247413E-02 1.098898421E-02 9.987934831E-03
 9.019750981E-03 8.085031957E-03 7.184514011E-03 6.318989855E-03 5.489146416E-03
 4.695491343E-03 3.938497615E-03 3.218576687E-03 2.535722686E-03 1.890287169E-03
 1.282893004E-03 7.141260105E-04 1.845866193E-04-3.055050730E-04-7.572025019E-04
-1.170319002E-03-1.543978817E-03-1.877371783E-03-2.169783096E-03-2.420569433E-03
-2.629164636E-03-2.795075116E-03-2.917887921E-03-2.997273112E-03-3.032983769E-03
-3.024862477E-03-2.972846917E-03-2.876970961E-03-2.737380953E-03-2.554344959E-03
-2.328262695E-03-2.059683195E-03-1.749317069E-03-1.398048064E-03-1.006962090E-03
-5.774571940E-04-1.107623007E-04 3.941891242E-04 9.394981231E-04 1.525398176E-03
 2.152015452E-03 2.820733906E-03 3.533736188E-03 4.292384678E-03 5.097633401E-03
 5.950758142E-03 6.853425404E-03 7.807664053E-03 8.815844740E-03 9.880536732E-03
 1.100451366E-02 1.219098981E-02 1.344350933E-02 1.476549765E-02 1.616126677E-02
 1.763575021E-02 1.919265492E-02 2.083692746E-02 2.257833668E-02 2.440829789E-02
 1.280173690E-01 1.256600708E-01 1.233134819E-01 1.209793567E-01 1.186574562E-01
 1.163478978E-01 1.140508604E-01 1.117665494E-01 1.094952466E-01 1.072372694E-01
 1.049929369E-01 1.027625752E-01 1.005465272E-01 9.834511450E-02 9.615853022E-02
 9.398679333E-02 9.182986929E-02 8.968773533E-02 8.756037214E-02 8.544779797E-02
 8.335021100E-02 8.126803583E-02 7.920175995E-02 7.715184921E-02 7.511873130E-02
 7.310268878E-02 7.110378755E-02 6.912203473E-02 6.715746178E-02 6.521014946E-02
 6.328032417E-02 6.136834459E-02 5.947459867E-02 5.759947384E-02 5.574330684E-02
 5.390636361E-02 5.208889473E-02 5.029118083E-02 4.851359719E-02 4.675659918E-02
 4.502062655E-02 4.330593019E-02 4.161250294E-02 3.994032571E-02 3.828957814E-02
 3.666073353E-02 3.505434349E-02 3.347087471E-02 3.191067713E-02 3.037409431E-02
 2.886150837E-02 2.737333455E-02 2.591000467E-02 2.447194952E-02 2.305963838E-02
 2.167365079E-02 2.031460496E-02 1.898301167E-02 1.767928315E-02 1.640385504E-02
 1.515722149E-02 1.393989813E-02 1.275240855E-02 1.159528829E-02 1.046910448E-02
 9.374561049E-03 8.312384521E-03 7.283222651E-03 6.287755833E-03 5.326618572E-03
 4.400455197E-03 3.509882228E-03 2.654982113E-03 1.835921862E-03 1.053363133E-03
 3.081091572E-04-3.997639029E-04-1.072245570E-03-1.709316140E-03-2.309741861E-03
-2.872327763E-03-3.395996234E-03-3.879805775E-03-4.323130284E-03-4.725161087E-03
-5.085015648E-03-5.401880159E-03-5.675012271E-03-5.903737721E-03-6.087450180E-03
-6.225606596E-03-6.317736114E-03-6.363437974E-03-6.362388064E-03-6.314343941E-03
-6.219151033E-03-6.076753720E-03-5.887205629E-03-5.650683362E-03-5.367503854E-03
-5.038142923E-03-4.663256040E-03-4.243703354E-03-3.780576947E-03-3.275246208E-03
-2.729290921E-03-2.144098531E-03-1.521151260E-03-8.628074083E-04-1.710998501E-04
 5.567256513E-04 1.326379477E-03 2.139595129E-03 2.999334752E-03 3.908625489E-03
 4.869087523E-03 5.882455972E-03 6.951094586E-03 8.077765965E-03 9.265619423E-03
 1.051818974E-02 1.183898884E-02 1.323215262E-02 1.470263784E-02 1.625458501E-02
 1.789241337E-02 1.962271123E-02 2.145474719E-02 2.337863301E-02 1.250393693E-01
 1.226668037E-01 1.203049683E-01 1.179556201E-01 1.156185183E-01 1.132937781E-01
 1.109815752E-01 1.086820781E-01 1.063954918E-01 1.041220984E-01 1.018622205E-01
 9.961618427E-02 9.738432210E-02 9.516698338E-02 9.296449595E-02 9.077705813E-02
 8.860469565E-02 8.644738291E-02 8.430510638E-02 8.217785687E-02 8.006567430E-02
 7.796879495E-02 7.588766748E-02 7.382278634E-02 7.177462126E-02 6.974359005E-02
 6.772993782E-02 6.573371813E-02 6.375495637E-02 6.179370756E-02 5.985009733E-02
 5.792441281E-02 5.601703862E-02 5.412837498E-02 5.225881196E-02 5.040867145E-02
 4.857822439E-02 4.676774337E-02 4.497755621E-02 4.320809226E-02 4.145982515E-02
 3.973314737E-02 3.802819623E-02 3.634496662E-02 3.468355430E-02 3.304433078E-02
 3.142785178E-02 2.983465150E-02 2.826514438E-02 2.671969843E-02 2.519871125E-02
 2.370261902E-02 2.223188214E-02 2.078696566E-02 1.936835478E-02 1.797662156E-02
 1.661240472E-02 1.527628087E-02 1.396871802E-02 1.269018055E-02 1.144119947E-02
 1.022235262E-02 9.034242688E-03 7.877462377E-03 6.752689029E-03 5.660841423E-03
 4.602726916E-03 3.578896854E-03 2.589275770E-03 1.633884451E-03 7.136011497E-04
-1.710089104E-04-1.021995961E-03-1.840736477E-03-2.626033596E-03-3.376322478E-03
-4.090380159E-03-4.767471772E-03-5.406550062E-03-6.006403551E-03-6.565896964E-03
-7.083990357E-03-7.559690617E-03-7.992020196E-03-8.380114841E-03-8.723202271E-03
-9.020561281E-03-9.271517566E-03-9.475444890E-03-9.631768419E-03-9.739959769E-03
-9.799545222E-03-9.810104373E-03-9.771276870E-03-9.682768574E-03-9.544350913E-03
-9.355875248E-03-9.117280041E-03-8.828600374E-03-8.489983318E-03-8.101704192E-03
-7.664188715E-03-7.178037584E-03-6.644052084E-03-6.063265912E-03-5.437003165E-03
-4.767010598E-03-4.055444980E-03-3.304812576E-03-2.517875529E-03-1.696914253E-03
-8.444693671E-04 3.798474811E-05 9.588382976E-04 1.925753339E-03 2.943745922E-03
 4.016905490E-03 5.147298828E-03 6.337479998E-03 7.590895394E-03 8.911189753E-03
 1.030238947E-02 1.176937602E-02 1.331658023E-02 1.494856789E-02 1.667132346E-02
 1.849109328E-02 2.041672615E-02 2.243852598E-02 1.220814568E-01 1.196933325E-01
 1.173159602E-01 1.149510986E-01 1.125985050E-01 1.102582935E-01 1.079306375E-01
 1.056157036E-01 1.033136648E-01 1.010247280E-01 9.874917523E-02 9.648733385E-02
 9.423953695E-02 9.200612355E-02 8.978744968E-02 8.758384946E-02 8.539552676E-02
 8.322251493E-02 8.106479838E-02 7.892237385E-02 7.679524397E-02 7.468347338E-02
 7.258733715E-02 7.050730549E-02 6.844387876E-02 6.639752913E-02 6.436865905E-02
 6.235747718E-02 6.036403522E-02 5.838838076E-02 5.643059759E-02 5.449086622E-02
 5.256952648E-02 5.066698266E-02 4.878364670E-02 4.691990411E-02 4.507606805E-02
 4.325242292E-02 4.144927259E-02 3.966700184E-02 3.790608139E-02 3.616697911E-02
 3.445000212E-02 3.275522223E-02 3.108270473E-02 2.943271019E-02 2.780575808E-02
 2.620242340E-02 2.462319600E-02 2.306848142E-02 2.153869719E-02 2.003430093E-02
 1.855578006E-02 1.710363546E-02 1.567837877E-02 1.428058053E-02 1.291088059E-02
 1.156990362E-02 1.025820022E-02 8.976320320E-03 7.724843435E-03 6.504485351E-03
 5.316121076E-03 4.160428583E-03 3.037699433E-03 1.947644124E-03 8.909661549E-04
-1.317987821E-04-1.123059290E-03-2.084812291E-03-3.015734949E-03-3.914053996E-03
-4.778759842E-03-5.608832610E-03-6.402839867E-03-7.159383583E-03-7.877161263E-03
-8.554864832E-03-9.191367987E-03-9.785664843E-03-1.033681089E-02-1.084391203E-02
-1.130610971E-02-1.172258519E-02-1.209255364E-02-1.241527215E-02-1.269002995E-02
-1.291615198E-02-1.309300031E-02-1.321997776E-02-1.329653044E-02-1.332215228E-02
-1.329638732E-02-1.321883472E-02-1.308915451E-02-1.290706776E-02-1.267236476E-02
-1.238491072E-02-1.204465150E-02-1.165162347E-02-1.120596505E-02-1.070793353E-02
-1.015792581E-02-9.556503296E-03-8.904427089E-03-8.202700398E-03-7.452624384E-03
-6.655845814E-03-5.814388311E-03-4.930749883E-03-4.008166877E-03-3.050619584E-03
-2.062044158E-03-1.045457215E-03-1.853176534E-06 1.080251099E-03 2.213631207E-03
 3.406127856E-03 4.661259223E-03 5.981868344E-03 7.371793962E-03 8.835853128E-03
 1.037871174E-02 1.200501969E-02 1.372077815E-02 1.553189738E-02 1.744408873E-02
 1.946728495E-02 2.159187172E-02 1.191443241E-01 1.167403763E-01 1.143471745E-01
 1.119665001E-01 1.095981164E-01 1.072421353E-01 1.048987290E-01 1.025680617E-01
 1.002503049E-01 9.794563877E-02 9.565427264E-02 9.337648798E-02 9.111261694E-02
 8.886299967E-02 8.662798174E-02 8.440792596E-02 8.220317284E-02 8.001393218E-02
 7.784024596E-02 7.568210971E-02 7.353953161E-02 7.141252817E-02 6.930119182E-02
 6.720583645E-02 6.512695133E-02 6.306504164E-02 6.102057972E-02 5.899394735E-02
 5.698532144E-02 5.499476164E-02 5.302234120E-02 5.106817976E-02 4.913252005E-02
 4.721574311E-02 4.531826953E-02 4.344052092E-02 4.158287312E-02 3.974564090E-02
 3.792912989E-02 3.613368704E-02 3.435975320E-02 3.260782315E-02 3.087832842E-02
 2.917148139E-02 2.748736718E-02 2.582617495E-02 2.418834512E-02 2.257446507E-02
 2.098509134E-02 1.942068458E-02 1.788168858E-02 1.636858232E-02 1.488187927E-02
 1.342210930E-02 1.198980685E-02 1.058556500E-02 9.210072431E-03 7.864006947E-03
 6.548069920E-03 5.263126341E-03 4.009809830E-03 2.788232677E-03 1.598042906E-03
 4.399461768E-04-6.866770490E-04-1.785821451E-03-2.857362549E-03-3.899360509E-03
-4.910588601E-03-5.889931949E-03-6.835782481E-03-7.746512178E-03-8.620548621E-03
-9.456481897E-03-1.025311492E-02-1.100935930E-02-1.172418386E-02-1.239659307E-02
-1.302564594E-02-1.361042769E-02-1.415004918E-02-1.464363880E-02-1.509033998E-02
-1.548932221E-02-1.583976690E-02-1.614088297E-02-1.639190562E-02-1.659210417E-02
-1.674078792E-02-1.683730595E-02-1.688105780E-02-1.687149423E-02-1.680812332E-02
-1.669051467E-02-1.651830003E-02-1.629118034E-02-1.600892738E-02-1.567138554E-02
-1.527847588E-02-1.483019861E-02-1.432663973E-02-1.376797832E-02-1.315449539E-02
-1.248659556E-02-1.176483241E-02-1.098994062E-02-1.016288296E-02-9.284910567E-03
-8.357635737E-03-7.383114149E-03-6.363935708E-03-5.303267624E-03-4.205010170E-03
-3.074313726E-03-1.916649111E-03-7.354266974E-04 4.731086449E-04 1.730367494E-03
 3.050778644E-03 4.440087305E-03 5.901927007E-03 7.440904527E-03 9.061867188E-03
 1.077070569E-02 1.257361121E-02 1.447604784E-02 1.648449908E-02 1.861003077E-02
 2.084261755E-02 1.162286366E-01 1.138086407E-01 1.113993509E-01 1.090025669E-01
 1.066180859E-01 1.042460289E-01 1.018865660E-01 9.953985965E-02 9.720607949E-02
 9.488540412E-02 9.257802060E-02 9.028414191E-02 8.800404911E-02 8.573807883E-02
 8.348657829E-02 8.124989974E-02 7.902841280E-02 7.682246444E-02 7.463227089E-02
 7.245788380E-02 7.029931111E-02 6.815657381E-02 6.602970455E-02 6.391882670E-02
 6.182429235E-02 5.974660715E-02 5.768628016E-02 5.564378084E-02 5.361946556E-02
 5.161348768E-02 4.962592365E-02 4.765687632E-02 4.570650987E-02 4.377512959E-02
 4.186314808E-02 3.997100033E-02 3.809911322E-02 3.624785444E-02 3.441755026E-02
 3.260853607E-02 3.082121251E-02 2.905606625E-02 2.731359291E-02 2.559415729E-02
 2.389792330E-02 2.222505906E-02 2.057591822E-02 1.895106863E-02 1.735111046E-02
 1.577656924E-02 1.422792174E-02 1.270566004E-02 1.121032189E-02 9.742496531E-03
 8.302789999E-03 6.891873036E-03 5.510710933E-03 4.160107441E-03 2.840216334E-03
 1.550543420E-03 2.915439603E-04-9.382275926E-04-2.143053063E-03-3.322224714E-03
-4.473744658E-03-5.596581215E-03-6.689118691E-03-7.749496978E-03-8.775908287E-03
-9.766739330E-03-1.072068941E-02-1.163657761E-02-1.251329888E-02-1.334981789E-02
-1.414514127E-02-1.489830432E-02-1.560835141E-02-1.627432817E-02-1.689528138E-02
-1.747024583E-02-1.799826282E-02-1.847837522E-02-1.890963702E-02-1.929112146E-02
-1.962192093E-02-1.990115967E-02-2.012799494E-02-2.030162445E-02-2.042129486E-02
-2.048629944E-02-2.049599032E-02-2.044977817E-02-2.034713926E-02-2.018762146E-02
-1.997084157E-02-1.969649523E-02-1.936435860E-02-1.897428897E-02-1.852622755E-02
-1.802019925E-02-1.745631400E-02-1.683476585E-02-1.615583310E-02-1.541988413E-02
-1.462738725E-02-1.377893054E-02-1.287525670E-02-1.191731400E-02-1.090632792E-02
-9.843889287E-03-8.732051022E-03-7.573444225E-03-6.371406302E-03-5.130062319E-03
-3.854492563E-03-2.551395387E-03-1.227714516E-03 1.180128548E-04 1.508736419E-03
 2.967486275E-03 4.502992661E-03 6.119067716E-03 7.821246365E-03 9.615870641E-03
 1.150887201E-02 1.350634542E-02 1.561566328E-02 1.784865881E-02 2.019468311E-02
 1.133350585E-01 1.108988092E-01 1.084732079E-01 1.060600574E-01 1.036591810E-01
 1.012707333E-01 9.889489887E-02 9.653183902E-02 9.418172123E-02 9.184472233E-02
 8.952102780E-02 8.721083225E-02 8.491435328E-02 8.263187197E-02 8.036372915E-02
 7.811027911E-02 7.587188083E-02 7.364891080E-02 7.144172249E-02 6.925053910E-02
 6.707542315E-02 6.491639642E-02 6.277349420E-02 6.064676795E-02 5.853637503E-02
 5.644270427E-02 5.436627520E-02 5.230759967E-02 5.026714060E-02 4.824522532E-02
 4.624199520E-02 4.425755102E-02 4.229203004E-02 4.034564964E-02 3.841877224E-02
 3.651183451E-02 3.462528498E-02 3.275955047E-02 3.091499797E-02 2.909197445E-02
 2.729085547E-02 2.551209754E-02 2.375621632E-02 2.202368211E-02 2.031478924E-02
 1.862973242E-02 1.696881272E-02 1.533254525E-02 1.372154583E-02 1.213638526E-02
 1.057759064E-02 9.045723702E-03 7.541385582E-03 6.065354877E-03 4.618576163E-03
 3.201429575E-03 1.813393932E-03 4.547102262E-04-8.759359692E-04-2.183454512E-03
-3.467522958E-03-4.726161523E-03-5.958208622E-03-7.161801267E-03-8.334874400E-03
-9.475475597E-03-1.058205517E-02-1.165331993E-02-1.268809924E-02-1.368530934E-02
-1.464395495E-02-1.556305205E-02-1.644162919E-02-1.727870588E-02-1.807326523E-02
-1.882427041E-02-1.953066053E-02-2.019135493E-02-2.080526918E-02-2.137130969E-02
-2.188839680E-02-2.235545837E-02-2.277144725E-02-2.313534240E-02-2.344615588E-02
-2.370293875E-02-2.390478442E-02-2.405083382E-02-2.414028201E-02-2.417237870E-02
-2.414643599E-02-2.406183072E-02-2.391800999E-02-2.371449610E-02-2.345088971E-02
-2.312687584E-02-2.274222781E-02-2.229681162E-02-2.179058888E-02-2.122362064E-02
-2.059606819E-02-1.990818877E-02-1.916033517E-02-1.835294941E-02-1.748655433E-02
-1.656175491E-02-1.557924540E-02-1.453983308E-02-1.344449007E-02-1.229443167E-02
-1.109123108E-02-9.836956689E-03-8.534323161E-03-7.186833436E-03-5.798920499E-03
-4.376058719E-03-2.925397709E-03-1.456028728E-03 3.223561343E-05 1.566448971E-03
 3.176543599E-03 4.872325096E-03 6.658850342E-03 8.542189850E-03 1.052888339E-02
 1.262582383E-02 1.484100799E-02 1.718678336E-02 1.965143383E-02 1.104642664E-01
 1.080115681E-01 1.055694481E-01 1.031397052E-01 1.007221776E-01 9.831704133E-02
 9.592451367E-02 9.354477682E-02 9.117799839E-02 8.882435283E-02 8.648402396E-02
 8.415720451E-02 8.184409727E-02 7.954492548E-02 7.725997086E-02 7.498957825E-02
 7.273410886E-02 7.049392854E-02 6.826942057E-02 6.606094505E-02 6.386873272E-02
 6.169285829E-02 5.953335897E-02 5.739028611E-02 5.526371288E-02 5.315383359E-02
 5.106107163E-02 4.898595780E-02 4.692900543E-02 4.489066661E-02 4.287123942E-02
 4.087086591E-02 3.888967755E-02 3.692785204E-02 3.498566738E-02 3.306353277E-02
 3.116190439E-02 2.928124286E-02 2.742197245E-02 2.558447035E-02 2.376911282E-02
 2.197632541E-02 2.020661299E-02 1.846049914E-02 1.673840746E-02 1.504060845E-02
 1.336738985E-02 1.171919644E-02 1.009665117E-02 8.500407224E-03 6.931104430E-03
 5.389633761E-03 3.876697764E-03 2.392172133E-03 9.356945625E-04-4.932948562E-04
-1.899878384E-03-3.285380232E-03-4.647914763E-03-5.986153313E-03-7.298118093E-03
-8.581564689E-03-9.834411161E-03-1.105508306E-02-1.224227970E-02-1.339485192E-02
-1.451177564E-02-1.559208758E-02-1.663484719E-02-1.763908748E-02-1.860381127E-02
-1.952795408E-02-2.041040724E-02-2.125002483E-02-2.204561782E-02-2.279598071E-02
-2.349989380E-02-2.415613425E-02-2.476349193E-02-2.532076470E-02-2.582677921E-02
-2.628038022E-02-2.668044976E-02-2.702590085E-02-2.731568883E-02-2.754881140E-02
-2.772431456E-02-2.784129684E-02-2.789891167E-02-2.789637411E-02-2.783296266E-02
-2.770802526E-02-2.752098436E-02-2.727133683E-02-2.695866377E-02-2.658263389E-02
-2.614300704E-02-2.563964089E-02-2.507249551E-02-2.444164051E-02-2.374725938E-02
-2.298965316E-02-2.216924304E-02-2.128656616E-02-2.034226769E-02-1.933708604E-02
-1.827183466E-02-1.714739282E-02-1.596470980E-02-1.472484605E-02-1.342905512E-02
-1.207891913E-02-1.067653244E-02-9.224715572E-03-7.727224819E-03-6.188890857E-03
-4.615731851E-03-3.015745413E-03-1.399430654E-03 2.351630149E-04 1.925069393E-03
 3.702470126E-03 5.576158132E-03 7.551724271E-03 9.636340997E-03 1.183757763E-02
 1.416382972E-02 1.662755931E-02 1.921614106E-02 1.076169517E-01 1.051476172E-01
 1.026887805E-01 1.002422341E-01 9.780782699E-02 9.538574641E-02 9.297622885E-02
 9.057948726E-02 8.819571589E-02 8.582509180E-02 8.346779630E-02 8.112402048E-02
 7.879396487E-02 7.647784094E-02 7.417587865E-02 7.188836118E-02 6.961563722E-02
 6.735807478E-02 6.511604661E-02 6.288994280E-02 6.068013005E-02 5.848684734E-02
 5.631018305E-02 5.415019161E-02 5.200694244E-02 4.988053362E-02 4.777119905E-02
 4.567939374E-02 4.360565734E-02 4.155050259E-02 3.951436658E-02 3.749752232E-02
 3.550012482E-02 3.352234219E-02 3.156439988E-02 2.962663874E-02 2.770950408E-02
 2.581346912E-02 2.393900390E-02 2.208653409E-02 2.025645752E-02 1.844918970E-02
 1.666521047E-02 1.490505654E-02 1.316923033E-02 1.145809880E-02 9.771995162E-03
 8.111382637E-03 6.476962867E-03 4.869780796E-03 3.290332484E-03 1.738018331E-03
 2.124818347E-04-1.289083956E-03-2.771635963E-03-4.234100384E-03-5.674793850E-03
-7.091795421E-03-8.482714426E-03-9.845250867E-03-1.117770580E-02-1.247875262E-02
-1.374725541E-02-1.498224199E-02-1.618280714E-02-1.734806464E-02-1.847708570E-02
-1.956886236E-02-2.062231263E-02-2.163627251E-02-2.260952737E-02-2.354079715E-02
-2.442877149E-02-2.527212746E-02-2.606952576E-02-2.681963486E-02-2.752112750E-02
-2.817268946E-02-2.877302826E-02-2.932086815E-02-2.981496748E-02-3.025410756E-02
-3.063711257E-02-3.096283988E-02-3.123019482E-02-3.143812821E-02-3.158564333E-02
-3.167180175E-02-3.169572104E-02-3.165658612E-02-3.155364831E-02-3.138623171E-02
-3.115373898E-02-3.085565042E-02-3.049153295E-02-3.006104367E-02-2.956393371E-02
-2.900005305E-02-2.836935713E-02-2.767191259E-02-2.690790085E-02-2.607762894E-02
-2.518153636E-02-2.422019998E-02-2.319434035E-02-2.210481646E-02-2.095260939E-02
-1.973879402E-02-1.846450376E-02-1.713090831E-02-1.573922827E-02-1.429081465E-02
-1.278730907E-02-1.123088010E-02-9.624510067E-03-7.972300344E-03-6.279631230E-03
-4.553297739E-03-2.802706559E-03-1.038770873E-03 7.491293870E-04 2.611455164E-03
 4.574947095E-03 6.646768953E-03 8.833963550E-03 1.114456356E-02 1.358699632E-02
 1.617406319E-02 1.889239065E-02 1.047938231E-01 1.023076720E-01 9.983192922E-02
 9.736837767E-02 9.491687611E-02 9.247762001E-02 9.005085581E-02 8.763681403E-02
 8.523571733E-02 8.284777353E-02 8.047317039E-02 7.811209653E-02 7.576475067E-02
 7.343134179E-02 7.111209046E-02 6.880723443E-02 6.651705948E-02 6.424191803E-02
 6.198218468E-02 5.973823914E-02 5.751047819E-02 5.529927525E-02 5.310487819E-02
 5.092739077E-02 4.876688664E-02 4.662345562E-02 4.449722426E-02 4.238846790E-02
 4.029766987E-02 3.822537619E-02 3.617209635E-02 3.413824915E-02 3.212409077E-02
 3.012980073E-02 2.815558990E-02 2.620173891E-02 2.426864716E-02 2.235678782E-02
 2.046665040E-02 1.859871238E-02 1.675341055E-02 1.493117248E-02 1.313245503E-02
 1.135776908E-02 9.607670387E-03 7.882676182E-03 6.183324602E-03 4.510451447E-03
 2.864307534E-03 1.244250404E-03-3.505459168E-04-1.925529185E-03-3.483173150E-03
-5.021770085E-03-6.539653131E-03-8.034383198E-03-9.503368275E-03-1.094463283E-02
-1.235674125E-02-1.373854105E-02-1.508908880E-02-1.640755825E-02-1.769313541E-02
-1.894495073E-02-2.016202959E-02-2.134329187E-02-2.248756088E-02-2.359356159E-02
-2.465995595E-02-2.568535571E-02-2.666835906E-02-2.760753561E-02-2.850145042E-02
-2.934867469E-02-3.014777473E-02-3.089733205E-02-3.159593647E-02-3.224219646E-02
-3.283474464E-02-3.337223607E-02-3.385336284E-02-3.427684585E-02-3.464145292E-02
-3.494598979E-02-3.518931475E-02-3.537033645E-02-3.548801992E-02-3.554139323E-02
-3.552954544E-02-3.545163578E-02-3.530689490E-02-3.509463004E-02-3.481422786E-02
-3.446515956E-02-3.404698525E-02-3.355935712E-02-3.300202494E-02-3.237483991E-02
-3.167776129E-02-3.091086039E-02-3.007432636E-02-2.916847353E-02-2.819374596E-02
-2.715072831E-02-2.604015533E-02-2.486292165E-02-2.362009090E-02-2.231288706E-02
-2.094266663E-02-1.951086102E-02-1.801891657E-02-1.646827584E-02-1.486044804E-02
-1.319719033E-02-1.148082463E-02-9.714602712E-03-7.903112668E-03-6.052509651E-03
-4.170727468E-03-2.269380350E-03-3.561683981E-04 1.600967949E-03 3.657323809E-03
 5.829593856E-03 8.124314627E-03 1.054934001E-02 1.311334080E-02 1.582962427E-02
 1.868388393E-02 1.019956329E-01 9.949247063E-02 9.699963493E-02 9.451888564E-02
 9.205008442E-02 8.959343391E-02 8.714918834E-02 8.471758792E-02 8.229887120E-02
 7.989327220E-02 7.750101137E-02 7.512228899E-02 7.275730170E-02 7.040625626E-02
 6.806937068E-02 6.574687512E-02 6.343901619E-02 6.114608364E-02 5.886843355E-02
 5.660644695E-02 5.436051049E-02 5.213102755E-02 4.991837821E-02 4.772282011E-02
 4.554447426E-02 4.338343578E-02 4.123981766E-02 3.911377862E-02 3.700563637E-02
 3.491589913E-02 3.284511669E-02 3.079379208E-02 2.876232426E-02 2.675096429E-02
 2.475992688E-02 2.278947218E-02 2.083994160E-02 1.891178460E-02 1.700549747E-02
 1.512158574E-02 1.326053039E-02 1.142277287E-02 9.608780697E-03 7.819104166E-03
 6.054464854E-03 4.315797439E-03 2.603144902E-03 9.155335270E-04-7.487272266E-04
-2.396102029E-03-4.027517277E-03-5.641284615E-03-7.235248354E-03-8.806683317E-03
-1.035310590E-02-1.187281913E-02-1.336458159E-02-1.482743779E-02-1.626061579E-02
-1.766340167E-02-1.903501675E-02-2.037457307E-02-2.168103739E-02-2.295324425E-02
-2.418990625E-02-2.538964737E-02-2.655104572E-02-2.767263160E-02-2.875291345E-02
-2.979037802E-02-3.078351213E-02-3.173078365E-02-3.263065864E-02-3.348161296E-02
-3.428212128E-02-3.503067763E-02-3.572578798E-02-3.636598314E-02-3.694982114E-02
-3.747588984E-02-3.794281712E-02-3.834926749E-02-3.869395521E-02-3.897564010E-02
-3.919313779E-02-3.934532037E-02-3.943112109E-02-3.944953897E-02-3.939964163E-02
-3.928056840E-02-3.909153532E-02-3.883184016E-02-3.850086066E-02-3.809806420E-02
-3.762301017E-02-3.707535285E-02-3.645484624E-02-3.576134979E-02-3.499483344E-02
-3.415537991E-02-3.324319397E-02-3.225860697E-02-3.120208234E-02-3.007422408E-02
-2.887578276E-02-2.760766645E-02-2.627095300E-02-2.486690867E-02-2.339699426E-02
-2.186284392E-02-2.026620288E-02-1.860883118E-02-1.689243266E-02-1.511871533E-02
-1.328960853E-02-1.140767484E-02-9.476649303E-03-7.501814477E-03-5.490368794E-03
-3.452350801E-03-1.401126973E-03 6.701607578E-04 2.825687084E-03 5.102381667E-03
 7.509576135E-03 1.005444957E-02 1.274591987E-02 1.559764281E-02 1.859415472E-02
 9.922322743E-02 9.670281260E-02 9.419266827E-02 9.169452630E-02 8.920822886E-02
 8.673397510E-02 8.427202519E-02 8.182262737E-02 7.938602971E-02 7.696248060E-02
 7.455222486E-02 7.215549547E-02 6.977250652E-02 6.740346362E-02 6.504858213E-02
 6.270808967E-02 6.038222647E-02 5.807124913E-02 5.577545296E-02 5.349519771E-02
 5.123087068E-02 4.898286541E-02 4.675159171E-02 4.453743631E-02 4.234066753E-02
 4.016142573E-02 3.799983009E-02 3.585601999E-02 3.373019004E-02 3.162270043E-02
 2.953408047E-02 2.746488101E-02 2.541559524E-02 2.338660317E-02 2.137816545E-02
 1.939054176E-02 1.742404900E-02 1.547909198E-02 1.355615587E-02 1.165574142E-02
 9.778362548E-03 7.924550962E-03 6.094950677E-03 4.290483671E-03 2.511292511E-03
 7.563301380E-04-9.768229392E-04-2.695141591E-03-4.398996772E-03-6.086625555E-03
-7.755488214E-03-9.402673446E-03-1.102591673E-02-1.262370984E-02-1.419498713E-02
-1.573898387E-02-1.725507889E-02-1.874263257E-02-2.020088262E-02-2.162890587E-02
-2.302559843E-02-2.438970971E-02-2.571987091E-02-2.701463969E-02-2.827252109E-02
-2.949197684E-02-3.067145354E-02-3.180936293E-02-3.290409825E-02-3.395403452E-02
-3.495754752E-02-3.591299951E-02-3.681875321E-02-3.767318599E-02-3.847467932E-02
-3.922163955E-02-3.991249010E-02-4.054568648E-02-4.111971506E-02-4.163310045E-02
-4.208441004E-02-4.247225696E-02-4.279530608E-02-4.305227690E-02-4.324194751E-02
-4.336315897E-02-4.341481982E-02-4.339590606E-02-4.330546972E-02-4.314263801E-02
-4.290661897E-02-4.259670564E-02-4.221227649E-02-4.175280208E-02-4.121784723E-02
-4.060707538E-02-3.992025204E-02-3.915725077E-02-3.831805659E-02-3.740277153E-02
-3.641162124E-02-3.534495853E-02-3.420327280E-02-3.298719585E-02-3.169750826E-02
-3.033514881E-02-2.890122301E-02-2.739701446E-02-2.582400390E-02-2.418389253E-02
-2.247859915E-02-2.071018754E-02-1.888073487E-02-1.699221810E-02-1.504655371E-02
-1.304593957E-02-1.099331304E-02-8.893099095E-03-6.751732408E-03-4.578033244E-03
-2.385656490E-03-1.814171612E-04 2.081557918E-03 4.467007946E-03 6.991958319E-03
 9.662616790E-03 1.248781003E-02 1.548136421E-02 1.862657528E-02 9.647751551E-02
 9.393958614E-02 9.141187853E-02 8.889610993E-02 8.639210851E-02 8.390004927E-02
 8.142018250E-02 7.895276015E-02 7.649803837E-02 7.405627508E-02 7.162772831E-02
 6.921265368E-02 6.681129681E-02 6.442388632E-02 6.205063804E-02 5.969177666E-02
 5.734753986E-02 5.501817861E-02 5.270396059E-02 5.040518833E-02 4.812222555E-02
 4.585546567E-02 4.360530902E-02 4.137217158E-02 3.915644670E-02 3.695841439E-02
 3.477823674E-02 3.261605995E-02 3.047205345E-02 2.834645142E-02 2.623965572E-02
 2.415221264E-02 2.208467089E-02 2.003751076E-02 1.801109911E-02 1.600572289E-02
 1.402169466E-02 1.205938310E-02 1.011923520E-02 8.201784048E-03 6.307693231E-03
 4.437930374E-03 2.592750835E-03 7.709838774E-04-1.030104149E-03-2.817819105E-03
-4.592592331E-03-6.352635588E-03-8.095163864E-03-9.817154151E-03-1.151648461E-02
-1.319179868E-02-1.484221074E-02-1.646712559E-02-1.806604480E-02-1.963839242E-02
-2.118341800E-02-2.270016263E-02-2.418746238E-02-2.564400291E-02-2.706836088E-02
-2.845904506E-02-2.981451314E-02-3.113317946E-02-3.241342160E-02-3.365357300E-02
-3.485195326E-02-3.600685042E-02-3.711653467E-02-3.817926279E-02-3.919329509E-02
-4.015688602E-02-4.106829463E-02-4.192580080E-02-4.272769456E-02-4.347229683E-02
-4.415795111E-02-4.478304049E-02-4.534598295E-02-4.584524377E-02-4.627933371E-02
-4.664681925E-02-4.694632097E-02-4.717652304E-02-4.733617233E-02-4.742408446E-02
-4.743914929E-02-4.738032808E-02-4.724666287E-02-4.703727647E-02-4.675137741E-02
-4.638826026E-02-4.594731173E-02-4.542801326E-02-4.482994307E-02-4.415278045E-02
-4.339631048E-02-4.256042836E-02-4.164514099E-02-4.065057544E-02-3.957698296E-02
-3.842474522E-02-3.719438165E-02-3.588655469E-02-3.450208006E-02-3.304193365E-02
-3.150726249E-02-2.989939149E-02-2.821983418E-02-2.647031293E-02-2.465278861E-02
-2.276947243E-02-2.082275860E-02-1.881502694E-02-1.674852752E-02-1.462538123E-02
-1.244809183E-02-1.022035896E-02-7.947612885E-03-5.637873064E-03-3.303456275E-03
-9.573775385E-04 1.424928811E-03 3.925539165E-03 6.573842899E-03 9.376538442E-03
 1.234195494E-02 1.548391310E-02 1.878424922E-02 9.375948918E-02 9.120374442E-02
 8.865819543E-02 8.612453575E-02 8.360257967E-02 8.109249079E-02 7.859449693E-02
 7.610883324E-02 7.363575596E-02 7.117553066E-02 6.872842493E-02 6.629470684E-02
 6.387464292E-02 6.146849173E-02 5.907649653E-02 5.669888509E-02 5.433589203E-02
 5.198776566E-02 4.965476842E-02 4.733718017E-02 4.503531239E-02 4.274953337E-02
 4.048024256E-02 3.822784689E-02 3.599276817E-02 3.377540628E-02 3.157605411E-02
 2.939489813E-02 2.723211496E-02 2.508790821E-02 2.296255515E-02 2.085649737E-02
 1.877029387E-02 1.670448854E-02 1.465954747E-02 1.263582900E-02 1.063364150E-02
 8.653358706E-03 6.695520524E-03 4.761028148E-03 2.850416400E-03 9.626639366E-04
-9.049442775E-04-2.760180488E-03-4.604131780E-03-6.435019701E-03-8.249857587E-03
-1.004555016E-02-1.182004930E-02-1.357210224E-02-1.530096584E-02-1.700620590E-02
-1.868744751E-02-2.034418212E-02-2.197567341E-02-2.358093870E-02-2.515878025E-02
-2.670784891E-02-2.822669188E-02-2.971378882E-02-3.116756258E-02-3.258637991E-02
-3.396856237E-02-3.531238383E-02-3.661608401E-02-3.787785847E-02-3.909589042E-02
-4.026833930E-02-4.139334970E-02-4.246905947E-02-4.349361360E-02-4.446515953E-02
-4.538185347E-02-4.624187894E-02-4.704343597E-02-4.778476177E-02-4.846412244E-02
-4.907983123E-02-4.963024135E-02-5.011376249E-02-5.052885345E-02-5.087403853E-02
-5.114790007E-02-5.134909184E-02-5.147633649E-02-5.152843099E-02-5.150425176E-02
-5.140275431E-02-5.122297763E-02-5.096404760E-02-5.062518106E-02-5.020568350E-02
-4.970495701E-02-4.912250147E-02-4.845791707E-02-4.771090729E-02-4.688128400E-02
-4.596896981E-02-4.497400291E-02-4.389654267E-02-4.273687255E-02-4.149540862E-02
-4.017270469E-02-3.876946043E-02-3.728652923E-02-3.572492878E-02-3.408584879E-02
-3.237066055E-02-3.058092907E-02-2.871842477E-02-2.678513792E-02-2.478332523E-02
-2.271551145E-02-2.058443488E-02-1.839274540E-02-1.614285964E-02-1.383725904E-02
-1.147893835E-02-9.072562742E-03-6.625310515E-03-4.148251188E-03-1.657444787E-03
 8.566543468E-04 3.479931243E-03 6.257537141E-03 9.198820389E-03 1.231121361E-02
 1.560813169E-02 1.906991463E-02 9.107022496E-02 8.849633499E-02 8.593262391E-02
 8.338077692E-02 8.084059031E-02 7.831220714E-02 7.579584369E-02 7.329171728E-02
 7.080006222E-02 6.832113913E-02 6.585522177E-02 6.340258774E-02 6.096351568E-02
 5.853828333E-02 5.612716240E-02 5.373041062E-02 5.134826963E-02 4.898098461E-02
 4.662881508E-02 4.429203584E-02 4.197093998E-02 3.966584971E-02 3.737713884E-02
 3.510521288E-02 3.285048503E-02 3.061338253E-02 2.839431168E-02 2.619357952E-02
 2.401139998E-02 2.184798385E-02 1.970357361E-02 1.757849322E-02 1.547322229E-02
 1.338832592E-02 1.132432446E-02 9.281652629E-03 7.260739735E-03 5.262246691E-03
 3.286899483E-03 1.334107901E-03-5.986934980E-04-2.519360474E-03-4.430413379E-03
-6.330283318E-03-8.215870849E-03-1.008396319E-02-1.193245935E-02-1.376015302E-02
-1.556644259E-02-1.735104632E-02-1.911369848E-02-2.085396813E-02-2.257116308E-02
-2.426430697E-02-2.593219050E-02-2.757345300E-02-2.918663699E-02-3.077021049E-02
-3.232257293E-02-3.384205539E-02-3.532693291E-02-3.677541915E-02-3.818568497E-02
-3.955585387E-02-4.088402020E-02-4.216823969E-02-4.340655699E-02-4.459700250E-02
-4.573759452E-02-4.682635130E-02-4.786130187E-02-4.884048655E-02-4.976195915E-02
-5.062380769E-02-5.142414372E-02-5.216112279E-02-5.283293626E-02-5.343783031E-02
-5.397409744E-02-5.444009531E-02-5.483423616E-02-5.515500641E-02-5.540095695E-02
-5.557071657E-02-5.566299046E-02-5.567656494E-02-5.561030950E-02-5.546318152E-02
-5.523422597E-02-5.492258004E-02-5.452747506E-02-5.404823795E-02-5.348429505E-02
-5.283517298E-02-5.210050159E-02-5.128001770E-02-5.037356854E-02-4.938111207E-02
-4.830272449E-02-4.713860317E-02-4.588907266E-02-4.455458974E-02-4.313574899E-02
-4.163329207E-02-4.004811608E-02-3.838128213E-02-3.663402438E-02-3.480776365E-02
-3.290412039E-02-3.092492249E-02-2.887222546E-02-2.674831287E-02-2.455577502E-02
-2.229748887E-02-1.997646908E-02-1.759568242E-02-1.515767870E-02-1.266522537E-02
-1.012236487E-02-7.535382766E-03-4.914461329E-03-2.276568498E-03 3.786530529E-04
 3.131835348E-03 6.045271574E-03 9.132024843E-03 1.239816480E-02 1.585659796E-02
 1.948606262E-02 8.841080818E-02 8.581847071E-02 8.323626736E-02 8.066589637E-02
 7.810716166E-02 7.556019346E-02 7.302518392E-02 7.050233452E-02 6.799186571E-02
 6.549401536E-02 6.300904579E-02 6.053723813E-02 5.807888033E-02 5.563426207E-02
 5.320367268E-02 5.078739718E-02 4.838570791E-02 4.599886182E-02 4.362711537E-02
 4.127074012E-02 3.893002418E-02 3.660527487E-02 3.429682697E-02 3.200506117E-02
 2.973038916E-02 2.747323000E-02 2.523401585E-02 2.301315924E-02 2.081098275E-02
 1.862773126E-02 1.646365511E-02 1.431904164E-02 1.219425801E-02 1.008979448E-02
 8.006223845E-03 5.944230394E-03 3.904694797E-03 1.887579287E-03-1.094988707E-04
-2.093252563E-03-4.068984564E-03-6.035686685E-03-7.990203602E-03-9.929109670E-03
-1.185013857E-02-1.375209069E-02-1.563444908E-02-1.749704632E-02-1.933976016E-02
-2.116228349E-02-2.296398701E-02-2.474391575E-02-2.650088278E-02-2.823355049E-02
-2.994047255E-02-3.162011690E-02-3.327087347E-02-3.489105400E-02-3.647889868E-02
-3.803257419E-02-3.955019250E-02-4.102980757E-02-4.246943370E-02-4.386704294E-02
-4.522058151E-02-4.652796434E-02-4.778709484E-02-4.899587221E-02-5.015218704E-02
-5.125393686E-02-5.229903429E-02-5.328541254E-02-5.421102339E-02-5.507386026E-02
-5.587194780E-02-5.660336189E-02-5.726622202E-02-5.785871048E-02-5.837906346E-02
-5.882559024E-02-5.919666283E-02-5.949073402E-02-5.970633075E-02-5.984206285E-02
-5.989662490E-02-5.986880082E-02-5.975746157E-02-5.956157318E-02-5.928019562E-02
-5.891248721E-02-5.845770247E-02-5.791519802E-02-5.728443309E-02-5.656497091E-02
-5.575648045E-02-5.485874024E-02-5.387163962E-02-5.279518256E-02-5.162949119E-02
-5.037480859E-02-4.903150618E-02-4.760008696E-02-4.608119400E-02-4.447561623E-02
-4.278429892E-02-4.100835104E-02-3.914905687E-02-3.720788984E-02-3.518652274E-02
-3.308684734E-02-3.091097571E-02-2.866127308E-02-2.634036512E-02-2.395116406E-02
-2.149701186E-02-1.898118218E-02-1.640665422E-02-1.377628714E-02-1.109361214E-02
-8.364228687E-03-5.597428464E-03-2.810019114E-03-7.262338274E-06 2.882917565E-03
 5.939252554E-03 9.178464644E-03 1.260522674E-02 1.623158879E-02 2.003461305E-02
 8.578223982E-02 8.317123959E-02 8.057026798E-02 7.798104722E-02 7.540341800E-02
 7.283752708E-02 7.028356118E-02 6.774170010E-02 6.521214187E-02 6.269511100E-02
 6.019085000E-02 5.769962246E-02 5.522171599E-02 5.275742872E-02 5.030706173E-02
 4.787091651E-02 4.544929153E-02 4.304247416E-02 4.065073748E-02 3.827435036E-02
 3.591359723E-02 3.356878049E-02 3.124022275E-02 2.892827324E-02 2.663332131E-02
 2.435578505E-02 2.209608893E-02 1.985466929E-02 1.763194482E-02 1.542825667E-02
 1.324388398E-02 1.107910743E-02 8.934240290E-03 6.809780699E-03 4.706633941E-03
 2.625516269E-03 5.648278329E-04-1.480267917E-03-3.518232407E-03-5.549241394E-03
-7.570455277E-03-9.578267781E-03-1.157011639E-02-1.354466313E-02-1.550138828E-02
-1.744025153E-02-1.936130044E-02-2.126436259E-02-2.314890477E-02-2.501405957E-02
-2.685869584E-02-2.868150066E-02-3.048105426E-02-3.225585282E-02-3.400429566E-02
-3.572468562E-02-3.741524027E-02-3.907409792E-02-4.069932574E-02-4.228892200E-02
-4.384083087E-02-4.535294560E-02-4.682311941E-02-4.824917044E-02-4.962889269E-02
-5.096005783E-02-5.224042548E-02-5.346776158E-02-5.463982747E-02-5.575439851E-02
-5.680927030E-02-5.780226880E-02-5.873124417E-02-5.959409654E-02-6.038876529E-02
-6.111324911E-02-6.176559880E-02-6.234393632E-02-6.284644635E-02-6.327139397E-02
-6.361711774E-02-6.388204196E-02-6.406467673E-02-6.416362059E-02-6.417756483E-02
-6.410529768E-02-6.394570202E-02-6.369776062E-02-6.336055733E-02-6.293327959E-02
-6.241521615E-02-6.180576261E-02-6.110442024E-02-6.031079746E-02-5.942461228E-02
-5.844569459E-02-5.737398494E-02-5.620954117E-02-5.495253891E-02-5.360327643E-02
-5.216217830E-02-5.062980155E-02-4.900684213E-02-4.729414330E-02-4.549270251E-02
-4.360368144E-02-4.162841865E-02-3.956844116E-02-3.742547991E-02-3.520148168E-02
-3.289863044E-02-3.051936801E-02-2.806635343E-02-2.554265932E-02-2.295161667E-02
-2.029681593E-02-1.758177884E-02-1.480957737E-02-1.198355738E-02-9.108633747E-03
-6.193440037E-03-3.254290035E-03-2.996074617E-04 2.734849849E-03 5.941513620E-03
 9.340378319E-03 1.293447980E-02 1.673491565E-02 2.071703853E-02 8.318534594E-02
 8.055560412E-02 7.793570674E-02 7.532738782E-02 7.273055385E-02 7.014539235E-02
 6.757211609E-02 6.501091052E-02 6.246195867E-02 5.992545852E-02 5.740163506E-02
 5.489073569E-02 5.239302732E-02 4.990880251E-02 4.743836899E-02 4.498203973E-02
 4.254012894E-02 4.011294875E-02 3.770080219E-02 3.530397879E-02 3.292276125E-02
 3.055744778E-02 2.820835596E-02 2.587582488E-02 2.356022024E-02 2.126194207E-02
 1.898141528E-02 1.671906969E-02 1.447534667E-02 1.225066713E-02 1.004536918E-02
 7.859766109E-03 5.694389483E-03 3.550078932E-03 1.426624577E-03-6.793684700E-04
-2.777064683E-03-4.869500858E-03-6.954873572E-03-9.029423575E-03-1.109006367E-02
-1.313520573E-02-1.516430642E-02-1.717741069E-02-1.917469719E-02-2.115616364E-02
-2.312145687E-02-2.506982915E-02-2.700021290E-02-2.891136235E-02-3.080192445E-02
-3.267042982E-02-3.451529163E-02-3.633482905E-02-3.812726470E-02-3.989072013E-02
-4.162323052E-02-4.332275597E-02-4.498718695E-02-4.661435103E-02-4.820201943E-02
-4.974792038E-02-5.124974138E-02-5.270514350E-02-5.411176487E-02-5.546723054E-02
-5.676915393E-02-5.801516489E-02-5.920289384E-02-6.032999288E-02-6.139413996E-02
-6.239305388E-02-6.332448401E-02-6.418623864E-02-6.497617427E-02-6.569221522E-02
-6.633234739E-02-6.689463635E-02-6.737722052E-02-6.777832580E-02-6.809626400E-02
-6.832943751E-02-6.847634607E-02-6.853558532E-02-6.850585171E-02-6.838594497E-02
-6.817476944E-02-6.787133423E-02-6.747475657E-02-6.698426123E-02-6.639918202E-02
-6.571896261E-02-6.494315649E-02-6.407142755E-02-6.310355205E-02-6.203941880E-02
-6.087903115E-02-5.962250823E-02-5.827008821E-02-5.682213238E-02-5.527912629E-02
-5.364168740E-02-5.191057240E-02-5.008668281E-02-4.817107234E-02-4.616495997E-02
-4.406974206E-02-4.188700256E-02-3.961853234E-02-3.726633831E-02-3.483268157E-02
-3.232002893E-02-2.973122655E-02-2.706932582E-02-2.433770765E-02-2.154023675E-02
-1.868080642E-02-1.576291387E-02-1.278980696E-02-9.765999600E-03-6.699617477E-03
-3.606501013E-03-4.969856585E-04 2.689240267E-03 6.054091602E-03 9.619659008E-03
 1.338764422E-02 1.736787239E-02 2.153394336E-02 8.062087684E-02 7.797237745E-02
 7.533350521E-02 7.270597516E-02 7.008973051E-02 6.748501280E-02 6.489208729E-02
 6.231117368E-02 5.974247374E-02 5.718617976E-02 5.464249211E-02 5.211163360E-02
 4.959385593E-02 4.708943157E-02 4.459865674E-02 4.212184834E-02 3.965933145E-02
 3.721143352E-02 3.477848083E-02 3.236079256E-02 2.995867482E-02 2.757242594E-02
 2.520235852E-02 2.284880634E-02 2.051212628E-02 1.819270242E-02 1.589094882E-02
 1.360729946E-02 1.134218001E-02 9.096004248E-03 6.869251794E-03 4.662665526E-03
 2.476862493E-03 3.097092390E-04-1.845136374E-03-3.995948410E-03-6.142481707E-03
-8.281098371E-03-1.040820688E-02-1.252177989E-02-1.462104441E-02-1.670602563E-02
-1.877707904E-02-2.083445637E-02-2.287801005E-02-2.490712503E-02-2.692085529E-02
-2.891806325E-02-3.089746412E-02-3.285763718E-02-3.479706032E-02-3.671409364E-02
-3.860696477E-02-4.047379698E-02-4.231262522E-02-4.412138783E-02-4.589793474E-02
-4.764004237E-02-4.934541952E-02-5.101171716E-02-5.263652968E-02-5.421741463E-02
-5.575189012E-02-5.723745536E-02-5.867158893E-02-6.005176522E-02-6.137544950E-02
-6.264013257E-02-6.384331261E-02-6.498251743E-02-6.605530756E-02-6.705929505E-02
-6.799212990E-02-6.885153043E-02-6.963527316E-02-7.034121136E-02-7.096727035E-02
-7.151146374E-02-7.197188971E-02-7.234674066E-02-7.263430841E-02-7.283298119E-02
-7.294125495E-02-7.295773075E-02-7.288111970E-02-7.271024178E-02-7.244403054E-02
-7.208153145E-02-7.162190550E-02-7.106442462E-02-7.040847685E-02-6.965356415E-02
-6.879930178E-02-6.784541933E-02-6.679176155E-02-6.563828557E-02-6.438506634E-02
-6.303229368E-02-6.158027669E-02-6.002944595E-02-5.838035769E-02-5.663369702E-02
-5.479028619E-02-5.285108966E-02-5.081722435E-02-4.868997145E-02-4.647078501E-02
-4.416131391E-02-4.176340405E-02-3.927914183E-02-3.671080498E-02-3.406102850E-02
-3.133266305E-02-2.852881353E-02-2.565303618E-02-2.270926884E-02-1.970173906E-02
-1.663428826E-02-1.351038298E-02-1.033431570E-02-7.113665308E-03-3.864210731E-03
-5.970838389E-04 2.747971726E-03 6.278659676E-03 1.001792894E-02 1.396587932E-02
 1.813106838E-02 2.248548735E-02 7.808956092E-02 7.542232687E-02 7.276447888E-02
 7.011770447E-02 6.748197005E-02 6.485753867E-02 6.224471370E-02 5.964377244E-02
 5.705496105E-02 5.447850160E-02 5.191460144E-02 4.936346611E-02 4.682531780E-02
 4.430040974E-02 4.178902049E-02 3.929145086E-02 3.680802621E-02 3.433908366E-02
 3.188496434E-02 2.944600930E-02 2.702255430E-02 2.461492249E-02 2.222342926E-02
 1.984840214E-02 1.749019232E-02 1.514917703E-02 1.282576147E-02 1.052036137E-02
 8.233388445E-03 5.965416495E-03 3.717358589E-03 1.489261928E-03-7.228632973E-04
-2.929204224E-03-5.133177567E-03-7.332645176E-03-9.523547874E-03-1.170307337E-02
-1.387003278E-02-1.602435782E-02-1.816651605E-02-2.029696946E-02-2.241583267E-02
-2.452275429E-02-2.661697539E-02-2.869745188E-02-3.076297127E-02-3.281221720E-02
-3.484375117E-02-3.685597764E-02-3.884717031E-02-4.081549673E-02-4.275899961E-02
-4.467560392E-02-4.656314830E-02-4.841938342E-02-5.024196908E-02-5.202849155E-02
-5.377647331E-02-5.548338118E-02-5.714662941E-02-5.876359746E-02-6.033163114E-02
-6.184806170E-02-6.331020520E-02-6.471538123E-02-6.606090569E-02-6.734412749E-02
-6.856241209E-02-6.971316222E-02-7.079382161E-02-7.180189662E-02-7.273493982E-02
-7.359058232E-02-7.436652420E-02-7.506055166E-02-7.567053457E-02-7.619443971E-02
-7.663033160E-02-7.697637579E-02-7.723085048E-02-7.739213866E-02-7.745873988E-02
-7.742926900E-02-7.730246033E-02-7.707716427E-02-7.675235234E-02-7.632711631E-02
-7.580066860E-02-7.517234050E-02-7.444158373E-02-7.360796813E-02-7.267118127E-02
-7.163102821E-02-7.048743039E-02-6.924042531E-02-6.789016644E-02-6.643692495E-02
-6.488108911E-02-6.322316707E-02-6.146379156E-02-5.960372374E-02-5.764385667E-02
-5.558522448E-02-5.342901252E-02-5.117656523E-02-4.882940490E-02-4.638923436E-02
-4.385798016E-02-4.123774735E-02-3.853096398E-02-3.574028115E-02-3.286857305E-02
-2.991914737E-02-2.689561820E-02-2.380202278E-02-2.064271695E-02-1.742202223E-02
-1.414373099E-02-1.081190815E-02-7.433902462E-03-4.025503772E-03-5.978334707E-04
 2.912661067E-03 6.616730753E-03 1.053625813E-02 1.466983065E-02 1.902455876E-02
 2.357078221E-02 7.559214858E-02 7.290620777E-02 7.022941427E-02 6.756340632E-02
 6.490816294E-02 6.226396102E-02 5.963112097E-02 5.700994668E-02 5.440073311E-02
 5.180375708E-02 4.921926373E-02 4.664748022E-02 4.408862257E-02 4.154291597E-02
 3.901061202E-02 3.649199475E-02 3.398737180E-02 3.149707578E-02 2.902145579E-02
 2.656086711E-02 2.411566631E-02 2.168620604E-02 1.927282731E-02 1.687586347E-02
 1.449565947E-02 1.213258410E-02 9.787013481E-03 7.459359753E-03 5.150342001E-03
 2.860897066E-03 5.895475686E-04-1.670039933E-03-3.927838136E-03-6.184383490E-03
-8.435829334E-03-1.067848008E-02-1.291049351E-02-1.513147261E-02-1.734183483E-02
-1.954225775E-02-2.173321098E-02-2.391464913E-02-2.608600961E-02-2.824640751E-02
-3.039479097E-02-3.252996238E-02-3.465054929E-02-3.675503418E-02-3.884178233E-02
-4.090901576E-02-4.295480283E-02-4.497710724E-02-4.697378167E-02-4.894255364E-02
-5.088105578E-02-5.278684253E-02-5.465737950E-02-5.649005645E-02-5.828220259E-02
-6.003109351E-02-6.173395911E-02-6.338799371E-02-6.499036764E-02-6.653823827E-02
-6.802875699E-02-6.945908467E-02-7.082638717E-02-7.212786862E-02-7.336076228E-02
-7.452234590E-02-7.560994770E-02-7.662097029E-02-7.755287157E-02-7.840319921E-02
-7.916958107E-02-7.984974138E-02-8.044150064E-02-8.094278468E-02-8.135163132E-02
-8.166618703E-02-8.188472244E-02-8.200562473E-02-8.202740558E-02-8.194870214E-02
-8.176827931E-02-8.148502864E-02-8.109796891E-02-8.060624781E-02-8.000913870E-02
-7.930604167E-02-7.849648190E-02-7.758010704E-02-7.655668650E-02-7.542611079E-02
-7.418838744E-02-7.284364373E-02-7.139212134E-02-6.983418077E-02-6.817029784E-02
-6.640106677E-02-6.452720532E-02-6.254955544E-02-6.046908779E-02-5.828691188E-02
-5.600428473E-02-5.362262297E-02-5.114350849E-02-4.856872422E-02-4.590022191E-02
-4.314023848E-02-4.029123759E-02-3.735586498E-02-3.433719478E-02-3.123859571E-02
-2.806378170E-02-2.481679251E-02-2.150222534E-02-1.812478931E-02-1.468853503E-02
-1.119760170E-02-7.658998773E-03-4.089039665E-03-4.979040387E-04 3.184742530E-03
 7.069351401E-03 1.117533210E-02 1.549949728E-02 2.004736482E-02 2.478769770E-02
 7.312959302E-02 7.042487175E-02 6.772911269E-02 6.504389336E-02 6.236916113E-02
 5.970518244E-02 5.705228645E-02 5.441079279E-02 5.178101795E-02 4.916327333E-02
 4.655785888E-02 4.396504913E-02 4.138509305E-02 3.881822434E-02 3.626467469E-02
 3.372469523E-02 3.119857281E-02 2.868662284E-02 2.618918526E-02 2.370662121E-02
 2.123930051E-02 1.878759569E-02 1.635187699E-02 1.393250638E-02 1.152983237E-02
 9.144188157E-03 6.775982059E-03 4.426011208E-03 2.095091453E-03-2.198732426E-04
-2.528547788E-03-4.837578657E-03-7.145589176E-03-9.448182492E-03-1.174240204E-02
-1.402717395E-02-1.630271684E-02-1.856986918E-02-2.082942903E-02-2.308170502E-02
-2.532645638E-02-2.756304001E-02-2.979054520E-02-3.200788307E-02-3.421382784E-02
-3.640701192E-02-3.858588980E-02-4.074873403E-02-4.289369060E-02-4.501878888E-02
-4.712190577E-02-4.920078668E-02-5.125308074E-02-5.327631967E-02-5.526792439E-02
-5.722524028E-02-5.914553338E-02-6.102599098E-02-6.286374104E-02-6.465586209E-02
-6.639939360E-02-6.809134006E-02-6.972869194E-02-7.130842795E-02-7.282753273E-02
-7.428300523E-02-7.567186127E-02-7.699115850E-02-7.823799897E-02-7.940953696E-02
-8.050298770E-02-8.151565323E-02-8.244490066E-02-8.328819898E-02-8.404310912E-02
-8.470729927E-02-8.527854734E-02-8.575474527E-02-8.613391114E-02-8.641418147E-02
-8.659382612E-02-8.667124520E-02-8.664497144E-02-8.651367344E-02-8.627615525E-02
-8.593135775E-02-8.547835658E-02-8.491636438E-02-8.424472492E-02-8.346291629E-02
-8.257054581E-02-8.156734870E-02-8.045318604E-02-7.922804223E-02-7.789202195E-02
-7.644534896E-02-7.488836392E-02-7.322152323E-02-7.144540043E-02-6.956068368E-02
-6.756818169E-02-6.546882325E-02-6.326366381E-02-6.095389389E-02-5.854084705E-02
-5.602600939E-02-5.341104277E-02-5.069776903E-02-4.788825142E-02-4.498478438E-02
-4.198980289E-02-3.890615442E-02-3.573696530E-02-3.248568255E-02-2.915603430E-02
-2.575225854E-02-2.227909203E-02-1.874148628E-02-1.514392761E-02-1.149043616E-02
-7.788152443E-03-4.054070860E-03-2.965047118E-04 3.565222860E-03 7.637288768E-03
 1.193512483E-02 1.645384582E-02 2.119724253E-02 2.613278678E-02 7.070312012E-02
 6.797942749E-02 6.526456463E-02 6.256005807E-02 5.986582214E-02 5.718208276E-02
 5.450913520E-02 5.184729558E-02 4.919689260E-02 4.655825667E-02 4.393171412E-02
 4.131758307E-02 3.871616643E-02 3.612773854E-02 3.355255546E-02 3.099086151E-02
 2.844291162E-02 2.590899187E-02 2.338942493E-02 2.088455967E-02 1.839476882E-02
 1.592043747E-02 1.346195708E-02 1.101971008E-02 8.594043527E-03 6.185401193E-03
 3.794617502E-03 1.421945403E-03-9.374439438E-04-3.295217628E-03-5.654825920E-03
-8.013226094E-03-1.036629323E-02-1.271189200E-02-1.504965781E-02-1.738027821E-02
-1.970478309E-02-2.202395863E-02-2.433802592E-02-2.664662609E-02-2.894901711E-02
-3.124429027E-02-3.353139947E-02-3.580909976E-02-3.807595815E-02-4.033039401E-02
-4.257067553E-02-4.479488727E-02-4.700095056E-02-4.918667671E-02-5.134974941E-02
-5.348769975E-02-5.559795606E-02-5.767784527E-02-5.972457636E-02-6.173527370E-02
-6.370699434E-02-6.563671793E-02-6.752136439E-02-6.935780953E-02-7.114289458E-02
-7.287343181E-02-7.454622603E-02-7.615807541E-02-7.770579529E-02-7.918622088E-02
-8.059621892E-02-8.193270107E-02-8.319263996E-02-8.437306903E-02-8.547109431E-02
-8.648392172E-02-8.740883292E-02-8.824322437E-02-8.898459694E-02-8.963056997E-02
-9.017888644E-02-9.062741249E-02-9.097415344E-02-9.121724571E-02-9.135496666E-02
-9.138573695E-02-9.130811896E-02-9.112082201E-02-9.082269788E-02-9.041274444E-02
-8.989010348E-02-8.925405919E-02-8.850403627E-02-8.763959812E-02-8.666044344E-02
-8.556640324E-02-8.435743912E-02-8.303363757E-02-8.159520876E-02-8.004248233E-02
-7.837590634E-02-7.659604190E-02-7.470356638E-02-7.269927089E-02-7.058406060E-02
-6.835895915E-02-6.602511345E-02-6.358379724E-02-6.103642557E-02-5.838456404E-02
-5.562993161E-02-5.277444301E-02-4.982024556E-02-4.676958391E-02-4.362509776E-02
-4.038968389E-02-3.706652459E-02-3.365907001E-02-3.017126010E-02-2.660742458E-02
-2.297240099E-02-1.927143288E-02-1.550919719E-02-1.169001413E-02-7.821001346E-03
-3.920314641E-03 6.884628934E-06 4.054851625E-03 8.320576770E-03 1.281459779E-02
 1.753059628E-02 2.247092783E-02 2.760236899E-02 6.831414422E-02 6.557124299E-02
 6.283704508E-02 6.011305613E-02 5.739917825E-02 5.469560372E-02 5.200259020E-02
 4.932041008E-02 4.664936406E-02 4.398978565E-02 4.134201693E-02 3.870639911E-02
 3.608326716E-02 3.347294525E-02 3.087573743E-02 2.829192341E-02 2.572176815E-02
 2.316553478E-02 2.062350927E-02 1.809601882E-02 1.558342283E-02 1.308610823E-02
 1.060446700E-02 8.138867286E-03 5.689853956E-03 3.258357905E-03 8.437327466E-04
-1.560776788E-03-3.966917441E-03-6.376070794E-03-8.783989484E-03-1.118703359E-02
-1.358380009E-02-1.597456501E-02-1.836043141E-02-2.074256375E-02-2.312164632E-02
-2.549771983E-02-2.787035993E-02-3.023889128E-02-3.260243052E-02-3.495988575E-02
-3.731001167E-02-3.965138930E-02-4.198238866E-02-4.430120524E-02-4.660589617E-02
-4.889435976E-02-5.116430716E-02-5.341331107E-02-5.563884057E-02-5.783822305E-02
-6.000865157E-02-6.214723185E-02-6.425096115E-02-6.631673564E-02-6.834139008E-02
-7.032169182E-02-7.225434683E-02-7.413602162E-02-7.596335322E-02-7.773295946E-02
-7.944145377E-02-8.108545469E-02-8.266160596E-02-8.416657948E-02-8.559709398E-02
-8.694991778E-02-8.822189760E-02-8.940995055E-02-9.051107945E-02-9.152240043E-02
-9.244111680E-02-9.326455995E-02-9.399017875E-02-9.461555185E-02-9.513839568E-02
-9.555655999E-02-9.586804499E-02-9.607099645E-02-9.616370836E-02-9.614462936E-02
-9.601236014E-02-9.576565720E-02-9.540342938E-02-9.492473881E-02-9.432880107E-02
-9.361497948E-02-9.278278655E-02-9.183187852E-02-9.076205282E-02-8.957324448E-02
-8.826552210E-02-8.683908278E-02-8.529424922E-02-8.363146533E-02-8.185129237E-02
-7.995440557E-02-7.794159507E-02-7.581375976E-02-7.357190927E-02-7.121716917E-02
-6.875077980E-02-6.617410940E-02-6.348865404E-02-6.069605582E-02-5.779811065E-02
-5.479684595E-02-5.169434408E-02-4.849305931E-02-4.519567888E-02-4.180513857E-02
-3.832461651E-02-3.475777386E-02-3.110860498E-02-2.738157097E-02-2.358161214E-02
-1.971411056E-02-1.578421754E-02-1.179624576E-02-7.757735912E-03-3.687691458E-03
 4.134049682E-04 4.653868533E-03 9.118223620E-03 1.381159811E-02 1.872680127E-02
 2.386509252E-02 2.919257070E-02 6.596408178E-02 6.320178144E-02 6.044802807E-02
 5.770431484E-02 5.497055891E-02 5.224695168E-02 4.953373186E-02 4.683113772E-02
 4.413943074E-02 4.145889976E-02 3.878986667E-02 3.613268142E-02 3.348769880E-02
 3.085527024E-02 2.823573843E-02 2.562943298E-02 2.303666062E-02 2.045771088E-02
 1.789286197E-02 1.534240519E-02 1.280667106E-02 1.028601791E-02 7.780799535E-03
 5.291631801E-03 2.819539400E-03 3.629128907E-04-2.086895492E-03-4.540604016E-03
-6.998072204E-03-9.454592694E-03-1.190712764E-02-1.435488575E-02-1.679857734E-02
-1.923959004E-02-2.167920265E-02-2.411805424E-02-2.655609408E-02-2.899284399E-02
-3.142761278E-02-3.385956225E-02-3.628767548E-02-3.871069284E-02-4.112713429E-02
-4.353537150E-02-4.593359560E-02-4.831978943E-02-5.069177509E-02-5.304723891E-02
-5.538369677E-02-5.769848522E-02-5.998882776E-02-6.225183778E-02-6.448448049E-02
-6.668361992E-02-6.884603178E-02-7.096838441E-02-7.304727709E-02-7.507925726E-02
-7.706081262E-02-7.898839408E-02-8.085843126E-02-8.266734484E-02-8.441155423E-02
-8.608749893E-02-8.769164982E-02-8.922051941E-02-9.067068108E-02-9.203876570E-02
-9.332149940E-02-9.451568934E-02-9.561824279E-02-9.662619395E-02-9.753667691E-02
-9.834696749E-02-9.905447226E-02-9.965673857E-02-1.001514654E-01-1.005364963E-01
-1.008098347E-01-1.009696444E-01-1.010142450E-01-1.009421206E-01-1.007519178E-01
-1.004424469E-01-1.000126810E-01-9.946175336E-02-9.878895806E-02-9.799374507E-02
-9.707571941E-02-9.603463686E-02-9.487039910E-02-9.358305108E-02-9.217277443E-02
-9.063988334E-02-8.898482110E-02-8.720815120E-02-8.531055646E-02-8.329283201E-02
-8.115588664E-02-7.890073465E-02-7.652849806E-02-7.404040777E-02-7.143780956E-02
-6.872216031E-02-6.589505090E-02-6.295819061E-02-5.991351463E-02-5.676297571E-02
-5.350887318E-02-5.015371117E-02-4.670020234E-02-4.315127357E-02-3.951031817E-02
-3.578100688E-02-3.196749497E-02-2.807425980E-02-2.410639647E-02-2.006956946E-02
-1.596908794E-02-1.180950099E-02-7.598846492E-03-3.356674967E-03 9.233222165E-04
 5.361573071E-03 1.002835936E-02 1.492357747E-02 2.003938000E-02 2.537574781E-02
 3.089811186E-02 6.365426554E-02 6.087245404E-02 5.809899626E-02 5.533536711E-02
 5.258150559E-02 4.983761781E-02 4.710395076E-02 4.438074050E-02 4.166822911E-02
 3.896667180E-02 3.627634789E-02 3.359756422E-02 3.093066458E-02 2.827601414E-02
 2.563398007E-02 2.300492317E-02 2.038919326E-02 1.778712482E-02 1.519903294E-02
 1.262522242E-02 1.006598246E-02 7.521595811E-03 4.992687462E-03 2.480320622E-03
-1.802506052E-05-2.512798912E-03-5.013213875E-03-7.517920827E-03-1.002217869E-02
-1.252353223E-02-1.502178957E-02-1.751808745E-02-2.001400189E-02-2.251077513E-02
-2.500896361E-02-2.750852911E-02-3.000906721E-02-3.250993632E-02-3.501028837E-02
-3.750907378E-02-4.000506589E-02-4.249684526E-02-4.498274600E-02-4.746089489E-02
-4.992927467E-02-5.238567598E-02-5.482768706E-02-5.725274985E-02-5.965816698E-02
-6.204105935E-02-6.439839009E-02-6.672702761E-02-6.902371717E-02-7.128506991E-02
-7.350762160E-02-7.568781401E-02-7.782200366E-02-7.990650616E-02-8.193758900E-02
-8.391148348E-02-8.582440865E-02-8.767258443E-02-8.945223913E-02-9.115963456E-02
-9.279107122E-02-9.434290831E-02-9.581157749E-02-9.719358100E-02-9.848553207E-02
-9.968413753E-02-1.007862194E-01-1.017887397E-01-1.026887742E-01-1.034835539E-01
-1.041704539E-01-1.047470012E-01-1.052108872E-01-1.055599598E-01-1.057922351E-01
-1.059059016E-01-1.058993135E-01-1.057709975E-01-1.055196532E-01-1.051441505E-01
-1.046435305E-01-1.040170032E-01-1.032639453E-01-1.023838979E-01-1.013765628E-01
-1.002417980E-01-9.897961459E-02-9.759017114E-02-9.607376809E-02-9.443084106E-02
-9.266195772E-02-9.076780809E-02-8.874920301E-02-8.660706465E-02-8.434242348E-02
-8.195641599E-02-7.945028417E-02-7.682537402E-02-7.408313149E-02-7.122512219E-02
-6.825300463E-02-6.516865004E-02-6.197391635E-02-5.867098142E-02-5.526219932E-02
-5.175009230E-02-4.813736252E-02-4.442715707E-02-4.062284166E-02-3.672827149E-02
-3.274752565E-02-2.868534104E-02-2.454692224E-02-2.033807661E-02-1.606430028E-02
-1.173047178E-02-7.345392150E-03-2.928378680E-03 1.535980915E-03 6.176611985E-03
 1.104884077E-02 1.614755871E-02 2.146419991E-02 2.699722098E-02 3.271170680E-02
 6.138596541E-02 5.858457557E-02 5.579134047E-02 5.300768975E-02 5.023357269E-02
 4.746920938E-02 4.471486197E-02 4.197078141E-02 3.923721844E-02 3.651442564E-02
 3.380266312E-02 3.110220445E-02 2.841334693E-02 2.573641714E-02 2.307178063E-02
 2.041981713E-02 1.778090500E-02 1.515541387E-02 1.254370370E-02 9.946103894E-03
 7.362895519E-03 4.794670776E-03 2.242454471E-03-2.970044979E-04-2.835791711E-03
-5.381763544E-03-7.932658672E-03-1.048387667E-02-1.303340245E-02-1.558150777E-02
-1.812971570E-02-2.067982321E-02-2.323310809E-02-2.579005722E-02-2.835057378E-02
-3.091429392E-02-3.348069108E-02-3.604901041E-02-3.861822952E-02-4.118708922E-02
-4.375412794E-02-4.631771442E-02-4.887602055E-02-5.142696475E-02-5.396827115E-02
-5.649751989E-02-5.901208756E-02-6.150915951E-02-6.398578702E-02-6.643887347E-02
-6.886513789E-02-7.126117349E-02-7.362348512E-02-7.594844353E-02-7.823232316E-02
-8.047132985E-02-8.266158064E-02-8.479914679E-02-8.688007141E-02-8.890036597E-02
-9.085603794E-02-9.274310636E-02-9.455761359E-02-9.629564493E-02-9.795333812E-02
-9.952690753E-02-1.010126504E-01-1.024069521E-01-1.037063225E-01-1.049073804E-01
-1.060068753E-01-1.070017097E-01-1.078889137E-01-1.086656857E-01-1.093293816E-01
-1.098775193E-01-1.103077928E-01-1.106180654E-01-1.108063749E-01-1.108709407E-01
-1.108101600E-01-1.106226081E-01-1.103070422E-01-1.098623959E-01-1.092877818E-01
-1.085824901E-01-1.077459817E-01-1.067778902E-01-1.056780164E-01-1.044463235E-01
-1.030829333E-01-1.015881198E-01-9.996230380E-02-9.820604714E-02-9.632004470E-02
-9.430511784E-02-9.216220991E-02-8.989237416E-02-8.749677084E-02-8.497666468E-02
-8.233342125E-02-7.956850347E-02-7.668347682E-02-7.367998276E-02-7.055985796E-02
-6.732490241E-02-6.397720946E-02-6.051901850E-02-5.695269943E-02-5.328076601E-02
-4.950614807E-02-4.563193696E-02-4.166169770E-02-3.759913955E-02-3.344868270E-02
-2.921504738E-02-2.490359774E-02-2.052021053E-02-1.607080816E-02-1.156047473E-02
-6.998933486E-03-2.404422867E-03 2.250295667E-03 7.097226072E-03 1.217675880E-02
 1.747924388E-02 2.299530975E-02 2.872219526E-02 3.462526357E-02 5.916065759E-02
 5.633952067E-02 5.352639127E-02 5.072265177E-02 4.792821379E-02 4.514327349E-02
 4.236809675E-02 3.960294818E-02 3.684809491E-02 3.410380534E-02 3.137034866E-02
 2.864799623E-02 2.593702720E-02 2.323773415E-02 2.055043312E-02 1.787547278E-02
 1.521323908E-02 1.256412836E-02 9.928517834E-03 7.306737222E-03 4.699430677E-03
 2.107642138E-03-4.723579491E-04-3.053733809E-03-5.643784243E-03-8.239609080E-03
-1.083679184E-02-1.343368751E-02-1.603091032E-02-1.863023805E-02-2.123360795E-02
-2.384235788E-02-2.645702189E-02-2.907757753E-02-3.170371645E-02-3.433491374E-02
-3.697044154E-02-3.960937245E-02-4.225053459E-02-4.489248567E-02-4.753354540E-02
-5.017183252E-02-5.280529857E-02-5.543169101E-02-5.804849939E-02-6.065303220E-02
-6.324244845E-02-6.581369700E-02-6.836355239E-02-7.088866413E-02-7.338552257E-02
-7.585044591E-02-7.827966130E-02-8.066930191E-02-8.301537717E-02-8.531383801E-02
-8.756056599E-02-8.975138409E-02-9.188210477E-02-9.394852242E-02-9.594643341E-02
-9.787166015E-02-9.972006607E-02-1.014875657E-01-1.031701452E-01-1.047638836E-01
-1.062649560E-01-1.076696459E-01-1.089743722E-01-1.101756806E-01-1.112702628E-01
-1.122549759E-01-1.131268193E-01-1.138829725E-01-1.145207851E-01-1.150377781E-01
-1.154316584E-01-1.157003143E-01-1.158418142E-01-1.158544157E-01-1.157365637E-01
-1.154868872E-01-1.151042027E-01-1.145875121E-01-1.139360008E-01-1.131490369E-01
-1.122261682E-01-1.111671203E-01-1.099717912E-01-1.086402481E-01-1.071727223E-01
-1.055696053E-01-1.038314392E-01-1.019589112E-01-9.995284681E-02-9.781420011E-02
-9.554405040E-02-9.314358690E-02-9.061410517E-02-8.795700020E-02-8.517377018E-02
-8.226600319E-02-7.923535837E-02-7.608366475E-02-7.281270078E-02-6.942451341E-02
-6.592126659E-02-6.230521957E-02-5.857873854E-02-5.474457330E-02-5.080558454E-02
-4.676505653E-02-4.262639314E-02-3.839366146E-02-3.407119835E-02-2.966384650E-02
-2.517707960E-02-2.061718643E-02-1.599013470E-02-1.130116992E-02-6.561299708E-03
-1.786714093E-03 3.064528416E-03 8.120618771E-03 1.340770488E-02 1.891262580E-02
 2.462556139E-02 3.054322083E-02 3.663151913E-02 5.697979439E-02 5.413886392E-02
 5.130569729E-02 4.848169720E-02 4.566681978E-02 4.286123985E-02 4.006517539E-02
 3.727886292E-02 3.450257251E-02 3.173658640E-02 2.898119123E-02 2.623667520E-02
 2.350332757E-02 2.078144037E-02 1.807131332E-02 1.537325870E-02 1.268761469E-02
 1.001474462E-02 7.355004654E-03 4.709065183E-03 2.078026241E-03-5.419483612E-04
-3.164622415E-03-5.797240384E-03-8.436610746E-03-1.107851681E-02-1.372163118E-02
-1.636686538E-02-1.901623314E-02-2.167178399E-02-2.433485989E-02-2.700600662E-02
-2.968530476E-02-3.237259377E-02-3.506746813E-02-3.776924857E-02-4.047699056E-02
-4.318953159E-02-4.590551640E-02-4.862334828E-02-5.134115310E-02-5.405681349E-02
-5.676801215E-02-5.947226626E-02-6.216687978E-02-6.484889640E-02-6.751519362E-02
-7.016249184E-02-7.278730114E-02-7.538597912E-02-7.795476230E-02-8.048972001E-02
-8.298678239E-02-8.544181451E-02-8.785057776E-02-9.020875113E-02-9.251197550E-02
-9.475583386E-02-9.693590004E-02-9.904775649E-02-1.010869955E-01-1.030492497E-01
-1.049302104E-01-1.067256351E-01-1.084313730E-01-1.100433793E-01-1.115577232E-01
-1.129706036E-01-1.142783644E-01-1.154774963E-01-1.165646499E-01-1.175366527E-01
-1.183904889E-01-1.191233335E-01-1.197325430E-01-1.202156538E-01-1.205703961E-01
-1.207946912E-01-1.208866467E-01-1.208445645E-01-1.206669399E-01-1.203524591E-01
-1.199000000E-01-1.193086310E-01-1.185776101E-01-1.177063825E-01-1.166945797E-01
-1.155420154E-01-1.142486825E-01-1.128147492E-01-1.112405542E-01-1.095266018E-01
-1.076735534E-01-1.056822215E-01-1.035535620E-01-1.012886638E-01-9.888874160E-02
-9.635512514E-02-9.368924587E-02-9.089264240E-02-8.796694239E-02-8.491384908E-02
-8.173520958E-02-7.843281626E-02-7.500870667E-02-7.146500824E-02-6.780391457E-02
-6.402769021E-02-6.013894447E-02-5.614036491E-02-5.203496420E-02-4.782592631E-02
-4.351694384E-02-3.911201712E-02-3.461549755E-02-3.003251297E-02-2.536880385E-02
-2.063062249E-02-1.582394244E-02-1.095438979E-02-6.034758309E-03-1.077890043E-03
 3.975830180E-03 9.242499724E-03 1.473586509E-02 2.044100747E-02 2.634807446E-02
 3.245307458E-02 3.872247805E-02 5.484438366E-02 5.198383868E-02 4.913075166E-02
 4.628647409E-02 4.345101564E-02 4.062462331E-02 3.780755305E-02 3.500001984E-02
 3.220224249E-02 2.941447122E-02 2.663699423E-02 2.387011359E-02 2.111413708E-02
 1.836937505E-02 1.563613920E-02 1.291474658E-02 1.020551185E-02 7.508721059E-03
 4.824959804E-03 2.155353369E-03-5.036781009E-04-3.166175675E-03-5.839892449E-03
-8.521559154E-03-1.120696716E-02-1.389498037E-02-1.658679516E-02-1.928469877E-02
-2.199090502E-02-2.470682501E-02-2.743304423E-02-3.016969364E-02-3.291668180E-02
-3.567371144E-02-3.844023946E-02-4.121543959E-02-4.399819898E-02-4.678713586E-02
-4.958064349E-02-5.237692214E-02-5.517393163E-02-5.796934741E-02-6.076059450E-02
-6.354489857E-02-6.631932181E-02-6.908070361E-02-7.182562649E-02-7.455052258E-02
-7.725165736E-02-7.992509605E-02-8.256677683E-02-8.517251684E-02-8.773796994E-02
-9.025869864E-02-9.273021313E-02-9.514792827E-02-9.750722894E-02-9.980347070E-02
-1.020319918E-01-1.041881645E-01-1.062673891E-01-1.082651205E-01-1.101768888E-01
-1.119983123E-01-1.137251192E-01-1.153531582E-01-1.168784137E-01-1.182970184E-01
-1.196052591E-01-1.207995912E-01-1.218766424E-01-1.228332279E-01-1.236663331E-01
-1.243731434E-01-1.249510348E-01-1.253975715E-01-1.257105162E-01-1.258878296E-01
-1.259276663E-01-1.258283761E-01-1.255885070E-01-1.252068039E-01-1.246822045E-01
-1.240138420E-01-1.232010441E-01-1.222433286E-01-1.211404051E-01-1.198921698E-01
-1.184987046E-01-1.169602730E-01-1.152773164E-01-1.134504468E-01-1.114804403E-01
-1.093682315E-01-1.071149051E-01-1.047216808E-01-1.021899117E-01-9.952106812E-02
-9.671672728E-02-9.377855995E-02-9.070833267E-02-8.750793025E-02-8.417918816E-02
-8.072416831E-02-7.714500024E-02-7.344385582E-02-6.962294841E-02-6.568478556E-02
-6.163194892E-02-5.746720156E-02-5.319358835E-02-4.881444024E-02-4.433344801E-02
-3.975453870E-02-3.508254046E-02-3.032260464E-02-2.548034281E-02-2.056211964E-02
-1.557424690E-02-1.052271581E-02-5.422194436E-03-2.811650744E-04 4.980108817E-03
 1.045747457E-02 1.615508345E-02 2.205779254E-02 2.815551186E-02 3.444343378E-02
 4.088870114E-02 5.275565122E-02 4.987553390E-02 4.700263916E-02 4.413825537E-02
 4.128234924E-02 3.843514575E-02 3.559693606E-02 3.276800946E-02 2.994862825E-02
 2.713902245E-02 2.433942441E-02 2.155009988E-02 1.877135645E-02 1.600351813E-02
 1.324691827E-02 1.050188769E-02 7.768721385E-03 5.047931997E-03 2.340602553E-03
-3.563017263E-04-3.056786930E-03-5.769769982E-03-8.492198772E-03-1.121977746E-02
-1.395140142E-02-1.668837685E-02-1.943316480E-02-2.218818765E-02-2.495503756E-02
-2.773443791E-02-3.052663437E-02-3.333162390E-02-3.614916393E-02-3.897875519E-02
-4.181965603E-02-4.467088425E-02-4.753118007E-02-5.039898653E-02-5.327246645E-02
-5.614954751E-02-5.902796271E-02-6.190520516E-02-6.477847548E-02-6.764471715E-02
-7.050067767E-02-7.334294334E-02-7.616786867E-02-7.897156259E-02-8.174999972E-02
-8.449898110E-02-8.721412952E-02-8.989096728E-02-9.252489550E-02-9.511117777E-02
-9.764503837E-02-1.001216519E-01-1.025361401E-01-1.048836330E-01-1.071592521E-01
-1.093581622E-01-1.114755876E-01-1.135068202E-01-1.154472482E-01-1.172923712E-01
-1.190378139E-01-1.206793409E-01-1.222128738E-01-1.236344995E-01-1.249404700E-01
-1.261272255E-01-1.271913894E-01-1.281297821E-01-1.289394065E-01-1.296174725E-01
-1.301613880E-01-1.305687555E-01-1.308373792E-01-1.309652647E-01-1.309506176E-01
-1.307918394E-01-1.304875314E-01-1.300364940E-01-1.294377243E-01-1.286904158E-01
-1.277939586E-01-1.267479384E-01-1.255521342E-01-1.242065184E-01-1.227112537E-01
-1.210666905E-01-1.192733627E-01-1.173319837E-01-1.152434387E-01-1.130087793E-01
-1.106292126E-01-1.081060870E-01-1.054408950E-01-1.026352483E-01-9.969085377E-02
-9.660954518E-02-9.339325486E-02-9.004388517E-02-8.656354798E-02-8.295440657E-02
-7.921865333E-02-7.535850346E-02-7.137639970E-02-6.727488753E-02-6.305652162E-02
-5.872426537E-02-5.428115704E-02-4.973055279E-02-4.507613397E-02-4.032235446E-02
-3.547380730E-02-3.053544894E-02-2.551322913E-02-2.041400460E-02-1.524390291E-02
-1.000927497E-02-4.726717168E-03 6.012171657E-04 6.072781963E-03 1.175972826E-02
 1.765881256E-02 2.375548766E-02 3.003928684E-02 3.650460792E-02 4.311940771E-02
 5.071501762E-02 4.781539191E-02 4.492271580E-02 4.203825221E-02 3.916199042E-02
 3.629413706E-02 3.343493262E-02 3.058463216E-02 2.774352323E-02 2.491191126E-02
 2.209007759E-02 1.927826925E-02 1.647673264E-02 1.368575209E-02 1.090565498E-02
 8.136754593E-03 5.379513380E-03 2.634993556E-03-9.894282595E-05-2.835559818E-03
-5.585740476E-03-8.347059445E-03-1.111506927E-02-1.388860584E-02-1.666904808E-02
-1.945900073E-02-2.226102211E-02-2.507681226E-02-2.790723616E-02-3.075273554E-02
-3.361349539E-02-3.648940369E-02-3.938004702E-02-4.228473128E-02-4.520250182E-02
-4.813215894E-02-5.107226324E-02-5.402110045E-02-5.697664825E-02-5.993659060E-02
-6.289836222E-02-6.585920043E-02-6.881610504E-02-7.176577656E-02-7.470465364E-02
-7.762898414E-02-8.053485957E-02-8.341813468E-02-8.627443871E-02-8.909928215E-02
-9.188800344E-02-9.463579946E-02-9.733779160E-02-9.998898478E-02-1.025843010E-01
-1.051186643E-01-1.075869593E-01-1.099840850E-01-1.123049689E-01-1.145445821E-01
-1.166979884E-01-1.187603395E-01-1.207269023E-01-1.225930793E-01-1.243544156E-01
-1.260066177E-01-1.275455674E-01-1.289673260E-01-1.302681349E-01-1.314444393E-01
-1.324928769E-01-1.334102907E-01-1.341937161E-01-1.348404008E-01-1.353477950E-01
-1.357135488E-01-1.359355146E-01-1.360117486E-01-1.359405073E-01-1.357202464E-01
-1.353496196E-01-1.348274799E-01-1.341528784E-01-1.333250642E-01-1.323434827E-01
-1.312077778E-01-1.299177902E-01-1.284735576E-01-1.268753132E-01-1.251234833E-01
-1.232186857E-01-1.211617248E-01-1.189535854E-01-1.165954279E-01-1.140885757E-01
-1.114345060E-01-1.086348424E-01-1.056913207E-01-1.026058238E-01-9.938033164E-02
-9.601682399E-02-9.251747861E-02-8.888451700E-02-8.512018339E-02-8.122674711E-02
-7.720662271E-02-7.306237891E-02-6.879644199E-02-6.441169396E-02-5.991100466E-02
-5.529738326E-02-5.057444804E-02-4.574619972E-02-4.081666956E-02-3.579030826E-02
-3.067273542E-02-2.547019093E-02-2.018922284E-02-1.483590984E-02-9.417608624E-03
-3.951917397E-03 1.567333714E-03 7.248881790E-03 1.314262897E-02 1.923947750E-02
 2.552541245E-02 3.198954456E-02 3.862573684E-02 4.540338101E-02 4.872383003E-02
 4.580481466E-02 4.289247404E-02 3.998801465E-02 3.709143160E-02 3.420294614E-02
 3.132281658E-02 2.845128814E-02 2.558860329E-02 2.273502255E-02 1.989084076E-02
 1.705637880E-02 1.423193914E-02 1.141778766E-02 8.614158807E-03 5.821397793E-03
 3.040461404E-03 2.702165055E-04-2.501080534E-03-5.286665806E-03-8.085137116E-03
-1.089176519E-02-1.370524170E-02-1.652703425E-02-1.935993851E-02-2.220672482E-02
-2.506926822E-02-2.794854625E-02-3.084508085E-02-3.375916823E-02-3.669087513E-02
-3.963998548E-02-4.260595496E-02-4.558792292E-02-4.858473287E-02-5.159495613E-02
-5.461690960E-02-5.764866774E-02-6.068803386E-02-6.373249290E-02-6.677922061E-02
-6.982512900E-02-7.286693026E-02-7.590110308E-02-7.892382330E-02-8.193100365E-02
-8.491837623E-02-8.788152474E-02-9.081579794E-02-9.371635063E-02-9.657823574E-02
-9.939634990E-02-1.021654965E-01-1.048804265E-01-1.075357976E-01-1.101262570E-01
-1.126464794E-01-1.150911429E-01-1.174549964E-01-1.197328461E-01-1.219196092E-01
-1.240103244E-01-1.260001634E-01-1.278844547E-01-1.296586915E-01-1.313185484E-01
-1.328598898E-01-1.342787747E-01-1.355714575E-01-1.367344070E-01-1.377642928E-01
-1.386579961E-01-1.394125983E-01-1.400253960E-01-1.404938909E-01-1.408157871E-01
-1.409889911E-01-1.410116120E-01-1.408819590E-01-1.405985393E-01-1.401600578E-01
-1.395654162E-01-1.388137132E-01-1.379042452E-01-1.368365058E-01-1.356101878E-01
-1.342251827E-01-1.326815818E-01-1.309796767E-01-1.291199582E-01-1.271031151E-01
-1.249300309E-01-1.226017801E-01-1.201196217E-01-1.174849875E-01-1.146994724E-01
-1.117648207E-01-1.086829324E-01-1.054558194E-01-1.020855367E-01-9.857432846E-02
-9.492448574E-02-9.113832538E-02-8.721821574E-02-8.316657507E-02-7.898603365E-02
-7.467900225E-02-7.024826126E-02-6.569662959E-02-6.102685806E-02-5.624254688E-02
-5.134722965E-02-4.634439291E-02-4.123826295E-02-3.603411516E-02-3.073739511E-02
-2.535398403E-02-1.989048721E-02-1.435363066E-02-8.752044671E-03-3.102539255E-03
 2.612223667E-03 8.502167152E-03 1.459872143E-02 2.088842589E-02 2.735766904E-02
 3.399568707E-02 4.079634750E-02 4.773054475E-02 4.678357985E-02 4.384527675E-02
 4.091337392E-02 3.798903340E-02 3.507225025E-02 3.216323077E-02 2.926222318E-02
 2.636948121E-02 2.348526752E-02 2.060984347E-02 1.774346682E-02 1.488640593E-02
 1.203896414E-02 9.201457806E-03 6.374204198E-03 3.557974464E-03 7.525328275E-04
-2.051919055E-03-4.870855056E-03-7.704670196E-03-1.054834976E-02-1.340011252E-02
-1.626127190E-02-1.913476014E-02-2.202368104E-02-2.493025053E-02-2.785567122E-02
-3.080060917E-02-3.376546983E-02-3.675039594E-02-3.975524799E-02-4.277962003E-02
-4.582284462E-02-4.888393998E-02-5.196158271E-02-5.505413294E-02-5.815966004E-02
-6.127596525E-02-6.440060072E-02-6.753085189E-02-7.066368120E-02-7.379572556E-02
-7.692334364E-02-8.004269307E-02-8.314970661E-02-8.624001600E-02-8.930899324E-02
-9.235184782E-02-9.536365573E-02-9.833926999E-02-1.012733928E-01-1.041606458E-01
-1.069955283E-01-1.097725031E-01-1.124860043E-01-1.151304217E-01-1.177002101E-01
-1.201898686E-01-1.225939732E-01-1.249072018E-01-1.271243473E-01-1.292403614E-01
-1.312503491E-01-1.331495923E-01-1.349335608E-01-1.365979213E-01-1.381385443E-01
-1.395515093E-01-1.408331044E-01-1.419798387E-01-1.429884294E-01-1.438558096E-01
-1.445791183E-01-1.451557098E-01-1.455831443E-01-1.458591843E-01-1.459817937E-01
-1.459491360E-01-1.457595725E-01-1.454116596E-01-1.449041496E-01-1.442359876E-01
-1.434063139E-01-1.424144640E-01-1.412599704E-01-1.399425634E-01-1.384621741E-01
-1.368189357E-01-1.350131853E-01-1.330454653E-01-1.309165216E-01-1.286273054E-01
-1.261789652E-01-1.235728480E-01-1.208104791E-01-1.178935691E-01-1.148239989E-01
-1.116037786E-01-1.082350187E-01-1.047200143E-01-1.010611224E-01-9.726073608E-02
-9.332135100E-02-8.924542606E-02-8.503565303E-02-8.069454979E-02-7.622481094E-02
-7.162923142E-02-6.691053872E-02-6.207220911E-02-5.711736662E-02-5.204908279E-02
-4.687161035E-02-4.158968583E-02-3.620802010E-02-3.073170304E-02-2.516703114E-02
-1.952140732E-02-1.380177066E-02-8.017593041E-03-2.183726239E-03 3.729856104E-03
 9.825482871E-03 1.611944565E-02 2.259593551E-02 2.924218731E-02 3.604777606E-02
 4.300658083E-02 5.009095028E-02 4.489577146E-02 4.193832644E-02 3.898699848E-02
 3.604289860E-02 3.310602730E-02 3.017658956E-02 2.725482718E-02 2.434098085E-02
 2.143530033E-02 1.853804930E-02 1.564950441E-02 1.276994645E-02 9.899639861E-03
 7.038831450E-03 4.188175131E-03 1.348280225E-03-1.488038083E-03-4.337900497E-03
-7.204597360E-03-1.008320555E-02-1.297133435E-02-1.586997253E-02-1.878201218E-02
-2.171073073E-02-2.465862050E-02-2.762717708E-02-3.061735051E-02-3.362979420E-02
-3.666482284E-02-3.972241942E-02-4.280225847E-02-4.590372481E-02-4.902592531E-02
-5.216770304E-02-5.532760709E-02-5.850383175E-02-6.169422753E-02-6.489632652E-02
-6.810737705E-02-7.132436949E-02-7.454403302E-02-7.776277511E-02-8.097666412E-02
-8.418147880E-02-8.737279753E-02-9.054598884E-02-9.369613154E-02-9.681805718E-02
-9.990646233E-02-1.029559341E-01-1.059608629E-01-1.089155438E-01-1.118142185E-01
-1.146510621E-01-1.174202722E-01-1.201160447E-01-1.227326099E-01-1.252643168E-01
-1.277055962E-01-1.300510216E-01-1.322952990E-01-1.344333157E-01-1.364601414E-01
-1.383710399E-01-1.401614828E-01-1.418271514E-01-1.433639454E-01-1.447679861E-01
-1.460356132E-01-1.471633898E-01-1.481480939E-01-1.489867216E-01-1.496764777E-01
-1.502147808E-01-1.505992536E-01-1.508277202E-01-1.508982031E-01-1.508089204E-01
-1.505582835E-01-1.501448955E-01-1.495675500E-01-1.488252308E-01-1.479171138E-01
-1.468425648E-01-1.456011454E-01-1.441926139E-01-1.426169285E-01-1.408742527E-01
-1.389649549E-01-1.368896138E-01-1.346490201E-01-1.322441783E-01-1.296762961E-01
-1.269467920E-01-1.240572883E-01-1.210096005E-01-1.178056909E-01-1.144476908E-01
-1.109379136E-01-1.072787596E-01-1.034726830E-01-9.952231057E-02-9.543017862E-02
-9.119901763E-02-8.683153991E-02-8.233043004E-02-7.769839603E-02-7.293844986E-02
-6.805379431E-02-6.304716751E-02-5.792162509E-02-5.268140130E-02-4.733057389E-02
-4.187313917E-02-3.631365630E-02-3.065812869E-02-2.491352391E-02-1.908706861E-02
-1.318534431E-02-7.219022770E-03-1.200654039E-03 4.913452333E-03 1.121037678E-02
 1.769541627E-02 2.435239342E-02 3.116931876E-02 3.813604392E-02 4.524639742E-02
 5.247415967E-02 4.306196098E-02 4.008553166E-02 3.711493637E-02 3.415123793E-02
 3.119443646E-02 2.824472550E-02 2.530233796E-02 2.236751050E-02 1.944048935E-02
 1.652152906E-02 1.361089471E-02 1.070885787E-02 7.815671593E-03 4.931808660E-03
 2.058246775E-03-8.092625463E-04-3.687948739E-03-6.585057211E-03-9.496220693E-03
-1.241831867E-02-1.535196844E-02-1.830003113E-02-2.126599113E-02-2.425262982E-02
-2.726164800E-02-3.029411572E-02-3.335084904E-02-3.643241742E-02-3.953908902E-02
-4.267077012E-02-4.582699018E-02-4.900694753E-02-5.220952800E-02-5.543332264E-02
-5.867664191E-02-6.193751583E-02-6.521362763E-02-6.850228555E-02-7.180045090E-02
-7.510477947E-02-7.841165854E-02-8.171722080E-02-8.501728955E-02-8.830734006E-02
-9.158255233E-02-9.483791284E-02-9.806822327E-02-1.012680183E-01-1.044316105E-01
-1.075532174E-01-1.106269827E-01-1.136468958E-01-1.166069168E-01-1.195009897E-01
-1.223230642E-01-1.250671657E-01-1.277273602E-01-1.302978379E-01-1.327729371E-01
-1.351471427E-01-1.374151163E-01-1.395717044E-01-1.416119705E-01-1.435311866E-01
-1.453248490E-01-1.469886777E-01-1.485186213E-01-1.499108589E-01-1.511617959E-01
-1.522680605E-01-1.532265020E-01-1.540341862E-01-1.546883899E-01-1.551865993E-01
-1.555265028E-01-1.557059863E-01-1.557231305E-01-1.555762071E-01-1.552636753E-01
-1.547841810E-01-1.541365560E-01-1.533198166E-01-1.523331655E-01-1.511759932E-01
-1.498478812E-01-1.483486058E-01-1.466781422E-01-1.448366694E-01-1.428245758E-01
-1.406424632E-01-1.382911508E-01-1.357716777E-01-1.330853041E-01-1.302335134E-01
-1.272180010E-01-1.240406323E-01-1.207035041E-01-1.172089010E-01-1.135592292E-01
-1.097569703E-01-1.058048513E-01-1.017055151E-01-9.746171860E-02-9.307634761E-02
-8.855221697E-02-8.389196029E-02-7.909892616E-02-7.417604550E-02-6.912577156E-02
-6.395156509E-02-5.865733780E-02-5.324654625E-02-4.772255568E-02-4.208986310E-02
-3.635413321E-02-3.052152682E-02-2.459857307E-02-1.859204207E-02-1.250858984E-02
-6.360986783E-03-1.592179412E-04 6.154860518E-03 1.264776672E-02 1.931734460E-02
 2.614835472E-02 3.312933922E-02 4.025033113E-02 4.750510375E-02 5.486891658E-02
 4.128369666E-02 3.828849736E-02 3.529883486E-02 3.231572147E-02 2.933916474E-02
 2.636935649E-02 2.340652143E-02 2.045088337E-02 1.750267551E-02 1.456214578E-02
 1.162955393E-02 8.705143511E-03 5.789238393E-03 2.882777776E-03-1.591315821E-05
-2.921142188E-03-5.845799357E-03-8.787126515E-03-1.174104162E-02-1.470740867E-02
-1.768881547E-02-2.068896175E-02-2.371110933E-02-2.675735570E-02-2.982897180E-02
-3.292688880E-02-3.605177166E-02-3.920399156E-02-4.238363762E-02-4.559050940E-02
-4.882408705E-02-5.208345748E-02-5.536732236E-02-5.867404099E-02-6.200165082E-02
-6.534788683E-02-6.871019829E-02-7.208571304E-02-7.547116463E-02-7.886291186E-02
-8.225697985E-02-8.564911540E-02-8.903481809E-02-9.240930360E-02-9.576744387E-02
-9.910381832E-02-1.024128279E-01-1.056887274E-01-1.089255429E-01-1.121171178E-01
-1.152572551E-01-1.183397314E-01-1.213582278E-01-1.243064671E-01-1.271782045E-01
-1.299672822E-01-1.326676627E-01-1.352734086E-01-1.377787844E-01-1.401782239E-01
-1.424663704E-01-1.446380648E-01-1.466883856E-01-1.486126389E-01-1.504063661E-01
-1.520653447E-01-1.535855878E-01-1.549633450E-01-1.561950965E-01-1.572775444E-01
-1.582076158E-01-1.589824508E-01-1.595993997E-01-1.600560183E-01-1.603500607E-01
-1.604794746E-01-1.604423966E-01-1.602371494E-01-1.598622382E-01-1.593163492E-01
-1.585983471E-01-1.577072757E-01-1.566423600E-01-1.554030081E-01-1.539888133E-01
-1.523995603E-01-1.506352308E-01-1.486960092E-01-1.465822906E-01-1.442946875E-01
-1.418340324E-01-1.392013868E-01-1.363980520E-01-1.334255494E-01-1.302855992E-01
-1.269801951E-01-1.235115343E-01-1.198819772E-01-1.160939820E-01-1.121503198E-01
-1.080537395E-01-1.038070260E-01-9.941315556E-02-9.487515152E-02-9.019574200E-02
-8.537842929E-02-8.042593785E-02-7.534080569E-02-7.012689675E-02-6.478764191E-02
-5.932590702E-02-5.374487794E-02-4.804916924E-02-4.224397350E-02-3.633455107E-02
-3.032641793E-02-2.422587013E-02-1.804004307E-02-1.177648746E-02-5.449503653E-03
 9.350539111E-04 7.445863764E-03 1.412858532E-02 2.097597945E-02 2.797411801E-02
 3.511193520E-02 4.237966814E-02 4.977121549E-02 5.726351970E-02 3.956252910E-02
 3.654879913E-02 3.354031095E-02 3.053802372E-02 2.754194487E-02 2.455225654E-02
 2.156917550E-02 1.859292173E-02 1.562372467E-02 1.266182189E-02 9.707443582E-03
 6.760831397E-03 3.822693241E-03 8.930378586E-04-2.037858752E-03-4.987383007E-03
-7.956167200E-03-1.093943254E-02-1.393606965E-02-1.694828760E-02-1.997987321E-02
-2.303443452E-02-2.611442978E-02-2.922143215E-02-3.235666736E-02-3.552105755E-02
-3.871514246E-02-4.193911954E-02-4.519286433E-02-4.847595164E-02-5.178766859E-02
-5.512699799E-02-5.849256848E-02-6.188257572E-02-6.529482067E-02-6.872674744E-02
-7.217547127E-02-7.563780138E-02-7.911024634E-02-8.258893595E-02-8.606959689E-02
-8.954759487E-02-9.301800806E-02-9.647568022E-02-9.991521010E-02-1.033308765E-01
-1.067166823E-01-1.100664777E-01-1.133740210E-01-1.166328976E-01-1.198365660E-01
-1.229785099E-01-1.260522442E-01-1.290512609E-01-1.319691635E-01-1.347996483E-01
-1.375365748E-01-1.401739562E-01-1.427059823E-01-1.451270833E-01-1.474318989E-01
-1.496153027E-01-1.516724038E-01-1.535985644E-01-1.553893882E-01-1.570407247E-01
-1.585486622E-01-1.599095287E-01-1.611198843E-01-1.621765108E-01-1.630764150E-01
-1.638168128E-01-1.643951275E-01-1.648089842E-01-1.650562010E-01-1.651347857E-01
-1.650429292E-01-1.647790029E-01-1.643415552E-01-1.637293085E-01-1.629411579E-01
-1.619761720E-01-1.608335929E-01-1.595128396E-01-1.580135121E-01-1.563353962E-01
-1.544784719E-01-1.524429190E-01-1.502291273E-01-1.478377053E-01-1.452694903E-01
-1.425255577E-01-1.396072098E-01-1.365159792E-01-1.332536899E-01-1.298223868E-01
-1.262243223E-01-1.224618717E-01-1.185377683E-01-1.144548274E-01-1.102158686E-01
-1.058239106E-01-1.012820387E-01-9.659342373E-02-9.176142685E-02-8.678859391E-02
-8.167816573E-02-7.643393556E-02-7.105889584E-02-6.555550965E-02-5.992742037E-02
-5.417915158E-02-4.831522354E-02-4.234003643E-02-3.625825893E-02-3.007557712E-02
-2.379913696E-02-1.743663397E-02-1.099591501E-02-4.491449002E-03 2.076148653E-03
 8.778315210E-03 1.564369819E-02 2.266158099E-02 2.981917634E-02 3.710594466E-02
 4.451257047E-02 5.203326260E-02 5.964674830E-02 3.790008223E-02 3.486808706E-02
 3.184103114E-02 2.881982776E-02 2.580448677E-02 2.279518072E-02 1.979211588E-02
 1.679550061E-02 1.380555279E-02 1.082249500E-02 7.846533953E-03 4.878108172E-03
 1.918081430E-03-1.038513777E-03-4.010338574E-03-7.003607730E-03-1.001373657E-02
-1.303833706E-02-1.607888544E-02-1.913903165E-02-2.222276232E-02-2.533308437E-02
-2.847193735E-02-3.164071558E-02-3.484048974E-02-3.807203959E-02-4.133587044E-02
-4.463212040E-02-4.796051615E-02-5.132043086E-02-5.471089979E-02-5.813064256E-02
-6.157807429E-02-6.505128150E-02-6.854794837E-02-7.206529203E-02-7.560012755E-02
-7.914890454E-02-8.270774459E-02-8.627246893E-02-8.983856528E-02-9.340110815E-02
-9.695479720E-02-1.004940328E-01-1.040130015E-01-1.075056992E-01-1.109658516E-01
-1.143869415E-01-1.177623399E-01-1.210853939E-01-1.243493490E-01-1.275473932E-01
-1.306728145E-01-1.337189938E-01-1.366793708E-01-1.395475579E-01-1.423173257E-01
-1.449826645E-01-1.475377503E-01-1.499770097E-01-1.522951144E-01-1.544869890E-01
-1.565477972E-01-1.584729697E-01-1.602581852E-01-1.618993721E-01-1.633927018E-01
-1.647345844E-01-1.659216622E-01-1.669507977E-01-1.678190758E-01-1.685237867E-01
-1.690624246E-01-1.694326818E-01-1.696324381E-01-1.696597583E-01-1.695128859E-01
-1.691902393E-01-1.686904068E-01-1.680121456E-01-1.671543788E-01-1.661161962E-01
-1.648968548E-01-1.634957813E-01-1.619125776E-01-1.601470255E-01-1.581990954E-01
-1.560689549E-01-1.537569810E-01-1.512637676E-01-1.485901408E-01-1.457371600E-01
-1.427061255E-01-1.394986326E-01-1.361165156E-01-1.325618570E-01-1.288368861E-01
-1.249442050E-01-1.208866198E-01-1.166669476E-01-1.122882712E-01-1.077535756E-01
-1.030665092E-01-9.823023504E-02-9.324733758E-02-8.812183081E-02-8.285718260E-02
-7.745593277E-02-7.192089162E-02-6.625615028E-02-6.046590380E-02-5.455396094E-02
-4.852394620E-02-4.238006313E-02-3.612776055E-02-2.977352773E-02-2.332466537E-02
-1.678865950E-02-1.017354859E-02-3.493535260E-03 3.256279061E-03 1.014331746E-02
 1.718324909E-02 2.436346937E-02 3.167234316E-02 3.910006883E-02 4.663801096E-02
 5.428075494E-02 6.200866742E-02 3.629775266E-02 3.324791575E-02 3.020267764E-02
 2.716288911E-02 2.412858078E-02 2.109993943E-02 1.807717357E-02 1.506048174E-02
 1.205006872E-02 9.046127603E-03 6.048911729E-03 3.059281692E-03 7.577097097E-05
-2.916054972E-03-5.930378078E-03-8.964516908E-03-1.201459112E-02-1.508100557E-02
-1.816702956E-02-2.127689964E-02-2.441415752E-02-2.758114039E-02-3.077948543E-02
-3.401053085E-02-3.727532903E-02-4.057457575E-02-4.390856178E-02-4.727723796E-02
-5.068028182E-02-5.411699160E-02-5.758621806E-02-6.108643445E-02-6.461575363E-02
-6.817195236E-02-7.175248227E-02-7.535443769E-02-7.897445502E-02-8.260868858E-02
-8.625288895E-02-8.990245062E-02-9.355245750E-02-9.719770741E-02-1.008326264E-01
-1.044512626E-01-1.080473616E-01-1.116144853E-01-1.151460708E-01-1.186353680E-01
-1.220754334E-01-1.254592648E-01-1.287799163E-01-1.320304236E-01-1.352038421E-01
-1.382934041E-01-1.412924939E-01-1.441946348E-01-1.469935705E-01-1.496832654E-01
-1.522579361E-01-1.547120194E-01-1.570402450E-01-1.592375953E-01-1.612993138E-01
-1.632209021E-01-1.649981232E-01-1.666269889E-01-1.681037548E-01-1.694249131E-01
-1.705871867E-01-1.715875168E-01-1.724230622E-01-1.730911839E-01-1.735894433E-01
-1.739155958E-01-1.740675802E-01-1.740435154E-01-1.738416954E-01-1.734605834E-01
-1.728988068E-01-1.721551563E-01-1.712285821E-01-1.701181943E-01-1.688232635E-01
-1.673432232E-01-1.656776729E-01-1.638263872E-01-1.617893227E-01-1.595666288E-01
-1.571586600E-01-1.545659875E-01-1.517894075E-01-1.488299620E-01-1.456889768E-01
-1.423680261E-01-1.388689629E-01-1.351938166E-01-1.313449763E-01-1.273251275E-01
-1.231370012E-01-1.187837560E-01-1.142682767E-01-1.095944061E-01-1.047650340E-01
-9.978344922E-02-9.465377391E-02-8.937915725E-02-8.396200622E-02-7.840605183E-02
-7.271546768E-02-6.689395463E-02-6.094466160E-02-5.487083136E-02-4.867669224E-02
-4.236737783E-02-3.594861093E-02-2.942672408E-02-2.280875714E-02-1.610206789E-02
-9.315355619E-03-2.462592350E-03 4.466555116E-03 1.153078991E-02 1.873647845E-02
 2.607065736E-02 3.352290338E-02 4.108412324E-02 4.874624319E-02 5.650410455E-02
 6.433961485E-02 3.475705235E-02 3.168970085E-02 2.862665942E-02 2.556872403E-02
 2.251590519E-02 1.946835336E-02 1.642625436E-02 1.338981286E-02 1.035923737E-02
 7.334723615E-03 4.316817266E-03 1.305904002E-03-1.705986406E-03-4.738145116E-03
-7.793006363E-03-1.086588560E-02-1.395566595E-02-1.706489006E-02-2.019784028E-02
-2.335860476E-02-2.655004936E-02-2.977410581E-02-3.303232800E-02-3.632598354E-02
-3.965599153E-02-4.302291276E-02-4.642697502E-02-4.986805682E-02-5.334560830E-02
-5.685868818E-02-6.040606645E-02-6.398611704E-02-6.759671966E-02-7.123534780E-02
-7.489909316E-02-7.858469169E-02-8.228853664E-02-8.600663433E-02-8.973448610E-02
-9.346712345E-02-9.719919530E-02-1.009250325E-01-1.046387072E-01-1.083340153E-01
-1.120043980E-01-1.156430159E-01-1.192428784E-01-1.227969460E-01-1.262981023E-01
-1.297391054E-01-1.331127188E-01-1.364118453E-01-1.396294577E-01-1.427586245E-01
-1.457926600E-01-1.487250828E-01-1.515496204E-01-1.542602521E-01-1.568512273E-01
-1.593170560E-01-1.616525106E-01-1.638526533E-01-1.659128131E-01-1.678285691E-01
-1.695957698E-01-1.712105103E-01-1.726691285E-01-1.739681944E-01-1.751045067E-01
-1.760750800E-01-1.768771413E-01-1.775081172E-01-1.779656313E-01-1.782474974E-01
-1.783517101E-01-1.782764401E-01-1.780200298E-01-1.775809851E-01-1.769579736E-01
-1.761498189E-01-1.751554993E-01-1.739741460E-01-1.726050432E-01-1.710476303E-01
-1.693015059E-01-1.673664349E-01-1.652423572E-01-1.629293990E-01-1.604278859E-01
-1.577383540E-01-1.548615753E-01-1.517985846E-01-1.485506635E-01-1.451193894E-01
-1.415065434E-01-1.377142369E-01-1.337449504E-01-1.296012183E-01-1.252860963E-01
-1.208026510E-01-1.161544576E-01-1.113442124E-01-1.063761046E-01-1.012539259E-01
-9.598039882E-02-9.055877262E-02-8.499333280E-02-7.928803980E-02-7.344608578E-02
-6.747028246E-02-6.136410554E-02-5.513182386E-02-4.877809166E-02-4.230789168E-02
-3.572663213E-02-2.904048464E-02-2.225657512E-02-1.538250602E-02-8.428012346E-03
-1.406776590E-03 5.696944361E-03 1.293019035E-02 2.029314590E-02 2.777337638E-02
 3.536137796E-02 4.304861682E-02 5.082750673E-02 5.869320399E-02 6.662924774E-02
 3.327973034E-02 3.019526831E-02 2.711478982E-02 2.403904620E-02 2.096806367E-02
 1.790199501E-02 1.484102019E-02 1.178531672E-02 8.735033379E-03 5.690421547E-03
 2.652431781E-03-3.815364001E-04-3.428938818E-03-6.500866649E-03-9.593645951E-03
-1.270430059E-02-1.583420027E-02-1.898732859E-02-2.216821105E-02-2.538036078E-02
-2.862612434E-02-3.190730161E-02-3.522539862E-02-3.858157551E-02-4.197663222E-02
-4.541101826E-02-4.888482105E-02-5.239774518E-02-5.594912736E-02-5.953794700E-02
-6.316273304E-02-6.682155575E-02-7.051216874E-02-7.423191744E-02-7.797760311E-02
-8.174559330E-02-8.553186228E-02-8.933201807E-02-9.314132157E-02-9.695462719E-02
-1.007662692E-01-1.045701654E-01-1.083599143E-01-1.121288759E-01-1.158702370E-01
-1.195769239E-01-1.232416229E-01-1.268569054E-01-1.304153752E-01-1.339096848E-01
-1.373324484E-01-1.406763516E-01-1.439342945E-01-1.470993309E-01-1.501646792E-01
-1.531238585E-01-1.559706298E-01-1.586990153E-01-1.613033074E-01-1.637780950E-01
-1.661182232E-01-1.683188308E-01-1.703753266E-01-1.722833812E-01-1.740389190E-01
-1.756381149E-01-1.770773828E-01-1.783533647E-01-1.794629274E-01-1.804031518E-01
-1.811713259E-01-1.817649350E-01-1.821816596E-01-1.824193674E-01-1.824761049E-01
-1.823500933E-01-1.820397202E-01-1.815435357E-01-1.808602470E-01-1.799887133E-01
-1.789279425E-01-1.776770888E-01-1.762354526E-01-1.746024811E-01-1.727777727E-01
-1.707610829E-01-1.685523349E-01-1.661516280E-01-1.635592528E-01-1.607757172E-01
-1.578017684E-01-1.546383836E-01-1.512868323E-01-1.477486149E-01-1.440255176E-01
-1.401197287E-01-1.360336227E-01-1.317698191E-01-1.273316491E-01-1.227221186E-01
-1.179443052E-01-1.130025127E-01-1.079000995E-01-1.026398725E-01-9.722611880E-02
-9.166318116E-02-8.595465163E-02-8.010338368E-02-7.411253938E-02-6.798598171E-02
-6.172779621E-02-5.534216780E-02-4.883341771E-02-4.220627611E-02-3.546617688E-02
-2.861954753E-02-2.167390250E-02-1.463709305E-02-7.519650878E-03-3.347425726E-04
 6.938036134E-03 1.433225114E-02 2.184412011E-02 2.946226437E-02 3.717795387E-02
 4.498333852E-02 5.287145039E-02 6.083777229E-02 6.886739613E-02 3.186693650E-02
 2.876598741E-02 2.566867165E-02 2.257566940E-02 1.948701116E-02 1.640285809E-02
 1.332339971E-02 1.024880565E-02 7.179239939E-03 4.115279050E-03 1.056998646E-03
-2.005010677E-03-5.090222753E-03-8.199553567E-03-1.132851695E-02-1.447673284E-02
-1.764741141E-02-2.084525822E-02-2.407447978E-02-2.733798449E-02-3.063786504E-02
-3.397587523E-02-3.735344542E-02-4.077164509E-02-4.423117962E-02-4.773237597E-02
-5.127517463E-02-5.485913895E-02-5.848344949E-02-6.214687117E-02-6.584774864E-02
-6.958404521E-02-7.335326428E-02-7.715238013E-02-8.097801042E-02-8.482636668E-02
-8.869307230E-02-9.257330297E-02-9.646185177E-02-1.003531618E-01-1.042413527E-01
-1.081201427E-01-1.119827754E-01-1.158221833E-01-1.196310954E-01-1.234021355E-01
-1.271278327E-01-1.308005429E-01-1.344125579E-01-1.379562751E-01-1.414242618E-01
-1.448091480E-01-1.481036969E-01-1.513009451E-01-1.543941538E-01-1.573768026E-01
-1.602427085E-01-1.629859520E-01-1.656009027E-01-1.680822106E-01-1.704248225E-01
-1.726239395E-01-1.746750565E-01-1.765739271E-01-1.783165467E-01-1.798991632E-01
-1.813182566E-01-1.825705325E-01-1.836529160E-01-1.845625449E-01-1.852967611E-01
-1.858531022E-01-1.862292991E-01-1.864232686E-01-1.864331072E-01-1.862570826E-01
-1.858936286E-01-1.853413401E-01-1.845989656E-01-1.836654024E-01-1.825396906E-01
-1.812210112E-01-1.797086843E-01-1.780021691E-01-1.761010666E-01-1.740051255E-01
-1.717142496E-01-1.692285127E-01-1.665481788E-01-1.636737245E-01-1.606058330E-01
-1.573454574E-01-1.538937986E-01-1.502523021E-01-1.464227627E-01-1.424074499E-01
-1.382084384E-01-1.338290945E-01-1.292717193E-01-1.245401298E-01-1.196380860E-01
-1.145683723E-01-1.093348244E-01-1.039420304E-01-9.839408476E-02-9.269419004E-02
-8.684551850E-02-8.085188367E-02-7.471723860E-02-6.844547842E-02-6.204040115E-02
-5.550590767E-02-4.884628540E-02-4.206645088E-02-3.517220227E-02-2.817023575E-02
-2.106806039E-02-1.387343317E-02-6.597535132E-03 7.466236657E-04 8.181393049E-03
 1.572771282E-02 2.337961699E-02 3.112715732E-02 3.896235753E-02 4.687801692E-02
 5.486786017E-02 6.292790115E-02 7.104478661E-02 3.051997664E-02 2.740302573E-02
 2.428942701E-02 2.117978982E-02 1.807412324E-02 1.497256028E-02 1.187525775E-02
 8.782347509E-03 5.694075243E-03 2.611393301E-03-4.685985141E-04-3.564160600E-03
-6.685942978E-03-9.830205365E-03-1.299433105E-02-1.618018444E-02-1.939219161E-02
-2.263511219E-02-2.591255321E-02-2.922700655E-02-3.258049001E-02-3.597471337E-02
-3.941102379E-02-4.289039949E-02-4.641344052E-02-4.998035951E-02-5.359098252E-02
-5.724473470E-02-6.094061543E-02-6.467719877E-02-6.845264434E-02-7.226466704E-02
-7.611050549E-02-7.998697676E-02-8.389044489E-02-8.781669143E-02-9.176109288E-02
-9.571864836E-02-9.968375343E-02-1.036503691E-01-1.076121281E-01-1.115623713E-01
-1.154941850E-01-1.194002974E-01-1.232730890E-01-1.271047847E-01-1.308875641E-01
-1.346136650E-01-1.382752884E-01-1.418646301E-01-1.453740413E-01-1.487961441E-01
-1.521237342E-01-1.553497872E-01-1.584675900E-01-1.614707070E-01-1.643529549E-01
-1.671085045E-01-1.697317963E-01-1.722175669E-01-1.745608359E-01-1.767568970E-01
-1.788013079E-01-1.806898924E-01-1.824187192E-01-1.839840926E-01-1.853825489E-01
-1.866108478E-01-1.876659626E-01-1.885450776E-01-1.892455798E-01-1.897650526E-01
-1.901012711E-01-1.902521975E-01-1.902159744E-01-1.899909152E-01-1.895755011E-01
-1.889683727E-01-1.881683226E-01-1.871742892E-01-1.859853502E-01-1.846007187E-01
-1.830197385E-01-1.812418845E-01-1.792667654E-01-1.770941269E-01-1.747238542E-01
-1.721560041E-01-1.693908150E-01-1.664287026E-01-1.632703172E-01-1.599165569E-01
-1.563685593E-01-1.526276387E-01-1.486958352E-01-1.445750136E-01-1.402679143E-01
-1.357767335E-01-1.311053095E-01-1.262566164E-01-1.212336295E-01-1.160408265E-01
-1.106825964E-01-1.051625416E-01-9.948397695E-02-9.365083054E-02-8.766719680E-02
-8.153706670E-02-7.526420258E-02-6.885223638E-02-6.230490783E-02-5.562627322E-02
-4.882091977E-02-4.189393725E-02-3.485108223E-02-2.769903261E-02-2.044532132E-02
-1.309786411E-02-5.668467336E-03 1.829792299E-03 9.417624958E-03 1.710655284E-02
 2.488949385E-02 3.275783671E-02 4.070454238E-02 4.872317968E-02 5.680809297E-02
 6.495567709E-02 7.315399113E-02 2.924099532E-02 2.610844532E-02 2.297894449E-02
 1.985307152E-02 1.673085864E-02 1.361242999E-02 1.049790316E-02 7.387385838E-03
 4.281368165E-03 1.180008753E-03-1.925578481E-03-5.055708943E-03-8.211747596E-03
-1.138929847E-02-1.458814968E-02-1.781180647E-02-2.106526965E-02-2.435296341E-02
-2.767799156E-02-3.104267005E-02-3.444896011E-02-3.789847064E-02-4.139245570E-02
-4.493181378E-02-4.851704891E-02-5.214826118E-02-5.582515023E-02-5.954699435E-02
-6.331263911E-02-6.712049440E-02-7.096850831E-02-7.485414715E-02-7.877441733E-02
-8.272586234E-02-8.670450794E-02-9.070590807E-02-9.472519127E-02-9.875689487E-02
-1.027951115E-01-1.068336271E-01-1.108656597E-01-1.148840531E-01-1.188814343E-01
-1.228502514E-01-1.267828116E-01-1.306711541E-01-1.345071650E-01-1.382827604E-01
-1.419899945E-01-1.456210839E-01-1.491683055E-01-1.526241247E-01-1.559813405E-01
-1.592330322E-01-1.623724903E-01-1.653933303E-01-1.682894761E-01-1.710551193E-01
-1.736848054E-01-1.761733436E-01-1.785158293E-01-1.807076354E-01-1.827443801E-01
-1.846219476E-01-1.863364636E-01-1.878842787E-01-1.892619756E-01-1.904663543E-01
-1.914944264E-01-1.923434125E-01-1.930107358E-01-1.934940187E-01-1.937910755E-01
-1.938999100E-01-1.938187079E-01-1.935458292E-01-1.930798025E-01-1.924193164E-01
-1.915632110E-01-1.905104708E-01-1.892602159E-01-1.878116963E-01-1.861642869E-01
-1.843174848E-01-1.822709098E-01-1.800243070E-01-1.775775537E-01-1.749306941E-01
-1.720839203E-01-1.690376141E-01-1.657923730E-01-1.623490767E-01-1.587086423E-01
-1.548725544E-01-1.508428258E-01-1.466210401E-01-1.422099649E-01-1.376126041E-01
-1.328311933E-01-1.278695341E-01-1.227319049E-01-1.174220972E-01-1.119434856E-01
-1.063000367E-01-1.004960163E-01-9.453567218E-02-8.842303044E-02-8.216188142E-02
-7.575592567E-02-6.920893174E-02-6.252488053E-02-5.570793878E-02-4.876263825E-02
-4.169404607E-02-3.450800704E-02-2.721139039E-02-1.981188583E-02-1.231750366E-02
-4.740566219E-03 2.905363631E-03 1.063676035E-02 1.845879356E-02 2.636420948E-02
 3.434551587E-02 4.239642023E-02 5.051116863E-02 5.868472769E-02 6.691390111E-02
 7.518810092E-02 2.803127310E-02 2.488388221E-02 2.173919326E-02 1.859772814E-02
 1.545952751E-02 1.232471730E-02 9.193408467E-03 6.065786859E-03 2.942740620E-03
-1.779544874E-04-3.313291804E-03-6.476421238E-03-9.664186378E-03-1.287371232E-02
-1.610684869E-02-1.936822204E-02-2.266288572E-02-2.599471497E-02-2.936642560E-02
-3.278024679E-02-3.623810126E-02-3.974155734E-02-4.329181435E-02-4.688966380E-02
-5.053546701E-02-5.422919617E-02-5.797043859E-02-6.175833928E-02-6.559158243E-02
-6.946839374E-02-7.338651927E-02-7.734322040E-02-8.133526692E-02-8.535890495E-02
-8.940986695E-02-9.348341292E-02-9.757428824E-02-1.016767322E-01-1.057846043E-01
-1.098912455E-01-1.139895423E-01-1.180721976E-01-1.221314527E-01-1.261592896E-01
-1.301476372E-01-1.340884081E-01-1.379735073E-01-1.417947061E-01-1.455438410E-01
-1.492129478E-01-1.527943627E-01-1.562806028E-01-1.596643893E-01-1.629387950E-01
-1.660972544E-01-1.691334343E-01-1.720413204E-01-1.748152162E-01-1.774496930E-01
-1.799396602E-01-1.822802804E-01-1.844669798E-01-1.864954487E-01-1.883616063E-01
-1.900616205E-01-1.915918843E-01-1.929490090E-01-1.941298227E-01-1.951313651E-01
-1.959508848E-01-1.965858325E-01-1.970338623E-01-1.972928228E-01-1.973607561E-01
-1.972358894E-01-1.969166297E-01-1.964015543E-01-1.956894029E-01-1.947790678E-01
-1.936695840E-01-1.923601200E-01-1.908499685E-01-1.891385409E-01-1.872253645E-01
-1.851100772E-01-1.827924241E-01-1.802722895E-01-1.775496948E-01-1.746248043E-01
-1.714979369E-01-1.681696871E-01-1.646408347E-01-1.609120980E-01-1.569855402E-01
-1.528619944E-01-1.485443015E-01-1.440343244E-01-1.393345852E-01-1.344488580E-01
-1.293807652E-01-1.241334957E-01-1.187107906E-01-1.131168689E-01-1.073561204E-01
-1.014328621E-01-9.535122454E-02-8.911516021E-02-8.272856727E-02-7.619533386E-02
-6.951931793E-02-6.270448951E-02-5.575506367E-02-4.867572068E-02-4.147164165E-02
-3.414868934E-02-2.671382022E-02-1.917493134E-02-1.154020979E-02-3.822425112E-03
 3.964020205E-03 1.182998203E-02 1.977627885E-02 2.779596203E-02 3.588256576E-02
 4.403054417E-02 5.223480455E-02 6.049087396E-02 6.879588045E-02 7.714044044E-02
 2.689175898E-02 2.373020507E-02 2.057107937E-02 1.741484090E-02 1.426150570E-02
 1.111115988E-02 7.963889521E-03 4.820038374E-03 1.680193779E-03-1.462193449E-03
-4.628458305E-03-7.822619850E-03-1.104034542E-02-1.428096055E-02-1.754790677E-02
-2.084643797E-02-2.418135381E-02-2.755606176E-02-3.097311064E-02-3.443469992E-02
-3.794267836E-02-4.149850735E-02-4.510327126E-02-4.875766301E-02-5.246197334E-02
-5.621609788E-02-6.001948836E-02-6.387109894E-02-6.776942598E-02-7.171253315E-02
-7.569798547E-02-7.972282038E-02-8.378355586E-02-8.787618008E-02-9.199616360E-02
-9.613844875E-02-1.002974362E-01-1.044670545E-01-1.086407810E-01-1.128116145E-01
-1.169722405E-01-1.211149912E-01-1.252317953E-01-1.293145579E-01-1.333549006E-01
-1.373443393E-01-1.412745321E-01-1.451372959E-01-1.489245503E-01-1.526282389E-01
-1.562405560E-01-1.597540262E-01-1.631615175E-01-1.664561097E-01-1.696312149E-01
-1.726806482E-01-1.755984770E-01-1.783790660E-01-1.810170882E-01-1.835074719E-01
-1.858454594E-01-1.880265338E-01-1.900464185E-01-1.919010766E-01-1.935866988E-01
-1.950997029E-01-1.964367183E-01-1.975945912E-01-1.985703784E-01-1.993613456E-01
-1.999649652E-01-2.003789158E-01-2.006010759E-01-2.006295235E-01-2.004625266E-01
-2.000985389E-01-1.995361891E-01-1.987742714E-01-1.978117344E-01-1.966476692E-01
-1.952812983E-01-1.937119646E-01-1.919391229E-01-1.899623358E-01-1.877812620E-01
-1.853956605E-01-1.828054286E-01-1.800105696E-01-1.770111867E-01-1.738075390E-01
-1.704003247E-01-1.667900092E-01-1.629777055E-01-1.589647275E-01-1.547529049E-01
-1.503434893E-01-1.457394272E-01-1.409437943E-01-1.359593133E-01-1.307891832E-01
-1.254372148E-01-1.199076086E-01-1.142047318E-01-1.083329391E-01-1.022964246E-01
-9.609936050E-02-8.974584658E-02-8.323988087E-02-7.658543770E-02-6.978657117E-02
-6.284741835E-02-5.577219278E-02-4.856549536E-02-4.123260394E-02-3.377950361E-02
-2.621319657E-02-1.854160315E-02-1.077309260E-02-2.921226528E-03 4.998024052E-03
 1.298949610E-02 2.105134947E-02 2.917729595E-02 3.736175487E-02 4.559981930E-02
 5.388689710E-02 6.221891956E-02 7.059324915E-02 7.900173404E-02 2.582424970E-02
 2.264919490E-02 1.947627319E-02 1.630589206E-02 1.313807417E-02 9.972893424E-03
 6.810467880E-03 3.651453236E-03 4.949378352E-04-2.672067248E-03-5.867663574E-03
-9.090400138E-03-1.233663648E-02-1.560764012E-02-1.890796640E-02-2.224300272E-02
-2.561707468E-02-2.903322568E-02-3.249394889E-02-3.600144468E-02-3.955753808E-02
-4.316364097E-02-4.682076523E-02-5.052951031E-02-5.429004246E-02-5.810209708E-02
-6.196497091E-02-6.587749878E-02-6.983805650E-02-7.384453038E-02-7.789423910E-02
-8.198395899E-02-8.610998776E-02-9.026808597E-02-9.445343954E-02-9.866068412E-02
-1.028839296E-01-1.071167969E-01-1.113524156E-01-1.155834726E-01-1.198023179E-01
-1.240009508E-01-1.281711505E-01-1.323045732E-01-1.363925978E-01-1.404267453E-01
-1.443984726E-01-1.482992849E-01-1.521210098E-01-1.558557815E-01-1.594958908E-01
-1.630338094E-01-1.664623595E-01-1.697747686E-01-1.729645390E-01-1.760254601E-01
-1.789517175E-01-1.817377706E-01-1.843783441E-01-1.868684479E-01-1.892033317E-01
-1.913785297E-01-1.933898034E-01-1.952331370E-01-1.969047318E-01-1.984010156E-01
-1.997186287E-01-2.008544221E-01-2.018054589E-01-2.025690135E-01-2.031425736E-01
-2.035238361E-01-2.037107062E-01-2.037012954E-01-2.034939126E-01-2.030870586E-01
-2.024794158E-01-2.016698360E-01-2.006573288E-01-1.994410473E-01-1.980202735E-01
-1.963944064E-01-1.945629524E-01-1.925255134E-01-1.902817698E-01-1.878315286E-01
-1.851746837E-01-1.823111949E-01-1.792410666E-01-1.759646984E-01-1.724828451E-01
-1.687954069E-01-1.649042085E-01-1.608097363E-01-1.565137402E-01-1.520185957E-01
-1.473263830E-01-1.424395282E-01-1.373611008E-01-1.320947173E-01-1.266444057E-01
-1.210143950E-01-1.152088405E-01-1.092320187E-01-1.030882363E-01-9.678181066E-02
-9.031707342E-02-8.369834697E-02-7.692970356E-02-7.001506929E-02-6.295856283E-02
-5.576444542E-02-4.843731697E-02-4.098246080E-02-3.340601141E-02-2.571516929E-02
-1.791791236E-02-1.002269398E-02-2.044060603E-03 5.999745085E-03 1.410774478E-02
 2.227656059E-02 3.050058861E-02 3.877489778E-02 4.709519519E-02 5.545756926E-02
 6.385858308E-02 7.229598096E-02 8.076273716E-02 2.482996543E-02 2.164224536E-02
 1.845636125E-02 1.527266433E-02 1.209117507E-02 8.911947762E-03 5.735169567E-03
 2.561741774E-03-6.118158384E-04-3.805150779E-03-7.028218241E-03-1.027734117E-02
-1.355064632E-02-1.685096791E-02-2.018359668E-02-2.355379906E-02-2.696546546E-02
-3.042143693E-02-3.392415200E-02-3.747572699E-02-4.107789291E-02-4.473197704E-02
-4.843892168E-02-5.219927914E-02-5.601316656E-02-5.988022761E-02-6.379963283E-02
-6.777006339E-02-7.178968728E-02-7.585616089E-02-7.996661824E-02-8.411766586E-02
-8.830537752E-02-9.252521684E-02-9.677204157E-02-1.010402209E-01-1.053236162E-01
-1.096155394E-01-1.139088114E-01-1.181958392E-01-1.224686785E-01-1.267190618E-01
-1.309385121E-01-1.351184133E-01-1.392500677E-01-1.433248841E-01-1.473341808E-01
-1.512695367E-01-1.551226861E-01-1.588855257E-01-1.625504026E-01-1.661100517E-01
-1.695573630E-01-1.728855303E-01-1.760881215E-01-1.791590712E-01-1.820925551E-01
-1.848830944E-01-1.875255093E-01-1.900148472E-01-1.923464135E-01-1.945157352E-01
-1.965185967E-01-1.983509986E-01-2.000091509E-01-2.014894713E-01-2.027885978E-01
-2.039033767E-01-2.048308693E-01-2.055683527E-01-2.061133216E-01-2.064634875E-01
-2.066167786E-01-2.065713380E-01-2.063255156E-01-2.058778604E-01-2.052271105E-01
-2.043721799E-01-2.033121427E-01-2.020462182E-01-2.005737535E-01-1.988942099E-01
-1.970071496E-01-1.949122164E-01-1.926091494E-01-1.900977594E-01-1.873779502E-01
-1.844496820E-01-1.813128176E-01-1.779681274E-01-1.744156580E-01-1.706562345E-01
-1.666902760E-01-1.625195148E-01-1.581453455E-01-1.535693494E-01-1.487936924E-01
-1.438211205E-01-1.386549745E-01-1.332989403E-01-1.277567160E-01-1.220323056E-01
-1.161299463E-01-1.100541258E-01-1.038095737E-01-9.740089170E-02-9.083233852E-02
-8.410812742E-02-7.723232154E-02-7.020887355E-02-6.304190540E-02-5.573579832E-02
-4.829532192E-02-4.072584065E-02-3.303355283E-02-2.522570758E-02-1.731021627E-02
-9.295630821E-03-1.197953329E-03 6.961339724E-03 1.517610059E-02 2.344245250E-02
 3.175581416E-02 4.011201869E-02 4.850736227E-02 5.693848431E-02 6.540246150E-02
 7.389738565E-02 8.241727041E-02 2.390986260E-02 2.071036459E-02 1.751241310E-02
 1.431630934E-02 1.112207167E-02 7.929754771E-03 4.739695843E-03 1.552320710E-03
-1.639734477E-03-4.858348756E-03-8.106617256E-03-1.138037070E-02-1.467956201E-02
-1.800822041E-02-2.137197084E-02-2.477574625E-02-2.822306763E-02-3.171669616E-02
-3.525907051E-02-3.885228476E-02-4.249803762E-02-4.619760551E-02-4.995182782E-02
-5.376111925E-02-5.762546082E-02-6.154436837E-02-6.551689258E-02-6.954162154E-02
-7.361662567E-02-7.773940753E-02-8.190690134E-02-8.611546419E-02-9.036086876E-02
-9.463831929E-02-9.894246647E-02-1.032674334E-01-1.076067654E-01-1.119534208E-01
-1.162999500E-01-1.206385479E-01-1.249610137E-01-1.292588391E-01-1.335233336E-01
-1.377457015E-01-1.419171002E-01-1.460287494E-01-1.500719655E-01-1.540383305E-01
-1.579195512E-01-1.617076320E-01-1.653949078E-01-1.689739253E-01-1.724377449E-01
-1.757798126E-01-1.789937081E-01-1.820733667E-01-1.850130871E-01-1.878074145E-01
-1.904511700E-01-1.929394863E-01-1.952676861E-01-1.974313286E-01-1.994261775E-01
-2.012482316E-01-2.028936985E-01-2.043589873E-01-2.056407168E-01-2.067357221E-01
-2.076410542E-01-2.083539849E-01-2.088720108E-01-2.091928549E-01-2.093144660E-01
-2.092350169E-01-2.089528978E-01-2.084667078E-01-2.077752429E-01-2.068774807E-01
-2.057725645E-01-2.044597841E-01-2.029385566E-01-2.012084096E-01-1.992689672E-01
-1.971199271E-01-1.947610489E-01-1.921921644E-01-1.894132594E-01-1.864242896E-01
-1.832250318E-01-1.798164406E-01-1.761980510E-01-1.723709673E-01-1.683360171E-01
-1.640940335E-01-1.596463248E-01-1.549946814E-01-1.501415850E-01-1.450898693E-01
-1.398424253E-01-1.344025775E-01-1.287741064E-01-1.229613664E-01-1.169690648E-01
-1.108017500E-01-1.044639630E-01-9.796019219E-02-9.129473507E-02-8.447186099E-02
-7.749578708E-02-7.037068903E-02-6.310080018E-02-5.569050675E-02-4.814448983E-02
-4.046808206E-02-3.266764428E-02-2.475067006E-02-1.672514562E-02-8.599663729E-03
-3.917597026E-04 7.873354438E-03 1.618549961E-02 2.454080567E-02 3.293560617E-02
 4.136641203E-02 4.983005565E-02 5.832365656E-02 6.684472854E-02 7.539166831E-02
 8.395948121E-02 2.306503123E-02 1.985453288E-02 1.664536298E-02 1.343777624E-02
 1.023176869E-02 7.027397614E-03 3.825224474E-03 6.244599226E-04-2.587314523E-03
-5.829238725E-03-9.100310428E-03-1.239693042E-02-1.572058502E-02-1.907617836E-02
-2.246941212E-02-2.590484775E-02-2.938576050E-02-3.291487520E-02-3.649459454E-02
-4.012694176E-02-4.381353852E-02-4.755559331E-02-5.135388821E-02-5.520877939E-02
-5.912019146E-02-6.308757204E-02-6.710984266E-02-7.118539010E-02-7.531207145E-02
-7.948719373E-02-8.370750752E-02-8.796922374E-02-9.226796832E-02-9.659873569E-02
-1.009558994E-01-1.053332372E-01-1.097239806E-01-1.141208775E-01-1.185162670E-01
-1.229020787E-01-1.272698060E-01-1.316107239E-01-1.359160287E-01-1.401767940E-01
-1.443840436E-01-1.485289022E-01-1.526026511E-01-1.565967783E-01-1.605030348E-01
-1.643135054E-01-1.680205776E-01-1.716169068E-01-1.750955768E-01-1.784498786E-01
-1.816736237E-01-1.847609290E-01-1.877060484E-01-1.905035767E-01-1.931484025E-01
-1.956356037E-01-1.979605686E-01-2.001188521E-01-2.021062304E-01-2.039186682E-01
-2.055523548E-01-2.070036848E-01-2.082692511E-01-2.093458695E-01-2.102305739E-01
-2.109206260E-01-2.114135200E-01-2.117069866E-01-2.117989928E-01-2.116877405E-01
-2.113716602E-01-2.108494013E-01-2.101198192E-01-2.091819580E-01-2.080350319E-01
-2.066784038E-01-2.051115651E-01-2.033341194E-01-2.013457512E-01-1.991461929E-01
-1.967352213E-01-1.941127400E-01-1.912789402E-01-1.882334220E-01-1.849764709E-01
-1.815081721E-01-1.778291112E-01-1.739395840E-01-1.698402114E-01-1.655319346E-01
-1.610164284E-01-1.562955761E-01-1.513713004E-01-1.462459935E-01-1.409227121E-01
-1.354052944E-01-1.296977898E-01-1.238043481E-01-1.177293832E-01-1.114773865E-01
-1.050529999E-01-9.846090410E-02-9.170571154E-02-8.479185944E-02-7.772349847E-02
-7.050467122E-02-6.313966188E-02-5.563303394E-02-4.798960199E-02-4.021473123E-02
-3.231474060E-02-2.429711752E-02-1.616985047E-02-7.941677334E-03 3.679288220E-04
 8.729408262E-03 1.712982323E-02 2.556566234E-02 3.403404852E-02 4.253210713E-02
 5.105723758E-02 5.960707959E-02 6.817958303E-02 7.677340513E-02 8.538440962E-02
 2.229755215E-02 1.907686130E-02 1.585727020E-02 1.263898763E-02 9.421994856E-03
 6.206389855E-03 2.993005685E-03-2.206571598E-04-3.452498965E-03-6.715746083E-03
-1.000736775E-02-1.332505297E-02-1.667154589E-02-2.005234083E-02-2.347304267E-02
-2.693786648E-02-3.044993296E-02-3.401193973E-02-3.762624642E-02-4.129482628E-02
-4.501925329E-02-4.880068805E-02-5.263985365E-02-5.653702070E-02-6.049199351E-02
-6.450409017E-02-6.857211292E-02-7.269433149E-02-7.686848611E-02-8.109177767E-02
-8.536080988E-02-8.967154100E-02-9.401929995E-02-9.839880744E-02-1.028042022E-01
-1.072291006E-01-1.116665880E-01-1.161091954E-01-1.205489462E-01-1.249774397E-01
-1.293859920E-01-1.337657642E-01-1.381078124E-01-1.424030245E-01-1.466422969E-01
-1.508167547E-01-1.549176798E-01-1.589365299E-01-1.628650778E-01-1.666954053E-01
-1.704199422E-01-1.740314725E-01-1.775231563E-01-1.808883797E-01-1.841209656E-01
-1.872149098E-01-1.901647018E-01-1.929650109E-01-1.956106725E-01-1.980968328E-01
-2.004188116E-01-2.025721894E-01-2.045527253E-01-2.063563818E-01-2.079793032E-01
-2.094178549E-01-2.106686078E-01-2.117283467E-01-2.125940841E-01-2.132630681E-01
-2.137327871E-01-2.140009763E-01-2.140656196E-01-2.139249467E-01-2.135774279E-01
-2.130217634E-01-2.122568683E-01-2.112818543E-01-2.100960083E-01-2.086987696E-01
-2.070897076E-01-2.052684916E-01-2.032348667E-01-2.009886796E-01-1.985296619E-01
-1.958577573E-01-1.929733594E-01-1.898757811E-01-1.865656358E-01-1.830429120E-01
-1.793077425E-01-1.753604616E-01-1.712021661E-01-1.668338650E-01-1.622565390E-01
-1.574716652E-01-1.524816012E-01-1.472892320E-01-1.418975136E-01-1.363098302E-01
-1.305299667E-01-1.245621611E-01-1.184110480E-01-1.120814777E-01-1.055782080E-01
-9.890576889E-02-9.206873818E-02-8.507169975E-02-7.791895218E-02-7.061461482E-02
-6.316293455E-02-5.556839679E-02-4.783584447E-02-3.997072380E-02-3.197941324E-02
-2.386947782E-02-1.564892643E-02-7.326714361E-03 1.075455125E-03 9.523517402E-03
 1.800301456E-02 2.651105307E-02 3.504541999E-02 4.360374880E-02 5.218391705E-02
 6.078401709E-02 6.940239976E-02 7.803799195E-02 8.668746523E-02 2.160837103E-02
 1.837847182E-02 1.514944542E-02 1.192145659E-02 8.694483427E-03 5.468700228E-03
 2.244922565E-03-9.816188222E-04-4.232434908E-03-7.514900857E-03-1.082516290E-02
-1.416232029E-02-1.753009391E-02-2.093430222E-02-2.438032618E-02-2.787208595E-02
-3.141262616E-02-3.500464078E-02-3.865047175E-02-4.235206839E-02-4.611097391E-02
-4.992830369E-02-5.380471204E-02-5.774038086E-02-6.173501133E-02-6.578782067E-02
-6.989752017E-02-7.406228210E-02-7.827970564E-02-8.254679770E-02-8.685995506E-02
-9.121494727E-02-9.560692523E-02-1.000304526E-01-1.044795185E-01-1.089475010E-01
-1.134271595E-01-1.179107220E-01-1.223899872E-01-1.268564639E-01-1.313014234E-01
-1.357158629E-01-1.400905830E-01-1.444163167E-01-1.486839510E-01-1.528846059E-01
-1.570095304E-01-1.610501363E-01-1.649982588E-01-1.688460627E-01-1.725860039E-01
-1.762109159E-01-1.797139761E-01-1.830887105E-01-1.863289981E-01-1.894289129E-01
-1.923829112E-01-1.951855826E-01-1.978319662E-01-2.003171668E-01-2.026364907E-01
-2.047855038E-01-2.067599187E-01-2.085556850E-01-2.101689302E-01-2.115959701E-01
-2.128333435E-01-2.138778056E-01-2.147263442E-01-2.153761890E-01-2.158248205E-01
-2.160699765E-01-2.161096558E-01-2.159421150E-01-2.155658632E-01-2.149796507E-01
-2.141824520E-01-2.131734465E-01-2.119519954E-01-2.105176116E-01-2.088699335E-01
-2.070086910E-01-2.049337013E-01-2.026449537E-01-2.001421967E-01-1.974253909E-01
-1.944947047E-01-1.913501251E-01-1.879914694E-01-1.844187792E-01-1.806328393E-01
-1.766339336E-01-1.724222678E-01-1.679988037E-01-1.633652413E-01-1.585231815E-01
-1.534744928E-01-1.482215577E-01-1.427673802E-01-1.371156276E-01-1.312703579E-01
-1.252357473E-01-1.190162780E-01-1.126168570E-01-1.060423512E-01-9.929742784E-02
-9.238669693E-02-8.531465595E-02-7.808563134E-02-7.070387048E-02-6.317368881E-02
-5.549957632E-02-4.768638811E-02-3.973960886E-02-3.166567595E-02-2.347221470E-02
-1.516724499E-02-6.760039568E-03 1.725259934E-03 1.025027022E-02 1.879982569E-02
 2.737175542E-02 3.596446118E-02 4.457608886E-02 5.320498729E-02 6.184967396E-02
 7.050886093E-02 7.918170827E-02 8.786557778E-02 2.099790432E-02 1.775975633E-02
 1.452229560E-02 1.128564775E-02 8.049797535E-03 4.815027213E-03 1.581727020E-03
-1.657616082E-03-4.925319944E-03-8.224599955E-03-1.155145302E-02-1.490619539E-02
-1.829330662E-02-2.171876284E-02-2.518769386E-02-2.870380462E-02-3.227010347E-02
-3.588927193E-02-3.956361711E-02-4.329503819E-02-4.708501675E-02-5.093460103E-02
-5.484438630E-02-5.881449870E-02-6.284457980E-02-6.693377648E-02-7.108071952E-02
-7.528348424E-02-7.953954105E-02-8.384573090E-02-8.819827155E-02-9.259277465E-02
-9.702424076E-02-1.014870474E-01-1.059749438E-01-1.104810589E-01-1.149979482E-01
-1.195176811E-01-1.240319477E-01-1.285321220E-01-1.330092318E-01-1.374540345E-01
-1.418571999E-01-1.462095022E-01-1.505019147E-01-1.547254801E-01-1.588713351E-01
-1.629308948E-01-1.668960579E-01-1.707590749E-01-1.745124012E-01-1.781489398E-01
-1.816619604E-01-1.850450156E-01-1.882919903E-01-1.913970726E-01-1.943547280E-01
-1.971596200E-01-1.998067010E-01-2.022910312E-01-2.046080650E-01-2.067532583E-01
-2.087223348E-01-2.105111625E-01-2.121158565E-01-2.135327046E-01-2.147581999E-01
-2.157890645E-01-2.166222597E-01-2.172549955E-01-2.176847430E-01-2.179092415E-01
-2.179265027E-01-2.177348087E-01-2.173327062E-01-2.167189936E-01-2.158927033E-01
-2.148530815E-01-2.135995602E-01-2.121317208E-01-2.104492711E-01-2.085519710E-01
-2.064397987E-01-2.041128367E-01-2.015707300E-01-1.988137936E-01-1.958416586E-01
-1.926543573E-01-1.892525085E-01-1.856357742E-01-1.818040925E-01-1.777583664E-01
-1.734993519E-01-1.690276001E-01-1.643440892E-01-1.594504859E-01-1.543490290E-01
-1.490422098E-01-1.435328305E-01-1.378244603E-01-1.319211442E-01-1.258271206E-01
-1.195469433E-01-1.130854212E-01-1.064474439E-01-9.963787833E-02-9.266144002E-02
-8.552261171E-02-7.822570605E-02-7.077498391E-02-6.317476348E-02-5.542958214E-02
-4.754439390E-02-3.952479520E-02-3.137731556E-02-2.310965136E-02-1.472979307E-02
-6.247299170E-03 2.311295079E-03 1.090377062E-02 1.951479297E-02 2.814291270E-02
 3.678702876E-02 4.544570133E-02 5.411764998E-02 6.280172032E-02 7.149690272E-02
 8.020253417E-02 8.891658558E-02 2.046724196E-02 1.722186710E-02 1.397700118E-02
 1.073272950E-02 7.489050495E-03 4.246378029E-03 1.004427975E-03-2.247233753E-03
-5.529747761E-03-8.843589557E-03-1.218501877E-02-1.555534569E-02-1.895961619E-02
-2.240385125E-02-2.589294661E-02-2.943046675E-02-3.301940868E-02-3.666244336E-02
-4.036185280E-02-4.411950455E-02-4.793683945E-02-5.181485748E-02-5.575410068E-02
-5.975463484E-02-6.381603151E-02-6.793734683E-02-7.211709823E-02-7.635323579E-02
-8.064311229E-02-8.498346075E-02-8.937038153E-02-9.379934447E-02-9.826520056E-02
-1.027621767E-01-1.072838550E-01-1.118231741E-01-1.163725060E-01-1.209237570E-01
-1.254684408E-01-1.299977277E-01-1.345024978E-01-1.389734416E-01-1.434011979E-01
-1.477765198E-01-1.520903014E-01-1.563334745E-01-1.604971534E-01-1.645728563E-01
-1.685526073E-01-1.724286848E-01-1.761935359E-01-1.798400514E-01-1.833616208E-01
-1.867518386E-01-1.900046152E-01-1.931141957E-01-1.960750405E-01-1.988818473E-01
-2.015295597E-01-2.040133054E-01-2.063284137E-01-2.084703293E-01-2.104348252E-01
-2.122176961E-01-2.138150025E-01-2.152230084E-01-2.164381694E-01-2.174571729E-01
-2.182769514E-01-2.188946953E-01-2.193078653E-01-2.195142011E-01-2.195117263E-01
-2.192987466E-01-2.188738438E-01-2.182358617E-01-2.173838887E-01-2.163172307E-01
-2.150353739E-01-2.135379909E-01-2.118249094E-01-2.098959241E-01-2.077509452E-01
-2.053902794E-01-2.028134908E-01-2.000207624E-01-1.970124876E-01-1.937879848E-01
-1.903476180E-01-1.866920313E-01-1.828209954E-01-1.787345747E-01-1.744335905E-01
-1.699190875E-01-1.651920107E-01-1.602538151E-01-1.551065842E-01-1.497527203E-01
-1.441951131E-01-1.384372537E-01-1.324831562E-01-1.263372001E-01-1.200039805E-01
-1.134882498E-01-1.067948812E-01-9.992876106E-02-9.289467669E-02-8.569723775E-02
-7.834086925E-02-7.082988948E-02-6.316863782E-02-5.536165139E-02-4.741387786E-02
-3.933091634E-02-3.111932974E-02-2.278686062E-02-1.434146129E-02-5.793030549E-03
 2.829499331E-03 1.148051774E-02 2.014479090E-02 2.882152441E-02 3.751001572E-02
 4.620917513E-02 5.491804826E-02 6.363578497E-02 7.236164479E-02 8.109514381E-02
 8.983480059E-02 2.001681442E-02 1.676529192E-02 1.351412404E-02 1.026336013E-02
 7.013016287E-03 3.763641699E-03 5.141693713E-04-2.748685973E-03-6.043817096E-03
-9.369959683E-03-1.272388092E-02-1.610768708E-02-1.952682833E-02-2.298729991E-02
-2.649379286E-02-3.004977459E-02-3.365823007E-02-3.732180855E-02-4.104275940E-02
-4.482291525E-02-4.866368189E-02-5.256602146E-02-5.653043442E-02-6.055693838E-02
-6.464504790E-02-6.879375389E-02-7.300149729E-02-7.726614409E-02-8.158495781E-02
-8.595457142E-02-9.037096964E-02-9.482948081E-02-9.932478374E-02-1.038509179E-01
-1.084012966E-01-1.129687297E-01-1.175454731E-01-1.221232956E-01-1.266935624E-01
-1.312473363E-01-1.357754449E-01-1.402685174E-01-1.447170996E-01-1.491118250E-01
-1.534434837E-01-1.577030380E-01-1.618817066E-01-1.659710543E-01-1.699630695E-01
-1.738500536E-01-1.776245134E-01-1.812793737E-01-1.848081078E-01-1.882044155E-01
-1.914621493E-01-1.945755410E-01-1.975391234E-01-2.003476155E-01-2.029959448E-01
-2.054792292E-01-2.077927603E-01-2.099320347E-01-2.118927013E-01-2.136705585E-01
-2.152616546E-01-2.166621924E-01-2.178685899E-01-2.188775081E-01-2.196858525E-01
-2.202907940E-01-2.206897828E-01-2.208805580E-01-2.208611533E-01-2.206298962E-01
-2.201853999E-01-2.195265504E-01-2.186524879E-01-2.175625703E-01-2.162563253E-01
-2.147335058E-01-2.129940333E-01-2.110378588E-01-2.088647090E-01-2.064749530E-01
-2.038685336E-01-2.010451058E-01-1.980055226E-01-1.947494427E-01-1.912765510E-01
-1.875873756E-01-1.836822763E-01-1.795613219E-01-1.752250189E-01-1.706741302E-01
-1.659097430E-01-1.609334044E-01-1.557471173E-01-1.503532247E-01-1.447545600E-01
-1.389545312E-01-1.329570988E-01-1.267666780E-01-1.203879721E-01-1.138258577E-01
-1.070852835E-01-1.001711567E-01-9.308825561E-02-8.584117913E-02-7.843436043E-02
-7.087213676E-02-6.315887606E-02-5.529914837E-02-4.729793499E-02-3.916087887E-02
-3.089460654E-02-2.250691486E-02-1.400571336E-02-5.401248907E-03 3.275298413E-03
 1.197549767E-02 2.068441741E-02 2.940187274E-02 3.812750999E-02 4.686055297E-02
 5.560033678E-02 6.434627345E-02 7.309785083E-02 8.185473577E-02 9.061590119E-02
 1.964712105E-02 1.639057159E-02 1.313424841E-02 9.878169659E-03 6.622369007E-03
 3.367524861E-03 1.117910601E-04-3.160729547E-03-6.466243919E-03-9.802450652E-03
-1.316671679E-02-1.656175866E-02-1.999329918E-02-2.346726964E-02-2.698819352E-02
-3.055947522E-02-3.418409194E-02-3.786467530E-02-4.160345081E-02-4.540222559E-02
-4.926237814E-02-5.318484079E-02-5.717008082E-02-6.121807756E-02-6.532829835E-02
-6.949967471E-02-7.373057601E-02-7.801878460E-02-8.236147193E-02-8.675517571E-02
-9.119578253E-02-9.567851803E-02-1.001979446E-01-1.047479722E-01-1.093218879E-01
-1.139123939E-01-1.185116521E-01-1.231113332E-01-1.277026830E-01-1.322766180E-01
-1.368238301E-01-1.413348816E-01-1.458003019E-01-1.502106860E-01-1.545567848E-01
-1.588296048E-01-1.630204732E-01-1.671209882E-01-1.711230251E-01-1.750188590E-01
-1.788011436E-01-1.824628746E-01-1.859974530E-01-1.893986696E-01-1.926604607E-01
-1.957769873E-01-1.987428522E-01-2.015528054E-01-2.042017007E-01-2.066846633E-01
-2.089969845E-01-2.111341384E-01-2.130917212E-01-2.148655406E-01-2.164515811E-01
-2.178460185E-01-2.190452432E-01-2.200458803E-01-2.208448178E-01-2.214392070E-01
-2.218264871E-01-2.220043969E-01-2.219709791E-01-2.217245796E-01-2.212638390E-01
-2.205876778E-01-2.196952865E-01-2.185860817E-01-2.172596357E-01-2.157157813E-01
-2.139543363E-01-2.119754961E-01-2.097789270E-01-2.073651118E-01-2.047340881E-01
-2.018855374E-01-1.988200051E-01-1.955375313E-01-1.920379665E-01-1.883213718E-01
-1.843880718E-01-1.802384784E-01-1.758730102E-01-1.712922321E-01-1.664971525E-01
-1.614892820E-01-1.562705865E-01-1.508434764E-01-1.452108567E-01-1.393761483E-01
-1.333432509E-01-1.271165037E-01-1.207005986E-01-1.141004540E-01-1.073210696E-01
-1.003674031E-01-9.324427959E-02-8.595633847E-02-7.850804279E-02-7.090374909E-02
-6.314783440E-02-5.524487688E-02-4.719987296E-02-3.901848833E-02-3.070738218E-02
-2.227437410E-02-1.372731969E-02-5.076804682E-03 3.643970481E-03 1.238432120E-02
 2.112968795E-02 2.988040587E-02 3.863640442E-02 4.739716348E-02 5.616225319E-02
 6.493129719E-02 7.370396491E-02 8.248003804E-02 9.125885408E-02 1.935877135E-02
 1.609830227E-02 1.283795851E-02 9.577733538E-03 6.317677509E-03 3.058583216E-03
-2.020844212E-04-3.482433342E-03-6.796060556E-03-1.014009548E-02-1.351248170E-02
-1.691638085E-02-2.035769132E-02-2.384227264E-02-2.737452312E-02-3.095780947E-02
-3.459510474E-02-3.828902789E-02-4.204178802E-02-4.585517398E-02-4.973054234E-02
-5.366879959E-02-5.767038300E-02-6.173523743E-02-6.586279002E-02-7.005192452E-02
-7.430095570E-02-7.860760386E-02-8.296897108E-02-8.738151990E-02-9.184105755E-02
-9.634272744E-02-1.008810068E-01-1.054497171E-01-1.100420494E-01-1.146505993E-01
-1.192674182E-01-1.238840756E-01-1.284917337E-01-1.330812373E-01-1.376432165E-01
-1.421681894E-01-1.466466574E-01-1.510691992E-01-1.554265697E-01-1.597097808E-01
-1.639101335E-01-1.680192170E-01-1.720289447E-01-1.759316214E-01-1.797199415E-01
-1.833869553E-01-1.869260954E-01-1.903311564E-01-1.935961108E-01-1.967151812E-01
-1.996828763E-01-2.024939268E-01-2.051432981E-01-2.076260508E-01-2.099374874E-01
-2.120730429E-01-2.140282816E-01-2.157989879E-01-2.173811194E-01-2.187708227E-01
-2.199644624E-01-2.209586518E-01-2.217502435E-01-2.223363758E-01-2.227144814E-01
-2.228822991E-01-2.228378794E-01-2.225795825E-01-2.221060701E-01-2.214162959E-01
-2.205094848E-01-2.193850750E-01-2.180426987E-01-2.164822903E-01-2.147036082E-01
-2.127068788E-01-2.104919946E-01-2.080593146E-01-2.054088595E-01-2.025406415E-01
-1.994549129E-01-1.961517541E-01-1.926310863E-01-1.888929632E-01-1.849376357E-01
-1.807654709E-01-1.763769316E-01-1.717726651E-01-1.669536433E-01-1.619212720E-01
-1.566774317E-01-1.512245077E-01-1.455654122E-01-1.397035757E-01-1.336429166E-01
-1.273877896E-01-1.209428985E-01-1.143131710E-01-1.075036199E-01-1.005192184E-01
-9.336480681E-02-8.604504275E-02-7.856440696E-02-7.092727046E-02-6.313802096E-02
-5.520124321E-02-4.712194095E-02-3.890579527E-02-3.055949359E-02-2.209087834E-02
-1.350777224E-02-4.821090668E-03 3.934250917E-03 1.270587586E-02 2.147959268E-02
 3.025614667E-02 3.903568222E-02 4.781787772E-02 5.660248711E-02 6.538930121E-02
 7.417813598E-02 8.296887019E-02 9.176113465E-02 1.915223658E-02 1.588897052E-02
 1.262575957E-02 9.362580878E-03 6.099500766E-03 2.837365307E-03-4.269292875E-04
-3.712926467E-03-7.032328544E-03-1.038195195E-02-1.376017324E-02-1.717045841E-02
-2.061881281E-02-2.411103431E-02-2.765143580E-02-3.124336201E-02-3.488978280E-02
-3.859330709E-02-4.235613149E-02-4.618003083E-02-5.006634507E-02-5.401596118E-02
-5.802929339E-02-6.210625976E-02-6.624625696E-02-7.044813503E-02-7.471017109E-02
-7.903004334E-02-8.340480715E-02-8.783087326E-02-9.230399232E-02-9.681924598E-02
-1.013710457E-01-1.059531434E-01-1.105586560E-01-1.151801026E-01-1.198094596E-01
-1.244382266E-01-1.290575089E-01-1.336581082E-01-1.382306206E-01-1.427655346E-01
-1.472533308E-01-1.516845751E-01-1.560500059E-01-1.603406069E-01-1.645476580E-01
-1.686627752E-01-1.726779366E-01-1.765854911E-01-1.803781551E-01-1.840490023E-01
-1.875914488E-01-1.909992384E-01-1.942664198E-01-1.973872900E-01-2.003563264E-01
-2.031682280E-01-2.058179301E-01-2.083005714E-01-2.106114187E-01-2.127458470E-01
-2.146994209E-01-2.164679291E-01-2.180472917E-01-2.194336271E-01-2.206232860E-01
-2.216128554E-01-2.223991799E-01-2.229793869E-01-2.233509021E-01-2.235114644E-01
-2.234591302E-01-2.231922685E-01-2.227095551E-01-2.220099841E-01-2.210927823E-01
-2.199573949E-01-2.186035672E-01-2.170311554E-01-2.152401075E-01-2.132305197E-01
-2.110025504E-01-2.085562530E-01-2.058917867E-01-2.030093530E-01-1.999090527E-01
-1.965909232E-01-1.930550186E-01-1.893014541E-01-1.853304056E-01-1.811421436E-01
-1.767371177E-01-1.721160194E-01-1.672798425E-01-1.622299602E-01-1.569681981E-01
-1.514968906E-01-1.458189121E-01-1.399376790E-01-1.338571203E-01-1.275816094E-01
-1.211158670E-01-1.144648368E-01-1.076335485E-01-1.006269929E-01-9.345002995E-02
-8.610733726E-02-7.860341368E-02-7.094264552E-02-6.312943336E-02-5.516837353E-02
-4.706448153E-02-3.882345155E-02-3.045199135E-02-2.195795860E-02-1.334914798E-02
-4.636733685E-03 4.143086440E-03 1.293680278E-02 2.173054050E-02 3.052534127E-02
 3.932150065E-02 4.811883869E-02 5.691724054E-02 6.571661552E-02 7.451688266E-02
 8.331798876E-02 9.211977109E-02 1.902812276E-02 1.576319858E-02 1.249828771E-02
 9.233358148E-03 5.968488422E-03 2.704534443E-03-5.619892469E-04-3.851359095E-03
-7.174205172E-03-1.052718214E-02-1.390892192E-02-1.732306720E-02-2.077567984E-02
-2.427251644E-02-2.781784007E-02-3.141498364E-02-3.506691455E-02-3.877623526E-02
-4.254513457E-02-4.637537854E-02-5.026829700E-02-5.422476510E-02-5.824518330E-02
-6.232945360E-02-6.647695427E-02-7.068651453E-02-7.495638791E-02-7.928422614E-02
-8.366705573E-02-8.810125579E-02-9.258254257E-02-9.710596044E-02-1.016658815E-01
-1.062560164E-01-1.108694397E-01-1.154986286E-01-1.201355178E-01-1.247715671E-01
-1.293978444E-01-1.340051174E-01-1.385839538E-01-1.431248213E-01-1.476181876E-01
-1.520546132E-01-1.564248341E-01-1.607198327E-01-1.649308938E-01-1.690496452E-01
-1.730680792E-01-1.769785609E-01-1.807738245E-01-1.844469601E-01-1.879913929E-01
-1.914008629E-01-1.946694095E-01-1.977913322E-01-2.007611519E-01-2.035735912E-01
-2.062235576E-01-2.087061512E-01-2.110166281E-01-2.131503860E-01-2.151029856E-01
-2.168701845E-01-2.184478911E-01-2.198322029E-01-2.210194818E-01-2.220062816E-01
-2.227894401E-01-2.233660810E-01-2.237336294E-01-2.238898225E-01-2.238327158E-01
-2.235606866E-01-2.230724247E-01-2.223669290E-01-2.214434515E-01-2.203014916E-01
-2.189407387E-01-2.173610959E-01-2.155625575E-01-2.135452127E-01-2.113092347E-01
-2.088547645E-01-2.061819603E-01-2.032909597E-01-2.001818601E-01-1.968547485E-01
-1.933097194E-01-1.895468735E-01-1.855663570E-01-1.813684226E-01-1.769535000E-01
-1.723222647E-01-1.674757045E-01-1.624151905E-01-1.571425457E-01-1.516600994E-01
-1.459707193E-01-1.400778164E-01-1.339853146E-01-1.276975841E-01-1.212193428E-01
-1.145555349E-01-1.077111965E-01-1.006913309E-01-9.350081184E-02-8.614433049E-02
-7.862639780E-02-7.095141051E-02-6.312377792E-02-5.514810399E-02-4.702941142E-02
-3.877340321E-02-3.038680136E-02-2.187747564E-02-1.325320929E-02-4.525353692E-03
 4.269093501E-03 1.307598831E-02 2.188167098E-02 3.068736181E-02 3.949344620E-02
 4.829982854E-02 5.710647189E-02 6.591335589E-02 7.472046051E-02 8.352777231E-02
 9.233525096E-02 1.898654798E-02 1.572109849E-02 1.245564913E-02 9.190165103E-03
 5.924729480E-03 2.660197857E-03-6.070503519E-04-3.897518459E-03-7.221492791E-03
-1.057557607E-02-1.395848261E-02-1.737391193E-02-2.082794273E-02-2.432631680E-02
-2.787328053E-02-3.147216289E-02-3.512593026E-02-3.883718281E-02-4.260810670E-02
-4.644046509E-02-5.033558440E-02-5.429433592E-02-5.831711556E-02-6.240382012E-02
-6.655382185E-02-7.076594304E-02-7.503842929E-02-7.936892347E-02-8.375444229E-02
-8.819135409E-02-9.267536340E-02-9.720150209E-02-1.017641292E-01-1.063569418E-01
-1.109730007E-01-1.156047695E-01-1.202441694E-01-1.248826471E-01-1.295112580E-01
-1.341207589E-01-1.387017077E-01-1.432445650E-01-1.477397937E-01-1.521779522E-01
-1.565497768E-01-1.608462525E-01-1.650586664E-01-1.691786467E-01-1.731981861E-01
-1.771096517E-01-1.809057824E-01-1.845796748E-01-1.881247635E-01-1.915347972E-01
-1.948038101E-01-1.979260957E-01-2.008961804E-01-2.037087974E-01-2.063588607E-01
-2.088414497E-01-2.111518107E-01-2.132853507E-01-2.152376367E-01-2.170044016E-01
-2.185815568E-01-2.199652074E-01-2.211516892E-01-2.221375665E-01-2.229196729E-01
-2.234951270E-01-2.238613546E-01-2.240160919E-01-2.239573895E-01-2.236836334E-01
-2.231935226E-01-2.224860477E-01-2.215604702E-01-2.204163051E-01-2.190532464E-01
-2.174711941E-01-2.156701554E-01-2.136502294E-01-2.114115660E-01-2.089543436E-01
-2.062787257E-01-2.033848454E-01-2.002728141E-01-1.969427251E-01-1.933946573E-01
-1.896287013E-01-1.856450043E-01-1.814438226E-01-1.770255837E-01-1.723909560E-01
-1.675409205E-01-1.624768444E-01-1.572005498E-01-1.517143653E-01-1.460211591E-01
-1.401243417E-01-1.340278362E-01-1.277360119E-01-1.212535870E-01-1.145855068E-01
-1.077368096E-01-1.007125026E-01-9.351746354E-02-8.615638677E-02-7.863378627E-02
-7.095406133E-02-6.312162359E-02-5.514107933E-02-4.701745399E-02-3.875645484E-02
-3.036481118E-02-2.185040090E-02-1.322101091E-02-4.488066400E-03 4.311160018E-03
 1.312234386E-02 2.193190970E-02 3.074113686E-02 3.955043994E-02 4.835975122E-02
 5.716905950E-02 6.597836772E-02 7.478767605E-02 8.359698430E-02 9.240629244E-02
 1.902749611E-02 1.576264253E-02 1.249780366E-02 9.232947715E-03 5.968153252E-03
 2.704276786E-03-5.621701812E-04-3.851478594E-03-7.174281649E-03-1.052722825E-02
-1.390894581E-02-1.732307441E-02-2.077567416E-02-2.427250052E-02-2.781781581E-02
-3.141495241E-02-3.506687737E-02-3.877619284E-02-4.254508739E-02-4.637532691E-02
-5.026824106E-02-5.422470486E-02-5.824511861E-02-6.232938422E-02-6.647687983E-02
-7.068643451E-02-7.495630157E-02-7.928413255E-02-8.366695384E-02-8.810114454E-02
-9.258242092E-02-9.710582753E-02-1.016657367E-01-1.062558594E-01-1.108692708E-01
-1.154984489E-01-1.201353291E-01-1.247713721E-01-1.293976460E-01-1.340049188E-01
-1.385837581E-01-1.431246320E-01-1.476180085E-01-1.520544490E-01-1.564246906E-01
-1.607197167E-01-1.649308102E-01-1.690495921E-01-1.730680474E-01-1.769785391E-01
-1.807738041E-01-1.844469349E-01-1.879913612E-01-1.914008269E-01-1.946693647E-01
-1.977912731E-01-2.007610855E-01-2.035735306E-01-2.062235224E-01-2.087061411E-01
-2.110166196E-01-2.131503760E-01-2.151029801E-01-2.168701667E-01-2.184478766E-01
-2.198321981E-01-2.210194749E-01-2.220062710E-01-2.227894331E-01-2.233660767E-01
-2.237336278E-01-2.238898225E-01-2.238327168E-01-2.235606892E-01-2.230724318E-01
-2.223669404E-01-2.214434603E-01-2.203015046E-01-2.189407524E-01-2.173611083E-01
-2.155625645E-01-2.135452418E-01-2.113092775E-01-2.088547788E-01-2.061819453E-01
-2.032909371E-01-2.001818516E-01-1.968547653E-01-1.933097582E-01-1.895469264E-01
-1.855664194E-01-1.813684934E-01-1.769535749E-01-1.723223324E-01-1.674757530E-01
-1.624152145E-01-1.571425458E-01-1.516600794E-01-1.459706839E-01-1.400777703E-01
-1.339852615E-01-1.276975266E-01-1.212192831E-01-1.145554746E-01-1.077111371E-01
-1.006912734E-01-9.350075662E-02-8.614427683E-02-7.862634483E-02-7.095135750E-02
-6.312372477E-02-5.514805179E-02-4.702936315E-02-3.877336494E-02-3.038678412E-02
-2.187749848E-02-1.325330574E-02-4.525581918E-03 4.268667838E-03 1.307535244E-02
 2.188083253E-02 3.068632771E-02 3.949222253E-02 4.829842127E-02 5.710488684E-02
 6.591159874E-02 7.471853680E-02 8.352568754E-02 9.233300976E-02 1.915145477E-02
 1.588829961E-02 1.262519998E-02 9.362132979E-03 6.099164862E-03 2.837142316E-03
-4.270420647E-04-3.712950258E-03-7.032290407E-03-1.038187103E-02-1.376006200E-02
-1.717032552E-02-2.061866456E-02-2.411087555E-02-2.765127049E-02-3.124319352E-02
-3.488961404E-02-3.859314050E-02-4.235596909E-02-4.617987423E-02-5.006619556E-02
-5.401581974E-02-5.802916072E-02-6.210613626E-02-6.624614267E-02-7.044802951E-02
-7.471007319E-02-7.902995120E-02-8.340471880E-02-8.783078701E-02-9.230390675E-02
-9.681915963E-02-1.013709569E-01-1.059530501E-01-1.105585553E-01-1.151799919E-01
-1.198093368E-01-1.244380906E-01-1.290573594E-01-1.336579452E-01-1.382304449E-01
-1.427653505E-01-1.472531476E-01-1.516844069E-01-1.560498655E-01-1.603404993E-01
-1.645475812E-01-1.686627246E-01-1.726779057E-01-1.765854660E-01-1.803781211E-01
-1.840489595E-01-1.875914164E-01-1.909992288E-01-1.942663977E-01-1.973872237E-01
-2.003562627E-01-2.031681902E-01-2.058179068E-01-2.083005619E-01-2.106113998E-01
-2.127458355E-01-2.146994201E-01-2.164679036E-01-2.180472714E-01-2.194336109E-01
-2.206232798E-01-2.216128474E-01-2.223991732E-01-2.229793824E-01-2.233509000E-01
-2.235114643E-01-2.234591318E-01-2.231922733E-01-2.227095694E-01-2.220100037E-01
-2.210928043E-01-2.199574268E-01-2.186035989E-01-2.170311906E-01-2.152401189E-01
-2.132305545E-01-2.110026077E-01-2.085563023E-01-2.058918128E-01-2.030093709E-01
-1.999090830E-01-1.965909586E-01-1.930550566E-01-1.893014998E-01-1.853304726E-01
-1.811422526E-01-1.767372681E-01-1.721161697E-01-1.672799386E-01-1.622299783E-01
-1.569681445E-01-1.514967888E-01-1.458187921E-01-1.399375718E-01-1.338570534E-01
-1.275816033E-01-1.211159276E-01-1.144649546E-01-1.076337040E-01-1.006271665E-01
-9.345020704E-02-8.610750856E-02-7.860357404E-02-7.094279329E-02-6.312956955E-02
-5.516850180E-02-4.706460877E-02-3.882358826E-02-3.045215304E-02-2.195816885E-02
-1.334944486E-02-4.637181230E-03 4.142413044E-03 1.293588064E-02 2.172936899E-02
 3.052392025E-02 3.931982995E-02 4.811691876E-02 5.691507240E-02 6.571420056E-02
 7.451422259E-02 8.331508560E-02 9.211662676E-02 1.935796255E-02 1.609759367E-02
 1.283734911E-02 9.577222090E-03 6.317262805E-03 3.058264375E-03-2.023109339E-04
-3.482583708E-03-6.796153999E-03-1.014014526E-02-1.351249638E-02-1.691636635E-02
-2.035765191E-02-2.384221158E-02-2.737444313E-02-3.095771297E-02-3.459499404E-02
-3.828890506E-02-4.204165497E-02-4.585503246E-02-4.973039372E-02-5.366864456E-02
-5.767022143E-02-6.173506846E-02-6.586261234E-02-7.005173705E-02-7.430075863E-02
-7.860739957E-02-8.296876469E-02-8.738131905E-02-9.184087165E-02-9.634256586E-02
-1.008808786E-01-1.054496301E-01-1.100420057E-01-1.146505913E-01-1.192674272E-01
-1.238840751E-01-1.284917033E-01-1.330811724E-01-1.376431272E-01-1.421680917E-01
-1.466465692E-01-1.510691422E-01-1.554265539E-01-1.597097769E-01-1.639100865E-01
-1.680191127E-01-1.720288282E-01-1.759315267E-01-1.797198676E-01-1.833869243E-01
-1.869261194E-01-1.903311748E-01-1.935960719E-01-1.967151188E-01-1.996828734E-01
-2.024939597E-01-2.051432593E-01-2.076260012E-01-2.099374702E-01-2.120730194E-01
-2.140282504E-01-2.157989679E-01-2.173810984E-01-2.187708103E-01-2.199644568E-01
-2.209586443E-01-2.217502363E-01-2.223363714E-01-2.227144795E-01-2.228822994E-01
-2.228378819E-01-2.225795873E-01-2.221060782E-01-2.214163124E-01-2.205095224E-01
-2.193851215E-01-2.180427311E-01-2.164823324E-01-2.147036577E-01-2.127069098E-01
-2.104920605E-01-2.080594042E-01-2.054088704E-01-2.025406541E-01-1.994550016E-01
-1.961518696E-01-1.926311647E-01-1.888930172E-01-1.849376998E-01-1.807655591E-01
-1.763770366E-01-1.717727693E-01-1.669537273E-01-1.619213252E-01-1.566774582E-01
-1.512245229E-01-1.455654373E-01-1.397036358E-01-1.336430403E-01-1.273879992E-01
-1.209431884E-01-1.143135047E-01-1.075039408E-01-1.005194732E-01-9.336496785E-02
-8.604510685E-02-7.856438632E-02-7.092718829E-02-6.313790591E-02-5.520112336E-02
-4.712184020E-02-3.890573120E-02-3.055947747E-02-2.209091702E-02-1.350787262E-02
-4.821266595E-03 3.933976795E-03 1.270548781E-02 2.147907957E-02 3.025549621E-02
 3.903488081E-02 4.781691159E-02 5.660134266E-02 6.538796486E-02 7.417659445E-02
 8.296711105E-02 9.175914822E-02 1.964667576E-02 1.639020844E-02 1.313396201E-02
 9.877953541E-03 6.622216590E-03 3.367429301E-03 1.117449679E-04-3.160734270E-03
-6.466214107E-03-9.802391654E-03-1.316663287E-02-1.656165330E-02-1.999317531E-02
-2.346713002E-02-2.698804133E-02-3.055931477E-02-3.418392886E-02-3.786451607E-02
-4.160330273E-02-4.540209656E-02-4.926227499E-02-5.318476743E-02-5.717003727E-02
-6.121806024E-02-6.532830026E-02-6.949968527E-02-7.373058380E-02-7.801877855E-02
-8.236144198E-02-8.675511564E-02-9.119569300E-02-9.567840949E-02-1.001978373E-01
-1.047478923E-01-1.093218536E-01-1.139124010E-01-1.185116691E-01-1.231113148E-01
-1.277026020E-01-1.322764865E-01-1.368236864E-01-1.413347539E-01-1.458001874E-01
-1.502105799E-01-1.545567146E-01-1.588296025E-01-1.630205227E-01-1.671210330E-01
-1.711230118E-01-1.750187711E-01-1.788010449E-01-1.824628797E-01-1.859975537E-01
-1.893986932E-01-1.926603614E-01-1.957769039E-01-1.987428364E-01-2.015527864E-01
-2.042016620E-01-2.066846101E-01-2.089969515E-01-2.111341188E-01-2.130916806E-01
-2.148655252E-01-2.164515654E-01-2.178460033E-01-2.190452290E-01-2.200458700E-01
-2.208448115E-01-2.214392030E-01-2.218264855E-01-2.220043977E-01-2.219709823E-01
-2.217245849E-01-2.212638462E-01-2.205876906E-01-2.196953060E-01-2.185860853E-01
-2.172596620E-01-2.157158603E-01-2.139543899E-01-2.119755507E-01-2.097789794E-01
-2.073651983E-01-2.047341189E-01-2.018856116E-01-1.988201474E-01-1.955376743E-01
-1.920380004E-01-1.883213543E-01-1.843881367E-01-1.802386396E-01-1.758731654E-01
-1.712923491E-01-1.664972525E-01-1.614893987E-01-1.562707294E-01-1.508436284E-01
-1.452110047E-01-1.393762895E-01-1.333433880E-01-1.271166408E-01-1.207007349E-01
-1.141005821E-01-1.073211806E-01-1.003674932E-01-9.324435556E-02-8.595641577E-02
-7.850814199E-02-7.090389579E-02-6.314805644E-02-5.524519075E-02-4.720027193E-02
-3.901894305E-02-3.070784414E-02-2.227477917E-02-1.372760086E-02-5.076899651E-03
 3.644106821E-03 1.238468259E-02 2.113024276E-02 2.988111695E-02 3.863723361E-02
 4.739807400E-02 5.616320989E-02 6.493226665E-02 7.370491585E-02 8.248093948E-02
 9.125967932E-02 2.001687629E-02 1.676537373E-02 1.351421762E-02 1.026345595E-02
 7.013105038E-03 3.763713788E-03 5.142159815E-04-2.748666295E-03-6.043817444E-03
-9.369974850E-03-1.272390795E-02-1.610772360E-02-1.952687158E-02-2.298734632E-02
-2.649383868E-02-3.004981636E-02-3.365826459E-02-3.732183244E-02-4.104276895E-02
-4.482290716E-02-4.866365490E-02-5.256597761E-02-5.653038108E-02-6.055688970E-02
-6.464502064E-02-6.879375856E-02-7.300153067E-02-7.726618346E-02-8.158496571E-02
-8.595451521E-02-9.037083974E-02-9.482930183E-02-9.932459951E-02-1.038507654E-01
-1.084011822E-01-1.129686338E-01-1.175453758E-01-1.221232021E-01-1.266934990E-01
-1.312473226E-01-1.357754764E-01-1.402685694E-01-1.447171325E-01-1.491117977E-01
-1.534433879E-01-1.577029485E-01-1.618817316E-01-1.659711991E-01-1.699631869E-01
-1.738499986E-01-1.776243565E-01-1.812792882E-01-1.848081025E-01-1.882043891E-01
-1.914620804E-01-1.945754689E-01-1.975390702E-01-2.003475723E-01-2.029959292E-01
-2.054791861E-01-2.077926983E-01-2.099320170E-01-2.118926722E-01-2.136705426E-01
-2.152616419E-01-2.166621780E-01-2.178685765E-01-2.188774982E-01-2.196858466E-01
-2.202907905E-01-2.206897818E-01-2.208805593E-01-2.208611571E-01-2.206299022E-01
-2.201854083E-01-2.195265615E-01-2.186525009E-01-2.175625751E-01-2.162563332E-01
-2.147335520E-01-2.129940633E-01-2.110379673E-01-2.088647787E-01-2.064750449E-01
-2.038685942E-01-2.010451825E-01-1.980056541E-01-1.947494995E-01-1.912766342E-01
-1.875875179E-01-1.836824694E-01-1.795615285E-01-1.752250964E-01-1.706741115E-01
-1.659097535E-01-1.609335346E-01-1.557473288E-01-1.503534388E-01-1.447547460E-01
-1.389547098E-01-1.329572985E-01-1.267668947E-01-1.203881878E-01-1.138260592E-01
-1.070854646E-01-1.001713208E-01-9.308841311E-02-8.584133864E-02-7.843452519E-02
-7.087230709E-02-6.315905185E-02-5.529932876E-02-4.729811654E-02-3.916105497E-02
-3.089476667E-02-2.250704200E-02-1.400577981E-02-5.401206526E-03 3.275509094E-03
 1.197588936E-02 2.068497672E-02 2.940259232E-02 3.812839417E-02 4.686161508E-02
 5.560159587E-02 6.434775309E-02 7.309957526E-02 8.185671771E-02 9.061813947E-02
 2.046739975E-02 1.722199954E-02 1.397710738E-02 1.073280770E-02 7.489098003E-03
 4.246391530E-03 1.004404954E-03-2.247287464E-03-5.529813064E-03-8.843651458E-03
-1.218506890E-02-1.555538047E-02-1.895963619E-02-2.240386166E-02-2.589295722E-02
-2.943048782E-02-3.301944644E-02-3.666249652E-02-4.036190768E-02-4.411953611E-02
-4.793682161E-02-5.181477175E-02-5.575394747E-02-5.975443806E-02-6.381582835E-02
-6.793717270E-02-7.211696829E-02-7.635314011E-02-8.064302719E-02-8.498336978E-02
-8.937028980E-02-9.379927575E-02-9.826517449E-02-1.027621913E-01-1.072838913E-01
-1.118232145E-01-1.163725359E-01-1.209237644E-01-1.254684148E-01-1.299976705E-01
-1.345024595E-01-1.389734965E-01-1.434013624E-01-1.477766995E-01-1.520903358E-01
-1.563333383E-01-1.604969791E-01-1.645727806E-01-1.685526166E-01-1.724286533E-01
-1.761934492E-01-1.798399695E-01-1.833615211E-01-1.867517774E-01-1.900045755E-01
-1.931141695E-01-1.960750072E-01-1.988817806E-01-2.015294883E-01-2.040132830E-01
-2.063283732E-01-2.084703191E-01-2.104348034E-01-2.122176789E-01-2.138149933E-01
-2.152229956E-01-2.164381571E-01-2.174571651E-01-2.182769465E-01-2.188946928E-01
-2.193078651E-01-2.195142033E-01-2.195117306E-01-2.192987532E-01-2.188738527E-01
-2.182358728E-01-2.173839018E-01-2.163172462E-01-2.150353993E-01-2.135380174E-01
-2.118248663E-01-2.098960006E-01-2.077510224E-01-2.053904373E-01-2.028135895E-01
-2.000208760E-01-1.970125867E-01-1.937880338E-01-1.903477386E-01-1.866922136E-01
-1.828210739E-01-1.787346849E-01-1.744337685E-01-1.699192686E-01-1.651922638E-01
-1.602540912E-01-1.551067164E-01-1.497527174E-01-1.441950796E-01-1.384372955E-01
-1.324833268E-01-1.263374573E-01-1.200042556E-01-1.134885244E-01-1.067951702E-01
-9.992907281E-02-9.289500077E-02-8.569755945E-02-7.834117695E-02-7.083017325E-02
-6.316889323E-02-5.536188119E-02-4.741408822E-02-3.933111238E-02-3.111951185E-02
-2.278702124E-02-1.434157913E-02-5.793058086E-03 2.829634470E-03 1.148086154E-02
 2.014536649E-02 2.882235088E-02 3.751111002E-02 4.621055039E-02 5.491971357E-02
 6.363774576E-02 7.236390206E-02 8.109769104E-02 8.983762616E-02 2.099821295E-02
 1.776003134E-02 1.452253546E-02 1.128584873E-02 8.049953480E-03 4.815130804E-03
 1.581771915E-03-1.657627628E-03-4.925366523E-03-8.224657698E-03-1.155149868E-02
-1.490620753E-02-1.829326807E-02-2.171866465E-02-2.518754108E-02-2.870361639E-02
-3.226990585E-02-3.588909163E-02-3.956347019E-02-4.329492392E-02-4.708492253E-02
-5.093451032E-02-5.484429274E-02-5.881441168E-02-6.284451915E-02-6.693375915E-02
-7.108074540E-02-7.528353480E-02-7.953959278E-02-8.384577116E-02-8.819829995E-02
-9.259279357E-02-9.702424715E-02-1.014870363E-01-1.059749246E-01-1.104810716E-01
-1.149980417E-01-1.195178665E-01-1.240321648E-01-1.285322430E-01-1.330091776E-01
-1.374538610E-01-1.418570342E-01-1.462094367E-01-1.505019224E-01-1.547254600E-01
-1.588712354E-01-1.629307878E-01-1.668959713E-01-1.707589513E-01-1.745123361E-01
-1.781489030E-01-1.816619198E-01-1.850449977E-01-1.882919344E-01-1.913969849E-01
-1.943546463E-01-1.971595902E-01-1.998066507E-01-2.022910264E-01-2.046080509E-01
-2.067532364E-01-2.087223104E-01-2.105111529E-01-2.121158449E-01-2.135326913E-01
-2.147581906E-01-2.157890584E-01-2.166222561E-01-2.172549944E-01-2.176847439E-01
-2.179092446E-01-2.179265078E-01-2.177348159E-01-2.173327155E-01-2.167190048E-01
-2.158927167E-01-2.148530978E-01-2.135995807E-01-2.121317402E-01-2.104493060E-01
-2.085520977E-01-2.064398264E-01-2.041128520E-01-2.015708302E-01-1.988140004E-01
-1.958417997E-01-1.926544855E-01-1.892526392E-01-1.856358653E-01-1.818041544E-01
-1.777585307E-01-1.734995763E-01-1.690276960E-01-1.643442112E-01-1.594507266E-01
-1.543492524E-01-1.490424438E-01-1.435331792E-01-1.378248054E-01-1.319213138E-01
-1.258271322E-01-1.195468886E-01-1.130853823E-01-1.064475100E-01-9.963809339E-02
-9.266175934E-02-8.552297951E-02-7.822610418E-02-7.077540942E-02-6.317520981E-02
-5.543003672E-02-4.754484426E-02-3.952523303E-02-3.137773451E-02-2.311004557E-02
-1.473015042E-02-6.247586818E-03 2.311136580E-03 1.090378508E-02 1.951500705E-02
 2.814335292E-02 3.678772299E-02 4.544667623E-02 5.411892978E-02 6.280332583E-02
 7.149885089E-02 8.020483821E-02 8.891925401E-02 2.160872662E-02 1.837879020E-02
 1.514973852E-02 1.192173727E-02 8.694761627E-03 5.468978949E-03 2.245195377E-03
-9.813616899E-04-4.232193483E-03-7.514680271E-03-1.082497091E-02-1.416215892E-02
-1.752995802E-02-2.093418218E-02-2.438021327E-02-2.787197971E-02-3.141253576E-02
-3.500458211E-02-3.865045878E-02-4.235210331E-02-4.611104489E-02-4.992838856E-02
-5.380478970E-02-5.774043846E-02-6.173504672E-02-6.578783899E-02-6.989752629E-02
-7.406227775E-02-7.827969785E-02-8.254680862E-02-8.686001602E-02-9.121508421E-02
-9.560713951E-02-1.000307021E-01-1.044797101E-01-1.089475445E-01-1.134270541E-01
-1.179105418E-01-1.223898305E-01-1.268563914E-01-1.313014168E-01-1.357158532E-01
-1.400905012E-01-1.444161923E-01-1.486838670E-01-1.528845090E-01-1.570093776E-01
-1.610500590E-01-1.649982215E-01-1.688460163E-01-1.725860074E-01-1.762108838E-01
-1.797138921E-01-1.830886009E-01-1.863289077E-01-1.894288756E-01-1.923828544E-01
-1.951855736E-01-1.978319586E-01-2.003171442E-01-2.026364727E-01-2.047854790E-01
-2.067599070E-01-2.085556742E-01-2.101689171E-01-2.115959626E-01-2.128333383E-01
-2.138778016E-01-2.147263422E-01-2.153761890E-01-2.158248226E-01-2.160699806E-01
-2.161096617E-01-2.159421227E-01-2.155658728E-01-2.149796621E-01-2.141824653E-01
-2.131734614E-01-2.119520112E-01-2.105176315E-01-2.088699611E-01-2.070087013E-01
-2.049336201E-01-2.026448169E-01-2.001423244E-01-1.974254729E-01-1.944948488E-01
-1.913503756E-01-1.879916592E-01-1.844189162E-01-1.806329835E-01-1.766340617E-01
-1.724223668E-01-1.679988942E-01-1.633654551E-01-1.585234429E-01-1.534746022E-01
-1.482216628E-01-1.427676449E-01-1.371159338E-01-1.312706294E-01-1.252360885E-01
-1.190167416E-01-1.126172618E-01-1.060425410E-01-9.929744525E-02-9.238662909E-02
-8.531455633E-02-7.808558440E-02-7.070398054E-02-6.317398436E-02-5.550001227E-02
-4.768691233E-02-3.974019662E-02-3.166631333E-02-2.347288254E-02-1.516791425E-02
-6.760659921E-03 1.724763084E-03 1.024994309E-02 1.879968225E-02 2.737180615E-02
 3.596472122E-02 4.457657654E-02 5.320572191E-02 6.185067579E-02 7.051015170E-02
 7.918331157E-02 8.786751497E-02 2.229819273E-02 1.907744897E-02 1.585779523E-02
 1.263944442E-02 9.422384440E-03 6.206716997E-03 2.993276541E-03-2.204364623E-04
-3.452318112E-03-6.715601993E-03-1.000726776E-02-1.332500630E-02-1.667155457E-02
-2.005239695E-02-2.347312894E-02-2.693796163E-02-3.045001916E-02-3.401200516E-02
-3.762628625E-02-4.129484228E-02-4.501925124E-02-4.880067408E-02-5.263983546E-02
-5.653701414E-02-6.049202540E-02-6.450418613E-02-6.857228569E-02-7.269457623E-02
-7.686877156E-02-8.109203245E-02-8.536094604E-02-8.967152322E-02-9.401916517E-02
-9.839862579E-02-1.028040461E-01-1.072290109E-01-1.116665625E-01-1.161091926E-01
-1.205489049E-01-1.249773367E-01-1.293858891E-01-1.337657001E-01-1.381076804E-01
-1.424028400E-01-1.466422099E-01-1.508167202E-01-1.549176338E-01-1.589365448E-01
-1.628650872E-01-1.666953359E-01-1.704198357E-01-1.740313402E-01-1.775230641E-01
-1.808883381E-01-1.841209037E-01-1.872148914E-01-1.901647082E-01-1.929649985E-01
-1.956106502E-01-1.980968073E-01-2.004187931E-01-2.025721770E-01-2.045527153E-01
-2.063563696E-01-2.079792968E-01-2.094178509E-01-2.106686044E-01-2.117283450E-01
-2.125940841E-01-2.132630700E-01-2.137327907E-01-2.140009817E-01-2.140656265E-01
-2.139249551E-01-2.135774379E-01-2.130217749E-01-2.122568813E-01-2.112818686E-01
-2.100960240E-01-2.086987887E-01-2.070897244E-01-2.052684998E-01-2.032348718E-01
-2.009886732E-01-1.985298249E-01-1.958577861E-01-1.929733831E-01-1.898758944E-01
-1.865658384E-01-1.830432139E-01-1.793079838E-01-1.753606212E-01-1.712023184E-01
-1.668340072E-01-1.622566766E-01-1.574717731E-01-1.524817259E-01-1.472895012E-01
-1.418978112E-01-1.363099522E-01-1.305300435E-01-1.245623873E-01-1.184113954E-01
-1.120818295E-01-1.055785753E-01-9.890624938E-02-9.206930962E-02-8.507215830E-02
-7.791916315E-02-7.061463639E-02-6.316285739E-02-5.556826574E-02-4.783572944E-02
-3.997074464E-02-3.197966689E-02-2.386996742E-02-1.564958410E-02-7.327440810E-03
 1.074774594E-03 9.522962802E-03 1.800262274E-02 2.651085040E-02 3.504542858E-02
 4.360398365E-02 5.218438718E-02 6.078472839E-02 6.940335824E-02 7.803920713E-02
 8.668894879E-02 2.306557934E-02 1.985501629E-02 1.664577660E-02 1.343811265E-02
 1.023202084E-02 7.027563820E-03 3.825310225E-03 6.244778404E-04-2.587342026E-03
-5.829284821E-03-9.100356167E-03-1.239696420E-02-1.572059989E-02-1.907617207E-02
-2.246938639E-02-2.590480725E-02-2.938571279E-02-3.291483256E-02-3.649457847E-02
-4.012698023E-02-4.381365379E-02-4.755579081E-02-5.135415810E-02-5.520909543E-02
-5.912049853E-02-6.308779134E-02-6.710991848E-02-7.118532620E-02-7.531191524E-02
-7.948700520E-02-8.370734417E-02-8.796911968E-02-9.226792882E-02-9.659873799E-02
-1.009558980E-01-1.053331879E-01-1.097238845E-01-1.141207993E-01-1.185161943E-01
-1.229019044E-01-1.272696038E-01-1.316106334E-01-1.359159968E-01-1.401767522E-01
-1.443840581E-01-1.485289568E-01-1.526026276E-01-1.565966771E-01-1.605029003E-01
-1.643133549E-01-1.680204895E-01-1.716168648E-01-1.750955104E-01-1.784498509E-01
-1.816736472E-01-1.847609285E-01-1.877060300E-01-1.905035563E-01-1.931483744E-01
-1.956355928E-01-1.979605566E-01-2.001188435E-01-2.021062199E-01-2.039186604E-01
-2.055523512E-01-2.070036816E-01-2.082692502E-01-2.093458706E-01-2.102305767E-01
-2.109206301E-01-2.114135255E-01-2.117069934E-01-2.117990009E-01-2.116877497E-01
-2.113716706E-01-2.108494129E-01-2.101198320E-01-2.091819718E-01-2.080350467E-01
-2.066784202E-01-2.051115836E-01-2.033341362E-01-2.013457655E-01-1.991462478E-01
-1.967353964E-01-1.941128338E-01-1.912787449E-01-1.882335426E-01-1.849765259E-01
-1.815083006E-01-1.778293642E-01-1.739399386E-01-1.698405005E-01-1.655321251E-01
-1.610165952E-01-1.562957245E-01-1.513714463E-01-1.462461363E-01-1.409228287E-01
-1.354054583E-01-1.296981094E-01-1.238046757E-01-1.177295164E-01-1.114774295E-01
-1.050531531E-01-9.846121862E-02-9.170610505E-02-8.479228587E-02-7.772399245E-02
-7.050528496E-02-6.314032665E-02-5.563354602E-02-4.798984877E-02-4.021477354E-02
-3.231467571E-02-2.429699606E-02-1.616972033E-02-7.941601644E-03 3.679226854E-04
 8.729337275E-03 1.712973345E-02 2.556562566E-02 3.403412733E-02 4.253233844E-02
 5.105765234E-02 5.960770866E-02 6.818045204E-02 7.677453178E-02 8.538580360E-02
 2.391015933E-02 2.071060205E-02 1.751260670E-02 1.431647470E-02 1.112222044E-02
 7.929895329E-03 4.739832564E-03 1.552452928E-03-1.639607847E-03-4.858221542E-03
-8.106489510E-03-1.138025051E-02-1.467946490E-02-1.800817028E-02-2.137199339E-02
-2.477585912E-02-2.822327131E-02-3.171697744E-02-3.525940495E-02-3.885262820E-02
-4.249832269E-02-4.619776740E-02-4.995184562E-02-5.376101703E-02-5.762528226E-02
-6.154416644E-02-6.551672045E-02-6.954151112E-02-7.361658235E-02-7.773941677E-02
-8.190693023E-02-8.611546870E-02-9.036081694E-02-9.463823459E-02-9.894240083E-02
-1.032673353E-01-1.076065595E-01-1.119532173E-01-1.162998596E-01-1.206385153E-01
-1.249609788E-01-1.292588509E-01-1.335234187E-01-1.377457422E-01-1.419170347E-01
-1.460286210E-01-1.500718008E-01-1.540381666E-01-1.579194746E-01-1.617075933E-01
-1.653948379E-01-1.689738889E-01-1.724377784E-01-1.757798291E-01-1.789937030E-01
-1.820733489E-01-1.850130641E-01-1.878073906E-01-1.904511673E-01-1.929394761E-01
-1.952676798E-01-1.974313215E-01-1.994261693E-01-2.012482288E-01-2.028936990E-01
-2.043589881E-01-2.056407196E-01-2.067357261E-01-2.076410592E-01-2.083539912E-01
-2.088720182E-01-2.091928633E-01-2.093144754E-01-2.092350272E-01-2.089529089E-01
-2.084667198E-01-2.077752555E-01-2.068774941E-01-2.057725785E-01-2.044597985E-01
-2.029385721E-01-2.012084269E-01-1.992689794E-01-1.971199413E-01-1.947610916E-01
-1.921921846E-01-1.894130949E-01-1.864242506E-01-1.832250140E-01-1.798164920E-01
-1.761981332E-01-1.723711143E-01-1.683363249E-01-1.640944385E-01-1.596466569E-01
-1.549948999E-01-1.501417650E-01-1.450900299E-01-1.398425667E-01-1.344027179E-01
-1.287742425E-01-1.229614949E-01-1.169692685E-01-1.108021072E-01-1.044643033E-01
-9.796032491E-02-9.129473725E-02-8.447191991E-02-7.749601239E-02-7.037104978E-02
-6.310124196E-02-5.569101693E-02-4.814508969E-02-4.046879399E-02-3.266837728E-02
-2.475123088E-02-1.672543131E-02-8.599691942E-03-3.915359113E-04 7.873863482E-03
 1.618627689E-02 2.454178348E-02 3.293668703E-02 4.136751097E-02 4.983115435E-02
 5.832479644E-02 6.684597212E-02 7.539306698E-02 8.396106448E-02 2.483036334E-02
 2.164265806E-02 1.845678827E-02 1.527310035E-02 1.209160908E-02 8.912362820E-03
 5.735542302E-03 2.562039978E-03-6.116264668E-04-3.805084504E-03-7.028275196E-03
-1.027751084E-02-1.355090921E-02-1.685129750E-02-2.018395347E-02-2.355412501E-02
-2.696569454E-02-3.042153107E-02-3.392411381E-02-3.747558614E-02-4.107768867E-02
-4.473176027E-02-4.843874323E-02-5.219916855E-02-5.601312785E-02-5.988024826E-02
-6.379968486E-02-6.777010889E-02-7.178968910E-02-7.585610600E-02-7.996654490E-02
-8.411760045E-02-8.830524948E-02-9.252499465E-02-9.677184829E-02-1.010401328E-01
-1.053235819E-01-1.096155130E-01-1.139088234E-01-1.181959384E-01-1.224687772E-01
-1.267190611E-01-1.309384137E-01-1.351182555E-01-1.392498732E-01-1.433247175E-01
-1.473341214E-01-1.512695043E-01-1.551226146E-01-1.588854800E-01-1.625504359E-01
-1.661100927E-01-1.695573765E-01-1.728855183E-01-1.760881057E-01-1.791590435E-01
-1.820925393E-01-1.848831010E-01-1.875255015E-01-1.900148444E-01-1.923464113E-01
-1.945157293E-01-1.965185983E-01-1.983510027E-01-2.000091538E-01-2.014894761E-01
-2.027886036E-01-2.039033830E-01-2.048308768E-01-2.055683614E-01-2.061133311E-01
-2.064634977E-01-2.066167897E-01-2.065713497E-01-2.063255276E-01-2.058778728E-01
-2.052271233E-01-2.043721930E-01-2.033121560E-01-2.020462314E-01-2.005737669E-01
-1.988942247E-01-1.970071625E-01-1.949122241E-01-1.926091537E-01-1.900977500E-01
-1.873778461E-01-1.844496148E-01-1.813130250E-01-1.779679238E-01-1.744157304E-01
-1.706562599E-01-1.666903621E-01-1.625196861E-01-1.581457140E-01-1.535698001E-01
-1.487940598E-01-1.438213618E-01-1.386551585E-01-1.332991107E-01-1.277568588E-01
-1.220324264E-01-1.161300628E-01-1.100542454E-01-1.038097124E-01-9.740112657E-02
-9.083271229E-02-8.410845225E-02-7.723242338E-02-7.020881198E-02-6.304184172E-02
-5.573587419E-02-4.829556048E-02-4.072619944E-02-3.303400803E-02-2.522624663E-02
-1.731085572E-02-9.296354878E-03-1.198589071E-03 6.961066052E-03 1.517633066E-02
 2.344318654E-02 3.175700295E-02 4.011362351E-02 4.850934118E-02 5.694076842E-02
 6.540495375E-02 7.389998616E-02 8.241991405E-02 2.582503376E-02 2.264994757E-02
 1.947696395E-02 1.630648293E-02 1.313853131E-02 9.973193370E-03 6.810602464E-03
 3.651426216E-03 4.947634956E-04-2.672346882E-03-5.867971959E-03-9.090656469E-03
-1.233678307E-02-1.560765826E-02-1.890786959E-02-2.224281959E-02-2.561684275E-02
-2.903299563E-02-3.249376744E-02-3.600133786E-02-3.955750892E-02-4.316367675E-02
-4.682083796E-02-5.052958594E-02-5.429008933E-02-5.810209046E-02-6.196491693E-02
-6.587743754E-02-6.983798426E-02-7.384437741E-02-7.789401502E-02-8.198378233E-02
-8.610990484E-02-9.026805241E-02-9.445342326E-02-9.866070065E-02-1.028840314E-01
-1.071169364E-01-1.113524842E-01-1.155834347E-01-1.198021900E-01-1.240007599E-01
-1.281709347E-01-1.323044155E-01-1.363925594E-01-1.404267223E-01-1.443984016E-01
-1.482992294E-01-1.521210356E-01-1.558558497E-01-1.594959278E-01-1.630338099E-01
-1.664623498E-01-1.697747568E-01-1.729645109E-01-1.760254570E-01-1.789517336E-01
-1.817377660E-01-1.843783461E-01-1.868684519E-01-1.892033291E-01-1.913785370E-01
-1.933898125E-01-1.952331435E-01-1.969047389E-01-1.984010253E-01-1.997186390E-01
-2.008544329E-01-2.018054700E-01-2.025690250E-01-2.031425855E-01-2.035238485E-01
-2.037107189E-01-2.037013082E-01-2.034939257E-01-2.030870718E-01-2.024794290E-01
-2.016698491E-01-2.006573417E-01-1.994410598E-01-1.980202856E-01-1.963944181E-01
-1.945629630E-01-1.925255198E-01-1.902817759E-01-1.878315323E-01-1.851746644E-01
-1.823111862E-01-1.792412592E-01-1.759647363E-01-1.724826412E-01-1.687953168E-01
-1.649043200E-01-1.608097713E-01-1.565138128E-01-1.520187956E-01-1.473268044E-01
-1.424400132E-01-1.373614928E-01-1.320949765E-01-1.266445882E-01-1.210145620E-01
-1.152089819E-01-1.092321223E-01-1.030883122E-01-9.678188316E-02-9.031716377E-02
-8.369848035E-02-7.692994398E-02-7.001542211E-02-6.295882612E-02-5.576445905E-02
-4.843713154E-02-4.098221463E-02-3.340585544E-02-2.571518025E-02-1.791807528E-02
-1.002297734E-02-2.044410561E-03 5.999419881E-03 1.410749103E-02 2.227644354E-02
 3.050076905E-02 3.877558059E-02 4.709649498E-02 5.545948929E-02 6.386107425E-02
 7.229899131E-02 8.076621696E-02 2.689249169E-02 2.373078347E-02 2.057150602E-02
 1.741512560E-02 1.426166944E-02 1.111123775E-02 7.963929824E-03 4.820088535E-03
 1.680278231E-03-1.462066184E-03-4.628275233E-03-7.822384555E-03-1.104008620E-02
-1.428072220E-02-1.754772876E-02-2.084634104E-02-2.418133944E-02-2.755611662E-02
-3.097320636E-02-3.443480323E-02-3.794276160E-02-4.149854812E-02-4.510325815E-02
-4.875761650E-02-5.246192315E-02-5.621601640E-02-6.001932102E-02-6.387088540E-02
-6.776927032E-02-7.171245954E-02-7.569795679E-02-7.972281604E-02-8.378358153E-02
-8.787628042E-02-9.199632687E-02-9.613857763E-02-1.002974706E-01-1.044669841E-01
-1.086406219E-01-1.128113928E-01-1.169720164E-01-1.211148513E-01-1.252317799E-01
-1.293145476E-01-1.333548329E-01-1.373442742E-01-1.412745454E-01-1.451373862E-01
-1.489246175E-01-1.526282615E-01-1.562405506E-01-1.597540244E-01-1.631615019E-01
-1.664560865E-01-1.696312283E-01-1.726806730E-01-1.755984761E-01-1.783790741E-01
-1.810170995E-01-1.835074727E-01-1.858454704E-01-1.880265469E-01-1.900464313E-01
-1.919010881E-01-1.935867116E-01-1.950997156E-01-1.964367319E-01-1.975946059E-01
-1.985703931E-01-1.993613602E-01-1.999649799E-01-2.003789307E-01-2.006010906E-01
-2.006295382E-01-2.004625412E-01-2.000985532E-01-1.995362030E-01-1.987742847E-01
-1.978117471E-01-1.966476813E-01-1.952813095E-01-1.937119748E-01-1.919391321E-01
-1.899623413E-01-1.877812632E-01-1.853956635E-01-1.828054322E-01-1.800105776E-01
-1.770112734E-01-1.738076697E-01-1.704001871E-01-1.667901208E-01-1.629774559E-01
-1.589647392E-01-1.547529329E-01-1.503434973E-01-1.457395018E-01-1.409440406E-01
-1.359597753E-01-1.307896858E-01-1.254376176E-01-1.199078785E-01-1.142049117E-01
-1.083330896E-01-1.022965469E-01-9.609944122E-02-8.974588044E-02-8.323988535E-02
-7.658544268E-02-6.978660539E-02-6.284750862E-02-5.577238760E-02-4.856576104E-02
-4.123272792E-02-3.377933865E-02-2.621279370E-02-1.854109630E-02-1.077264286E-02
-2.920940389E-03 4.998185967E-03 1.298962866E-02 2.105152883E-02 2.917759733E-02
 3.736223489E-02 4.560050467E-02 5.388785263E-02 6.222029832E-02 7.059523012E-02
 7.900441745E-02 2.803179961E-02 2.488435889E-02 2.173965923E-02 1.859821177E-02
 1.546003103E-02 1.232522283E-02 9.193890431E-03 6.066219843E-03 2.943095653E-03
-1.777009693E-04-3.313139859E-03-6.476363401E-03-9.664212903E-03-1.287380694E-02
-1.610698329E-02-1.936836393E-02-2.266300897E-02-2.599480204E-02-2.936646293E-02
-3.278023774E-02-3.623807167E-02-3.974151795E-02-4.329172613E-02-4.688949488E-02
-5.053527398E-02-5.422906520E-02-5.797037933E-02-6.175832105E-02-6.559159263E-02
-6.946843218E-02-7.338661876E-02-7.734339415E-02-8.133544239E-02-8.535900855E-02
-8.940986892E-02-9.348331029E-02-9.757409808E-02-1.016764897E-01-1.057843841E-01
-1.098911294E-01-1.139895513E-01-1.180722028E-01-1.221313909E-01-1.261592158E-01
-1.301476356E-01-1.340885097E-01-1.379736092E-01-1.417947580E-01-1.455438463E-01
-1.492129507E-01-1.527943690E-01-1.562805809E-01-1.596643747E-01-1.629388256E-01
-1.660972853E-01-1.691334371E-01-1.720413358E-01-1.748152358E-01-1.774496971E-01
-1.799396730E-01-1.822802979E-01-1.844669981E-01-1.864954634E-01-1.883616224E-01
-1.900616394E-01-1.915919024E-01-1.929490260E-01-1.941298401E-01-1.951313834E-01
-1.959509028E-01-1.965858504E-01-1.970338800E-01-1.972928399E-01-1.973607732E-01
-1.972359061E-01-1.969166456E-01-1.964015694E-01-1.956894170E-01-1.947790809E-01
-1.936695961E-01-1.923601308E-01-1.908499778E-01-1.891385489E-01-1.872253695E-01
-1.851100768E-01-1.827924232E-01-1.802722879E-01-1.775496935E-01-1.746248226E-01
-1.714980058E-01-1.681696529E-01-1.646407293E-01-1.609122296E-01-1.569852307E-01
-1.528617954E-01-1.485444434E-01-1.440343214E-01-1.393345426E-01-1.344489373E-01
-1.293810577E-01-1.241339809E-01-1.187112923E-01-1.131172685E-01-1.073563911E-01
-1.014330345E-01-9.535134893E-02-8.911524550E-02-8.272860620E-02-7.619531876E-02
-6.951925107E-02-6.270439209E-02-5.575496634E-02-4.867565152E-02-4.147162375E-02
-3.414875654E-02-2.671390689E-02-1.917483117E-02-1.153980831E-02-3.821791080E-03
 3.964776869E-03 1.183076957E-02 1.977702677E-02 2.779669578E-02 3.588336681E-02
 4.403148312E-02 5.223593916E-02 6.049226303E-02 6.879755869E-02 7.714242350E-02
 2.924189478E-02 2.610930505E-02 2.297973386E-02 1.985375325E-02 1.673139341E-02
 1.361278535E-02 1.049806676E-02 7.387371063E-03 4.281210421E-03 1.179760122E-03
-1.925856936E-03-5.055970923E-03-8.211967051E-03-1.138946507E-02-1.458825913E-02
-1.781185985E-02-2.106528353E-02-2.435296183E-02-2.767796794E-02-3.104258442E-02
-3.444880353E-02-3.789830684E-02-4.139235391E-02-4.493177549E-02-4.851704844E-02
-5.214829039E-02-5.582520544E-02-5.954709670E-02-6.331281578E-02-6.712070275E-02
-7.096867241E-02-7.485422324E-02-7.877438629E-02-8.272572943E-02-8.670429304E-02
-9.070565728E-02-9.472498420E-02-9.875680685E-02-1.027951458E-01-1.068336498E-01
-1.108656062E-01-1.148839733E-01-1.188814174E-01-1.228503531E-01-1.267829471E-01
-1.306712418E-01-1.345071932E-01-1.382827638E-01-1.419900117E-01-1.456210909E-01
-1.491682814E-01-1.526241251E-01-1.559813886E-01-1.592330665E-01-1.623724968E-01
-1.653933540E-01-1.682895049E-01-1.710551274E-01-1.736848197E-01-1.761733680E-01
-1.785158543E-01-1.807076572E-01-1.827444015E-01-1.846219705E-01-1.863364856E-01
-1.878843020E-01-1.892619989E-01-1.904663764E-01-1.914944486E-01-1.923434343E-01
-1.930107573E-01-1.934940394E-01-1.937910955E-01-1.938999298E-01-1.938187266E-01
-1.935458467E-01-1.930798191E-01-1.924193318E-01-1.915632252E-01-1.905104834E-01
-1.892602269E-01-1.878117053E-01-1.861642939E-01-1.843174891E-01-1.822709110E-01
-1.800243080E-01-1.775775513E-01-1.749306864E-01-1.720839135E-01-1.690376281E-01
-1.657923731E-01-1.623489621E-01-1.587087026E-01-1.548725740E-01-1.508427940E-01
-1.466206944E-01-1.422099109E-01-1.376126737E-01-1.328311233E-01-1.278694638E-01
-1.227320085E-01-1.174224222E-01-1.119439727E-01-1.063005211E-01-1.004964013E-01
-9.453593447E-02-8.842318919E-02-8.216197296E-02-7.575596214E-02-6.920891236E-02
-6.252480264E-02-5.570779959E-02-4.876244173E-02-4.169380912E-02-3.450775916E-02
-2.721115720E-02-1.981169606E-02-1.231739907E-02-4.740488028E-03 2.905603483E-03
 1.063731914E-02 1.845968519E-02 2.636537732E-02 3.434686816E-02 4.239786215E-02
 5.051268771E-02 5.868639081E-02 6.691578373E-02 7.519024764E-02 3.052066253E-02
 2.740345997E-02 2.428959820E-02 2.117970682E-02 1.807381725E-02 1.497207946E-02
 1.187466617E-02 8.781719046E-03 5.693480749E-03 2.610890738E-03-4.689710018E-04
-3.564402445E-03-6.686085247E-03-9.830287893E-03-1.299438073E-02-1.618019048E-02
-1.939212379E-02-2.263498266E-02-2.591242806E-02-2.922694104E-02-3.258048163E-02
-3.597474017E-02-3.941107905E-02-4.289047718E-02-4.641355264E-02-4.998053914E-02
-5.359121426E-02-5.724495001E-02-6.094076045E-02-6.467724450E-02-6.845258215E-02
-7.226450967E-02-7.611027545E-02-7.998672878E-02-8.389025848E-02-8.781663503E-02
-9.176115301E-02-9.571868982E-02-9.968371075E-02-1.036502861E-01-1.076120971E-01
-1.115624651E-01-1.154943480E-01-1.194004240E-01-1.232731490E-01-1.271047963E-01
-1.308875822E-01-1.346136949E-01-1.382752875E-01-1.418646086E-01-1.453740636E-01
-1.487962094E-01-1.521237703E-01-1.553497978E-01-1.584676228E-01-1.614707456E-01
-1.643529679E-01-1.671085210E-01-1.697318287E-01-1.722175985E-01-1.745608661E-01
-1.767569231E-01-1.788013352E-01-1.806899223E-01-1.824187470E-01-1.839841198E-01
-1.853825775E-01-1.866108752E-01-1.876659891E-01-1.885451037E-01-1.892456052E-01
-1.897650768E-01-1.901012944E-01-1.902522201E-01-1.902159958E-01-1.899909355E-01
-1.895755200E-01-1.889683900E-01-1.881683382E-01-1.871743030E-01-1.859853620E-01
-1.846007281E-01-1.830197458E-01-1.812418891E-01-1.792667669E-01-1.770941277E-01
-1.747238558E-01-1.721559983E-01-1.693908018E-01-1.664286907E-01-1.632703158E-01
-1.599165136E-01-1.563684983E-01-1.526277671E-01-1.486957598E-01-1.445751507E-01
-1.402674975E-01-1.357764209E-01-1.311054375E-01-1.262565917E-01-1.212334733E-01
-1.160407562E-01-1.106827403E-01-1.051628830E-01-9.948444666E-02-9.365128580E-02
-8.766756055E-02-8.153731557E-02-7.526434449E-02-6.885229433E-02-6.230489311E-02
-5.562619163E-02-4.882077468E-02-4.189372860E-02-3.485080592E-02-2.769868823E-02
-2.044492619E-02-1.309746380E-02-5.668121845E-03 1.830017969E-03 9.417738072E-03
 1.710671483E-02 2.488995998E-02 3.275876774E-02 4.070594633E-02 4.872499433E-02
 5.681022078E-02 6.495801075E-02 7.315647825E-02 3.186648512E-02 2.876529052E-02
 2.566778512E-02 2.257466761E-02 1.948596837E-02 1.640183898E-02 1.332245564E-02
 1.024797748E-02 7.178557305E-03 4.114755447E-03 1.056632593E-03-2.005231065E-03
-5.090317324E-03-8.199535576E-03-1.132843179E-02-1.447665529E-02-1.764738991E-02
-2.084528972E-02-2.407454491E-02-2.733807552E-02-3.063797384E-02-3.397600757E-02
-3.735363439E-02-4.077189583E-02-4.423143881E-02-4.773258456E-02-5.127529686E-02
-5.485915493E-02-5.848336262E-02-6.214669704E-02-6.584751297E-02-6.958380901E-02
-7.335310466E-02-7.715235761E-02-8.097809644E-02-8.482642739E-02-8.869304254E-02
-9.257322019E-02-9.646180818E-02-1.003532423E-01-1.042415331E-01-1.081203081E-01
-1.119828737E-01-1.158222161E-01-1.196311106E-01-1.234021731E-01-1.271278675E-01
-1.308005325E-01-1.344125445E-01-1.379563226E-01-1.414243423E-01-1.448091847E-01
-1.481037120E-01-1.513009876E-01-1.543942027E-01-1.573768218E-01-1.602427275E-01
-1.629859920E-01-1.656009407E-01-1.680822483E-01-1.704248544E-01-1.726239723E-01
-1.746750913E-01-1.765739604E-01-1.783165804E-01-1.798991948E-01-1.813182882E-01
-1.825705644E-01-1.836529471E-01-1.845625756E-01-1.852967905E-01-1.858531303E-01
-1.862293260E-01-1.864232943E-01-1.864331320E-01-1.862571057E-01-1.858936500E-01
-1.853413598E-01-1.845989834E-01-1.836654181E-01-1.825397039E-01-1.812210221E-01
-1.797086926E-01-1.780021746E-01-1.761010687E-01-1.740051247E-01-1.717142487E-01
-1.692285099E-01-1.665481685E-01-1.636737066E-01-1.606058146E-01-1.573454367E-01
-1.538937458E-01-1.502523053E-01-1.464228050E-01-1.424073209E-01-1.382085292E-01
-1.338289026E-01-1.292712439E-01-1.245400171E-01-1.196382204E-01-1.145682441E-01
-1.093346054E-01-1.039419860E-01-9.839426740E-02-9.269453221E-02-8.684595908E-02
-8.085230680E-02-7.471758264E-02-6.844571716E-02-6.204053172E-02-5.550594183E-02
-4.884623179E-02-4.206632197E-02-3.517200907E-02-2.816998514E-02-2.106775238E-02
-1.387306773E-02-6.597134840E-03 7.470030028E-04 8.181726507E-03 1.572801722E-02
 2.337990803E-02 3.112747746E-02 3.896287462E-02 4.687897264E-02 5.486940219E-02
 6.293003138E-02 7.104744866E-02 3.327826813E-02 3.019376891E-02 2.711330482E-02
 2.403762648E-02 2.096674955E-02 1.790081562E-02 1.483999250E-02 1.178445277E-02
 8.734357286E-03 5.689963118E-03 2.652196679E-03-3.816024257E-04-3.428945392E-03
-6.500897399E-03-9.593720287E-03-1.270440872E-02-1.583433425E-02-1.898747800E-02
-2.216837647E-02-2.538057070E-02-2.862639673E-02-3.190760211E-02-3.522566852E-02
-3.858177241E-02-4.197673018E-02-4.541100984E-02-4.888471833E-02-5.239756258E-02
-5.594889512E-02-5.953773001E-02-6.316260496E-02-6.682156824E-02-7.051228023E-02
-7.423199758E-02-7.797758799E-02-8.174551418E-02-8.553180891E-02-8.933208247E-02
-9.314150764E-02-9.695482709E-02-1.007664087E-01-1.045702298E-01-1.083599349E-01
-1.121289099E-01-1.158702915E-01-1.195769525E-01-1.232416064E-01-1.268569070E-01
-1.304154480E-01-1.339097770E-01-1.373324847E-01-1.406763718E-01-1.439343470E-01
-1.470993904E-01-1.501647057E-01-1.531238800E-01-1.559706759E-01-1.586990607E-01
-1.613033523E-01-1.637781363E-01-1.661182617E-01-1.683188706E-01-1.703753688E-01
-1.722834204E-01-1.740389585E-01-1.756381538E-01-1.770774193E-01-1.783534014E-01
-1.794629633E-01-1.804031870E-01-1.811713594E-01-1.817649673E-01-1.821816905E-01
-1.824193966E-01-1.824761332E-01-1.823501197E-01-1.820397447E-01-1.815435582E-01
-1.808602674E-01-1.799887313E-01-1.789279581E-01-1.776771018E-01-1.762354627E-01
-1.746024882E-01-1.727777764E-01-1.707610830E-01-1.685523313E-01-1.661516222E-01
-1.635592451E-01-1.607757034E-01-1.578017467E-01-1.546383565E-01-1.512867925E-01
-1.477485666E-01-1.440255343E-01-1.401196837E-01-1.360335788E-01-1.317698613E-01
-1.273317721E-01-1.227215945E-01-1.179439018E-01-1.130026182E-01-1.079000876E-01
-1.026396303E-01-9.722589787E-02-9.166319015E-02-8.595486417E-02-8.010371547E-02
-7.411294959E-02-6.798638144E-02-6.172813390E-02-5.534241204E-02-4.883355535E-02
-4.220630999E-02-3.546611466E-02-2.861940992E-02-2.167371361E-02-1.463687539E-02
-7.519428687E-03-3.345393278E-04 6.938242162E-03 1.433251894E-02 2.184447869E-02
 2.946271590E-02 3.717849991E-02 4.498398261E-02 5.287224302E-02 6.083889029E-02
 6.886905160E-02 3.475513154E-02 3.168788363E-02 2.862497213E-02 2.556719123E-02
 2.251455385E-02 1.946722123E-02 1.642537602E-02 1.338918723E-02 1.035881333E-02
 7.334423606E-03 4.316586328E-03 1.305718697E-03-1.706147478E-03-4.738313322E-03
-7.793191158E-03-1.086608857E-02-1.395590835E-02-1.706519404E-02-2.019818682E-02
-2.335893917E-02-2.655032339E-02-2.977428928E-02-3.303240516E-02-3.632595956E-02
-3.965588114E-02-4.302272930E-02-4.642675433E-02-4.986786504E-02-5.334551517E-02
-5.685873591E-02-6.040620280E-02-6.398621652E-02-6.759672041E-02-7.123527557E-02
-7.489903341E-02-7.858473971E-02-8.228871881E-02-8.600686128E-02-8.973466538E-02
-9.346722539E-02-9.719923432E-02-1.009250611E-01-1.046387642E-01-1.083340781E-01
-1.120044141E-01-1.156429992E-01-1.192429019E-01-1.227970427E-01-1.262982020E-01
-1.297391409E-01-1.331127446E-01-1.364119077E-01-1.396295279E-01-1.427586592E-01
-1.457926841E-01-1.487251327E-01-1.515496748E-01-1.542603037E-01-1.568512783E-01
-1.593170998E-01-1.616525558E-01-1.638527011E-01-1.659128588E-01-1.678286143E-01
-1.695958136E-01-1.712105560E-01-1.726691714E-01-1.739682364E-01-1.751045474E-01
-1.760751199E-01-1.768771793E-01-1.775081539E-01-1.779656667E-01-1.782475308E-01
-1.783517418E-01-1.782764705E-01-1.780200578E-01-1.775810111E-01-1.769579973E-01
-1.761498400E-01-1.751555178E-01-1.739741616E-01-1.726050558E-01-1.710476398E-01
-1.693015119E-01-1.673664374E-01-1.652423552E-01-1.629293925E-01-1.604278758E-01
-1.577383429E-01-1.548615586E-01-1.517985602E-01-1.485506276E-01-1.451193331E-01
-1.415064985E-01-1.377142339E-01-1.337448826E-01-1.296012723E-01-1.252860475E-01
-1.208028178E-01-1.161541097E-01-1.113436174E-01-1.063759537E-01-1.012541133E-01
-9.598024871E-02-9.055845306E-02-8.499315728E-02-7.928811146E-02-7.344631710E-02
-6.747060207E-02-6.136449770E-02-5.513222317E-02-4.877845028E-02-4.230816955E-02
-3.572680551E-02-2.904055069E-02-2.225654810E-02-1.538242363E-02-8.427927658E-03
-1.406744590E-03 5.696913706E-03 1.293016384E-02 2.029320727E-02 2.777360034E-02
 3.536181174E-02 4.304926730E-02 5.082836107E-02 5.869425220E-02 6.663048704E-02
 3.629571841E-02 3.324609187E-02 3.020110615E-02 2.716160584E-02 2.412757858E-02
 2.109916660E-02 1.807655956E-02 1.505997794E-02 1.204965417E-02 9.045790316E-03
 6.048634431E-03 3.059044846E-03 7.554708154E-05-2.916313606E-03-5.930710249E-03
-8.964914132E-03-1.201499994E-02-1.508136904E-02-1.816730941E-02-2.127707392E-02
-2.441422325E-02-2.758111119E-02-3.077937438E-02-3.401035307E-02-3.727512628E-02
-4.057441359E-02-4.390850569E-02-4.727732043E-02-5.068044215E-02-5.411711002E-02
-5.758623538E-02-6.108637175E-02-6.461569088E-02-6.817198542E-02-7.175265410E-02
-7.535468279E-02-7.897467111E-02-8.260883071E-02-8.625295684E-02-8.990248210E-02
-9.355250677E-02-9.719778421E-02-1.008326859E-01-1.044512655E-01-1.080473517E-01
-1.116145357E-01-1.151461888E-01-1.186354711E-01-1.220754679E-01-1.254592969E-01
-1.287799885E-01-1.320305043E-01-1.352038858E-01-1.382934311E-01-1.412925459E-01
-1.441946986E-01-1.469936283E-01-1.496833248E-01-1.522579880E-01-1.547120705E-01
-1.570402980E-01-1.592376508E-01-1.612993651E-01-1.632209537E-01-1.649981719E-01
-1.666270380E-01-1.681038035E-01-1.694249606E-01-1.705872324E-01-1.715875613E-01
-1.724231049E-01-1.730912253E-01-1.735894834E-01-1.739156338E-01-1.740676161E-01
-1.740435497E-01-1.738417277E-01-1.734606132E-01-1.728988343E-01-1.721551812E-01
-1.712286041E-01-1.701182133E-01-1.688232796E-01-1.673432359E-01-1.656776820E-01
-1.638263928E-01-1.617893242E-01-1.595666254E-01-1.571586502E-01-1.545659721E-01
-1.517893917E-01-1.488299431E-01-1.456889512E-01-1.423679826E-01-1.388688938E-01
-1.351937689E-01-1.313449495E-01-1.273250702E-01-1.231370428E-01-1.187836161E-01
-1.142684080E-01-1.095944455E-01-1.047644135E-01-9.978299579E-02-9.465387298E-02
-8.937920790E-02-8.396173192E-02-7.840573643E-02-7.271537932E-02-6.689408513E-02
-6.094490258E-02-5.487114859E-02-4.867709265E-02-4.236781123E-02-3.594902319E-02
-2.942706091E-02-2.280898627E-02-1.610219288E-02-9.315420008E-03-2.462673717E-03
 4.466395712E-03 1.153057364E-02 1.873626535E-02 2.607052138E-02 3.352292451E-02
 4.108437928E-02 4.874679831E-02 5.650498627E-02 6.434081636E-02 3.789840990E-02
 3.486671971E-02 3.183991947E-02 2.881890727E-02 2.580371396E-02 2.279453660E-02
 1.979159002E-02 1.679507801E-02 1.380521344E-02 1.082221015E-02 7.846256451E-03
 4.877782068E-03 1.917680067E-03-1.038968570E-03-4.010792313E-03-7.004002468E-03
-1.001403205E-02-1.303851618E-02-1.607895482E-02-1.913900779E-02-2.222265707E-02
-2.533291773E-02-2.847175662E-02-3.164058538E-02-3.484047123E-02-3.807215535E-02
-4.133605336E-02-4.463225683E-02-4.796054995E-02-5.132037934E-02-5.471083683E-02
-5.813066240E-02-6.157823132E-02-6.505153504E-02-6.854819590E-02-7.206547321E-02
-7.560023019E-02-7.914895140E-02-8.270778648E-02-8.627254260E-02-8.983865291E-02
-9.340115466E-02-9.695479113E-02-1.004940364E-01-1.040130799E-01-1.075058347E-01
-1.109659545E-01-1.143869751E-01-1.177623786E-01-1.210854753E-01-1.243494397E-01
-1.275474464E-01-1.306728450E-01-1.337190468E-01-1.366794434E-01-1.395476224E-01
-1.423173922E-01-1.449827266E-01-1.475378066E-01-1.499770677E-01-1.522951754E-01
-1.544870478E-01-1.565478548E-01-1.584730272E-01-1.602582417E-01-1.618994256E-01
-1.633927556E-01-1.647346373E-01-1.659217130E-01-1.669508472E-01-1.678191235E-01
-1.685238331E-01-1.690624697E-01-1.694327249E-01-1.696324789E-01-1.696597969E-01
-1.695129226E-01-1.691902736E-01-1.686904385E-01-1.680121746E-01-1.671544050E-01
-1.661162195E-01-1.648968748E-01-1.634957980E-01-1.619125908E-01-1.601470350E-01
-1.581991009E-01-1.560689565E-01-1.537569775E-01-1.512637583E-01-1.485901243E-01
-1.457371407E-01-1.427061060E-01-1.394986074E-01-1.361164668E-01-1.325617800E-01
-1.288368374E-01-1.249441694E-01-1.208865799E-01-1.166669575E-01-1.122881772E-01
-1.077536511E-01-1.030667489E-01-9.822977478E-02-9.324667564E-02-8.812167497E-02
-8.285740363E-02-7.745581628E-02-7.192054952E-02-6.625591189E-02-6.046592155E-02
-5.455413832E-02-4.852419239E-02-4.238039709E-02-3.612820042E-02-2.977402079E-02
-2.332513839E-02-1.678904735E-02-1.017383319E-02-3.493762068E-03 3.256031277E-03
 1.014302186E-02 1.718292097E-02 2.436314554E-02 3.167208014E-02 3.909993818E-02
 4.663809184E-02 5.428112774E-02 6.200939687E-02 3.956130901E-02 3.654775878E-02
 3.353943652E-02 3.053730500E-02 2.754136897E-02 2.455180401E-02 2.156881615E-02
 1.859260685E-02 1.562339252E-02 1.266143015E-02 9.706993099E-03 6.760357375E-03
 3.822237348E-03 8.926362173E-04-2.038173819E-03-4.987588593E-03-7.956262637E-03
-1.093942796E-02-1.393597747E-02-1.694813589E-02-1.997971529E-02-2.303433530E-02
-2.611444651E-02-2.922157785E-02-3.235687019E-02-3.552120995E-02-3.871519141E-02
-4.193907940E-02-4.519280287E-02-4.847595975E-02-5.178780792E-02-5.512725029E-02
-5.849283997E-02-6.188279260E-02-6.529496002E-02-6.872681912E-02-7.217551372E-02
-7.563786398E-02-7.911034097E-02-8.258902277E-02-8.606962690E-02-8.954758625E-02
-9.301803110E-02-9.647578515E-02-9.991535857E-02-1.033309765E-01-1.067167154E-01
-1.100665233E-01-1.133741112E-01-1.166329976E-01-1.198366286E-01-1.229785442E-01
-1.260522975E-01-1.290513410E-01-1.319692357E-01-1.347997204E-01-1.375366470E-01
-1.401740186E-01-1.427060461E-01-1.451271491E-01-1.474319676E-01-1.496153661E-01
-1.516724675E-01-1.535986260E-01-1.553894523E-01-1.570407845E-01-1.585487215E-01
-1.599095868E-01-1.611199405E-01-1.621765655E-01-1.630764679E-01-1.638168644E-01
-1.643951779E-01-1.648090326E-01-1.650562472E-01-1.651348294E-01-1.650429706E-01
-1.647790420E-01-1.643415916E-01-1.637293422E-01-1.629411887E-01-1.619761999E-01
-1.608336175E-01-1.595128611E-01-1.580135300E-01-1.563354104E-01-1.544784822E-01
-1.524429257E-01-1.502291294E-01-1.478377034E-01-1.452694858E-01-1.425255466E-01
-1.396071894E-01-1.365159609E-01-1.332536666E-01-1.298223355E-01-1.262242430E-01
-1.224618293E-01-1.185377400E-01-1.144548008E-01-1.102158706E-01-1.058239078E-01
-1.012820023E-01-9.659367666E-02-9.176135257E-02-8.678791804E-02-8.167771388E-02
-7.643404491E-02-7.105903188E-02-6.555527517E-02-5.992709983E-02-5.417903523E-02
-4.831533585E-02-4.234024240E-02-3.625851199E-02-3.007594191E-02-2.379961964E-02
-1.743716223E-02-1.099640662E-02-4.491868883E-03 2.075769208E-03 8.777951850E-03
 1.564334016E-02 2.266122055E-02 2.981882880E-02 3.710564676E-02 4.451237823E-02
 5.203324899E-02 5.964698261E-02 4.128278178E-02 3.828776086E-02 3.529825939E-02
 3.231527574E-02 2.933879934E-02 2.636900654E-02 2.340613258E-02 2.045043777E-02
 1.750219390E-02 1.456166249E-02 1.162909976E-02 8.704742025E-03 5.788905619E-03
 2.882524159E-03-1.607309854E-05-2.921191510E-03-5.845742114E-03-8.786998827E-03
-1.174090587E-02-1.470733491E-02-1.768885980E-02-2.068912956E-02-2.371132604E-02
-2.675751943E-02-2.982903234E-02-3.292685811E-02-3.605171158E-02-3.920398849E-02
-4.238375723E-02-4.559075235E-02-4.882437417E-02-5.208370548E-02-5.536749724E-02
-5.867414277E-02-6.200170495E-02-6.534793992E-02-6.871028463E-02-7.208581979E-02
-7.547123957E-02-7.886292631E-02-8.225697557E-02-8.564916205E-02-8.903494691E-02
-9.240946028E-02-9.576753906E-02-9.910385164E-02-1.024128805E-01-1.056888255E-01
-1.089256513E-01-1.121171896E-01-1.152572938E-01-1.183397843E-01-1.213583131E-01
-1.243065485E-01-1.271782809E-01-1.299673626E-01-1.326677339E-01-1.352734771E-01
-1.377788547E-01-1.401782978E-01-1.424664421E-01-1.446381347E-01-1.466884558E-01
-1.486127056E-01-1.504064341E-01-1.520654109E-01-1.535856530E-01-1.549634085E-01
-1.561951585E-01-1.572776045E-01-1.582076741E-01-1.589825078E-01-1.595994555E-01
-1.600560722E-01-1.603501124E-01-1.604795239E-01-1.604424431E-01-1.602371932E-01
-1.598622799E-01-1.593163881E-01-1.585983831E-01-1.577073087E-01-1.566423898E-01
-1.554030346E-01-1.539888364E-01-1.523995797E-01-1.506352466E-01-1.486960213E-01
-1.465822986E-01-1.442946908E-01-1.418340322E-01-1.392013854E-01-1.363980468E-01
-1.334255299E-01-1.302855842E-01-1.269801750E-01-1.235114834E-01-1.198819014E-01
-1.160939508E-01-1.121503013E-01-1.080537161E-01-1.038070252E-01-9.941320008E-02
-9.487503150E-02-9.019595050E-02-8.537867983E-02-8.042542084E-02-7.534015000E-02
-7.012676507E-02-6.478787831E-02-5.932586886E-02-5.374459337E-02-4.804895167E-02
-4.224399306E-02-3.633472954E-02-3.032663080E-02-2.422612085E-02-1.804040974E-02
-1.177695239E-02-5.450000908E-03 9.345608646E-04 7.445396262E-03 1.412816793E-02
 2.097561972E-02 2.797380545E-02 3.511165573E-02 4.237943515E-02 4.977106923E-02
 5.726350861E-02 4.306142012E-02 4.008510187E-02 3.711455681E-02 3.415084387E-02
 3.119399439E-02 2.824424060E-02 2.530183663E-02 2.236701983E-02 1.944002834E-02
 1.652110795E-02 1.361051572E-02 1.070852286E-02 7.815393855E-03 4.931615238E-03
 2.058163378E-03-8.092378321E-04-3.687871598E-03-6.585015403E-03-9.496283710E-03
-1.241849450E-02-1.535218586E-02-1.830019543E-02-2.126605506E-02-2.425260307E-02
-2.726158640E-02-3.029410009E-02-3.335094666E-02-3.643264407E-02-3.953938261E-02
-4.267104316E-02-4.582719715E-02-4.900708066E-02-5.220960196E-02-5.543337358E-02
-5.867671423E-02-6.193762269E-02-6.521373541E-02-6.850234260E-02-7.180045437E-02
-7.510478573E-02-7.841173069E-02-8.171737006E-02-8.501745000E-02-8.830742923E-02
-9.158258639E-02-9.483797235E-02-9.806832830E-02-1.012681342E-01-1.044316911E-01
-1.075532608E-01-1.106270347E-01-1.136469832E-01-1.166070075E-01-1.195010705E-01
-1.223231506E-01-1.250672468E-01-1.277274331E-01-1.302979136E-01-1.327730149E-01
-1.351472239E-01-1.374151912E-01-1.395717800E-01-1.416120453E-01-1.435312609E-01
-1.453249207E-01-1.469887495E-01-1.485186922E-01-1.499109280E-01-1.511618639E-01
-1.522681262E-01-1.532265658E-01-1.540342486E-01-1.546884512E-01-1.551866588E-01
-1.555265602E-01-1.557060416E-01-1.557231831E-01-1.555762566E-01-1.552637221E-01
-1.547842252E-01-1.541365974E-01-1.533198551E-01-1.523332008E-01-1.511760252E-01
-1.498479101E-01-1.483486312E-01-1.466781639E-01-1.448366872E-01-1.428245896E-01
-1.406424732E-01-1.382911558E-01-1.357716791E-01-1.330853049E-01-1.302335112E-01
-1.272179845E-01-1.240406223E-01-1.207034883E-01-1.172088534E-01-1.135591622E-01
-1.097569514E-01-1.058048378E-01-1.017054897E-01-9.746171000E-02-9.307640482E-02
-8.855211563E-02-8.389207236E-02-7.909928168E-02-7.417587606E-02-6.912510185E-02
-6.395116067E-02-5.865745324E-02-5.324673386E-02-4.772240198E-02-4.208961384E-02
-3.635405963E-02-3.052166861E-02-2.459878573E-02-1.859222343E-02-1.250877683E-02
-6.361261373E-03-1.595902603E-04 6.154417116E-03 1.264731922E-02 1.931695345E-02
 2.614805050E-02 3.312912783E-02 4.025020141E-02 4.750503897E-02 5.486892035E-02
 4.489536364E-02 4.193788233E-02 3.898651208E-02 3.604238554E-02 3.310551077E-02
 3.017608634E-02 2.725434383E-02 2.434051466E-02 2.143484309E-02 1.853760039E-02
 1.564907920E-02 1.276957208E-02 9.899338697E-03 7.038605843E-03 4.188008469E-03
 1.348143319E-03-1.488185243E-03-4.338091378E-03-7.204799379E-03-1.008334930E-02
-1.297138295E-02-1.586993607E-02-1.878194063E-02-2.171069780E-02-2.465869251E-02
-2.762738069E-02-3.061764065E-02-3.363008458E-02-3.666505714E-02-3.972258238E-02
-4.280235671E-02-4.590378311E-02-4.902598571E-02-5.216779709E-02-5.532772634E-02
-5.850392951E-02-6.169426543E-02-6.489632535E-02-6.810739882E-02-7.132446661E-02
-7.454419860E-02-7.776293539E-02-8.097674649E-02-8.418151407E-02-8.737286351E-02
-9.054609991E-02-9.369625377E-02-9.681814576E-02-9.990651071E-02-1.029559851E-01
-1.059609500E-01-1.089156427E-01-1.118143045E-01-1.146511523E-01-1.174203627E-01
-1.201161237E-01-1.227326897E-01-1.252643984E-01-1.277056819E-01-1.300511054E-01
-1.322953799E-01-1.344333975E-01-1.364602200E-01-1.383711218E-01-1.401615596E-01
-1.418272284E-01-1.433640218E-01-1.447680606E-01-1.460356869E-01-1.471634611E-01
-1.481481634E-01-1.489867894E-01-1.496765446E-01-1.502148458E-01-1.505993163E-01
-1.508277805E-01-1.508982611E-01-1.508089758E-01-1.505583361E-01-1.501449453E-01
-1.495675971E-01-1.488252751E-01-1.479171548E-01-1.468426027E-01-1.456011802E-01
-1.441926453E-01-1.426169565E-01-1.408742769E-01-1.389649755E-01-1.368896311E-01
-1.346490333E-01-1.322441861E-01-1.296762989E-01-1.269467946E-01-1.240572884E-01
-1.210095898E-01-1.178056871E-01-1.144476801E-01-1.109378722E-01-1.072787054E-01
-1.034726737E-01-9.952229721E-02-9.543015705E-02-9.119900661E-02-8.683161057E-02
-8.233040626E-02-7.769839448E-02-7.293879503E-02-6.805399103E-02-6.304665109E-02
-5.792104091E-02-5.268129755E-02-4.733078659E-02-4.187316873E-02-3.631346594E-02
-3.065800261E-02-2.491362449E-02-1.908731369E-02-1.318553217E-02-7.219064475E-03
-1.200649839E-03 4.913360440E-03 1.121016205E-02 1.769513837E-02 2.435213610E-02
 3.116914562E-02 3.813598697E-02 4.524646210E-02 5.247433787E-02 4.678305791E-02
 4.384474229E-02 4.091284003E-02 3.798850564E-02 3.507172313E-02 3.216269024E-02
 2.926165615E-02 2.636888837E-02 2.348466751E-02 2.060926372E-02 1.774292799E-02
 1.488591104E-02 1.203850178E-02 9.201010135E-03 6.373766127E-03 3.557580886E-03
 7.522514129E-04-2.052050192E-03-4.870859380E-03-7.704591665E-03-1.054824433E-02
-1.340004817E-02-1.626131064E-02-1.913493322E-02-2.202395758E-02-2.493055002E-02
-2.785592784E-02-3.080079883E-02-3.376559331E-02-3.675046874E-02-3.975530327E-02
-4.277969749E-02-4.582295785E-02-4.888406156E-02-5.196166275E-02-5.505415377E-02
-5.815966038E-02-6.127600587E-02-6.440072069E-02-6.753102933E-02-7.066383779E-02
-7.379580071E-02-7.692338045E-02-8.004276501E-02-8.314982276E-02-8.624014355E-02
-8.930908909E-02-9.235190135E-02-9.536370601E-02-9.833935504E-02-1.012734982E-01
-1.041607380E-01-1.069956204E-01-1.097726009E-01-1.124860915E-01-1.151305045E-01
-1.177002960E-01-1.201899569E-01-1.225940655E-01-1.249072873E-01-1.271244338E-01
-1.292404482E-01-1.312504325E-01-1.331496782E-01-1.349336432E-01-1.365980037E-01
-1.381386257E-01-1.395515889E-01-1.408331835E-01-1.419799156E-01-1.429885046E-01
-1.438558828E-01-1.445791906E-01-1.451557802E-01-1.455832119E-01-1.458592493E-01
-1.459818565E-01-1.459491968E-01-1.457596309E-01-1.454117156E-01-1.449042026E-01
-1.442360378E-01-1.434063609E-01-1.424145080E-01-1.412600113E-01-1.399426012E-01
-1.384622087E-01-1.368189668E-01-1.350132130E-01-1.330454895E-01-1.309165423E-01
-1.286273216E-01-1.261789771E-01-1.235728553E-01-1.208104831E-01-1.178935724E-01
-1.148239960E-01-1.116037814E-01-1.082350138E-01-1.047199813E-01-1.010610826E-01
-9.726073110E-02-9.332133615E-02-8.924541719E-02-8.503564165E-02-8.069462861E-02
-7.622486112E-02-7.162915792E-02-6.691080278E-02-6.207259293E-02-5.711714486E-02
-5.204848699E-02-4.687128029E-02-4.158977632E-02-3.620818214E-02-3.073162412E-02
-2.516692011E-02-1.952150117E-02-1.380206558E-02-8.017854693E-03-2.183708800E-03
 3.730148402E-03 9.825814723E-03 1.611965236E-02 2.259601112E-02 2.924221054E-02
 3.604783945E-02 4.300675085E-02 5.009126000E-02 4.872327068E-02 4.580424448E-02
 4.289187739E-02 3.998736948E-02 3.709072481E-02 3.420218224E-02 3.132201747E-02
 2.845048158E-02 2.558780883E-02 2.273424511E-02 1.989007522E-02 1.705561929E-02
 1.423119884E-02 1.141712224E-02 8.613652585E-03 5.821116229E-03 3.040407857E-03
 2.703331006E-04-2.500898273E-03-5.286526854E-03-8.085115594E-03-1.089189318E-02
-1.370549476E-02-1.652733596E-02-1.936021359E-02-2.220693868E-02-2.506941669E-02
-2.794863855E-02-3.084514009E-02-3.375923222E-02-3.669097256E-02-3.964011138E-02
-4.260606895E-02-4.558798241E-02-4.858474164E-02-5.159496346E-02-5.461697086E-02
-5.764880779E-02-6.068821879E-02-6.373264289E-02-6.677928845E-02-6.982516759E-02
-7.286700755E-02-7.590122335E-02-7.892395513E-02-8.193110590E-02-8.491843492E-02
-8.788157470E-02-9.081587983E-02-9.371646036E-02-9.657833536E-02-9.939644341E-02
-1.021655986E-01-1.048805227E-01-1.075358838E-01-1.101263467E-01-1.126465706E-01
-1.150912388E-01-1.174550909E-01-1.197329363E-01-1.219197013E-01-1.240104143E-01
-1.260002537E-01-1.278845433E-01-1.296587795E-01-1.313186361E-01-1.328599759E-01
-1.342788591E-01-1.355715416E-01-1.367344895E-01-1.377643737E-01-1.386580747E-01
-1.394126761E-01-1.400254716E-01-1.404939635E-01-1.408158572E-01-1.409890592E-01
-1.410116780E-01-1.408820226E-01-1.405986007E-01-1.401601165E-01-1.395654721E-01
-1.388137661E-01-1.379042953E-01-1.368365531E-01-1.356102320E-01-1.342252237E-01
-1.326816197E-01-1.309797112E-01-1.291199891E-01-1.271031423E-01-1.249300548E-01
-1.226018003E-01-1.201196387E-01-1.174850012E-01-1.146994793E-01-1.117648293E-01
-1.086829372E-01-1.054558287E-01-1.020855379E-01-9.857430537E-02-9.492445970E-02
-9.113832033E-02-8.721820009E-02-8.316658237E-02-7.898602183E-02-7.467907336E-02
-7.024835313E-02-6.569655845E-02-6.102700684E-02-5.624297141E-02-5.134734898E-02
-4.634394164E-02-4.123780288E-02-3.603402826E-02-3.073752989E-02-2.535403152E-02
-1.989045290E-02-1.435376684E-02-8.752407175E-03-3.102881398E-03 2.612238652E-03
 8.502656200E-03 1.459950765E-02 2.088920554E-02 2.735829368E-02 3.399617460E-02
 4.079679468E-02 4.773104239E-02 5.071432398E-02 4.781461177E-02 4.492184190E-02
 4.203729312E-02 3.916097081E-02 3.629308506E-02 3.343386732E-02 3.058356134E-02
 2.774244846E-02 2.491083883E-02 2.208903808E-02 1.927733722E-02 1.647600447E-02
 1.368530001E-02 1.090548662E-02 8.136816990E-03 5.379711942E-03 2.635213807E-03
-9.881071910E-05-2.835592896E-03-5.585941371E-03-8.347353224E-03-1.111536339E-02
-1.388884797E-02-1.666922577E-02-1.945911840E-02-2.226109494E-02-2.507687118E-02
-2.790731711E-02-3.075285215E-02-3.361362582E-02-3.648950223E-02-3.938008659E-02
-4.228473399E-02-4.520252058E-02-4.813224128E-02-5.107242033E-02-5.402128896E-02
-5.697678959E-02-5.993665134E-02-6.289840273E-02-6.585928238E-02-6.881622853E-02
-7.176591170E-02-7.470476142E-02-7.762904788E-02-8.053490960E-02-8.341821268E-02
-8.627455020E-02-8.909938928E-02-9.188809902E-02-9.463590348E-02-9.733789582E-02
-9.998907642E-02-1.025843924E-01-1.051187587E-01-1.075870565E-01-1.099841869E-01
-1.123050636E-01-1.145446777E-01-1.166980854E-01-1.187604326E-01-1.207269997E-01
-1.225931717E-01-1.243545084E-01-1.260067104E-01-1.275456580E-01-1.289674151E-01
-1.302682238E-01-1.314445270E-01-1.324929633E-01-1.334103746E-01-1.341937992E-01
-1.348404815E-01-1.353478727E-01-1.357136244E-01-1.359355886E-01-1.360118204E-01
-1.359405766E-01-1.357203134E-01-1.353496841E-01-1.348275419E-01-1.341529379E-01
-1.333251207E-01-1.323435363E-01-1.312078284E-01-1.299178378E-01-1.284736020E-01
-1.268753542E-01-1.251235210E-01-1.232187202E-01-1.211617567E-01-1.189536140E-01
-1.165954520E-01-1.140885976E-01-1.114345251E-01-1.086348557E-01-1.056913359E-01
-1.026058353E-01-9.938034699E-02-9.601683184E-02-9.251746615E-02-8.888450312E-02
-8.512017602E-02-8.122673355E-02-7.720664522E-02-7.306236782E-02-6.879649576E-02
-6.441181262E-02-5.991099133E-02-5.529743312E-02-5.057482715E-02-4.574654568E-02
-4.081646670E-02-3.578986292E-02-3.067249685E-02-2.547021747E-02-2.018931023E-02
-1.483596822E-02-9.417821459E-03-3.952336447E-03 1.566950942E-03 7.248857212E-03
 1.314318277E-02 1.924059080E-02 2.552680156E-02 3.199087788E-02 3.862689142E-02
 4.540438522E-02 5.275458426E-02 4.987435856E-02 4.700138039E-02 4.413694182E-02
 4.128100030E-02 3.843377274E-02 3.559554763E-02 3.276662408E-02 2.994729295E-02
 2.713782811E-02 2.433847713E-02 2.154947727E-02 1.877107017E-02 1.600351809E-02
 1.324711032E-02 1.050215283E-02 7.768939576E-03 5.048009880E-03 2.340505360E-03
-3.565365684E-04-3.057079676E-03-5.770046778E-03-8.492421296E-03-1.121993648E-02
-1.395150400E-02-1.668844607E-02-1.943323706E-02-2.218829047E-02-2.495516933E-02
-2.773456470E-02-3.052671351E-02-3.333164670E-02-3.614916609E-02-3.897878836E-02
-4.181975854E-02-4.467105514E-02-4.753136873E-02-5.039911784E-02-5.327252053E-02
-5.614958997E-02-5.902804861E-02-6.190533101E-02-6.477861302E-02-6.764482959E-02
-7.050074620E-02-7.334299377E-02-7.616794233E-02-7.897167308E-02-8.175011341E-02
-8.449907978E-02-8.721423331E-02-8.989107727E-02-9.252499433E-02-9.511127054E-02
-9.764513597E-02-1.001217508E-01-1.025362444E-01-1.048837364E-01-1.071593501E-01
-1.093582629E-01-1.114756876E-01-1.135069178E-01-1.154473496E-01-1.172924678E-01
-1.190379113E-01-1.206794381E-01-1.222129690E-01-1.236345933E-01-1.249405635E-01
-1.261273181E-01-1.271914810E-01-1.281298711E-01-1.289394947E-01-1.296175582E-01
-1.301614708E-01-1.305688368E-01-1.308374592E-01-1.309653429E-01-1.309506932E-01
-1.307919124E-01-1.304876020E-01-1.300365619E-01-1.294377897E-01-1.286904784E-01
-1.277940185E-01-1.267479953E-01-1.255521883E-01-1.242065693E-01-1.227113016E-01
-1.210667353E-01-1.192734045E-01-1.173320226E-01-1.152434747E-01-1.130088114E-01
-1.106292408E-01-1.081061125E-01-1.054409191E-01-1.026352713E-01-9.969087451E-02
-9.660956209E-02-9.339327598E-02-9.004389969E-02-8.656354610E-02-8.295440262E-02
-7.921864347E-02-7.535849599E-02-7.137643324E-02-6.727488262E-02-6.305655892E-02
-5.872439908E-02-5.428121081E-02-4.973054667E-02-4.507641700E-02-4.032278264E-02
-3.547388990E-02-3.053514322E-02-2.551292250E-02-2.041389965E-02-1.524393303E-02
-1.000939209E-02-4.726986735E-03 6.007948585E-04 6.072387711E-03 1.175964859E-02
 1.765933045E-02 2.375674205E-02 3.004114526E-02 3.650669292E-02 4.312139648E-02
 5.484286834E-02 5.198225063E-02 4.912910831E-02 4.628479180E-02 4.344931054E-02
 4.062292579E-02 3.780592567E-02 3.499856734E-02 3.220107878E-02 2.941367800E-02
 2.663658647E-02 2.387004388E-02 2.111431262E-02 1.836967480E-02 1.563643447E-02
 1.291492666E-02 1.020551753E-02 7.508569291E-03 4.824720132E-03 2.155092515E-03
-5.039244862E-04-3.166386989E-03-5.840050768E-03-8.521665896E-03-1.120705033E-02
-1.389507626E-02-1.658692067E-02-1.928483895E-02-2.199102032E-02-2.470688357E-02
-2.743305486E-02-3.016969968E-02-3.291673085E-02-3.567383216E-02-3.844042067E-02
-4.121562533E-02-4.399831938E-02-4.678718384E-02-4.958068782E-02-5.237701123E-02
-5.517405904E-02-5.796948654E-02-6.076071075E-02-6.354497154E-02-6.631937287E-02
-6.908077279E-02-7.182573376E-02-7.455064126E-02-7.725176031E-02-7.992519872E-02
-8.256688959E-02-8.517262325E-02-8.773806531E-02-9.025879737E-02-9.273031418E-02
-9.514803256E-02-9.750733860E-02-9.980357326E-02-1.020320947E-01-1.041882699E-01
-1.062674911E-01-1.082652240E-01-1.101769920E-01-1.119984132E-01-1.137252212E-01
-1.153532598E-01-1.168785134E-01-1.182971170E-01-1.196053569E-01-1.207996884E-01
-1.218767390E-01-1.228333217E-01-1.236664261E-01-1.243732339E-01-1.249511228E-01
-1.253976585E-01-1.257106021E-01-1.258879133E-01-1.259277473E-01-1.258284548E-01
-1.255885836E-01-1.252068776E-01-1.246822754E-01-1.240139103E-01-1.232011098E-01
-1.222433918E-01-1.211404654E-01-1.198922272E-01-1.184987589E-01-1.169603243E-01
-1.152773649E-01-1.134504923E-01-1.114804826E-01-1.093682711E-01-1.071149413E-01
-1.047217133E-01-1.021899407E-01-9.952109774E-02-9.671675924E-02-9.377858425E-02
-9.070835422E-02-8.750795677E-02-8.417920921E-02-8.072417631E-02-7.714500372E-02
-7.344384454E-02-6.962294987E-02-6.568482519E-02-6.163195539E-02-5.746722443E-02
-5.319372016E-02-4.881454314E-02-4.433343839E-02-3.975471901E-02-3.508295625E-02
-3.032289612E-02-2.548023432E-02-2.056183938E-02-1.557403873E-02-1.052265652E-02
-5.422294854E-03-2.814224376E-04 4.979732042E-03 1.045710060E-02 1.615495985E-02
 2.205822999E-02 2.815675299E-02 3.444550840E-02 4.089142924E-02 5.697784717E-02
 5.413686753E-02 5.130367364E-02 4.847968901E-02 4.566490421E-02 4.285953317E-02
 4.006379776E-02 3.727789905E-02 3.450204001E-02 3.173644049E-02 2.898134093E-02
 2.623699889E-02 2.350369041E-02 2.078171772E-02 1.807142386E-02 1.537319674E-02
 1.268743661E-02 1.001452248E-02 7.354786169E-03 4.708872236E-03 2.077866905E-03
-5.420773240E-04-3.164730136E-03-5.797344669E-03-8.436732287E-03-1.107865904E-02
-1.372176936E-02-1.636696111E-02-1.901627027E-02-2.167178595E-02-2.433487239E-02
-2.700607150E-02-2.968544099E-02-3.237278161E-02-3.506764811E-02-3.776935742E-02
-4.047703296E-02-4.318957756E-02-4.590560792E-02-4.862347650E-02-5.134129306E-02
-5.405693274E-02-5.676808915E-02-5.947231811E-02-6.216694466E-02-6.484899892E-02
-6.751531539E-02-7.016260005E-02-7.278740306E-02-7.538609218E-02-7.795487530E-02
-8.048982015E-02-8.298688109E-02-8.544191820E-02-8.785068270E-02-9.020886217E-02
-9.251208616E-02-9.475593825E-02-9.693600765E-02-9.904786512E-02-1.010871002E-01
-1.030493596E-01-1.049303159E-01-1.067257406E-01-1.084314792E-01-1.100434847E-01
-1.115578272E-01-1.129707070E-01-1.142784664E-01-1.154775977E-01-1.165647511E-01
-1.175367511E-01-1.183905865E-01-1.191234286E-01-1.197326361E-01-1.202157463E-01
-1.205704872E-01-1.207947795E-01-1.208867324E-01-1.208446479E-01-1.206670212E-01
-1.203525381E-01-1.199000766E-01-1.193087054E-01-1.185776817E-01-1.177064516E-01
-1.166946460E-01-1.155420790E-01-1.142487432E-01-1.128148071E-01-1.112406095E-01
-1.095266543E-01-1.076736026E-01-1.056822684E-01-1.035536060E-01-1.012887041E-01
-9.888877861E-02-9.635515917E-02-9.368928017E-02-9.089267970E-02-8.796696876E-02
-8.491387486E-02-8.173524102E-02-7.843284343E-02-7.500872342E-02-7.146501693E-02
-6.780390296E-02-6.402770057E-02-6.013898589E-02-5.614038465E-02-5.203497425E-02
-4.782604082E-02-4.351707420E-02-3.911203764E-02-3.461559586E-02-3.003285401E-02
-2.536917882E-02-2.063070653E-02-1.582374948E-02-1.095414409E-02-6.034643374E-03
-1.077950707E-03 3.975650359E-03 9.242221348E-03 1.473556025E-02 2.044087806E-02
 2.634842850E-02 3.245421648E-02 3.872459084E-02 5.915831233E-02 5.633720562E-02
 5.352419148E-02 5.072069467E-02 4.792662458E-02 4.514213893E-02 4.236743657E-02
 3.960272011E-02 3.684821016E-02 3.410414277E-02 3.137076943E-02 2.864836484E-02
 2.593724252E-02 2.323776781E-02 2.055032541E-02 1.787529581E-02 1.521304956E-02
 1.256395948E-02 9.928391219E-03 7.306663813E-03 4.699395909E-03 2.107605613E-03
-4.724360265E-04-3.053856911E-03-5.643926018E-03-8.239730240E-03-1.083685920E-02
-1.343370102E-02-1.603090418E-02-1.863025688E-02-2.123368681E-02-2.384250627E-02
-2.645721260E-02-2.907774906E-02-3.170381325E-02-3.433495098E-02-3.697048882E-02
-3.960946560E-02-4.225066291E-02-4.489262577E-02-4.753366691E-02-5.017191309E-02
-5.280535132E-02-5.543175195E-02-5.804859620E-02-6.065315496E-02-6.324256215E-02
-6.581379924E-02-6.836366377E-02-7.088878154E-02-7.338562887E-02-7.585054498E-02
-7.827976588E-02-8.066940801E-02-8.301548710E-02-8.531395393E-02-8.756067509E-02
-8.975149266E-02-9.188221689E-02-9.394863252E-02-9.594654205E-02-9.787177402E-02
-9.972017444E-02-1.014876752E-01-1.031702553E-01-1.047639925E-01-1.062650639E-01
-1.076697537E-01-1.089744781E-01-1.101757860E-01-1.112703685E-01-1.122550787E-01
-1.131269213E-01-1.138830719E-01-1.145208832E-01-1.150378755E-01-1.154317537E-01
-1.157004069E-01-1.158419046E-01-1.158545039E-01-1.157366501E-01-1.154869715E-01
-1.151042847E-01-1.145875918E-01-1.139360778E-01-1.131491113E-01-1.122262402E-01
-1.111671898E-01-1.099718579E-01-1.086403119E-01-1.071727836E-01-1.055696640E-01
-1.038314948E-01-1.019589643E-01-9.995289758E-02-9.781424778E-02-9.554409424E-02
-9.314362874E-02-9.061414485E-02-8.795703741E-02-8.517381046E-02-8.226603113E-02
-7.923538809E-02-7.608370049E-02-7.281273347E-02-6.942453767E-02-6.592127867E-02
-6.230520818E-02-5.857875591E-02-5.474461302E-02-5.080561647E-02-4.676505642E-02
-4.262648158E-02-3.839380109E-02-3.407125282E-02-2.966389296E-02-2.517732357E-02
-2.061755224E-02-1.599034134E-02-1.130108505E-02-6.561109657E-03-1.786637527E-03
 3.064475668E-03 8.120530250E-03 1.340758450E-02 1.891245593E-02 2.462548780E-02
 3.054353709E-02 3.663252765E-02 6.138347979E-02 5.858237655E-02 5.578954179E-02
 5.300638428E-02 5.023278214E-02 4.746889369E-02 4.471493478E-02 4.197112291E-02
 3.923768751E-02 3.651487857E-02 3.380298165E-02 3.110233806E-02 2.841331804E-02
 2.573629288E-02 2.307162405E-02 2.041967078E-02 1.778079958E-02 1.515537452E-02
 1.254373606E-02 9.946179457E-03 7.362964494E-03 4.794688262E-03 2.242401291E-03
-2.971049133E-04-2.835880295E-03-5.381798351E-03-7.932648224E-03-1.048386155E-02
-1.303342540E-02-1.558159741E-02-1.812987272E-02-2.068001343E-02-2.323326901E-02
-2.579014171E-02-2.835060620E-02-3.091434212E-02-3.348078516E-02-3.604913826E-02
-3.861836920E-02-4.118721232E-02-4.375421166E-02-4.631776817E-02-4.887607800E-02
-5.142705533E-02-5.396839276E-02-5.649763849E-02-5.901219133E-02-6.150926815E-02
-6.398590604E-02-6.643898616E-02-6.886523917E-02-7.126127732E-02-7.362359340E-02
-7.594855320E-02-7.823243963E-02-8.047144645E-02-8.266169030E-02-8.479925982E-02
-8.688018697E-02-8.890047725E-02-9.085615189E-02-9.274322137E-02-9.455772504E-02
-9.629575831E-02-9.795345180E-02-9.952701972E-02-1.010127617E-01-1.024070639E-01
-1.037064321E-01-1.049074895E-01-1.060069851E-01-1.070018167E-01-1.078890199E-01
-1.086657894E-01-1.093294843E-01-1.098776213E-01-1.103078919E-01-1.106181623E-01
-1.108064703E-01-1.108710345E-01-1.108102518E-01-1.106226980E-01-1.103071295E-01
-1.098624807E-01-1.092878644E-01-1.085825701E-01-1.077460593E-01-1.067779652E-01
-1.056780889E-01-1.044463932E-01-1.030830005E-01-1.015881842E-01-9.996236532E-02
-9.820610600E-02-9.632010082E-02-9.430517184E-02-9.216226041E-02-8.989242171E-02
-8.749681647E-02-8.497670861E-02-8.233346074E-02-7.956854601E-02-7.668350645E-02
-7.368001621E-02-7.055989737E-02-6.732493994E-02-6.397724003E-02-6.051903278E-02
-5.695268852E-02-5.328078768E-02-4.950618384E-02-4.563197849E-02-4.166169239E-02
-3.759920028E-02-3.344881630E-02-2.921512653E-02-2.490362624E-02-2.052037330E-02
-1.607111640E-02-1.156071453E-02-6.998956306E-03-2.404383804E-03 2.250230112E-03
 7.097118075E-03 1.217672895E-02 1.747929899E-02 2.299534915E-02 2.872227460E-02
 3.462557737E-02 6.365225773E-02 6.087098126E-02 5.809807273E-02 5.533495871E-02
 5.258152859E-02 4.983795424E-02 4.710445865E-02 4.438127011E-02 4.166864792E-02
 3.896690818E-02 3.627640547E-02 3.359750064E-02 3.093054680E-02 2.827589212E-02
 2.563389087E-02 2.300490231E-02 2.038926566E-02 1.778727939E-02 1.519922597E-02
 1.262539758E-02 1.006609527E-02 7.521628128E-03 4.992656079E-03 2.480271272E-03
-1.804772686E-05-2.512786346E-03-5.013199430E-03-7.517948639E-03-1.002227640E-02
-1.252369522E-02-1.502197751E-02-1.751823712E-02-2.001407466E-02-2.251080328E-02
-2.500901244E-02-2.750862356E-02-3.000919418E-02-3.251007521E-02-3.501041254E-02
-3.750916024E-02-4.000512072E-02-4.249689968E-02-4.498283014E-02-4.746101330E-02
-4.992939706E-02-5.238578245E-02-5.482779301E-02-5.725286819E-02-5.965828503E-02
-6.204116487E-02-6.439849293E-02-6.672713683E-02-6.902382728E-02-7.128518446E-02
-7.350774266E-02-7.568792868E-02-7.782211678E-02-7.990662356E-02-8.193770635E-02
-8.391159732E-02-8.582452864E-02-8.767270066E-02-8.945235432E-02-9.115975173E-02
-9.279118831E-02-9.434302374E-02-9.581169218E-02-9.719369652E-02-9.848564534E-02
-9.968425020E-02-1.007863330E-01-1.017888506E-01-1.026888843E-01-1.034836615E-01
-1.041705610E-01-1.047471072E-01-1.052109901E-01-1.055600613E-01-1.057923358E-01
-1.059060003E-01-1.058994100E-01-1.057710919E-01-1.055197451E-01-1.051442402E-01
-1.046436181E-01-1.040170883E-01-1.032640280E-01-1.023839781E-01-1.013766405E-01
-1.002418731E-01-9.897968703E-02-9.759024125E-02-9.607383546E-02-9.443090591E-02
-9.266201970E-02-9.076786790E-02-8.874925987E-02-8.660711856E-02-8.434247404E-02
-8.195646428E-02-7.945033119E-02-7.682541667E-02-7.408317659E-02-7.122515396E-02
-6.825304170E-02-6.516869257E-02-6.197395814E-02-5.867101737E-02-5.526221529E-02
-5.175008223E-02-4.813738591E-02-4.442718829E-02-4.062289024E-02-3.672826842E-02
-3.274756294E-02-2.868546010E-02-2.454701652E-02-2.033811638E-02-1.606441955E-02
-1.173070810E-02-7.345599821E-03-2.928498322E-03 1.535807443E-03 6.176349543E-03
 1.104861361E-02 1.614751762E-02 2.146438781E-02 2.699753229E-02 3.271200386E-02
 6.596302619E-02 6.320127480E-02 6.044799439E-02 5.770463761E-02 5.497109635E-02
 5.224754990E-02 4.953424694E-02 4.683147823E-02 4.413958102E-02 4.145890482E-02
 3.878979446E-02 3.613258742E-02 3.348762531E-02 3.085525941E-02 2.823582953E-02
 2.562963694E-02 2.303694724E-02 2.045802283E-02 1.789313965E-02 1.534260345E-02
 1.280677038E-02 1.028603078E-02 7.780763937E-03 5.291582442E-03 2.819494352E-03
 3.628750104E-04-2.086949507E-03-4.540711466E-03-6.998238447E-03-9.454777418E-03
-1.190726748E-02-1.435494903E-02-1.679860240E-02-1.923963934E-02-2.167929698E-02
-2.411818012E-02-2.655623207E-02-2.899296897E-02-3.142770173E-02-3.385961828E-02
-3.628772733E-02-3.871077062E-02-4.112724791E-02-4.353549620E-02-4.593370571E-02
-4.831989355E-02-5.069189095E-02-5.304736038E-02-5.538380769E-02-5.769858818E-02
-5.998893609E-02-6.225194969E-02-6.448459408E-02-6.668374097E-02-6.884615349E-02
-7.096849876E-02-7.304739461E-02-7.507937847E-02-7.706093064E-02-7.898851175E-02
-8.085855529E-02-8.266746313E-02-8.441167341E-02-8.608761957E-02-8.769177012E-02
-8.922063812E-02-9.067079911E-02-9.203888459E-02-9.332161612E-02-9.451580538E-02
-9.561836002E-02-9.662630852E-02-9.753679066E-02-9.834707898E-02-9.905458344E-02
-9.965684823E-02-1.001515723E-01-1.005366025E-01-1.008099400E-01-1.009697472E-01
-1.010143452E-01-1.009422188E-01-1.007520141E-01-1.004425413E-01-1.000127732E-01
-9.946184300E-02-9.878904545E-02-9.799383021E-02-9.707580197E-02-9.603471710E-02
-9.487047677E-02-9.358312630E-02-9.217284684E-02-9.063995327E-02-8.898488836E-02
-8.720821598E-02-8.531061913E-02-8.329289231E-02-8.115594295E-02-7.890078792E-02
-7.652854914E-02-7.404045768E-02-7.143785700E-02-6.872220856E-02-6.589508543E-02
-6.295823133E-02-5.991355989E-02-5.676302132E-02-5.350891397E-02-5.015372908E-02
-4.670019382E-02-4.315129689E-02-3.951034607E-02-3.578106024E-02-3.196750121E-02
-2.807428182E-02-2.410649914E-02-2.006967352E-02-1.596915596E-02-1.180961066E-02
-7.599009495E-03-3.356826041E-03 9.231169925E-04 5.361220373E-03 1.002790026E-02
 1.492318067E-02 2.003924804E-02 2.537597975E-02 3.089866426E-02 6.831405229E-02
 6.557154011E-02 6.283760313E-02 6.011371480E-02 5.739978462E-02 5.469604830E-02
 5.200283802E-02 4.932049151E-02 4.664934452E-02 4.398972482E-02 4.134196172E-02
 3.870639488E-02 3.608336246E-02 3.347317329E-02 3.087608646E-02 2.829234452E-02
 2.572219534E-02 2.316590602E-02 2.062377727E-02 1.809616158E-02 1.558345034E-02
 1.308605257E-02 1.060435961E-02 8.138734060E-03 5.689719649E-03 3.258234171E-03
 8.436045978E-04-1.560933279E-03-3.967086867E-03-6.376197708E-03-8.784045163E-03
-1.118705706E-02-1.358384951E-02-1.597465832E-02-1.836055583E-02-2.074270101E-02
-2.312177229E-02-2.549781131E-02-2.787041736E-02-3.023894104E-02-3.260250226E-02
-3.495999350E-02-3.731013704E-02-3.965150337E-02-4.198249216E-02-4.430131747E-02
-4.660601855E-02-4.889447614E-02-5.116441234E-02-5.341341775E-02-5.563895362E-02
-5.783833670E-02-6.000877027E-02-6.214735750E-02-6.425108094E-02-6.631685291E-02
-6.834151207E-02-7.032181558E-02-7.225446603E-02-7.413614448E-02-7.596347848E-02
-7.773308008E-02-7.944157660E-02-8.108557849E-02-8.266172928E-02-8.416670150E-02
-8.559721537E-02-8.695003984E-02-8.822201767E-02-8.941006983E-02-9.051120006E-02
-9.152251847E-02-9.244123403E-02-9.326467509E-02-9.399029371E-02-9.461566487E-02
-9.513850660E-02-9.555667064E-02-9.586815395E-02-9.607110268E-02-9.616381227E-02
-9.614473193E-02-9.601246117E-02-9.576575598E-02-9.540352584E-02-9.492483338E-02
-9.432889315E-02-9.361506932E-02-9.278287383E-02-9.183196342E-02-9.076213521E-02
-8.957332429E-02-8.826559962E-02-8.683915774E-02-8.529432155E-02-8.363153478E-02
-8.185135927E-02-7.995447087E-02-7.794165693E-02-7.581381817E-02-7.357196579E-02
-7.121722342E-02-6.875083234E-02-6.617416279E-02-6.348870550E-02-6.069609361E-02
-5.779815508E-02-5.479689372E-02-5.169439326E-02-4.849310468E-02-4.519569943E-02
-4.180513261E-02-3.832463926E-02-3.475780102E-02-3.110866144E-02-2.738159082E-02
-2.358162730E-02-1.971419630E-02-1.578432612E-02-1.179634509E-02-7.757843602E-03
-3.687786547E-03 4.132940553E-04 4.653634570E-03 9.117786456E-03 1.381098676E-02
 1.872621645E-02 2.386480110E-02 2.919275803E-02 7.070369586E-02 6.798013247E-02
 6.526525655E-02 6.256060562E-02 5.986617107E-02 5.718224784E-02 5.450917569E-02
 5.184727405E-02 4.919685994E-02 4.655825966E-02 4.393180676E-02 4.131781527E-02
 3.871654929E-02 3.612823823E-02 3.355310783E-02 3.099139547E-02 2.844336215E-02
 2.590930859E-02 2.338958337E-02 2.088457081E-02 1.839466234E-02 1.592024733E-02
 1.346172379E-02 1.101948125E-02 8.593855195E-03 6.185256946E-03 3.794499614E-03
 1.421842762E-03-9.375208878E-04-3.295253663E-03-5.654846095E-03-8.013274329E-03
-1.036638356E-02-1.271201407E-02-1.504979509E-02-1.738040653E-02-1.970487815E-02
-2.202401816E-02-2.433807423E-02-2.664669232E-02-2.894911836E-02-3.124441459E-02
-3.353151708E-02-3.580920370E-02-3.807606644E-02-4.033051512E-02-4.257079634E-02
-4.479499639E-02-4.700105606E-02-4.918678919E-02-5.134986459E-02-5.348781711E-02
-5.559808151E-02-5.767797189E-02-5.972469547E-02-6.173539550E-02-6.370712063E-02
-6.563684296E-02-6.752148649E-02-6.935793842E-02-7.114302058E-02-7.287355548E-02
-7.454635241E-02-7.615820233E-02-7.770592148E-02-7.918634610E-02-8.059634374E-02
-8.193282618E-02-8.319276332E-02-8.437319146E-02-8.547121812E-02-8.648404304E-02
-8.740895345E-02-8.824334298E-02-8.898471540E-02-8.963068617E-02-9.017900127E-02
-9.062752707E-02-9.097426548E-02-9.121735545E-02-9.135507498E-02-9.138584391E-02
-9.130822426E-02-9.112092474E-02-9.082279837E-02-9.041284305E-02-8.989019956E-02
-8.925415296E-02-8.850412792E-02-8.763968721E-02-8.666053030E-02-8.556648765E-02
-8.435752107E-02-8.303371678E-02-8.159528566E-02-8.004255657E-02-7.837597798E-02
-7.659611143E-02-7.470363289E-02-7.269933438E-02-7.058412147E-02-6.835901789E-02
-6.602517042E-02-6.358385159E-02-6.103648400E-02-5.838461768E-02-5.562997283E-02
-5.277449108E-02-4.982029564E-02-4.676963645E-02-4.362514752E-02-4.038970785E-02
-3.706652239E-02-3.365909305E-02-3.017128985E-02-2.660748335E-02-2.297243573E-02
-1.927144730E-02-1.550926579E-02-1.169012385E-02-7.821121888E-03-3.920410448E-03
 6.830169005E-06 4.054777634E-03 8.320389645E-03 1.281418247E-02 1.752991575E-02
 2.247019172E-02 2.760186539E-02 7.313036815E-02 7.042551420E-02 6.772956519E-02
 6.504414878E-02 6.236926898E-02 5.970520681E-02 5.705228151E-02 5.441080652E-02
 5.178110613E-02 4.916349573E-02 4.655825132E-02 4.396559686E-02 4.138574169E-02
 3.881890007E-02 3.626530224E-02 3.372520542E-02 3.119891239E-02 2.868676800E-02
 2.618914967E-02 2.370643667E-02 2.123900929E-02 1.878725760E-02 1.635156360E-02
 1.393227418E-02 1.152969513E-02 9.144129792E-03 6.775980737E-03 4.426043592E-03
 2.095122703E-03-2.198760204E-04-2.528596424E-03-4.837667577E-03-7.145709708E-03
-9.448322892E-03-1.174253772E-02-1.402727703E-02-1.630278100E-02-1.856991714E-02
-2.082949032E-02-2.308179927E-02-2.532657768E-02-2.756315993E-02-2.979065023E-02
-3.200798755E-02-3.421394574E-02-3.640713526E-02-3.858600368E-02-4.074883994E-02
-4.289380137E-02-4.501890559E-02-4.712202316E-02-4.920090977E-02-5.125321120E-02
-5.327644489E-02-5.526804622E-02-5.722536699E-02-5.914566322E-02-6.102611682E-02
-6.286386747E-02-6.465599565E-02-6.639952137E-02-6.809146775E-02-6.972882195E-02
-7.130855804E-02-7.282766174E-02-7.428313350E-02-7.567198955E-02-7.699128660E-02
-7.823812557E-02-7.940966246E-02-8.050311455E-02-8.151577766E-02-8.244502431E-02
-8.328832086E-02-8.404323082E-02-8.470741853E-02-8.527866585E-02-8.575486311E-02
-8.613402616E-02-8.641429499E-02-8.659393863E-02-8.667135580E-02-8.664507984E-02
-8.651377969E-02-8.627625956E-02-8.593146005E-02-8.547845667E-02-8.491646226E-02
-8.424482070E-02-8.346300958E-02-8.257063672E-02-8.156743715E-02-8.045327193E-02
-7.922812575E-02-7.789210298E-02-7.644542715E-02-7.488843967E-02-7.322159636E-02
-7.144547132E-02-6.956075220E-02-6.756824692E-02-6.546888515E-02-6.326372334E-02
-6.095395256E-02-5.854090207E-02-5.602607070E-02-5.341109700E-02-5.069781317E-02
-4.788830266E-02-4.498483640E-02-4.198985837E-02-3.890620824E-02-3.573699328E-02
-3.248568533E-02-2.915605918E-02-2.575229391E-02-2.227915380E-02-1.874153671E-02
-1.514394825E-02-1.149049611E-02-7.788269546E-03-4.054202063E-03-2.965925729E-04
 3.565182754E-03 7.637271797E-03 1.193504044E-02 1.645354155E-02 2.119662025E-02
 2.613193493E-02 7.559270392E-02 7.290655769E-02 7.022959675E-02 6.756348344E-02
 6.490819154E-02 6.226399063E-02 5.963120637E-02 5.701015281E-02 5.440111613E-02
 5.180432503E-02 4.921997799E-02 4.664827077E-02 4.408940944E-02 4.154361925E-02
 3.901115769E-02 3.649232761E-02 3.398747424E-02 3.149696547E-02 2.902117043E-02
 2.656046284E-02 2.411522531E-02 2.168582305E-02 1.927257298E-02 1.687575553E-02
 1.449567825E-02 1.213269281E-02 9.787158788E-03 7.459472327E-03 5.150370379E-03
 2.860837665E-03 5.894374554E-04-1.670174134E-03-3.927993876E-03-6.184540876E-03
-8.435953578E-03-1.067855667E-02-1.291054340E-02-1.513152865E-02-1.734192060E-02
-1.954237309E-02-2.173333060E-02-2.391475468E-02-2.608611026E-02-2.824652032E-02
-3.039491424E-02-3.253008074E-02-3.465065755E-02-3.675514324E-02-3.884189924E-02
-4.090913478E-02-4.295492470E-02-4.497723782E-02-4.697391394E-02-4.894267843E-02
-5.088118260E-02-5.278697432E-02-5.465751191E-02-5.649018431E-02-5.828233482E-02
-6.003122917E-02-6.173408926E-02-6.338812566E-02-6.499050119E-02-6.653837156E-02
-6.802888888E-02-6.945921592E-02-7.082651895E-02-7.212799967E-02-7.336089209E-02
-7.452247442E-02-7.561007743E-02-7.662109766E-02-7.755299816E-02-7.840332417E-02
-7.916970578E-02-7.984986363E-02-8.044162253E-02-8.094290519E-02-8.135174945E-02
-8.166630445E-02-8.188483829E-02-8.200573812E-02-8.202751707E-02-8.194881207E-02
-8.176838735E-02-8.148513451E-02-8.109807301E-02-8.060634942E-02-8.000923795E-02
-7.930613873E-02-7.849657642E-02-7.758019938E-02-7.655677639E-02-7.542619811E-02
-7.418847213E-02-7.284372589E-02-7.139220110E-02-6.983425732E-02-6.817037176E-02
-6.640113922E-02-6.452727471E-02-6.254962066E-02-6.046914993E-02-5.828697191E-02
-5.600434410E-02-5.362267788E-02-5.114357073E-02-4.856877744E-02-4.590026780E-02
-4.314029193E-02-4.029129079E-02-3.735592258E-02-3.433725187E-02-3.123862780E-02
-2.806379036E-02-2.481682076E-02-2.150226885E-02-1.812485746E-02-1.468860382E-02
-1.119764127E-02-7.659074262E-03-4.089176725E-03-4.980417851E-04 3.184648185E-03
 7.069332170E-03 1.117538744E-02 1.549954616E-02 2.004723760E-02 2.478723151E-02
 7.808982134E-02 7.542246576E-02 7.276454727E-02 7.011775569E-02 6.748205720E-02
 6.485772810E-02 6.224507375E-02 5.964433695E-02 5.705571090E-02 5.447937717E-02
 5.191552268E-02 4.936434771E-02 4.682607421E-02 4.430096298E-02 4.178931678E-02
 3.929148191E-02 3.680781637E-02 3.433867999E-02 3.188444126E-02 2.944547295E-02
 2.702212021E-02 2.461466826E-02 2.222337111E-02 1.984851277E-02 1.749041659E-02
 1.514943061E-02 1.282594541E-02 1.052041310E-02 8.233310423E-03 5.965263113E-03
 3.717182053E-03 1.489073315E-03-7.230602403E-04-2.929373273E-03-5.133284129E-03
-7.332700422E-03-9.523592946E-03-1.170314307E-02-1.387013517E-02-1.602447141E-02
-1.816661883E-02-2.029706484E-02-2.241593838E-02-2.452287473E-02-2.661709700E-02
-2.869756392E-02-3.076307987E-02-3.281233320E-02-3.484387267E-02-3.685610018E-02
-3.884729923E-02-4.081563340E-02-4.275913165E-02-4.467573182E-02-4.656328098E-02
-4.841952011E-02-5.024210340E-02-5.202862343E-02-5.377661232E-02-5.548351812E-02
-5.714676265E-02-5.876373347E-02-6.033176809E-02-6.184819821E-02-6.331034012E-02
-6.471551548E-02-6.606104085E-02-6.734426142E-02-6.856254500E-02-6.971329366E-02
-7.079395409E-02-7.180202676E-02-7.273506918E-02-7.359071018E-02-7.436665169E-02
-7.506067681E-02-7.567065955E-02-7.619456263E-02-7.663045293E-02-7.697649673E-02
-7.723096905E-02-7.739225468E-02-7.745885483E-02-7.742938276E-02-7.730257171E-02
-7.707727345E-02-7.675245967E-02-7.632722115E-02-7.580077133E-02-7.517244122E-02
-7.444168201E-02-7.360806398E-02-7.267127462E-02-7.163111898E-02-7.048751866E-02
-6.924051092E-02-6.789024938E-02-6.643700502E-02-6.488116662E-02-6.322324228E-02
-6.146386373E-02-5.960379225E-02-5.764392179E-02-5.558528724E-02-5.342907295E-02
-5.117662423E-02-4.882945920E-02-4.638929592E-02-4.385803075E-02-4.123779330E-02
-3.853101796E-02-3.574033395E-02-3.286863102E-02-2.991920595E-02-2.689565320E-02
-2.380203663E-02-2.064274856E-02-1.742207469E-02-1.414380868E-02-1.081199625E-02
-7.433975484E-03-4.025616166E-03-5.979850002E-04 2.912523149E-03 6.616646304E-03
 1.053627240E-02 1.466996466E-02 1.902474534E-02 2.357088310E-02 8.062099005E-02
 7.797245833E-02 7.533360022E-02 7.270615061E-02 7.009006069E-02 6.748555538E-02
 6.489284548E-02 6.231210367E-02 5.974350053E-02 5.718721655E-02 5.464344780E-02
 5.211241636E-02 4.959438552E-02 4.708966237E-02 4.459859016E-02 4.212151798E-02
 3.965879752E-02 3.721079193E-02 3.477786160E-02 3.236032778E-02 2.995844244E-02
 2.757243613E-02 2.520257310E-02 2.284914917E-02 2.051248218E-02 1.819294821E-02
 1.589101578E-02 1.360719759E-02 1.134197979E-02 9.095778835E-03 6.869024312E-03
 4.662434086E-03 2.476651332E-03 3.095612670E-04-1.845200759E-03-3.995962769E-03
-6.142505812E-03-8.281164313E-03-1.040830013E-02-1.252187202E-02-1.462113055E-02
-1.670612172E-02-1.877719420E-02-2.083457985E-02-2.287812707E-02-2.490723573E-02
-2.692097074E-02-2.891818686E-02-3.089758944E-02-3.285776595E-02-3.479719830E-02
-3.671423373E-02-3.860709751E-02-4.047393086E-02-4.231276429E-02-4.412152894E-02
-4.589807121E-02-4.764017995E-02-4.934556449E-02-5.101185629E-02-5.263666718E-02
-5.421755478E-02-5.575203055E-02-5.723759510E-02-5.867172705E-02-6.005190253E-02
-6.137558779E-02-6.264026925E-02-6.384344844E-02-6.498265168E-02-6.605544261E-02
-6.705942777E-02-6.799226182E-02-6.885166095E-02-6.963540322E-02-7.034133927E-02
-7.096739809E-02-7.151158906E-02-7.197201418E-02-7.234686434E-02-7.263442951E-02
-7.283310052E-02-7.294137329E-02-7.295784746E-02-7.288123402E-02-7.271035411E-02
-7.244414097E-02-7.208163995E-02-7.162201172E-02-7.106452864E-02-7.040857844E-02
-6.965366315E-02-6.879939855E-02-6.784551359E-02-6.679185301E-02-6.563837453E-02
-6.438515247E-02-6.303237687E-02-6.158035709E-02-6.002952335E-02-5.838043245E-02
-5.663376862E-02-5.479035441E-02-5.285115464E-02-5.081728659E-02-4.869003124E-02
-4.647084203E-02-4.416136692E-02-4.176346319E-02-3.927918781E-02-3.671084860E-02
-3.406108027E-02-3.133271249E-02-2.852886844E-02-2.565309227E-02-2.270930261E-02
-1.970175345E-02-1.663431814E-02-1.351043842E-02-1.033439654E-02-7.113763042E-03
-3.864313182E-03-5.972136552E-04 2.747831674E-03 6.278544774E-03 1.001787497E-02
 1.396593898E-02 1.813127935E-02 2.248583144E-02 8.318545332E-02 8.055577312E-02
 7.793600710E-02 7.532789517E-02 7.273129709E-02 7.014634707E-02 6.757321799E-02
 6.501207465E-02 6.246309210E-02 5.992646347E-02 5.740241432E-02 5.489121005E-02
 5.239316475E-02 4.990861508E-02 4.743790134E-02 4.498136910E-02 4.253937472E-02
 4.011226330E-02 3.770032803E-02 3.530378890E-02 3.292285624E-02 3.055777598E-02
 2.820881817E-02 2.587627610E-02 2.356051859E-02 2.126201696E-02 1.898128548E-02
 1.671882114E-02 1.447507195E-02 1.225040014E-02 1.004510401E-02 7.859521341E-03
 5.694210825E-03 3.550007541E-03 1.426658333E-03-6.792952389E-04-2.777033266E-03
-4.869534466E-03-6.954939300E-03-9.029496307E-03-1.109014944E-02-1.313531578E-02
-1.516443289E-02-1.717753574E-02-1.917481439E-02-2.115628129E-02-2.312158284E-02
-2.506995954E-02-2.700034432E-02-2.891150048E-02-3.080207044E-02-3.267057165E-02
-3.451542862E-02-3.633497042E-02-3.812741054E-02-3.989086526E-02-4.162337097E-02
-4.332290098E-02-4.498733584E-02-4.661449339E-02-4.820216219E-02-4.974806491E-02
-5.124988549E-02-5.270528647E-02-5.411190626E-02-5.546737095E-02-5.676929512E-02
-5.801530414E-02-5.920303234E-02-6.033012976E-02-6.139427738E-02-6.239318895E-02
-6.332461826E-02-6.418637161E-02-6.497630663E-02-6.569234567E-02-6.633247757E-02
-6.689476407E-02-6.737734793E-02-6.777845165E-02-6.809638766E-02-6.832956024E-02
-6.847646723E-02-6.853570433E-02-6.850596891E-02-6.838606049E-02-6.817488292E-02
-6.787144596E-02-6.747486580E-02-6.698436816E-02-6.639928689E-02-6.571906503E-02
-6.494325642E-02-6.407152488E-02-6.310364668E-02-6.203951078E-02-6.087912008E-02
-5.962259450E-02-5.827017153E-02-5.682221204E-02-5.527920284E-02-5.364176184E-02
-5.191064356E-02-5.008674949E-02-4.817113510E-02-4.616501936E-02-4.406979950E-02
-4.188705539E-02-3.961858295E-02-3.726639271E-02-3.483272033E-02-3.232006685E-02
-2.973127180E-02-2.706936697E-02-2.433775349E-02-2.154028297E-02-1.868083003E-02
-1.576291753E-02-1.278982136E-02-9.766039381E-03-6.699678706E-03-3.606579268E-03
-4.970690109E-04 2.689139703E-03 6.053985138E-03 9.619586803E-03 1.338764104E-02
 1.736799096E-02 2.153424198E-02 8.578251109E-02 8.317170729E-02 8.057097787E-02
 7.798199980E-02 7.540456454E-02 7.283878840E-02 7.028484522E-02 6.774290738E-02
 6.521316729E-02 6.269585429E-02 6.019123969E-02 5.769964113E-02 5.522138794E-02
 5.275681176E-02 5.030625322E-02 4.787006038E-02 4.544855986E-02 4.304201216E-02
 4.065060924E-02 3.827454452E-02 3.591404642E-02 3.356936103E-02 3.124076160E-02
 2.892861520E-02 2.663339745E-02 2.435562362E-02 2.209579069E-02 1.985434478E-02
 1.763163771E-02 1.542795723E-02 1.324360519E-02 1.107889676E-02 8.934156070E-03
 6.809853197E-03 4.706814581E-03 2.625695662E-03 5.649146132E-04-1.480280864E-03
-3.518298946E-03-5.549332950E-03-7.570573228E-03-9.578407962E-03-1.157025960E-02
-1.354479608E-02-1.550151506E-02-1.744038267E-02-1.936143728E-02-2.126449940E-02
-2.314904473E-02-2.501420878E-02-2.685884734E-02-2.868164502E-02-3.048119885E-02
-3.225600265E-02-3.400444845E-02-3.572483485E-02-3.741538710E-02-3.907425161E-02
-4.069947767E-02-4.228906848E-02-4.384097913E-02-4.535309456E-02-4.682326733E-02
-4.824931663E-02-4.962903724E-02-5.096020127E-02-5.224056930E-02-5.346790317E-02
-5.463996830E-02-5.575453778E-02-5.680940982E-02-5.780240592E-02-5.873138047E-02
-5.959423166E-02-6.038889970E-02-6.111338184E-02-6.176573109E-02-6.234406636E-02
-6.284657637E-02-6.327152183E-02-6.361724410E-02-6.388216746E-02-6.406480006E-02
-6.416374220E-02-6.417768530E-02-6.410541615E-02-6.394581839E-02-6.369787517E-02
-6.336066956E-02-6.293338975E-02-6.241532427E-02-6.180586814E-02-6.110452310E-02
-6.031089797E-02-5.942471015E-02-5.844578939E-02-5.737407710E-02-5.620963026E-02
-5.495262455E-02-5.360335881E-02-5.216225755E-02-5.062987772E-02-4.900691480E-02
-4.729421155E-02-4.549276575E-02-4.360374045E-02-4.162847370E-02-3.956849434E-02
-3.742552633E-02-3.520152814E-02-3.289867698E-02-3.051939622E-02-2.806638126E-02
-2.554269232E-02-2.295164265E-02-2.029684404E-02-1.758180427E-02-1.480957700E-02
-1.198353244E-02-9.108610246E-03-6.193434038E-03-3.254297439E-03-2.996099985E-04
 2.734851523E-03 5.941473140E-03 9.340322057E-03 1.293446833E-02 1.673498575E-02
 2.071722687E-02 8.841147300E-02 8.581939914E-02 8.323742910E-02 8.066722400E-02
 7.810856642E-02 7.556157657E-02 7.302643852E-02 7.050334882E-02 6.799253958E-02
 6.549429269E-02 6.300892342E-02 6.053675347E-02 5.807810698E-02 5.563331962E-02
 5.320272934E-02 5.078664085E-02 4.838527925E-02 4.599881273E-02 4.362742099E-02
 4.127131554E-02 3.893072034E-02 3.660589325E-02 3.429720402E-02 3.200513243E-02
 2.973019278E-02 2.747288084E-02 2.523364109E-02 2.301281135E-02 2.081064837E-02
 1.862741787E-02 1.646341043E-02 1.431893662E-02 1.219435270E-02 1.009006469E-02
 8.006549909E-03 5.944465645E-03 3.904758733E-03 1.887495119E-03-1.096568386E-04
-2.093434152E-03-4.069175718E-03-6.035874054E-03-7.990371473E-03-9.929258285E-03
-1.185028066E-02-1.375223494E-02-1.563459312E-02-1.749718979E-02-1.933991034E-02
-2.116244189E-02-2.296414220E-02-2.474406608E-02-2.650103730E-02-2.823370992E-02
-2.994063263E-02-3.162027151E-02-3.327102895E-02-3.489121622E-02-3.647905443E-02
-3.803272599E-02-3.955034616E-02-4.102996085E-02-4.246958539E-02-4.386719224E-02
-4.522072893E-02-4.652811058E-02-4.778724090E-02-4.899601578E-02-5.015232977E-02
-5.125407812E-02-5.229917552E-02-5.328555133E-02-5.421116136E-02-5.507399720E-02
-5.587208394E-02-5.660349662E-02-5.726635607E-02-5.785884270E-02-5.837919565E-02
-5.882572008E-02-5.919679197E-02-5.949086173E-02-5.970645607E-02-5.984218732E-02
-5.989674840E-02-5.986892197E-02-5.975758074E-02-5.956169058E-02-5.928031134E-02
-5.891260048E-02-5.845781333E-02-5.791530670E-02-5.728453923E-02-5.656507448E-02
-5.575658127E-02-5.485883817E-02-5.387173469E-02-5.279527426E-02-5.162957973E-02
-5.037489388E-02-4.903158767E-02-4.760016457E-02-4.608126812E-02-4.447568594E-02
-4.278436372E-02-4.100841072E-02-3.914911186E-02-3.720793990E-02-3.518656989E-02
-3.308688550E-02-3.091101545E-02-2.866130818E-02-2.634037922E-02-2.395117706E-02
-2.149702634E-02-1.898118533E-02-1.640665490E-02-1.377627942E-02-1.109357203E-02
-8.364154947E-03-5.597342367E-03-2.809938498E-03-7.169012615E-06 2.883054113E-03
 5.939377676E-03 9.178511248E-03 1.260523894E-02 1.623165481E-02 2.003476933E-02
 9.107137877E-02 8.849769684E-02 8.593411827E-02 8.338230593E-02 8.084204806E-02
 7.831347884E-02 7.579681333E-02 7.329229083E-02 7.080020190E-02 6.832085665E-02
 6.585456840E-02 6.340165561E-02 6.096244801E-02 5.853727088E-02 5.612640339E-02
 5.373003542E-02 5.134831547E-02 4.898141200E-02 4.662952004E-02 4.429284352E-02
 4.197162955E-02 3.966625379E-02 3.737719960E-02 3.510497856E-02 3.285008386E-02
 3.061295707E-02 2.839392240E-02 2.619320958E-02 2.401105147E-02 2.184770371E-02
 1.970344172E-02 1.757859576E-02 1.547356330E-02 1.338878724E-02 1.132471980E-02
 9.281829529E-03 7.260662641E-03 5.261987028E-03 3.286566484E-03 1.333784098E-03
-5.989724070E-04-2.519588582E-03-4.430597047E-03-6.330439100E-03-8.216017263E-03
-1.008410788E-02-1.193260214E-02-1.376030061E-02-1.556660221E-02-1.735121100E-02
-1.911385850E-02-2.085412900E-02-2.257133001E-02-2.426447775E-02-2.593235905E-02
-2.757361608E-02-2.918680366E-02-3.077038012E-02-3.232273396E-02-3.384221382E-02
-3.532709201E-02-3.677557662E-02-3.818584016E-02-3.955600595E-02-4.088416997E-02
-4.216838828E-02-4.340670471E-02-4.459714747E-02-4.573773853E-02-4.682649402E-02
-4.786144429E-02-4.884062652E-02-4.976209836E-02-5.062394604E-02-5.142428121E-02
-5.216125919E-02-5.283307176E-02-5.343796449E-02-5.397423131E-02-5.444022713E-02
-5.483436782E-02-5.515513612E-02-5.540108485E-02-5.557084382E-02-5.566311616E-02
-5.567668867E-02-5.561043166E-02-5.546330182E-02-5.523434458E-02-5.492269613E-02
-5.452758906E-02-5.404834997E-02-5.348440442E-02-5.283527960E-02-5.210060569E-02
-5.128011900E-02-5.037366648E-02-4.938120703E-02-4.830281606E-02-4.713869115E-02
-4.588915684E-02-4.455466956E-02-4.313582467E-02-4.163336427E-02-4.004818356E-02
-3.838134380E-02-3.663408037E-02-3.480781408E-02-3.290416486E-02-3.092496221E-02
-2.887225419E-02-2.674834347E-02-2.455579572E-02-2.229748623E-02-1.997646363E-02
-1.759567357E-02-1.515765309E-02-1.266519108E-02-1.012231448E-02-7.535290662E-03
-4.914322932E-03-2.276404475E-03 3.788344115E-04 3.132080927E-03 6.045574013E-03
 9.132301492E-03 1.239832870E-02 1.585669909E-02 1.948621551E-02 9.376104561E-02
 9.120538468E-02 8.865982624E-02 8.612604045E-02 8.360383548E-02 8.109338085E-02
 7.859494211E-02 7.610881333E-02 7.363529781E-02 7.117470080E-02 6.872733625E-02
 6.629352696E-02 6.387358238E-02 6.146775188E-02 5.907619351E-02 5.669903986E-02
 5.433644955E-02 5.198860164E-02 4.965568230E-02 4.733793252E-02 4.503573595E-02
 4.274957851E-02 4.047996759E-02 3.822739273E-02 3.599229162E-02 3.377497502E-02
 3.157564798E-02 2.939451402E-02 2.723179824E-02 2.508774465E-02 2.296265299E-02
 2.085689109E-02 1.877087618E-02 1.670504789E-02 1.465986868E-02 1.263580837E-02
 1.063332207E-02 8.652873623E-03 6.695014213E-03 4.760599478E-03 2.850104755E-03
 9.624552325E-04-9.050894408E-04-2.760296522E-03-4.604243556E-03-6.435137578E-03
-8.249987545E-03-1.004569972E-02-1.182021724E-02-1.357227468E-02-1.530113774E-02
-1.700638376E-02-1.868763132E-02-2.034436735E-02-2.197585296E-02-2.358111416E-02
-2.515896030E-02-2.670802539E-02-2.822685931E-02-2.971395451E-02-3.116772695E-02
-3.258654119E-02-3.396872037E-02-3.531253795E-02-3.661623530E-02-3.787800860E-02
-3.909603888E-02-4.026848482E-02-4.139349415E-02-4.246920289E-02-4.349375652E-02
-4.446530005E-02-4.538199336E-02-4.624201821E-02-4.704357440E-02-4.778489946E-02
-4.846425908E-02-4.907996712E-02-4.963037655E-02-5.011389632E-02-5.052898715E-02
-5.087417022E-02-5.114803082E-02-5.134922154E-02-5.147646440E-02-5.152855769E-02
-5.150437688E-02-5.140287750E-02-5.122309915E-02-5.096416710E-02-5.062529843E-02
-5.020579859E-02-4.970506975E-02-4.912261154E-02-4.845802451E-02-4.771101182E-02
-4.688138540E-02-4.596906813E-02-4.497409769E-02-4.389663381E-02-4.273695966E-02
-4.149549169E-02-4.017278358E-02-3.876953504E-02-3.728659928E-02-3.572499324E-02
-3.408590657E-02-3.237071205E-02-3.058097403E-02-2.871846347E-02-2.678516968E-02
-2.478334461E-02-2.271553197E-02-2.058444034E-02-1.839272584E-02-1.614283523E-02
-1.383722605E-02-1.147888322E-02-9.072492741E-03-6.625216536E-03-4.148105224E-03
-1.657245591E-03 8.568796373E-04 3.480235200E-03 6.257948782E-03 9.199303401E-03
 1.231166807E-02 1.560844963E-02 1.907011241E-02 9.647929119E-02 9.394128933E-02
 9.141339881E-02 8.889731541E-02 8.639288618E-02 8.390034046E-02 8.141998425E-02
 7.895211435E-02 7.649702857E-02 7.405503645E-02 7.162645277E-02 6.921156807E-02
 6.681059739E-02 6.442367257E-02 6.205091401E-02 5.969247083E-02 5.734850659E-02
 5.501919232E-02 5.270476738E-02 5.040562430E-02 4.812225038E-02 4.585514758E-02
 4.360480099E-02 4.137164358E-02 3.915597290E-02 3.695797149E-02 3.477781657E-02
 3.261570580E-02 3.047185446E-02 2.834653373E-02 2.624008495E-02 2.415289978E-02
 2.208539183E-02 2.003799920E-02 1.801117974E-02 1.600539305E-02 1.402109005E-02
 1.205869433E-02 1.011862379E-02 8.201341953E-03 6.307437474E-03 4.437820137E-03
 2.592724608E-03 7.709828105E-04-1.030126431E-03-2.817886687E-03-4.592711137E-03
-6.352798687E-03-8.095351655E-03-9.817348635E-03-1.151668373E-02-1.319200424E-02
-1.484241898E-02-1.646733027E-02-1.806623982E-02-1.963858431E-02-2.118361230E-02
-2.270034656E-02-2.418763695E-02-2.564417522E-02-2.706852955E-02-2.845920903E-02
-2.981467252E-02-3.113333425E-02-3.241357298E-02-3.365372320E-02-3.485210108E-02
-3.600699525E-02-3.711667840E-02-3.817940590E-02-3.919343764E-02-4.015702635E-02
-4.106843457E-02-4.192594046E-02-4.272783349E-02-4.347243545E-02-4.415808861E-02
-4.478317784E-02-4.534611930E-02-4.584537957E-02-4.627946907E-02-4.664695300E-02
-4.694645432E-02-4.717665483E-02-4.733630287E-02-4.742421438E-02-4.743927728E-02
-4.738045427E-02-4.724678747E-02-4.703739961E-02-4.675149807E-02-4.638837864E-02
-4.594742813E-02-4.542812701E-02-4.483005403E-02-4.415288874E-02-4.339641581E-02
-4.256053014E-02-4.164523950E-02-4.065067017E-02-3.957707395E-02-3.842483222E-02
-3.719446390E-02-3.588663217E-02-3.450215309E-02-3.304200117E-02-3.150732373E-02
-2.989944565E-02-2.821988162E-02-2.647035290E-02-2.465282260E-02-2.276949712E-02
-2.082277074E-02-1.881503920E-02-1.674852030E-02-1.462534856E-02-1.244805297E-02
-1.022030766E-02-7.947536406E-03-5.637778740E-03-3.303333181E-03-9.572045907E-04
 1.425129188E-03 3.925812823E-03 6.574270514E-03 9.377122150E-03 1.234263117E-02
 1.548456816E-02 1.878474315E-02 9.922498653E-02 9.670430993E-02 9.419378738E-02
 9.169516260E-02 8.920834385E-02 8.673358305E-02 8.427118333E-02 8.182143836E-02
 7.938465187E-02 7.696112876E-02 7.455113746E-02 7.215485684E-02 6.977239755E-02
 6.740387132E-02 6.504941775E-02 6.270918533E-02 6.038333273E-02 5.807210215E-02
 5.577589478E-02 5.349519791E-02 5.123050724E-02 4.898230271E-02 4.675101191E-02
 4.453691944E-02 4.234018729E-02 4.016096906E-02 3.799943787E-02 3.585578269E-02
 3.373024760E-02 3.162314917E-02 2.953485523E-02 2.746575597E-02 2.541626556E-02
 2.338682371E-02 2.137787460E-02 1.938985761E-02 1.742319075E-02 1.547828029E-02
 1.355554087E-02 1.165538378E-02 9.778238638E-03 7.924594631E-03 6.095085189E-03
 4.290628923E-03 2.511366265E-03 7.562775269E-04-9.769928215E-04-2.695375287E-03
-4.399246484E-03-6.086874176E-03-7.755736554E-03-9.402920080E-03-1.102615761E-02
-1.262393903E-02-1.419520281E-02-1.573919556E-02-1.725528654E-02-1.874282444E-02
-2.020106419E-02-2.162908281E-02-2.302576912E-02-2.438987395E-02-2.572002913E-02
-2.701479268E-02-2.827267021E-02-2.949212481E-02-3.067159873E-02-3.180950541E-02
-3.290423980E-02-3.395417608E-02-3.495768869E-02-3.591313882E-02-3.681889253E-02
-3.767332553E-02-3.847481834E-02-3.922177877E-02-3.991262825E-02-4.054582510E-02
-4.111985253E-02-4.163323817E-02-4.208454696E-02-4.247239300E-02-4.279544170E-02
-4.305241075E-02-4.324208096E-02-4.336329172E-02-4.341495069E-02-4.339603556E-02
-4.330559761E-02-4.314276440E-02-4.290674307E-02-4.259682783E-02-4.221239666E-02
-4.175291971E-02-4.121796211E-02-4.060718762E-02-3.992036128E-02-3.915735673E-02
-3.831815929E-02-3.740287063E-02-3.641171649E-02-3.534504949E-02-3.420335942E-02
-3.298727758E-02-3.169758509E-02-3.033522120E-02-2.890128956E-02-2.739707424E-02
-2.582405653E-02-2.418393815E-02-2.247863679E-02-2.071021962E-02-1.888075548E-02
-1.699222777E-02-1.504656273E-02-1.304592611E-02-1.099327547E-02-8.893055650E-03
-6.751675338E-03-4.577952761E-03-2.385559059E-03-1.812931955E-04 2.081700444E-03
 4.467190563E-03 6.992276842E-03 9.663165720E-03 1.248856966E-02 1.548223628E-02
 1.862745889E-02 1.019970852E-01 9.949346392E-02 9.700010347E-02 9.451880584E-02
 9.204948650E-02 8.959239148E-02 8.714782485E-02 8.471608539E-02 8.229746482E-02
 7.989220582E-02 7.750045248E-02 7.512229869E-02 7.275785004E-02 7.040723651E-02
 6.807059215E-02 6.574806610E-02 6.343990745E-02 6.114652521E-02 5.886840518E-02
 5.660603614E-02 5.435989241E-02 5.213039563E-02 4.991781776E-02 4.772230197E-02
 4.554398067E-02 4.338300496E-02 4.123953985E-02 3.911380373E-02 3.700608993E-02
 3.491674392E-02 3.284613408E-02 3.079465104E-02 2.876271628E-02 2.675075982E-02
 2.475920876E-02 2.278846936E-02 2.083892458E-02 1.891096405E-02 1.700498646E-02
 1.512139230E-02 1.326059210E-02 1.142300369E-02 9.609085455E-03 7.819367446E-03
 6.054557069E-03 4.315645594E-03 2.602801628E-03 9.151329414E-04-7.490958793E-04
-2.396431845E-03-4.027824393E-03-5.641575566E-03-7.235522648E-03-8.806937525E-03
-1.035334447E-02-1.187305145E-02-1.336480044E-02-1.482763668E-02-1.626080248E-02
-1.766357958E-02-1.903518519E-02-2.037473315E-02-2.168119007E-02-2.295339132E-02
-2.419004950E-02-2.538978983E-02-2.655118562E-02-2.767276963E-02-2.875305110E-02
-2.979051669E-02-3.078365089E-02-3.173092117E-02-3.263079678E-02-3.348175196E-02
-3.428226011E-02-3.503081725E-02-3.572592671E-02-3.636612292E-02-3.694995987E-02
-3.747602947E-02-3.794295571E-02-3.834940604E-02-3.869409305E-02-3.897577659E-02
-3.919327421E-02-3.934545568E-02-3.943125519E-02-3.944967192E-02-3.939977297E-02
-3.928069833E-02-3.909166365E-02-3.883196634E-02-3.850098458E-02-3.809818609E-02
-3.762312948E-02-3.707546937E-02-3.645496000E-02-3.576146054E-02-3.499494056E-02
-3.415548367E-02-3.324329377E-02-3.225870292E-02-3.120217408E-02-3.007431125E-02
-2.887586530E-02-2.760774431E-02-2.627102608E-02-2.486697602E-02-2.339705477E-02
-2.186289776E-02-2.026625009E-02-1.860887081E-02-1.689246741E-02-1.511873756E-02
-1.328962327E-02-1.140768857E-02-9.476639201E-03-7.501783001E-03-5.490332587E-03
-3.452301593E-03-1.401054656E-03 6.702567132E-04 2.825796088E-03 5.102490784E-03
 7.509742180E-03 1.005480908E-02 1.274658556E-02 1.559857636E-02 1.859524373E-02
 1.047946688E-01 1.023079478E-01 9.983163884E-02 9.736756518E-02 9.491563251E-02
 9.247609065E-02 9.004924640E-02 8.763537688E-02 8.523469402E-02 8.284731173E-02
 8.047331109E-02 7.811279282E-02 7.576587724E-02 7.343268482E-02 7.111335810E-02
 6.880815630E-02 6.651749516E-02 6.424185746E-02 6.198172465E-02 5.973756505E-02
 5.750979386E-02 5.529867073E-02 5.310432162E-02 5.092685986E-02 4.876641682E-02
 4.662313572E-02 4.449721064E-02 4.238891301E-02 4.029856723E-02 3.822652153E-02
 3.617314391E-02 3.413883684E-02 3.212401625E-02 3.012909710E-02 2.815447771E-02
 2.620052413E-02 2.426760013E-02 2.235607920E-02 2.046633306E-02 1.859873906E-02
 1.675369151E-02 1.493160318E-02 1.313290781E-02 1.135807225E-02 9.607658515E-03
 7.882306605E-03 6.182741363E-03 4.509859896E-03 2.863820134E-03 1.243860894E-03
-3.508825869E-04-1.925842286E-03-3.483468917E-03-5.022046034E-03-6.539915382E-03
-8.034635773E-03-9.503596960E-03-1.094483622E-02-1.235692785E-02-1.373871283E-02
-1.508924730E-02-1.640770645E-02-1.769327551E-02-1.894508570E-02-2.016216191E-02
-2.134342465E-02-2.248769235E-02-2.359369287E-02-2.466008804E-02-2.568549031E-02
-2.666849463E-02-2.760767085E-02-2.850158711E-02-2.934881302E-02-3.014791334E-02
-3.089747208E-02-3.159607593E-02-3.224233746E-02-3.283488485E-02-3.337237762E-02
-3.385350337E-02-3.427698704E-02-3.464159314E-02-3.494612948E-02-3.518945413E-02
-3.537047473E-02-3.548815779E-02-3.554152975E-02-3.552968050E-02-3.545176955E-02
-3.530702744E-02-3.509476028E-02-3.481435620E-02-3.446528607E-02-3.404710920E-02
-3.355947831E-02-3.300214351E-02-3.237495546E-02-3.167787349E-02-3.091096924E-02
-3.007443166E-02-2.916857489E-02-2.819384321E-02-2.715082141E-02-2.604024367E-02
-2.486300536E-02-2.362017049E-02-2.231296178E-02-2.094273602E-02-1.951092437E-02
-1.801897463E-02-1.646832852E-02-1.486049514E-02-1.319723409E-02-1.148085684E-02
-9.714632622E-03-7.903141860E-03-6.052515188E-03-4.170714872E-03-2.269362136E-03
-3.561238462E-04 1.601049895E-03 3.657432359E-03 5.829693996E-03 8.124395028E-03
 1.054949102E-02 1.311373692E-02 1.583039532E-02 1.868500798E-02 1.076170177E-01
 1.051471043E-01 1.026877479E-01 1.002407924E-01 9.780614394E-02 9.538405054E-02
 9.297478567E-02 9.057852800E-02 8.819536690E-02 8.582537431E-02 8.346864636E-02
 8.112529367E-02 7.879542426E-02 7.647917707E-02 7.417682379E-02 7.188878571E-02
 6.961554115E-02 6.735756387E-02 6.511531594E-02 6.288920576E-02 6.067948100E-02
 5.848625184E-02 5.630961442E-02 5.414968242E-02 5.200657933E-02 4.988047628E-02
 4.777162389E-02 4.568032670E-02 4.360691431E-02 4.155173349E-02 3.951516684E-02
 3.749761628E-02 3.549948455E-02 3.352116292E-02 3.156300644E-02 2.962535624E-02
 2.770856307E-02 2.581297653E-02 2.393894161E-02 2.208681542E-02 2.025697229E-02
 1.844980675E-02 1.666574557E-02 1.490527874E-02 1.316898113E-02 1.145743555E-02
 9.771174088E-03 8.110651341E-03 6.476414522E-03 4.869379563E-03 3.290005900E-03
 1.737711114E-03 2.121693770E-04-1.289398433E-03-2.771941390E-03-4.234381682E-03
-5.675032826E-03-7.091995905E-03-8.482887188E-03-9.845400727E-03-1.117783906E-02
-1.247887543E-02-1.374737196E-02-1.498235637E-02-1.618292237E-02-1.734818335E-02
-1.847720590E-02-1.956898520E-02-2.062243822E-02-2.163640260E-02-2.260965968E-02
-2.354093026E-02-2.442890698E-02-2.527226544E-02-2.606966449E-02-2.681977565E-02
-2.752126810E-02-2.817283196E-02-2.877317034E-02-2.932101177E-02-2.981511035E-02
-3.025425141E-02-3.063725548E-02-3.096298292E-02-3.123033711E-02-3.143826996E-02
-3.158578504E-02-3.167194196E-02-3.169586019E-02-3.165672404E-02-3.155378506E-02
-3.138636663E-02-3.115387216E-02-3.085578153E-02-3.049166198E-02-3.006117018E-02
-2.956405747E-02-2.900017400E-02-2.836947502E-02-2.767202681E-02-2.690801169E-02
-2.607773584E-02-2.518163942E-02-2.422029879E-02-2.319443496E-02-2.210490659E-02
-2.095269521E-02-1.973887633E-02-1.846458165E-02-1.713098169E-02-1.573929718E-02
-1.429088038E-02-1.278737160E-02-1.123094114E-02-9.624570904E-03-7.972353783E-03
-6.279690043E-03-4.553358398E-03-2.802749428E-03-1.038805181E-03 7.491249789E-04
 2.611506722E-03 4.575050285E-03 6.646894548E-03 8.834059267E-03 1.114462023E-02
 1.358713358E-02 1.617448967E-02 1.889327106E-02 1.104635170E-01 1.080103160E-01
 1.055678149E-01 1.031378839E-01 1.007204176E-01 9.831561627E-02 9.592363811E-02
 9.354455476E-02 9.117843201E-02 8.882536104E-02 8.648544278E-02 8.415877422E-02
 8.184549373E-02 7.954588695E-02 7.726037937E-02 7.498944361E-02 7.273354554E-02
 7.049314077E-02 6.826863058E-02 6.606025102E-02 6.386809779E-02 6.169225157E-02
 5.953281012E-02 5.738987909E-02 5.526360805E-02 5.315422775E-02 5.106202401E-02
 4.898730910E-02 4.693041016E-02 4.489168936E-02 4.287153446E-02 4.087033607E-02
 3.888847804E-02 3.692630929E-02 3.498415212E-02 3.306233550E-02 3.116119087E-02
 2.928103830E-02 2.742220225E-02 2.558502227E-02 2.376985414E-02 2.197707692E-02
 2.020711596E-02 1.846049562E-02 1.673781407E-02 1.503963599E-02 1.336638277E-02
 1.171839746E-02 1.009610118E-02 8.500028590E-03 6.930800210E-03 5.389324760E-03
 3.876333986E-03 2.391759103E-03 9.352912445E-04-4.936236469E-04-1.900110191E-03
-3.285538757E-03-4.648031548E-03-5.986244645E-03-7.298196961E-03-8.581640297E-03
-9.834489049E-03-1.105516712E-02-1.224237236E-02-1.339495386E-02-1.451188384E-02
-1.559220238E-02-1.663496730E-02-1.763921431E-02-1.860394161E-02-1.952808628E-02
-2.041054264E-02-2.125016344E-02-2.204575752E-02-2.279612296E-02-2.350003619E-02
-2.415627875E-02-2.476363641E-02-2.532091064E-02-2.582692492E-02-2.628052681E-02
-2.668059574E-02-2.702604722E-02-2.731583417E-02-2.754895694E-02-2.772445983E-02
-2.784144106E-02-2.789905519E-02-2.789651646E-02-2.783310403E-02-2.770816553E-02
-2.752112261E-02-2.727147315E-02-2.695879841E-02-2.658276602E-02-2.614313638E-02
-2.563976758E-02-2.507261910E-02-2.444176063E-02-2.374737593E-02-2.298976609E-02
-2.216935184E-02-2.128667093E-02-2.034236840E-02-1.933718235E-02-1.827192693E-02
-1.714748146E-02-1.596479531E-02-1.472492818E-02-1.342913388E-02-1.207899559E-02
-1.067660857E-02-9.224792053E-03-7.727306129E-03-6.188977765E-03-4.615821011E-03
-3.015851893E-03-1.399550301E-03 2.350319376E-04 1.924959251E-03 3.702450625E-03
 5.576222685E-03 7.551850898E-03 9.636486507E-03 1.183767316E-02 1.416386736E-02
 1.662769163E-02 1.921658345E-02 1.133335769E-01 1.108969997E-01 1.084712669E-01
 1.060582573E-01 1.036577973E-01 1.012699595E-01 9.889481634E-02 9.653243163E-02
 9.418289063E-02 9.184628457E-02 8.952270108E-02 8.721228099E-02 8.491532448E-02
 8.263225992E-02 8.036355314E-02 7.810966200E-02 7.587103551E-02 7.364806761E-02
 7.144098305E-02 6.924986428E-02 6.707477798E-02 6.491580763E-02 6.277304281E-02
 6.064661287E-02 5.853672954E-02 5.644366091E-02 5.436770315E-02 5.230916534E-02
 5.026838906E-02 4.824574754E-02 4.624161954E-02 4.425638048E-02 4.229037638E-02
 4.034391543E-02 3.841730598E-02 3.651086258E-02 3.462488713E-02 3.275967595E-02
 3.091553729E-02 2.909279393E-02 2.729178580E-02 2.551288378E-02 2.375653699E-02
 2.202331297E-02 2.031380272E-02 1.862849093E-02 1.696770050E-02 1.533174689E-02
 1.372103589E-02 1.213604557E-02 1.057730222E-02 9.045382631E-03 7.540923193E-03
 6.064800445E-03 4.618052958E-03 3.201069716E-03 1.813242105E-03 4.546972970E-04
-8.759056058E-04-2.183422938E-03-3.467506000E-03-4.726165585E-03-5.958235248E-03
-7.161850213E-03-8.334944971E-03-9.475564182E-03-1.058215598E-02-1.165343141E-02
-1.268821824E-02-1.368543672E-02-1.464408653E-02-1.556318597E-02-1.644176664E-02
-1.727884682E-02-1.807340727E-02-1.882441520E-02-1.953080566E-02-2.019150213E-02
-2.080541672E-02-2.137145835E-02-2.188854584E-02-2.235560793E-02-2.277159671E-02
-2.313549211E-02-2.344630476E-02-2.370308816E-02-2.390493333E-02-2.405098252E-02
-2.414043005E-02-2.417252582E-02-2.414658231E-02-2.406197626E-02-2.391815368E-02
-2.371463834E-02-2.345103020E-02-2.312701417E-02-2.274236356E-02-2.229694454E-02
-2.179071879E-02-2.122374722E-02-2.059619077E-02-1.990830763E-02-1.916044980E-02
-1.835305986E-02-1.748666031E-02-1.656185669E-02-1.557934267E-02-1.453992631E-02
-1.344458026E-02-1.229451882E-02-1.109131558E-02-9.837038942E-03-8.534405355E-03
-7.186918398E-03-5.799010424E-03-4.376161642E-03-2.925516057E-03-1.456165784E-03
 3.206317130E-05 1.566231775E-03 3.176273890E-03 4.872144686E-03 6.658824545E-03
 8.542269784E-03 1.052903553E-02 1.262599169E-02 1.484110790E-02 1.718681658E-02
 1.965153748E-02 1.162266443E-01 1.138066090E-01 1.113975364E-01 1.090012463E-01
 1.066174302E-01 1.042460972E-01 1.018873241E-01 9.954119200E-02 9.720778175E-02
 9.488717356E-02 9.257951372E-02 9.028511666E-02 8.800441229E-02 8.573785887E-02
 8.348590614E-02 8.124899645E-02 7.902751619E-02 7.682167920E-02 7.463155571E-02
 7.245719983E-02 7.029868214E-02 6.815607777E-02 6.602949722E-02 6.391913390E-02
 6.182523919E-02 5.974809409E-02 5.768799127E-02 5.564525194E-02 5.362023433E-02
 5.161330555E-02 4.962483161E-02 4.765515687E-02 4.570458073E-02 4.377339249E-02
 4.186188999E-02 3.997036196E-02 3.809908193E-02 3.624832985E-02 3.441839907E-02
 3.260959658E-02 3.082225056E-02 2.905674048E-02 2.731356938E-02 2.559332781E-02
 2.389656268E-02 2.222363247E-02 2.057478649E-02 1.895032582E-02 1.735066370E-02
 1.577627012E-02 1.422762888E-02 1.270524394E-02 1.120971736E-02 9.741788657E-03
 8.302179108E-03 6.891547686E-03 5.510722565E-03 4.160328317E-03 2.840474079E-03
 1.550753861E-03 2.916864093E-04-9.381537103E-04-2.143039121E-03-3.322257629E-03
-4.473812335E-03-5.596672878E-03-6.689225375E-03-7.749615045E-03-8.776033539E-03
-9.766873010E-03-1.072082691E-02-1.163671697E-02-1.251344119E-02-1.334996329E-02
-1.414528730E-02-1.489845297E-02-1.560850043E-02-1.627447904E-02-1.689543290E-02
-1.747039795E-02-1.799841580E-02-1.847852817E-02-1.890979033E-02-1.929127459E-02
-1.962207376E-02-1.990131284E-02-2.012814778E-02-2.030177780E-02-2.042144748E-02
-2.048645167E-02-2.049614199E-02-2.044992936E-02-2.034728941E-02-2.018777022E-02
-1.997098860E-02-1.969664064E-02-1.936450148E-02-1.897442888E-02-1.852636450E-02
-1.802033266E-02-1.745644338E-02-1.683489091E-02-1.615595382E-02-1.541999994E-02
-1.462749833E-02-1.377903669E-02-1.287535794E-02-1.191741033E-02-1.090641964E-02
-9.843977449E-03-8.732135075E-03-7.573524717E-03-6.371483894E-03-5.130139856E-03
-3.854573299E-03-2.551483462E-03-1.227821691E-03 1.178730362E-04 1.508537208E-03
 2.967251100E-03 4.502647585E-03 6.118658981E-03 7.821009219E-03 9.615844056E-03
 1.150896942E-02 1.350652489E-02 1.561585660E-02 1.784877460E-02 2.019469234E-02
 1.191421974E-01 1.167385834E-01 1.143459379E-01 1.119659769E-01 1.095983452E-01
 1.072430643E-01 1.049002249E-01 1.025698996E-01 1.002521626E-01 9.794716856E-02
 9.565524518E-02 9.337682247E-02 9.111235065E-02 8.886227133E-02 8.662702011E-02
 8.440697572E-02 8.220234139E-02 8.001317621E-02 7.783952286E-02 7.568144031E-02
 7.353899072E-02 7.141226714E-02 6.930144524E-02 6.720676063E-02 6.512847996E-02
 6.306688096E-02 6.102226527E-02 5.899497536E-02 5.698536703E-02 5.499379616E-02
 5.302060479E-02 5.106608868E-02 4.913052078E-02 4.721418193E-02 4.531735003E-02
 4.344028197E-02 4.158323260E-02 3.974646859E-02 3.793026862E-02 3.613492663E-02
 3.436076764E-02 3.260821230E-02 3.087781891E-02 2.917016796E-02 2.748570573E-02
 2.582466883E-02 2.418726813E-02 2.257381381E-02 2.098471562E-02 1.942041428E-02
 1.788135773E-02 1.636804133E-02 1.488110053E-02 1.342126050E-02 1.198916507E-02
 1.058535378E-02 9.210311589E-03 7.864486308E-03 6.548555352E-03 5.263513295E-03
 4.010072632E-03 2.788363111E-03 1.598051962E-03 4.398707576E-04-6.867899553E-04
-1.785944133E-03-2.857489246E-03-3.899494289E-03-4.910727818E-03-5.890078418E-03
-6.835931232E-03-7.746660614E-03-8.620697688E-03-9.456632504E-03-1.025326538E-02
-1.100951243E-02-1.172433777E-02-1.239674879E-02-1.302580269E-02-1.361058443E-02
-1.415020692E-02-1.464379572E-02-1.509049741E-02-1.548947886E-02-1.583992369E-02
-1.614103963E-02-1.639206255E-02-1.659226192E-02-1.674094538E-02-1.683746372E-02
-1.688121547E-02-1.687165192E-02-1.680828091E-02-1.669067090E-02-1.651845508E-02
-1.629133403E-02-1.600907882E-02-1.567153417E-02-1.527862127E-02-1.483034026E-02
-1.432677709E-02-1.376811050E-02-1.315462250E-02-1.248671704E-02-1.176494814E-02
-1.099005044E-02-1.016298703E-02-9.285008436E-03-8.357727588E-03-7.383199968E-03
-6.364015383E-03-5.303339903E-03-4.205074201E-03-3.074369195E-03-1.916697271E-03
-7.354695599E-04 4.730626605E-04 1.730290777E-03 3.050598375E-03 4.439822232E-03
 5.901619611E-03 7.440414399E-03 9.061326131E-03 1.077042396E-02 1.257358826E-02
 1.447616474E-02 1.648470818E-02 1.861025142E-02 2.084274702E-02 1.220796831E-01
 1.196922076E-01 1.173155831E-01 1.149514960E-01 1.125996088E-01 1.102599523E-01
 1.079326057E-01 1.056176410E-01 1.033152238E-01 1.010256930E-01 9.874947740E-02
 9.648701903E-02 9.423875138E-02 9.200510324E-02 8.978644559E-02 8.758297144E-02
 8.539472957E-02 8.322175239E-02 8.106408834E-02 7.892178797E-02 7.679492828E-02
 7.468366773E-02 7.258822701E-02 7.050885908E-02 6.844582809E-02 6.639941737E-02
 6.436995277E-02 6.235777892E-02 6.036324133E-02 5.838667817E-02 5.642838540E-02
 5.448862330E-02 5.256765593E-02 5.066575019E-02 4.878315227E-02 4.692009587E-02
 4.507682327E-02 4.325358809E-02 4.145065557E-02 3.966831083E-02 3.790689852E-02
 3.616690944E-02 3.444892561E-02 3.275347430E-02 3.108085463E-02 2.943122551E-02
 2.780479096E-02 2.620187956E-02 2.462288626E-02 2.306821540E-02 2.153828248E-02
 2.003358750E-02 1.855481271E-02 1.710267995E-02 1.567777605E-02 1.428056129E-02
 1.291139302E-02 1.157064146E-02 1.025889131E-02 8.976860888E-03 7.725203770E-03
 6.504645570E-03 5.316088567E-03 4.160261466E-03 3.037498043E-03 1.947476916E-03
 8.908258302E-04-1.319485882E-04-1.123227665E-03-2.084986209E-03-3.015899424E-03
-3.914207868E-03-4.778909542E-03-5.608983115E-03-6.402991445E-03-7.159540265E-03
-7.877320922E-03-8.555027064E-03-9.191531781E-03-9.785827731E-03-1.033697417E-02
-1.084407321E-02-1.130627082E-02-1.172274478E-02-1.209271344E-02-1.241543152E-02
-1.269019054E-02-1.291631364E-02-1.309316300E-02-1.322014157E-02-1.329669501E-02
-1.332231756E-02-1.329655320E-02-1.321900005E-02-1.308931934E-02-1.290723139E-02
-1.267252688E-02-1.238507017E-02-1.204480738E-02-1.165177529E-02-1.120611173E-02
-1.070807415E-02-1.015805967E-02-9.556630313E-03-8.904546688E-03-8.202812978E-03
-7.452729797E-03-6.655944334E-03-5.814479477E-03-4.930833391E-03-4.008242274E-03
-3.050684590E-03-2.062095603E-03-1.045489983E-03-1.862983098E-06 1.080264305E-03
 2.213654478E-03 3.406138798E-03 4.661196989E-03 5.981622575E-03 7.371465974E-03
 8.835461692E-03 1.037806385E-02 1.200435639E-02 1.372046313E-02 1.553188183E-02
 1.744422690E-02 1.946752094E-02 2.159213162E-02 1.250383567E-01 1.226665881E-01
 1.203055420E-01 1.179569016E-01 1.156203384E-01 1.132958706E-01 1.109835840E-01
 1.086836592E-01 1.063964441E-01 1.041223649E-01 1.018618552E-01 9.961534051E-02
 9.738324282E-02 9.516592527E-02 9.296357098E-02 9.077621932E-02 8.860389335E-02
 8.644663201E-02 8.430447543E-02 8.217748595E-02 8.006580531E-02 7.796964009E-02
 7.588923008E-02 7.382482705E-02 7.177669763E-02 6.974515019E-02 6.773051812E-02
 6.573313676E-02 6.375333856E-02 6.179142177E-02 5.984763847E-02 5.792223660E-02
 5.601547114E-02 5.412758161E-02 5.225878539E-02 5.040930257E-02 4.857936408E-02
 4.676921066E-02 4.497909693E-02 4.320931064E-02 4.146025445E-02 3.973247915E-02
 3.802655271E-02 3.634288605E-02 3.468164363E-02 3.304294955E-02 3.142702765E-02
 2.983421532E-02 2.826488376E-02 2.671939967E-02 2.519815759E-02 2.370169596E-02
 2.223073430E-02 2.078595686E-02 1.936787027E-02 1.797686398E-02 1.661321715E-02
 1.527726684E-02 1.396959310E-02 1.269085262E-02 1.144163298E-02 1.022251696E-02
 9.034145929E-03 7.877190594E-03 6.752399944E-03 5.660639482E-03 4.602585342E-03
 3.578725745E-03 2.589043246E-03 1.633652664E-03 7.134239876E-04-1.711405222E-04
-1.022117645E-03-1.840871238E-03-2.626183838E-03-3.376486553E-03-4.090551330E-03
-4.767645646E-03-5.406724543E-03-6.006574321E-03-6.566065513E-03-7.084154226E-03
-7.559852516E-03-7.992179721E-03-8.380274396E-03-8.723361885E-03-9.020723441E-03
-9.271681984E-03-9.475612480E-03-9.631938264E-03-9.740131863E-03-9.799719072E-03
-9.810279788E-03-9.771453129E-03-9.682944745E-03-9.544526672E-03-9.356050335E-03
-9.117453008E-03-8.828769993E-03-8.490148246E-03-8.101862740E-03-7.664339226E-03
-7.178178406E-03-6.644183171E-03-6.063387375E-03-5.437115687E-03-4.767115134E-03
-4.055542356E-03-3.304903150E-03-2.517959425E-03-1.696990672E-03-8.445373009E-04
 3.793026651E-05 9.588070611E-04 1.925757885E-03 2.943793179E-03 4.016988243E-03
 5.147382987E-03 6.337541382E-03 7.590820462E-03 8.910863927E-03 1.030200513E-02
 1.176888661E-02 1.331576682E-02 1.494779518E-02 1.667098572E-02 1.849108783E-02
 2.041688347E-02 2.243880270E-02 1.280173213E-01 1.256608263E-01 1.233149429E-01
 1.209813356E-01 1.186596664E-01 1.163499696E-01 1.140524568E-01 1.117674844E-01
 1.094954743E-01 1.072368516E-01 1.049920341E-01 1.027614367E-01 1.005454149E-01
 9.834414226E-02 9.615764940E-02 9.398595099E-02 9.182907733E-02 8.968705925E-02
 8.755994576E-02 8.544786234E-02 8.335100219E-02 8.126959245E-02 7.920387349E-02
 7.715409686E-02 7.512055308E-02 7.310356390E-02 7.110345494E-02 6.912055124E-02
 6.715515355E-02 6.520751050E-02 6.327785559E-02 6.136643072E-02 5.947347020E-02
 5.759918059E-02 5.574376246E-02 5.390742593E-02 5.209039026E-02 5.029288502E-02
 4.851515895E-02 4.675753144E-02 4.502048680E-02 4.330459695E-02 4.161036861E-02
 3.993804922E-02 3.828772316E-02 3.665951317E-02 3.505367332E-02 3.347053487E-02
 3.191043745E-02 3.037371446E-02 2.886076081E-02 2.737218145E-02 2.590870841E-02
 2.447095686E-02 2.305935509E-02 2.167421130E-02 2.031572507E-02 1.898422730E-02
 1.768032103E-02 1.640463733E-02 1.515770399E-02 1.394004181E-02 1.275222854E-02
 1.159490840E-02 1.046873960E-02 9.374336628E-03 8.312245179E-03 7.283022761E-03
 6.287444882E-03 5.326318005E-03 4.400274795E-03 3.509807200E-03 2.654925674E-03
 1.835817298E-03 1.053201334E-03 3.079161731E-04-3.999670691E-04-1.072446874E-03
-1.709508623E-03-2.309921088E-03-2.872496472E-03-3.396155201E-03-3.879959327E-03
-4.323280988E-03-4.725312176E-03-5.085169242E-03-5.402038899E-03-5.675176793E-03
-5.903908934E-03-6.087626139E-03-6.225786771E-03-6.317919154E-03-6.363623390E-03
-6.362575439E-03-6.314531916E-03-6.219339994E-03-6.076943360E-03-5.887395334E-03
-5.650871308E-03-5.367687346E-03-5.038318806E-03-4.663420135E-03-4.243851933E-03
-3.780707793E-03-3.275360186E-03-2.729391188E-03-2.144191700E-03-1.521242740E-03
-8.628990885E-04-1.711889438E-04 5.566404807E-04 1.326298544E-03 2.139522913E-03
 2.999281936E-03 3.908615568E-03 4.869135062E-03 5.882566180E-03 6.951244087E-03
 8.077905474E-03 9.265721693E-03 1.051807268E-02 1.183857631E-02 1.323171703E-02
 1.470203393E-02 1.625360242E-02 1.789154623E-02 1.962236027E-02 2.145475365E-02
 2.337881573E-02 1.310157030E-01 1.286740777E-01 1.263429491E-01 1.240239507E-01
 1.217167752E-01 1.194215991E-01 1.171387995E-01 1.148687945E-01 1.126120001E-01
 1.103688265E-01 1.081396818E-01 1.059249136E-01 1.037246862E-01 1.015390224E-01
 9.936792912E-02 9.721142888E-02 9.506954418E-02 9.294231194E-02 9.082984195E-02
 8.873231458E-02 8.664994490E-02 8.458296263E-02 8.253160583E-02 8.049614720E-02
 7.847689633E-02 7.647416954E-02 7.448828341E-02 7.251953954E-02 7.056818771E-02
 6.863444957E-02 6.671855342E-02 6.482072716E-02 6.294117205E-02 6.108007259E-02
 5.923761960E-02 5.741401304E-02 5.560946095E-02 5.382418427E-02 5.205844120E-02
 5.031262467E-02 4.858727825E-02 4.688295567E-02 4.520003484E-02 4.353861969E-02
 4.189876249E-02 4.028061224E-02 3.868444325E-02 3.711056922E-02 3.555929371E-02
 3.403092699E-02 3.252589782E-02 3.104487963E-02 2.958858609E-02 2.815754197E-02
 2.675210428E-02 2.537248932E-02 2.401883627E-02 2.269150143E-02 2.139110059E-02
 2.011821527E-02 1.887331674E-02 1.765689532E-02 1.646951378E-02 1.531179326E-02
 1.418434495E-02 1.308769830E-02 1.202233713E-02 1.098874825E-02 9.987542308E-03
 9.019384502E-03 8.084852671E-03 7.184501022E-03 6.319005682E-03 5.489075065E-03
 4.695307279E-03 3.938254403E-03 3.218316591E-03 2.535468932E-03 1.890065888E-03
 1.282705209E-03 7.139673951E-04 1.844473847E-04-3.056338904E-04-7.573279890E-04
-1.170447199E-03-1.544114846E-03-1.877519400E-03-2.169944569E-03-2.420745187E-03
-2.629351977E-03-2.795269741E-03-2.918084177E-03-2.997467233E-03-3.033176046E-03
-3.025055443E-03-2.973044622E-03-2.877175445E-03-2.737592277E-03-2.554560127E-03
-2.328477601E-03-2.059892560E-03-1.749512790E-03-1.398218524E-03-1.007094200E-03
-5.775449948E-04-1.108165821E-04 3.941395882E-04 9.394272206E-04 1.525302751E-03
 2.151911594E-03 2.820632765E-03 3.533639133E-03 4.292292328E-03 5.097552568E-03
 5.950712110E-03 6.853444674E-03 7.807762361E-03 8.816022824E-03 9.880747791E-03
 1.100470486E-02 1.219111721E-02 1.344331858E-02 1.476499687E-02 1.616077950E-02
 1.763501228E-02 1.919150322E-02 2.083598223E-02 2.257797533E-02 2.440833023E-02
 1.340326632E-01 1.317055053E-01 1.293887140E-01 1.270839440E-01 1.247910479E-01
 1.225103555E-01 1.202422940E-01 1.179872725E-01 1.157456926E-01 1.135179558E-01
 1.113044015E-01 1.091051855E-01 1.069203230E-01 1.047498141E-01 1.025936742E-01
 1.004519182E-01 9.832457245E-02 9.621173145E-02 9.411356323E-02 9.203027133E-02
 8.996207547E-02 8.790920172E-02 8.587190539E-02 8.385048325E-02 8.184524270E-02
 7.985649132E-02 7.788452927E-02 7.592961062E-02 7.399194872E-02 7.207175830E-02
 7.016925909E-02 6.828465046E-02 6.641810522E-02 6.456979658E-02 6.273990679E-02
 6.092862521E-02 5.913615083E-02 5.736270190E-02 5.560858116E-02 5.387426967E-02
 5.216032785E-02 5.046724131E-02 4.879521233E-02 4.714426368E-02 4.551444979E-02
 4.390595883E-02 4.231906725E-02 4.075406220E-02 3.921121275E-02 3.769082291E-02
 3.619339346E-02 3.471964116E-02 3.327022779E-02 3.184558379E-02 3.044599623E-02
 2.907158578E-02 2.772245919E-02 2.639902207E-02 2.510188865E-02 2.383157876E-02
 2.258851367E-02 2.137315781E-02 2.018605385E-02 1.902780064E-02 1.789897654E-02
 1.680006792E-02 1.573150231E-02 1.469370763E-02 1.368724373E-02 1.271273127E-02
 1.177071303E-02 1.086167623E-02 9.986125562E-03 9.144657309E-03 8.337862006E-03
 7.566273684E-03 6.830440757E-03 6.130963859E-03 5.468325303E-03 4.842966630E-03
 4.255309627E-03 3.705743627E-03 3.194623862E-03 2.722015651E-03 2.288178445E-03
 1.893521974E-03 1.538386238E-03 1.223081583E-03 9.478985808E-04 7.130583505E-04
 5.187513269E-04 3.651331326E-04 2.522807510E-04 1.802140147E-04 1.489092265E-04
 1.583161761E-04 2.083913201E-04 2.990627645E-04 4.302126986E-04 6.017096031E-04
 8.134017177E-04 1.065123734E-03 1.356731256E-03 1.688079908E-03 2.059002327E-03
 2.469429146E-03 2.919809719E-03 3.410938630E-03 3.943462546E-03 4.518046336E-03
 5.135287484E-03 5.795858755E-03 6.500745001E-03 7.251134538E-03 8.048488078E-03
 8.894481961E-03 9.790972634E-03 1.074011610E-02 1.174429851E-02 1.280603393E-02
 1.392816936E-02 1.511398453E-02 1.636674593E-02 1.769026658E-02 1.908925963E-02
 2.056769971E-02 2.212976086E-02 2.378430958E-02 2.552381532E-02 1.370674575E-01
 1.347543548E-01 1.324515433E-01 1.301608230E-01 1.278821901E-01 1.256160143E-01
 1.233627112E-01 1.211226762E-01 1.188963031E-01 1.166839239E-01 1.144856856E-01
 1.123015968E-01 1.101316514E-01 1.079758582E-01 1.058342257E-01 1.037067703E-01
 1.015935720E-01 9.949478685E-02 9.741060746E-02 9.534124399E-02 9.328691184E-02
 9.124784986E-02 8.922434110E-02 8.721668419E-02 8.522517776E-02 8.325011821E-02
 8.129176528E-02 7.935032811E-02 7.742600869E-02 7.551901687E-02 7.362955104E-02
 7.175777735E-02 6.990385365E-02 6.806794572E-02 6.625022647E-02 6.445087578E-02
 6.267008568E-02 6.090809193E-02 5.916528392E-02 5.744219752E-02 5.573937076E-02
 5.405715080E-02 5.239559073E-02 5.075468343E-02 4.913451316E-02 4.753529853E-02
 4.595730445E-02 4.440078485E-02 4.286598258E-02 4.135322348E-02 3.986309935E-02
 3.839633577E-02 3.695350923E-02 3.553496735E-02 3.414092009E-02 3.277140068E-02
 3.142651577E-02 3.010672935E-02 2.881263760E-02 2.754469319E-02 2.630327594E-02
 2.508883067E-02 2.390188206E-02 2.274300785E-02 2.161274881E-02 2.051154092E-02
 1.943975572E-02 1.839777402E-02 1.738613996E-02 1.640545484E-02 1.545622028E-02
 1.453886493E-02 1.365382217E-02 1.280164788E-02 1.198291213E-02 1.119812730E-02
 1.044779125E-02 9.732360169E-03 9.052250928E-03 8.407903394E-03 7.799745586E-03
 7.228134620E-03 6.693505517E-03 6.196321312E-03 5.736879333E-03 5.315503366E-03
 4.932430768E-03 4.587879694E-03 4.282100658E-03 4.015268188E-03 3.787520065E-03
 3.599035223E-03 3.449884394E-03 3.340059166E-03 3.269512221E-03 3.238178966E-03
 3.246075985E-03 3.293254726E-03 3.379697016E-03 3.505380660E-03 3.670310882E-03
 3.874483069E-03 4.117950262E-03 4.400834592E-03 4.723269870E-03 5.085429253E-03
 5.487437063E-03 5.929458027E-03 6.411987316E-03 6.935675558E-03 7.501181682E-03
 8.109324984E-03 8.761118178E-03 9.457680096E-03 1.020038443E-02 1.099084478E-02
 1.183077536E-02 1.272210107E-02 1.366706902E-02 1.466809908E-02 1.572771162E-02
 1.684885148E-02 1.803481150E-02 1.928879596E-02 2.061477381E-02 2.201736643E-02
 2.350070194E-02 2.507181568E-02 2.672332851E-02 1.401198213E-01 1.378204465E-01
 1.355314704E-01 1.332548026E-01 1.309904723E-01 1.287388374E-01 1.265002985E-01
 1.242752378E-01 1.220639822E-01 1.198666757E-01 1.176833210E-01 1.155139054E-01
 1.133584320E-01 1.112169053E-01 1.090893336E-01 1.069757814E-01 1.048763928E-01
 1.027913494E-01 1.007208524E-01 9.866510857E-02 9.662434118E-02 9.459881795E-02
 9.258882878E-02 9.059466356E-02 8.861661180E-02 8.665493919E-02 8.470985576E-02
 8.278155231E-02 8.087022735E-02 7.897607632E-02 7.709926450E-02 7.523993749E-02
 7.339824558E-02 7.157434662E-02 6.976840414E-02 6.798059115E-02 6.621110256E-02
 6.446023123E-02 6.272845470E-02 6.101631865E-02 5.932428602E-02 5.765252241E-02
 5.600100084E-02 5.436971904E-02 5.275880582E-02 5.116848962E-02 4.959901391E-02
 4.805059877E-02 4.652347553E-02 4.501803160E-02 4.353493512E-02 4.207488407E-02
 4.063835105E-02 3.922561384E-02 3.783679238E-02 3.647185498E-02 3.513094389E-02
 3.381457331E-02 3.252330304E-02 3.125751999E-02 3.001757211E-02 2.880388963E-02
 2.761698246E-02 2.645740737E-02 2.532566444E-02 2.422214006E-02 2.314715281E-02
 2.210104296E-02 2.108433899E-02 2.009761828E-02 1.914134252E-02 1.821588985E-02
 1.732165137E-02 1.645916350E-02 1.562897453E-02 1.483156786E-02 1.406741053E-02
 1.333690859E-02 1.264043335E-02 1.197839641E-02 1.135121296E-02 1.075921255E-02
 1.020278996E-02 9.682372460E-03 9.198213999E-03 8.750657647E-03 8.339975526E-03
 7.966380260E-03 7.630161899E-03 7.331556954E-03 7.070706910E-03 6.847868211E-03
 6.663198096E-03 6.516721597E-03 6.408412775E-03 6.338208541E-03 6.306132185E-03
 6.312342769E-03 6.356921377E-03 6.439872156E-03 6.561258700E-03 6.721116588E-03
 6.919493060E-03 7.156537464E-03 7.432397584E-03 7.747221726E-03 8.101204078E-03
 8.494574061E-03 8.927747783E-03 9.401412706E-03 9.916300798E-03 1.047319634E-02
 1.107311044E-02 1.171712058E-02 1.240643734E-02 1.314256402E-02 1.392718525E-02
 1.476205748E-02 1.564921412E-02 1.659097323E-02 1.758975537E-02 1.864810118E-02
 1.976907582E-02 2.095592212E-02 2.221179149E-02 2.354077247E-02 2.494782090E-02
 2.643945558E-02 2.800726204E-02 1.431868961E-01 1.409011533E-01 1.386260165E-01
 1.363634411E-01 1.341134401E-01 1.318763555E-01 1.296525815E-01 1.274424497E-01
 1.252460894E-01 1.230634874E-01 1.208946260E-01 1.187395039E-01 1.165981201E-01
 1.144704722E-01 1.123566094E-01 1.102566682E-01 1.081708209E-01 1.060992603E-01
 1.040421845E-01 1.019998015E-01 9.997236489E-02 9.796015643E-02 9.596345815E-02
 9.398255299E-02 9.201771108E-02 9.006914550E-02 8.813703725E-02 8.622157396E-02
 8.432294646E-02 8.244132193E-02 8.057683665E-02 7.872962657E-02 7.689983563E-02
 7.508761311E-02 7.329311472E-02 7.151650801E-02 6.975801077E-02 6.801801233E-02
 6.629704123E-02 6.459561962E-02 6.291407111E-02 6.125240226E-02 5.961055579E-02
 5.798855870E-02 5.638658094E-02 5.480484580E-02 5.324356785E-02 5.170293752E-02
 5.018319312E-02 4.868481733E-02 4.720852242E-02 4.575494721E-02 4.432445994E-02
 4.291727414E-02 4.153341112E-02 4.017279939E-02 3.883564692E-02 3.752250099E-02
 3.623386912E-02 3.497007905E-02 3.373145529E-02 3.251841592E-02 3.133145824E-02
 3.017111752E-02 2.903785118E-02 2.793199822E-02 2.685382719E-02 2.580364364E-02
 2.478196342E-02 2.378933928E-02 2.282619466E-02 2.189285968E-02 2.098968177E-02
 2.011717592E-02 1.927587092E-02 1.846622332E-02 1.768867762E-02 1.694361714E-02
 1.623137571E-02 1.555233192E-02 1.490688516E-02 1.429533830E-02 1.371804024E-02
 1.317543671E-02 1.266775604E-02 1.219531834E-02 1.175842875E-02 1.135727050E-02
 1.099213590E-02 1.066331868E-02 1.037095331E-02 1.011531297E-02 9.896654512E-03
 9.715039894E-03 9.570458143E-03 9.462850594E-03 9.392194116E-03 9.358710623E-03
 9.362610587E-03 9.403944803E-03 9.482814148E-03 9.599334564E-03 9.753575856E-03
 9.945705277E-03 1.017596079E-02 1.044452249E-02 1.075161808E-02 1.109751966E-02
 1.148255174E-02 1.190736941E-02 1.237279686E-02 1.287960264E-02 1.342869263E-02
 1.402119622E-02 1.465822041E-02 1.534109982E-02 1.607147033E-02 1.685105066E-02
 1.768164009E-02 1.856537927E-02 1.950463712E-02 2.050180930E-02 2.155946071E-02
 2.268078839E-02 2.386894288E-02 2.512689642E-02 2.645938336E-02 2.787388591E-02
 2.936191815E-02
 1.030016087E+00 1.036790549E+00 1.043151125E+00 1.049391154E+00 1.055517872E+00
 1.061541963E+00 1.067473384E+00 1.073321636E+00 1.079097021E+00 1.084809715E+00
 1.090469589E+00 1.096087305E+00 1.101672046E+00 1.107233526E+00 1.112782979E+00
 1.118329796E+00 1.123883762E+00 1.129455287E+00 1.135053997E+00 1.140690090E+00
 1.146373817E+00 1.152115201E+00 1.157924045E+00 1.163810140E+00 1.169783536E+00
 1.175854820E+00 1.182033771E+00 1.188329968E+00 1.194753877E+00 1.201315362E+00
 1.208024190E+00 1.214890952E+00 1.221925381E+00 1.229137168E+00 1.236536741E+00
 1.244134326E+00 1.251939555E+00 1.259962255E+00 1.268212774E+00 1.276701199E+00
 1.285437309E+00 1.294431029E+00 1.303692542E+00 1.313232073E+00 1.323059603E+00
 1.333184800E+00 1.343617833E+00 1.354368900E+00 1.365447683E+00 1.376864317E+00
 1.388629149E+00 1.400752092E+00 1.413242747E+00 1.426111153E+00 1.439367681E+00
 1.453022191E+00 1.467084747E+00 1.481565597E+00 1.496474553E+00 1.511821615E+00
 1.527616526E+00 1.543869561E+00 1.560591143E+00 1.577790765E+00 1.595478434E+00
 1.613664211E+00 1.632357846E+00 1.651569994E+00 1.671310772E+00 1.691589560E+00
 1.712416547E+00 1.733801652E+00 1.755755163E+00 1.778287499E+00 1.801407729E+00
 1.825125908E+00 1.849453029E+00 1.874398750E+00 1.899972306E+00 1.926184231E+00
 1.953044915E+00 1.980563961E+00 2.008751530E+00 2.037617864E+00 2.067172462E+00
 2.097425040E+00 2.128386402E+00 2.160066811E+00 2.192475476E+00 2.225622742E+00
 2.259518717E+00 2.294173188E+00 2.329596370E+00 2.365798194E+00 2.402788701E+00
 2.440578087E+00 2.479176175E+00 2.518592768E+00 2.558838098E+00 2.599922022E+00
 2.641854724E+00 2.684646027E+00 2.728306828E+00 2.772846477E+00 2.818275102E+00
 2.864601863E+00 2.911837578E+00 2.959992455E+00 3.009076138E+00 3.059099183E+00
 3.110070995E+00 3.162000319E+00 3.214893934E+00 3.268778873E+00 3.323712560E+00
 3.379718702E+00 3.436669139E+00 3.494231315E+00 3.551968198E+00 3.609554601E+00
 3.667016401E+00 3.724899800E+00 3.784339234E+00 3.847033016E+00 3.915170577E+00
 3.991347892E+00 4.078530821E+00 4.180079566E+00 4.300015740E+00
  300    5
 2.294999864E+00-5.190850308E-05 2.295008320E+00 8.568911168E-03 2.295034013E+00
 1.719843060E-02 2.295077198E+00 2.584540266E-02 2.295137132E+00 3.451857825E-02
 2.295214443E+00 4.322688125E-02 2.295309379E+00 5.197936356E-02 2.295422547E+00
 6.078530733E-02 2.295554619E+00 6.965424692E-02 2.295706007E+00 7.859595089E-02
 2.295876237E+00 8.762029761E-02 2.296066851E+00 9.673790094E-02 2.296279536E+00
 1.059598937E-01 2.296514599E+00 1.152975653E-01 2.296772118E+00 1.247626052E-01
 2.297053071E+00 1.343674983E-01 2.297359188E+00 1.441256360E-01 2.297692144E+00
 1.540511685E-01 2.298052929E+00 1.641588229E-01 2.298442476E+00 1.744641644E-01
 2.298862528E+00 1.849840643E-01 2.299315678E+00 1.957369175E-01 2.299804739E+00
 2.067425468E-01 2.300332306E+00 2.180221327E-01 2.300900361E+00 2.295981066E-01
 2.301510769E+00 2.414945110E-01 2.302166643E+00 2.537379901E-01 2.302871225E+00
 2.663574497E-01 2.303628721E+00 2.793848643E-01 2.304444357E+00 2.928557253E-01
 2.305321652E+00 3.068075151E-01 2.306264751E+00 3.212815645E-01 2.307279752E+00
 3.363245976E-01 2.308371860E+00 3.519871642E-01 2.309546514E+00 3.683249912E-01
 2.310810873E+00 3.854009846E-01 2.312171295E+00 4.032838918E-01 2.313632816E+00
 4.220484804E-01 2.315201157E+00 4.417782854E-01 2.316881557E+00 4.625656322E-01
 2.318676695E+00 4.845105162E-01 2.320585965E+00 5.077206895E-01 2.322604159E+00
 5.323109822E-01 2.324716732E+00 5.583980752E-01 2.326897483E+00 5.860970586E-01
 2.329101435E+00 6.155105057E-01 2.331256238E+00 6.467125944E-01 2.333253003E+00
 6.797283178E-01 2.334932823E+00 7.145005936E-01 2.336075570E+00 7.508526472E-01
 2.336394221E+00 7.884503655E-01 2.335542422E+00 8.267795369E-01 2.333142192E+00
 8.651572626E-01 2.328829253E+00 9.027854219E-01 2.322307474E+00 9.388434723E-01
 2.313397147E+00 9.726000560E-01 2.302053884E+00 1.003493065E+00 2.288357268E+00
 1.031159649E+00 2.272484074E+00 1.055432146E+00 2.254671033E+00 1.076297972E+00
 2.235181248E+00 1.093849849E+00 2.214281484E+00 1.108247051E+00 2.192227374E+00
 1.119684808E+00 2.169255344E+00 1.128373448E+00 2.145578394E+00 1.134522172E+00
 2.121385741E+00 1.138331563E+00 2.096844595E+00 1.139992988E+00 2.072101656E+00
 1.139686685E+00 2.047284494E+00 1.137578186E+00 2.022503927E+00 1.133820132E+00
 1.997856254E+00 1.128556079E+00 1.973424425E+00 1.121917977E+00 1.949279667E+00
 1.114027467E+00 1.925482886E+00 1.104997145E+00 1.902085845E+00 1.094931326E+00
 1.879132196E+00 1.083927758E+00 1.856658304E+00 1.072077348E+00 1.834694063E+00
 1.059464259E+00 1.813263616E+00 1.046166781E+00 1.792385949E+00 1.032258087E+00
 1.772075400E+00 1.017806775E+00 1.752342276E+00 1.002875887E+00 1.733193405E+00
 9.875231401E-01 1.714632325E+00 9.718029454E-01 1.696659414E+00 9.557674139E-01
 1.679272845E+00 9.394629214E-01 1.662468817E+00 9.229315209E-01 1.646241487E+00
 9.062128148E-01 1.630583021E+00 8.893445000E-01 1.615484381E+00 8.723602794E-01
 1.600935488E+00 8.552905350E-01 1.586925116E+00 8.381634748E-01 1.573441146E+00
 8.210049371E-01 1.560470722E+00 8.038385022E-01 1.548000428E+00 7.866855142E-01
 1.536016920E+00 7.695641171E-01 1.524506874E+00 7.524900254E-01 1.513455928E+00
 7.354790815E-01 1.502849385E+00 7.185457507E-01 1.492672997E+00 7.017018918E-01
 1.482913082E+00 6.849570227E-01 1.473555671E+00 6.683201112E-01 1.464587039E+00
 6.517987630E-01 1.455993539E+00 6.353996498E-01 1.447761784E+00 6.191283481E-01
 1.439878591E+00 6.029895486E-01 1.432331803E+00 5.869860850E-01 1.425109096E+00
 5.711207102E-01 1.418198136E+00 5.553958584E-01 1.411587210E+00 5.398129170E-01
 1.405264992E+00 5.243726181E-01 1.399221029E+00 5.090745966E-01 1.393445335E+00
 4.939179694E-01 1.387928159E+00 4.789016069E-01 1.382658813E+00 4.640252332E-01
 1.377627723E+00 4.492873839E-01 1.372826910E+00 4.346851865E-01 1.368247784E+00
 4.202164032E-01 1.363883045E+00 4.058777971E-01 1.359724387E+00 3.916670237E-01
 1.355763751E+00 3.775815259E-01 1.351995094E+00 3.636173387E-01 1.348411033E+00
 3.497715514E-01 1.345005195E+00 3.360406035E-01 1.341772274E+00 3.224203664E-01
 1.338706513E+00 3.089071189E-01 1.335802801E+00 2.954968567E-01 1.333055124E+00
 2.821861400E-01 1.330458247E+00 2.689711249E-01 1.328007668E+00 2.558476614E-01
 1.325700125E+00 2.428111375E-01 1.323532545E+00 2.298570336E-01 1.321499675E+00
 2.169818274E-01 1.319597399E+00 2.041815038E-01 1.317823590E+00 1.914513808E-01
 1.316174610E+00 1.787874185E-01 1.314647600E+00 1.661853509E-01 1.313241142E+00
 1.536405722E-01 1.311951421E+00 1.411492240E-01 1.310776701E+00 1.287068978E-01
 1.309715216E+00 1.163092726E-01 1.308764991E+00 1.039521221E-01 1.307924984E+00
 9.163108822E-02 1.307192729E+00 7.934208568E-02 1.306566429E+00 6.708088604E-02
 1.306046538E+00 5.484302018E-02 1.305632150E+00 4.262426344E-02 1.305321676E+00
 3.042043586E-02 1.305115054E+00 1.822724196E-02 1.305012802E+00 6.040422108E-03
 1.305013343E+00-6.144233431E-03 1.305117011E+00-1.833099726E-02 1.305324229E+00
-3.052411865E-02 1.305635415E+00-4.272783981E-02 1.306051244E+00-5.494639083E-02
 1.306571688E+00-6.718409244E-02 1.307198216E+00-7.944514852E-02 1.307931271E+00
-9.173390607E-02 1.308772652E+00-1.040545560E-01 1.309723419E+00-1.164114300E-01
 1.310785750E+00-1.288086850E-01 1.311961277E+00-1.412506116E-01 1.313251023E+00
-1.537417325E-01 1.314658574E+00-1.662859682E-01 1.316186729E+00-1.788874240E-01
 1.317837016E+00-1.915506630E-01 1.319611276E+00-2.042803066E-01 1.321513777E+00
-2.170802114E-01 1.323547817E+00-2.299545950E-01 1.325717385E+00-2.429074575E-01
 1.328025348E+00-2.559433531E-01 1.330475346E+00-2.690666443E-01 1.333073256E+00
-2.822806822E-01 1.335822934E+00-2.955898359E-01 1.338727883E+00-3.089988460E-01
 1.341794121E+00-3.225112102E-01 1.345027789E+00-3.361303531E-01 1.348433800E+00
-3.498605207E-01 1.352018332E+00-3.637052952E-01 1.355788032E+00-3.776680112E-01
 1.359749192E+00-3.917523363E-01 1.363908901E+00-4.059614673E-01 1.368274481E+00
-4.202985005E-01 1.372853728E+00-4.347662319E-01 1.377654715E+00-4.493672874E-01
 1.382685977E+00-4.641039463E-01 1.387955758E+00-4.789788218E-01 1.393473966E+00
-4.939930041E-01 1.399249847E+00-5.091482002E-01 1.405293435E+00-5.244453304E-01
 1.411615910E+00-5.398839938E-01 1.418227812E+00-5.554643507E-01 1.425139299E+00
-5.711870008E-01 1.432362059E+00-5.870506494E-01 1.439908762E+00-6.030524751E-01
 1.447791977E+00-6.191893904E-01 1.456023826E+00-6.354585873E-01 1.464617169E+00
-6.518558452E-01 1.473585689E+00-6.683751457E-01 1.482943123E+00-6.850096395E-01
 1.492702913E+00-7.017521760E-01 1.502878794E+00-7.185942421E-01 1.513485015E+00
-7.355252893E-01 1.524535716E+00-7.525336046E-01 1.536045375E+00-7.696051512E-01
 1.548028184E+00-7.867245001E-01 1.560497532E+00-8.038758721E-01 1.573467224E+00
-8.210399942E-01 1.586950634E+00-8.381954925E-01 1.600960315E+00-8.553195495E-01
 1.615508151E+00-8.723871066E-01 1.630605499E+00-8.893696838E-01 1.646262711E+00
-9.062360149E-01 1.662489023E+00-9.229514662E-01 1.679291838E+00-9.394799270E-01
 1.696676888E+00-9.557824711E-01 1.714648222E+00-9.718159856E-01 1.733207701E+00
-9.875338447E-01 1.752354708E+00-1.002885595E+00 1.772085894E+00-1.017815856E+00
 1.792394595E+00-1.032265360E+00 1.813270391E+00-1.046171555E+00 1.834698836E+00
-1.059467204E+00 1.856660996E+00-1.072078696E+00 1.879132740E+00-1.083928085E+00
 1.902084200E+00-1.094930736E+00 1.925478999E+00-1.104995312E+00 1.949273522E+00
-1.114025081E+00 1.973416034E+00-1.121915537E+00 1.997845615E+00-1.128553662E+00
 2.022491029E+00-1.133817723E+00 2.047269350E+00-1.137575951E+00 2.072084399E+00
-1.139685476E+00 2.096825309E+00-1.139993101E+00 2.121364494E+00-1.138333134E+00
 2.145555439E+00-1.134526109E+00 2.169231102E+00-1.128381093E+00 2.192202062E+00
-1.119696424E+00 2.214255302E+00-1.108262791E+00 2.235154737E+00-1.093870891E+00
 2.254644795E+00-1.076325430E+00 2.272458647E+00-1.055466732E+00 2.288333025E+00
-1.031201513E+00 2.302031700E+00-1.003543523E+00 2.313378227E+00-9.726609337E-01
 2.322292320E+00-9.389147655E-01 2.328818202E+00-9.028667682E-01 2.333135089E+00
-8.652473704E-01 2.335538573E+00-8.268762941E-01 2.336393321E+00-7.885526113E-01
 2.336077474E+00-7.509596322E-01 2.334937196E+00-7.146113529E-01 2.333258836E+00
-6.798409767E-01 2.331263499E+00-6.468269309E-01 2.329109729E+00-6.156258142E-01
 2.326905947E+00-5.862120978E-01 2.324725127E+00-5.585125498E-01 2.322612853E+00
-5.324253708E-01 2.320595604E+00-5.078357381E-01 2.318685954E+00-4.846246745E-01
 2.316890029E+00-4.626785206E-01 2.315209464E+00-4.418906312E-01 2.313641160E+00
-4.221605112E-01 2.312179613E+00-4.033955603E-01 2.310819088E+00-3.855122347E-01
 2.309554615E+00-3.684358347E-01 2.308379894E+00-3.520976585E-01 2.307287763E+00
-3.364347935E-01 2.306272437E+00-3.213912412E-01 2.305328468E+00-3.069163065E-01
 2.304451399E+00-2.929644576E-01 2.303636165E+00-2.794936481E-01 2.302877783E+00
-2.664654458E-01 2.302172339E+00-2.538452709E-01 2.301515987E+00-2.416013531E-01
 2.300904805E+00-2.297043766E-01 2.300336893E+00-2.181283576E-01 2.299809953E+00
-2.068489621E-01 2.299320790E+00-1.958431490E-01 2.298866660E+00-1.850897282E-01
 2.298445705E+00-1.745693437E-01 2.298055971E+00-1.642638487E-01 2.297695178E+00
-1.541561179E-01 2.297362150E+00-1.442304884E-01 2.297055944E+00-1.344722522E-01
 2.296774917E+00-1.248672703E-01 2.296517344E+00-1.154021515E-01 2.296282245E+00
-1.060644089E-01 2.296069356E+00-9.684230761E-02 2.295878106E+00-8.772451330E-02
 2.295707548E+00-7.870006287E-02 2.295556699E+00-6.975841702E-02 2.295424263E+00
-6.088937863E-02 2.295310088E+00-5.208327046E-02 2.295214744E+00-4.333072997E-02
 2.295137367E+00-3.462241502E-02 2.295077401E+00-2.594923251E-02 2.295034158E+00
-1.730225368E-02 2.295008392E+00-8.672729687E-03 2.294999864E+00-5.190850308E-05
 1.253477899E+00-1.197095164E+00 2.387961647E+00-1.197095164E+00 2.387961647E+00
 1.197094360E+00 1.253477899E+00 1.197094360E+00 1.253477899E+00-1.197095164E+00
 
    4.60949785E-02 abs(PSI-AXIS) --> [T M**2]    -2.24021595E-01
    1.04709263E+00 R OF MAGAXE --> [M]       1.88476673E+00
   -2.23163651E-07 Z OF MAGAXE --> [M]      -4.01694572E-07
   -2.88380573E-05 Z0 --> [M]      -5.19085031E-05
    1.80000000E+00 R0 [M] USED FOR CONVERTING TO MKSA
    1.50000000E+00 B0 [T] USED FOR CONVERTING TO MKSA
    1.00000000E+00 SIGN OF B0 IN EXPERIMENT (CHEASE ASSUMES 1.0) 
    4.43280063E-01 TOTAL CURRENT --> [A]     9.52427877E+05
    1.00000000E+00 SIGN OF IP IN EXPERIMENT (CHEASE ASSUMES 1.0) 
    2.21075922E+00 b/a
    1.03001609E+00 Q_ZERO, USING SIGNS OF IP AND B0, WOULD GIVE:     1.03001609E+00
    4.30001574E+00 Q_EDGE, USING SIGNS OF IP AND B0, WOULD GIVE:     4.30001574E+00
    1.15256821E+00 POLOIDAL BETA
    3.10359329E-02 BETA_EXP=<P>*2*MU0/B0**2
    7.76050960E-01 LI
    3.86050320E-02 PRESSURE ON AXIS --> [Pa]     6.91220437E+04  --> [10**19 M**-3 KEV]:     4.31473432E+01
    3.19759009E-02 BETA
    4.26323412E-02 BETA* (SQRT(<P**2>))
    8.34984787E-02 BETA-AXIS=2p0/(T0/Rmag)^2;      with Rmag->Rgeo(LCFS):    7.79189005E-02
   -4.60949785E-02 PSI-AXIS --> [T M**2]    -2.24021595E-01
   -2.89623292E-01 2*PI*PSI-AXIS -->        -1.40756920E+00
   -4.60949785E-02 IP_SIGN*PSI-AXIS --> [T M**2]    -2.24021595E-01
   -2.89623292E-01 IP_SIGN*2*PI*PSI-AXIS -->        -1.40756920E+00
    3.53051387E+00 ASPECT RATIO ; a/R=     2.83244886E-01
    3.77595279E+00 VOLUME ->     2.20213567E+01
    5.75958694E-01 AREA   ->     1.86610617E+00
    2.05240752E+01 SURFACE   ->     6.64980036E+01
    3.09301273E+00 LENGTH ->     5.56742292E+00
    7.25007112E-01 RMIN -> RMIN [m]     1.30501280E+00
    1.29799679E+00 RMAX -> RMAX [m]     2.33639422E+00
   -6.33329501E-01 ZMIN -> ZMIN [m]    -1.13999310E+00
    6.33329438E-01 ZMAX -> ZMAX [m]     1.13999299E+00
    1.01150195E+00 RGEOM -> RGEOM [m]     1.82070351E+00
    2.86494838E-01 MINOR RADIUS -> A [m]     5.15690709E-01
