      FROM CHEASE BUT COCOS=02 ,SI UNITS20260225   3 129 129
 1.099995326E+00 1.575000679E+00 1.800000000E+00 1.250002566E+00-8.051300363E-09
 1.827288724E+00-8.051300363E-09-1.477520091E-01 0.000000000E+00 1.500000000E+00
 5.984899845E+05-1.477520091E-01 0.000000000E+00 1.827288724E+00 0.000000000E+00
-8.051300363E-09 0.000000000E+00 0.000000000E+00 0.000000000E+00 0.000000000E+00
 2.733983164E+00 2.732751199E+00 2.731544665E+00 2.730362783E+00 2.729204845E+00
 2.728070214E+00 2.726958313E+00 2.725868628E+00 2.724800698E+00 2.723754115E+00
 2.722728521E+00 2.721723603E+00 2.720739080E+00 2.719774723E+00 2.718830340E+00
 2.717905768E+00 2.717000873E+00 2.716115560E+00 2.715249756E+00 2.714403420E+00
 2.713576528E+00 2.712769083E+00 2.711981103E+00 2.711212627E+00 2.710463707E+00
 2.709734407E+00 2.709024822E+00 2.708335029E+00 2.707665133E+00 2.707015234E+00
 2.706385436E+00 2.705775854E+00 2.705186608E+00 2.704617784E+00 2.704069490E+00
 2.703541832E+00 2.703034904E+00 2.702548770E+00 2.702083504E+00 2.701639160E+00
 2.701215776E+00 2.700813369E+00 2.700431934E+00 2.700071470E+00 2.699731937E+00
 2.699413249E+00 2.699115319E+00 2.698838044E+00 2.698581289E+00 2.698344876E+00
 2.698128603E+00 2.697932252E+00 2.697755564E+00 2.697598254E+00 2.697460016E+00
 2.697340494E+00 2.697239321E+00 2.697156111E+00 2.697090427E+00 2.697041795E+00
 2.697009738E+00 2.696993757E+00 2.696993318E+00 2.697007850E+00 2.697036765E+00
 2.697079471E+00 2.697135347E+00 2.697203754E+00 2.697284039E+00 2.697375531E+00
 2.697477533E+00 2.697589349E+00 2.697710289E+00 2.697839637E+00 2.697976662E+00
 2.698120646E+00 2.698270868E+00 2.698426590E+00 2.698587089E+00 2.698751642E+00
 2.698919523E+00 2.699090019E+00 2.699262418E+00 2.699436015E+00 2.699610114E+00
 2.699784031E+00 2.699957094E+00 2.700128638E+00 2.700298011E+00 2.700464576E+00
 2.700627709E+00 2.700786802E+00 2.700941257E+00 2.701090497E+00 2.701233950E+00
 2.701371070E+00 2.701501319E+00 2.701624183E+00 2.701739157E+00 2.701845750E+00
 2.701943486E+00 2.702031911E+00 2.702110586E+00 2.702179077E+00 2.702236972E+00
 2.702283865E+00 2.702319377E+00 2.702343136E+00 2.702354782E+00 2.702353970E+00
 2.702340362E+00 2.702313644E+00 2.702273492E+00 2.702219614E+00 2.702151825E+00
 2.702070058E+00 2.701974050E+00 2.701862834E+00 2.701734461E+00 2.701586319E+00
 2.701416106E+00 2.701223177E+00 2.701009964E+00 2.700783170E+00 2.700554523E+00
 2.700340817E+00 2.700162809E+00 2.700042936E+00 2.700000000E+00
 3.039524925E+04 3.039153883E+04 3.038040946E+04 3.036186510E+04 3.033591253E+04
 3.030256111E+04 3.026182320E+04 3.021371366E+04 3.015825019E+04 3.009545317E+04
 3.002534573E+04 2.994795369E+04 2.986330558E+04 2.977143268E+04 2.967236892E+04
 2.956615095E+04 2.945281828E+04 2.933241303E+04 2.920497983E+04 2.907056641E+04
 2.892922300E+04 2.878100267E+04 2.862596107E+04 2.846415659E+04 2.829565042E+04
 2.812050631E+04 2.793879094E+04 2.775057361E+04 2.755592645E+04 2.735492413E+04
 2.714764408E+04 2.693416632E+04 2.671457386E+04 2.648895228E+04 2.625739008E+04
 2.601997814E+04 2.577681001E+04 2.552798245E+04 2.527359458E+04 2.501374827E+04
 2.474854802E+04 2.447810148E+04 2.420251852E+04 2.392191188E+04 2.363639720E+04
 2.334609254E+04 2.305111909E+04 2.275160026E+04 2.244766241E+04 2.213943478E+04
 2.182704898E+04 2.151063973E+04 2.119034402E+04 2.086630201E+04 2.053865623E+04
 2.020755218E+04 1.987313808E+04 1.953556453E+04 1.919498516E+04 1.885155615E+04
 1.850543666E+04 1.815678820E+04 1.780577527E+04 1.745256498E+04 1.709732714E+04
 1.674023443E+04 1.638146205E+04 1.602118797E+04 1.565959293E+04 1.529686033E+04
 1.493317631E+04 1.456872988E+04 1.420371248E+04 1.383831844E+04 1.347274485E+04
 1.310719141E+04 1.274186062E+04 1.237695765E+04 1.201269023E+04 1.164926918E+04
 1.128690779E+04 1.092582191E+04 1.056623048E+04 1.020835500E+04 9.852419477E+03
 9.498651149E+03 9.147279392E+03 8.798536654E+03 8.452657879E+03 8.109880963E+03
 7.770446425E+03 7.434597707E+03 7.102580478E+03 6.774643477E+03 6.451037972E+03
 6.132018035E+03 5.817840512E+03 5.508764671E+03 5.205053284E+03 4.906970945E+03
 4.614785590E+03 4.328767243E+03 4.049189407E+03 3.776327781E+03 3.510460815E+03
 3.251870041E+03 3.000839057E+03 2.757655171E+03 2.522607059E+03 2.295987372E+03
 2.078090687E+03 1.869214597E+03 1.669659861E+03 1.479728746E+03 1.299727646E+03
 1.129964362E+03 9.707505447E+02 8.223999857E+02 6.852288323E+02 5.595572259E+02
 4.457062689E+02 3.440014622E+02 2.547700004E+02 1.783416689E+02 1.150502931E+02
 6.523037320E+01 2.922096246E+01 7.363077378E+00 0.000000000E+00
-2.949210770E+00-2.886171800E+00-2.825656821E+00-2.766992142E+00-2.709986800E+00
-2.654477909E+00-2.600332404E+00-2.547396552E+00-2.495541847E+00-2.444660049E+00
-2.394615074E+00-2.345322645E+00-2.296695612E+00-2.248600829E+00-2.200978777E+00
-2.153759256E+00-2.106845704E+00-2.060180835E+00-2.013690611E+00-1.967320559E+00
-1.921020420E+00-1.874725833E+00-1.828416210E+00-1.782024615E+00-1.735552669E+00
-1.688916179E+00-1.642113903E+00-1.595143850E+00-1.547957753E+00-1.500570930E+00
-1.452969388E+00-1.405097633E+00-1.357029994E+00-1.308780099E+00-1.260292373E+00
-1.211592472E+00-1.162745578E+00-1.113764370E+00-1.064652176E+00-1.015460871E+00
-9.662184483E-01-9.170023584E-01-8.678047563E-01-8.186576815E-01-7.696987907E-01
-7.209584954E-01-6.724510932E-01-6.242346836E-01-5.763922115E-01-5.290242436E-01
-4.821499908E-01-4.358338661E-01-3.901848822E-01-3.452157335E-01-3.010272547E-01
-2.577134224E-01-2.152583530E-01-1.737737773E-01-1.333655343E-01-9.407527162E-02
-5.592211295E-02-1.896104000E-02 1.668772216E-02 5.098602400E-02 8.390438781E-02
 1.154171738E-01 1.454489253E-01 1.739750241E-01 2.009668895E-01 2.263451130E-01
 2.501060564E-01 2.722378874E-01 2.927614367E-01 3.115606587E-01 3.286809484E-01
 3.441248229E-01 3.578712738E-01 3.698890044E-01 3.802463373E-01 3.888880260E-01
 3.958635419E-01 4.011631843E-01 4.048179996E-01 4.068209270E-01 4.072246475E-01
 4.060259142E-01 4.032810428E-01 3.989785720E-01 3.931816246E-01 3.858946468E-01
 3.771794317E-01 3.670346352E-01 3.555281153E-01 3.426697377E-01 3.284982040E-01
 3.130598332E-01 2.963828979E-01 2.785227792E-01 2.594808912E-01 2.393178373E-01
 2.180477709E-01 1.957472663E-01 1.724130757E-01 1.480905208E-01 1.228086530E-01
 9.660020358E-02 6.952461321E-02 4.157753826E-02 1.281711637E-02-1.675379419E-02
-4.707916614E-02-7.814764461E-02-1.099637778E-01-1.423693205E-01-1.750247835E-01
-2.078728454E-01-2.419627621E-01-2.794541046E-01-3.225418661E-01-3.718508660E-01
-4.251669413E-01-4.769174953E-01-5.183564738E-01-5.383911091E-01-5.249101979E-01
-4.668141571E-01-3.570406497E-01-1.963598093E-01-7.386862113E-16
-1.017445415E-01-6.428190943E+03-1.285414334E+04-1.927545567E+04-2.568946813E+04
-3.209442031E+04-3.848734365E+04-4.486631914E+04-5.122865509E+04-5.757206971E+04
-6.389457827E+04-7.019336476E+04-7.646621496E+04-8.271084224E+04-8.892500122E+04
-9.510608415E+04-1.012518485E+05-1.073599710E+05-1.134280409E+05-1.194538702E+05
-1.254346367E+05-1.313686823E+05-1.372531623E+05-1.430857650E+05-1.488645084E+05
-1.545864794E+05-1.602496877E+05-1.658514122E+05-1.713897101E+05-1.768622309E+05
-1.822664833E+05-1.876002300E+05-1.928607200E+05-1.980457019E+05-2.031533174E+05
-2.081811050E+05-2.131261067E+05-2.179863384E+05-2.227597158E+05-2.274436118E+05
-2.320355289E+05-2.365330862E+05-2.409347490E+05-2.452369964E+05-2.494380602E+05
-2.535358275E+05-2.575272104E+05-2.614106202E+05-2.651834702E+05-2.688429725E+05
-2.723873747E+05-2.758140601E+05-2.791205028E+05-2.823048240E+05-2.853641325E+05
-2.882961639E+05-2.910990502E+05-2.937697757E+05-2.963067408E+05-2.987066941E+05
-3.009680200E+05-3.030880458E+05-3.050643755E+05-3.068949222E+05-3.085768977E+05
-3.101084183E+05-3.114867542E+05-3.127098697E+05-3.137751421E+05-3.146804474E+05
-3.154231416E+05-3.160011321E+05-3.164119747E+05-3.166533064E+05-3.167227266E+05
-3.166179731E+05-3.163365497E+05-3.158763945E+05-3.152348823E+05-3.144096143E+05
-3.133985115E+05-3.121991704E+05-3.108087990E+05-3.092257352E+05-3.074470314E+05
-3.054705486E+05-3.032941491E+05-3.009151182E+05-2.983314624E+05-2.955404132E+05
-2.925398600E+05-2.893272554E+05-2.859007875E+05-2.822573946E+05-2.783954996E+05
-2.743118538E+05-2.700051081E+05-2.654718812E+05-2.607103345E+05-2.557182117E+05
-2.504928262E+05-2.450324217E+05-2.393335605E+05-2.333952991E+05-2.272138771E+05
-2.207881656E+05-2.141148236E+05-2.071919970E+05-2.000177578E+05-1.925884740E+05
-1.849035494E+05-1.769585695E+05-1.687530107E+05-1.602835618E+05-1.515479110E+05
-1.425444680E+05-1.332693292E+05-1.237221868E+05-1.138987580E+05-1.037977463E+05
-9.341705828E+04-8.275282680E+04-7.180500632E+04-6.056894953E+04-4.904358035E+04
-3.722699411E+04-2.511488447E+04-1.270722890E+04 0.000000000E+00
 2.227204703E-02 2.096986423E-02 1.971183545E-02 1.850533737E-02 1.734968450E-02
 1.624556405E-02 1.519365769E-02 1.419423658E-02 1.324723334E-02 1.235258227E-02
 1.151026295E-02 1.072017204E-02 9.982063179E-03 9.295579973E-03 8.660230046E-03
 8.075245167E-03 7.539629965E-03 7.052361703E-03 6.612480188E-03 6.219106460E-03
 5.871494294E-03 5.568982297E-03 5.310798825E-03 5.096176773E-03 4.924700037E-03
 4.796217788E-03 4.710494201E-03 4.667349370E-03 4.666920111E-03 4.709500542E-03
 4.795432477E-03 4.925111292E-03 5.098926784E-03 5.317295162E-03 5.580818881E-03
 5.890212449E-03 6.246122218E-03 6.649109508E-03 7.099612487E-03 7.598044469E-03
 8.145124550E-03 8.741583756E-03 9.387756899E-03 1.008386816E-02 1.083072442E-02
 1.162917493E-02 1.247964774E-02 1.338223459E-02 1.433703316E-02 1.534432180E-02
 1.640458024E-02 1.751815537E-02 1.868509854E-02 1.990531821E-02 2.117875126E-02
 2.250565145E-02 2.388639928E-02 2.532116497E-02 2.680975410E-02 2.835127653E-02
 2.994450629E-02 3.158906915E-02 3.328569595E-02 3.503487243E-02 3.683590632E-02
 3.868769321E-02 4.058928297E-02 4.253987482E-02 4.453864011E-02 4.658484999E-02
 4.867783603E-02 5.081684455E-02 5.300107216E-02 5.522976926E-02 5.750219862E-02
 5.981747989E-02 6.217446906E-02 6.457192416E-02 6.700862512E-02 6.948341252E-02
 7.199531638E-02 7.454343936E-02 7.712688182E-02 7.974468642E-02 8.239570762E-02
 8.507869176E-02 8.779235327E-02 9.053534438E-02 9.330641784E-02 9.610473422E-02
 9.892972406E-02 1.017809228E-01 1.046578729E-01 1.075599069E-01 1.104858968E-01
 1.134344980E-01 1.164043945E-01 1.193942940E-01 1.224029111E-01 1.254291479E-01
 1.284723787E-01 1.315321824E-01 1.346081217E-01 1.376997369E-01 1.408066076E-01
 1.439283487E-01 1.470644628E-01 1.502142696E-01 1.533770523E-01 1.565520843E-01
 1.597386361E-01 1.629359943E-01 1.661434736E-01 1.693604885E-01 1.725866385E-01
 1.758216108E-01 1.790650954E-01 1.823167754E-01 1.855763442E-01 1.888435171E-01
 1.921180609E-01 1.953997839E-01 1.986884673E-01 2.019838503E-01 2.052856493E-01
 2.085935349E-01 2.119071733E-01 2.152263864E-01 2.185501978E-01 2.188137642E-02
 2.054318691E-02 1.924910534E-02 1.800629001E-02 1.681381182E-02 1.567234044E-02
 1.458269256E-02 1.354538742E-02 1.256059392E-02 1.162818254E-02 1.074799632E-02
 9.919888005E-03 9.143608158E-03 8.418759657E-03 7.744821150E-03 7.121108542E-03
 6.546679069E-03 6.020417753E-03 5.541214862E-03 5.108033354E-03 4.719937806E-03
 4.376123769E-03 4.075838584E-03 3.818283191E-03 3.602832577E-03 3.429210965E-03
 3.297296486E-03 3.206931947E-03 3.158166402E-03 3.151299612E-03 3.186742900E-03
 3.264974987E-03 3.386523362E-03 3.551919088E-03 3.761785361E-03 4.016888246E-03
 4.317998263E-03 4.665818942E-03 5.060962563E-03 5.503955130E-03 5.995444696E-03
 6.536254369E-03 7.126956451E-03 7.767859961E-03 8.459581680E-03 9.203034744E-03
 9.998844703E-03 1.084728224E-02 1.174850242E-02 1.270277870E-02 1.371057713E-02
 1.477234365E-02 1.588824686E-02 1.705827776E-02 1.828239815E-02 1.956081041E-02
 2.089390275E-02 2.228191672E-02 2.372476323E-02 2.522172644E-02 2.677165932E-02
 2.837405175E-02 3.002953216E-02 3.173862684E-02 3.350074540E-02 3.531483008E-02
 3.717994640E-02 3.909529926E-02 4.106006197E-02 4.307350458E-02 4.513495143E-02
 4.724363643E-02 4.939874581E-02 5.159952048E-02 5.384520238E-02 5.613486968E-02
 5.846733889E-02 6.084135309E-02 6.325567947E-02 6.570916452E-02 6.820083275E-02
 7.072975853E-02 7.329500506E-02 7.589555007E-02 7.853017761E-02 8.119759700E-02
 8.389647390E-02 8.662542584E-02 8.938328110E-02 9.216926618E-02 9.498282458E-02
 9.782347308E-02 1.006906705E-01 1.035835439E-01 1.065007990E-01 1.094410550E-01
 1.124029765E-01 1.153852303E-01 1.183865479E-01 1.214060197E-01 1.244431238E-01
 1.274974069E-01 1.305683788E-01 1.336555633E-01 1.367585335E-01 1.398768308E-01
 1.430098052E-01 1.461567168E-01 1.493168129E-01 1.524893309E-01 1.556735203E-01
 1.588686536E-01 1.620740783E-01 1.652893126E-01 1.685140018E-01 1.717478142E-01
 1.749904093E-01 1.782414542E-01 1.815006363E-01 1.847676906E-01 1.880423992E-01
 1.913245326E-01 1.946138175E-01 1.979099549E-01 2.012126079E-01 2.045214040E-01
 2.078360028E-01 2.111562323E-01 2.144811258E-01 2.150968545E-02 2.013570927E-02
 1.880564339E-02 1.752675124E-02 1.629796447E-02 1.511974242E-02 1.399290051E-02
 1.291810835E-02 1.189577775E-02 1.092596117E-02 1.000843213E-02 9.142930875E-03
 8.329175618E-03 7.566756579E-03 6.855108752E-03 6.193533814E-03 5.581148663E-03
 5.016831728E-03 4.499345406E-03 4.027484806E-03 3.600118426E-03 3.216242860E-03
 2.875031144E-03 2.575698974E-03 2.317510045E-03 2.100086396E-03 1.923226288E-03
 1.786761569E-03 1.690642360E-03 1.635096573E-03 1.620556279E-03 1.647567825E-03
 1.716767788E-03 1.828840209E-03 1.984511747E-03 2.184615900E-03 2.430047368E-03
 2.721667488E-03 3.060279159E-03 3.446600498E-03 3.881339298E-03 4.365333415E-03
 4.899282641E-03 5.483670574E-03 6.119027442E-03 6.806239465E-03 7.546079996E-03
 8.338991594E-03 9.185224664E-03 1.008507730E-02 1.103900432E-02 1.204752490E-02
 1.311093174E-02 1.422931080E-02 1.540267431E-02 1.663118740E-02 1.791523411E-02
 1.925511739E-02 2.065084568E-02 2.210187725E-02 2.360717072E-02 2.516611226E-02
 2.677921589E-02 2.844702918E-02 3.016906563E-02 3.194432142E-02 3.377188343E-02
 3.565096467E-02 3.758074167E-02 3.956048427E-02 4.158950983E-02 4.366703991E-02
 4.579225055E-02 4.796437277E-02 5.018262576E-02 5.244604395E-02 5.475340751E-02
 5.710344578E-02 5.949491401E-02 6.192666614E-02 6.439771366E-02 6.690709979E-02
 6.945384572E-02 7.203685477E-02 7.465485025E-02 7.730650280E-02 7.999042505E-02
 8.270521919E-02 8.544980359E-02 8.822345337E-02 9.102561142E-02 9.385576027E-02
 9.671323190E-02 9.959692565E-02 1.025054386E-01 1.054373690E-01 1.083913480E-01
 1.113660135E-01 1.143601826E-01 1.173731358E-01 1.204043782E-01 1.234534015E-01
 1.265196774E-01 1.296027226E-01 1.327020787E-01 1.358171503E-01 1.389471829E-01
 1.420913940E-01 1.452489899E-01 1.484191810E-01 1.516011971E-01 1.547943206E-01
 1.579979815E-01 1.612117746E-01 1.644353442E-01 1.676683258E-01 1.709103579E-01
 1.741610972E-01 1.774202433E-01 1.806875510E-01 1.839627797E-01 1.872456433E-01
 1.905358263E-01 1.938329776E-01 1.971367113E-01 2.004466406E-01 2.037624264E-01
 2.070839234E-01 2.104101841E-01 2.115921507E-02 1.974969279E-02 1.838384778E-02
 1.706898182E-02 1.580418335E-02 1.458977852E-02 1.342638354E-02 1.231467029E-02
 1.125520536E-02 1.024828964E-02 9.293860011E-03 8.391584426E-03 7.541082427E-03
 6.741919608E-03 5.993510881E-03 5.295105258E-03 4.645803621E-03 4.044513108E-03
 3.489930075E-03 2.980672517E-03 2.515455276E-03 2.093150873E-03 1.712930636E-03
 1.374015083E-03 1.075323487E-03 8.155188296E-04 5.941491034E-04 4.113851450E-04
 2.675037452E-04 1.629096678E-04 9.816844726E-05 7.394984699E-05 9.099429947E-05
 1.500919054E-04 2.520575551E-04 3.977406251E-04 5.880269190E-04 8.237872348E-04
 1.105844639E-03 1.434943849E-03 1.811756252E-03 2.237153474E-03 2.712371460E-03
 3.238249416E-03 3.815410693E-03 4.444692704E-03 5.126916813E-03 5.862598721E-03
 6.652125585E-03 7.495868243E-03 8.394269086E-03 9.347861663E-03 1.035705269E-02
 1.142203827E-02 1.254291291E-02 1.371983217E-02 1.495316575E-02 1.624326515E-02
 1.759022951E-02 1.899368573E-02 2.045272521E-02 2.196667398E-02 2.353592107E-02
 2.516101300E-02 2.684156628E-02 2.857663982E-02 3.036534938E-02 3.220691927E-02
 3.410053094E-02 3.604545506E-02 3.804100238E-02 4.008638229E-02 4.218076080E-02
 4.432335851E-02 4.651336943E-02 4.874978216E-02 5.103134454E-02 5.335677349E-02
 5.572481351E-02 5.813432523E-02 6.058429945E-02 6.307374450E-02 6.560163255E-02
 6.816678588E-02 7.076787652E-02 7.340353170E-02 7.607231044E-02 7.877283163E-02
 8.150410108E-02 8.426542451E-02 8.705623080E-02 8.987593793E-02 9.272369597E-02
 9.559819675E-02 9.849797878E-02 1.014216217E-01 1.043677133E-01 1.073348978E-01
 1.103221652E-01 1.133289119E-01 1.163546097E-01 1.193986912E-01 1.224606093E-01
 1.255398683E-01 1.286359175E-01 1.317480148E-01 1.348753476E-01 1.380170920E-01
 1.411724185E-01 1.443405145E-01 1.475206045E-01 1.507120307E-01 1.539143205E-01
 1.571270852E-01 1.603499355E-01 1.635824799E-01 1.668243431E-01 1.700751878E-01
 1.733347374E-01 1.766027343E-01 1.798788789E-01 1.831628384E-01 1.864542452E-01
 1.897526932E-01 1.930577780E-01 1.963691134E-01 1.996863821E-01 2.030094840E-01
 2.063374756E-01 2.082864301E-02 1.938366564E-02 1.798222759E-02 1.663156290E-02
 1.533081549E-02 1.408046147E-02 1.288100866E-02 1.173294952E-02 1.063686166E-02
 9.593204553E-03 8.602154388E-03 7.663522364E-03 6.776859876E-03 5.941649650E-03
 5.157285892E-03 4.422990694E-03 3.737809067E-03 3.100605886E-03 2.510036982E-03
 1.964726938E-03 1.463557595E-03 1.005275346E-03 5.874488825E-04 2.082824037E-04
-1.333541432E-04-4.404184815E-04-7.129782432E-04-9.491464001E-04-1.147231933E-03
-1.305919553E-03-1.424104407E-03-1.500846258E-03-1.535339436E-03-1.526883231E-03
-1.474860711E-03-1.378724831E-03-1.237986531E-03-1.052223882E-03-8.210988062E-04
-5.444082745E-04-2.220775764E-04 1.467178525E-04 5.644654334E-04 1.032368286E-03
 1.550970078E-03 2.120900078E-03 2.743279000E-03 3.419446347E-03 4.150125309E-03
 4.935804452E-03 5.776874533E-03 6.673769563E-03 7.626987530E-03 8.636842801E-03
 9.703493091E-03 1.082710480E-02 1.200803141E-02 1.324666638E-02 1.454319574E-02
 1.589740395E-02 1.730853879E-02 1.877591511E-02 2.029979205E-02 2.188069337E-02
 2.351833366E-02 2.521184324E-02 2.696037519E-02 2.876316883E-02 3.061941240E-02
 3.252837858E-02 3.448937200E-02 3.650159000E-02 3.856418882E-02 4.067637792E-02
 4.283732360E-02 4.504596738E-02 4.730102903E-02 4.960121409E-02 5.194525771E-02
 5.433202358E-02 5.676047543E-02 5.922958242E-02 6.173825922E-02 6.428524696E-02
 6.686917202E-02 6.948861111E-02 7.214207575E-02 7.482823783E-02 7.754617112E-02
 8.029519484E-02 8.307471030E-02 8.588402694E-02 8.872206731E-02 9.158737733E-02
 9.447846504E-02 9.739387738E-02 1.003321673E-01 1.032920554E-01 1.062727234E-01
 1.092735914E-01 1.122940673E-01 1.153335431E-01 1.183914619E-01 1.214672808E-01
 1.245602970E-01 1.276696751E-01 1.307945584E-01 1.339340793E-01 1.370873808E-01
 1.402536337E-01 1.434320977E-01 1.466222166E-01 1.498235589E-01 1.530357084E-01
 1.562582424E-01 1.594907513E-01 1.627328598E-01 1.659842549E-01 1.692446574E-01
 1.725137531E-01 1.757911910E-01 1.790765856E-01 1.823695090E-01 1.856695314E-01
 1.889762478E-01 1.922892919E-01 1.956083872E-01 1.989334721E-01 2.022636146E-01
 2.051699975E-02 1.903690261E-02 1.759998146E-02 1.621365226E-02 1.487710046E-02
 1.359083787E-02 1.235551717E-02 1.117154919E-02 1.003935523E-02 8.959416038E-03
 7.932068711E-03 6.957351939E-03 6.034940583E-03 5.164256723E-03 4.344629059E-03
 3.575261581E-03 2.855143192E-03 2.183065172E-03 1.557924460E-03 9.786411816E-04
 4.425978578E-04-5.406417112E-05-5.175094291E-04-9.511781369E-04-1.352881486E-03
-1.720408773E-03-2.051786909E-03-2.345121224E-03-2.598887916E-03-2.811901476E-03
-2.983213634E-03-3.112046042E-03-3.197739216E-03-3.239714686E-03-3.237446947E-03
-3.190445268E-03-3.098247835E-03-2.960417167E-03-2.776549359E-03-2.546292514E-03
-2.269356593E-03-1.945367251E-03-1.573708868E-03-1.154130505E-03-6.867493603E-04
-1.716433308E-04 3.930134167E-04 1.010629998E-03 1.682191001E-03 2.408052408E-03
 3.189243775E-03 4.027014656E-03 4.922087859E-03 5.874841773E-03 6.885362801E-03
 7.953833698E-03 9.080599925E-03 1.026604126E-02 1.151040624E-02 1.281362371E-02
 1.417512480E-02 1.559426557E-02 1.707117976E-02 1.860634875E-02 2.019957623E-02
 2.185007218E-02 2.355703640E-02 2.531972752E-02 2.713734271E-02 2.900915800E-02
 3.093447241E-02 3.291247155E-02 3.494230207E-02 3.702316141E-02 3.915418545E-02
 4.133426843E-02 4.356210639E-02 4.583639408E-02 4.815585907E-02 5.051936177E-02
 5.292583347E-02 5.537419915E-02 5.786330636E-02 6.039182073E-02 6.295832444E-02
 6.556133710E-02 6.819933827E-02 7.087107580E-02 7.357567114E-02 7.631243937E-02
 7.908073040E-02 8.187969223E-02 8.470801581E-02 8.756416114E-02 9.044661417E-02
 9.335387614E-02 9.628449820E-02 9.923736357E-02 1.022117716E-01 1.052071033E-01
 1.082227023E-01 1.112579398E-01 1.143122376E-01 1.173849370E-01 1.204751983E-01
 1.235821302E-01 1.267048284E-01 1.298423898E-01 1.329939339E-01 1.361586441E-01
 1.393358699E-01 1.425251233E-01 1.457259573E-01 1.489379168E-01 1.521605559E-01
 1.553934594E-01 1.586362737E-01 1.618886924E-01 1.651503852E-01 1.684209819E-01
 1.717000770E-01 1.749872206E-01 1.782819550E-01 1.815838479E-01 1.848925134E-01
 1.882076261E-01 1.915289434E-01 1.948564504E-01 1.981892016E-01 2.022325370E-02
 1.870850578E-02 1.723644323E-02 1.581454246E-02 1.444228035E-02 1.312022212E-02
 1.184905152E-02 1.062932078E-02 9.461395674E-03 8.345627395E-03 7.282387233E-03
 6.271876156E-03 5.313981423E-03 4.408230442E-03 3.553903107E-03 2.750129714E-03
 1.995889428E-03 1.290374871E-03 6.324929742E-04 1.739370081E-05-5.637649723E-04
-1.118677785E-03-1.645873921E-03-2.142140190E-03-2.604324576E-03-3.029780551E-03
-3.416638769E-03-3.763588832E-03-4.069650982E-03-4.334064117E-03-4.556214937E-03
-4.735574502E-03-4.871658574E-03-4.963997758E-03-5.012118806E-03-5.015533135E-03
-4.973732642E-03-4.886187680E-03-4.752351404E-03-4.571664533E-03-4.343564723E-03
-4.067541774E-03-3.743197792E-03-3.370141368E-03-2.948067353E-03-2.476768384E-03
-1.955801378E-03-1.384616321E-03-7.635299485E-04-9.276367375E-05 6.304378830E-04
 1.409582729E-03 2.245439537E-03 3.138567152E-03 4.090302916E-03 5.101298041E-03
 6.171872489E-03 7.302207712E-03 8.492560286E-03 9.742983795E-03 1.105305929E-02
 1.242221752E-02 1.385048935E-02 1.533830215E-02 1.688553587E-02 1.849148925E-02
 2.015542018E-02 2.187661163E-02 2.365427180E-02 2.548768152E-02 2.737613481E-02
 2.931880586E-02 3.131483203E-02 3.336339761E-02 3.546360528E-02 3.761430291E-02
 3.981416695E-02 4.206188166E-02 4.435616883E-02 4.669587695E-02 4.907990011E-02
 5.150711359E-02 5.397628812E-02 5.648602341E-02 5.903485435E-02 6.162123989E-02
 6.424365427E-02 6.690092302E-02 6.959219732E-02 7.231677128E-02 7.507390475E-02
 7.786253137E-02 8.068115580E-02 8.352819152E-02 8.640209249E-02 8.930131937E-02
 9.222448779E-02 9.517066835E-02 9.813918141E-02 1.011293374E-01 1.041404359E-01
 1.071718333E-01 1.102228854E-01 1.132927746E-01 1.163805780E-01 1.194853539E-01
 1.226061530E-01 1.257420434E-01 1.288921386E-01 1.320556891E-01 1.352321347E-01
 1.384209904E-01 1.416217677E-01 1.448339821E-01 1.480571764E-01 1.512909522E-01
 1.545349704E-01 1.577888819E-01 1.610522960E-01 1.643247855E-01 1.676058771E-01
 1.708950840E-01 1.741919436E-01 1.774960416E-01 1.808070342E-01 1.841246310E-01
 1.874486314E-01 1.907790343E-01 1.941148393E-01 1.994681197E-02 1.839749383E-02
 1.689064247E-02 1.543350338E-02 1.402561092E-02 1.266780868E-02 1.136086327E-02
 1.010536059E-02 8.901802974E-03 7.750511975E-03 6.651760034E-03 5.605797655E-03
 4.612675405E-03 3.672115778E-03 2.783461529E-03 1.945824925E-03 1.158643664E-03
 4.208135233E-04-2.753332008E-04-9.445652472E-04-1.590556573E-03-2.210078218E-03
-2.798420100E-03-3.351932007E-03-3.868231688E-03-4.345663505E-03-4.783074191E-03
-5.179666410E-03-5.534868660E-03-5.848239438E-03-6.119399953E-03-6.347990615E-03
-6.533639811E-03-6.675947618E-03-6.774476816E-03-6.828748960E-03-6.838243188E-03
-6.802400671E-03-6.720623770E-03-6.592282834E-03-6.416720598E-03-6.193260513E-03
-5.921221159E-03-5.599910579E-03-5.228639666E-03-4.806768012E-03-4.333805915E-03
-3.809458965E-03-3.233525474E-03-2.605906003E-03-1.926166609E-03-1.194137581E-03
-4.105311413E-04 4.257561655E-04 1.319533411E-03 2.272196373E-03 3.284101420E-03
 4.356658714E-03 5.490662774E-03 6.686235052E-03 7.942920301E-03 9.260233585E-03
 1.063811616E-02 1.207688319E-02 1.357646487E-02 1.513626645E-02 1.675561988E-02
 1.843383914E-02 2.017014735E-02 2.196383203E-02 2.381418249E-02 2.572036181E-02
 2.768149832E-02 2.969676180E-02 3.176521904E-02 3.388567357E-02 3.605678602E-02
 3.827723033E-02 4.054572340E-02 4.286109189E-02 4.522218798E-02 4.762783081E-02
 5.007670824E-02 5.256736285E-02 5.509827570E-02 5.766784653E-02 6.027457762E-02
 6.291735718E-02 6.559534761E-02 6.830780146E-02 7.105383718E-02 7.383214679E-02
 7.664111471E-02 7.947912514E-02 8.234458468E-02 8.523594339E-02 8.815196680E-02
 9.109184175E-02 9.405484337E-02 9.704021130E-02 1.000472213E-01 1.030751968E-01
 1.061233567E-01 1.091907588E-01 1.122764222E-01 1.153793524E-01 1.184985643E-01
 1.216331063E-01 1.247821325E-01 1.279449932E-01 1.311211548E-01 1.343100936E-01
 1.375112846E-01 1.407242258E-01 1.439484708E-01 1.471836412E-01 1.504293659E-01
 1.536852317E-01 1.569507881E-01 1.602255370E-01 1.635089606E-01 1.668005642E-01
 1.700999019E-01 1.734066023E-01 1.767203586E-01 1.800409221E-01 1.833681014E-01
 1.867018619E-01 1.900411520E-01 1.968719722E-02 1.810328190E-02 1.656165809E-02
 1.506954977E-02 1.362632465E-02 1.223284088E-02 1.089012903E-02 9.598886483E-03
 8.359655659E-03 7.172889666E-03 6.038856879E-03 4.957744622E-03 3.929672376E-03
 2.954501585E-03 2.031756135E-03 1.161133295E-03 3.414944385E-04-4.372181473E-04
-1.192696978E-03-1.927694262E-03-2.636598012E-03-3.313907594E-03-3.956059507E-03
-4.560703022E-03-5.126292739E-03-5.651858051E-03-6.136796646E-03-6.580724378E-03
-6.983368722E-03-7.344496804E-03-7.663866560E-03-7.941199668E-03-8.176165804E-03
-8.368378929E-03-8.517396940E-03-8.622724977E-03-8.683819707E-03-8.700094124E-03
-8.670922004E-03-8.595641978E-03-8.473561604E-03-8.303958113E-03-8.086080923E-03
-7.819158777E-03-7.502402721E-03-7.135012959E-03-6.716197966E-03-6.245183985E-03
-5.721215383E-03-5.143632042E-03-4.512040360E-03-3.826305682E-03-3.086444159E-03
-2.292369281E-03-1.443776178E-03-5.415886715E-04 4.147574010E-04 1.430399697E-03
 2.507098909E-03 3.645227775E-03 4.845828633E-03 6.109004479E-03 7.434519268E-03
 8.822401240E-03 1.027259191E-02 1.178457062E-02 1.335773154E-02 1.499142963E-02
 1.668491514E-02 1.843748548E-02 2.024842703E-02 2.211689276E-02 2.404200190E-02
 2.602290799E-02 2.805863942E-02 3.014795842E-02 3.228951344E-02 3.448196814E-02
 3.672403268E-02 3.901450275E-02 4.135218324E-02 4.373582974E-02 4.616404691E-02
 4.863532497E-02 5.114808386E-02 5.370067357E-02 5.629164923E-02 5.891994287E-02
 6.158470735E-02 6.428512096E-02 6.702010583E-02 6.978813413E-02 7.258752172E-02
 7.541661971E-02 7.827378830E-02 8.115752901E-02 8.406678653E-02 8.700076458E-02
 8.995865932E-02 9.293966251E-02 9.594302819E-02 9.896799213E-02 1.020136148E-01
 1.050788763E-01 1.081627379E-01 1.112641597E-01 1.143821273E-01 1.175157045E-01
 1.206641376E-01 1.238268310E-01 1.270032218E-01 1.301927422E-01 1.333948434E-01
 1.366090266E-01 1.398348687E-01 1.430719710E-01 1.463198963E-01 1.495781688E-01
 1.528462641E-01 1.561236313E-01 1.594097411E-01 1.627041140E-01 1.660063476E-01
 1.693161097E-01 1.726331352E-01 1.759571838E-01 1.792880248E-01 1.826255925E-01
 1.859688046E-01 1.944377996E-02 1.782534967E-02 1.624893224E-02 1.472181371E-02
 1.324343607E-02 1.181451915E-02 1.043608021E-02 9.109061316E-03 7.834141105E-03
 6.611822900E-03 5.442502734E-03 4.326390653E-03 3.263564971E-03 2.253961484E-03
 1.297738448E-03 3.944372063E-04-4.664648892E-04-1.305691456E-03-2.126592554E-03
-2.922056351E-03-3.686027261E-03-4.414727865E-03-5.105767110E-03-5.757685544E-03
-6.369662192E-03-6.941281665E-03-7.472351073E-03-7.962769909E-03-8.412445675E-03
-8.821244326E-03-9.188966765E-03-9.515337749E-03-9.800009064E-03-1.004256079E-02
-1.024251121E-02-1.039932406E-02-1.051241580E-02-1.058116120E-02-1.060490095E-02
-1.058294204E-02-1.051456453E-02-1.039902402E-02-1.023555253E-02-1.002336302E-02
-9.761648468E-03-9.449582091E-03-9.086324454E-03-8.671010846E-03-8.202773279E-03
-7.680745168E-03-7.104083387E-03-6.471980174E-03-5.783687286E-03-5.038701270E-03
-4.236952685E-03-3.378589137E-03-2.463730091E-03-1.492272492E-03-4.653222045E-04
 6.180554867E-04 1.762994465E-03 2.970529604E-03 4.240996081E-03 5.575521780E-03
 6.974271439E-03 8.436570758E-03 9.961811577E-03 1.154937844E-02 1.319851009E-02
 1.490850812E-02 1.667866785E-02 1.850813584E-02 2.039602331E-02 2.234146646E-02
 2.434345304E-02 2.640070783E-02 2.851187042E-02 3.067559392E-02 3.289057684E-02
 3.515557588E-02 3.746934272E-02 3.983056131E-02 4.223775812E-02 4.468937100E-02
 4.718375248E-02 4.971922269E-02 5.229439590E-02 5.490822993E-02 5.755984578E-02
 6.024830003E-02 6.297227544E-02 6.573008553E-02 6.852000537E-02 7.134033750E-02
 7.418942203E-02 7.706589451E-02 7.996881138E-02 8.289732298E-02 8.585054764E-02
 8.882764869E-02 9.182783218E-02 9.485018117E-02 9.789364307E-02 1.009571340E-01
 1.040395591E-01 1.071398413E-01 1.102569597E-01 1.133900494E-01 1.165384360E-01
 1.197015105E-01 1.228786602E-01 1.260692862E-01 1.292728347E-01 1.324888308E-01
 1.357168425E-01 1.389564063E-01 1.422070188E-01 1.454681274E-01 1.487391462E-01
 1.520195085E-01 1.553086984E-01 1.586062805E-01 1.619118935E-01 1.652252474E-01
 1.685460847E-01 1.718741232E-01 1.752090959E-01 1.785509285E-01 1.818985228E-01
 1.921620560E-02 1.756310586E-02 1.595190297E-02 1.438974476E-02 1.287612904E-02
 1.141186897E-02 9.997887775E-03 8.635100655E-03 7.324407432E-03 6.066467524E-03
 4.861742563E-03 3.710555209E-03 2.612998984E-03 1.569393887E-03 5.802539607E-04
-3.625291769E-04-1.282466121E-03-2.186141096E-03-3.065862381E-03-3.914639135E-03
-4.728290518E-03-5.504277700E-03-6.241158441E-03-6.938247713E-03-7.595314824E-03
-8.212354634E-03-8.789433124E-03-9.326592653E-03-9.823799894E-03-1.028092294E-02
-1.069773006E-02-1.107389681E-02-1.140901627E-02-1.170261284E-02-1.195415106E-02
-1.216304593E-02-1.232867035E-02-1.245036069E-02-1.252742083E-02-1.255912678E-02
-1.254472883E-02-1.248345530E-02-1.237451439E-02-1.221709767E-02-1.201038056E-02
-1.175352490E-02-1.144568376E-02-1.108599706E-02-1.067359680E-02-1.020760231E-02
-9.687120570E-03-9.111244523E-03-8.479066702E-03-7.789700160E-03-7.042300708E-03
-6.236088313E-03-5.370542141E-03-4.445690160E-03-3.461836927E-03-2.419235224E-03
-1.318312973E-03-1.604638025E-04 1.056741583E-03 2.337686291E-03 3.682886601E-03
 5.092952152E-03 6.568100611E-03 8.107709554E-03 9.710823753E-03 1.137672568E-02
 1.310467954E-02 1.489380770E-02 1.674322157E-02 1.865204320E-02 2.061921920E-02
 2.264344278E-02 2.472334768E-02 2.685757516E-02 2.904480446E-02 3.128374611E-02
 3.357309234E-02 3.591144780E-02 3.829726932E-02 4.072893721E-02 4.320473344E-02
 4.572297559E-02 4.828232747E-02 5.088175256E-02 5.352031038E-02 5.619687967E-02
 5.890990244E-02 6.165759506E-02 6.443819550E-02 6.724995423E-02 7.009124833E-02
 7.296087976E-02 7.585791513E-02 7.878141614E-02 8.173044828E-02 8.470414385E-02
 8.770159862E-02 9.072174373E-02 9.376344920E-02 9.682556612E-02 9.990695310E-02
 1.030065095E-01 1.061232585E-01 1.092564281E-01 1.124053530E-01 1.155693732E-01
 1.187478364E-01 1.219401305E-01 1.251457224E-01 1.283641392E-01 1.315948885E-01
 1.348374371E-01 1.380912017E-01 1.413555594E-01 1.446299032E-01 1.479136777E-01
 1.512064115E-01 1.545077123E-01 1.578172615E-01 1.611347752E-01 1.644599527E-01
 1.677924731E-01 1.711320559E-01 1.744786393E-01 1.778311234E-01 1.900422217E-02
 1.731621965E-02 1.567001295E-02 1.407275906E-02 1.252385087E-02 1.102412174E-02
 9.574599387E-03 8.176152063E-03 6.829652278E-03 5.535957988E-03 4.295696335E-03
 3.109238780E-03 1.976950418E-03 8.998610458E-04-1.260520156E-04-1.123724643E-03
-2.106917578E-03-3.068721503E-03-4.000747383E-03-4.898103904E-03-5.757952193E-03
-6.578792031E-03-7.360034261E-03-8.101617538E-03-8.803721022E-03-9.466574975E-03
-1.009035093E-02-1.067510696E-02-1.122077149E-02-1.172714765E-02-1.219392760E-02
-1.262071347E-02-1.300703356E-02-1.335235656E-02-1.365610038E-02-1.391764103E-02
-1.413631716E-02-1.431143397E-02-1.444226584E-02-1.452806071E-02-1.456803900E-02
-1.456139901E-02-1.450731924E-02-1.440495971E-02-1.425346703E-02-1.405197489E-02
-1.379960645E-02-1.349548475E-02-1.313872312E-02-1.272843467E-02-1.226373593E-02
-1.174373855E-02-1.116755500E-02-1.053428774E-02-9.843023204E-03-9.092847990E-03
-8.282864474E-03-7.412226244E-03-6.480176127E-03-5.486259567E-03-4.430735961E-03
-3.314152764E-03-2.136880010E-03-9.000789456E-04 3.953106595E-04 1.753988893E-03
 3.177903025E-03 4.667126970E-03 6.221991222E-03 7.842018156E-03 9.526198048E-03
 1.127357223E-02 1.308321799E-02 1.495421393E-02 1.688546762E-02 1.887565365E-02
 2.092340362E-02 2.302734566E-02 2.518613015E-02 2.739841437E-02 2.966282453E-02
 3.197788154E-02 3.434198014E-02 3.675343536E-02 3.921046111E-02 4.171139571E-02
 4.425493647E-02 4.684002790E-02 4.946562576E-02 5.213038046E-02 5.483253826E-02
 5.757025832E-02 6.034172844E-02 6.314516882E-02 6.597907119E-02 6.884234038E-02
 7.173397922E-02 7.465296352E-02 7.759832351E-02 8.056912600E-02 8.356430499E-02
 8.658268635E-02 8.962306759E-02 9.268424150E-02 9.576503003E-02 9.886434899E-02
 1.019813118E-01 1.051151822E-01 1.082652491E-01 1.114308037E-01 1.146111718E-01
 1.178057561E-01 1.210140344E-01 1.242354816E-01 1.274695318E-01 1.307155688E-01
 1.339729301E-01 1.372409653E-01 1.405190765E-01 1.438067526E-01 1.471035677E-01
 1.504091724E-01 1.537232530E-01 1.570454804E-01 1.603755135E-01 1.637130171E-01
 1.670577194E-01 1.704095918E-01 1.737675374E-01 1.880705514E-02 1.708432155E-02
 1.540295877E-02 1.377033472E-02 1.218600383E-02 1.065071577E-02 9.165488007E-03
 7.731295097E-03 6.349008785E-03 5.019472190E-03 3.743465893E-03 2.521571414E-03
 1.354831773E-03 2.425156756E-04-8.313495054E-04-1.890551771E-03-2.932049028E-03
-3.945853011E-03-4.925869418E-03-5.868746817E-03-6.772800377E-03-7.637466616E-03
-8.462824297E-03-9.249228704E-03-9.997074937E-03-1.070666362E-02-1.137814106E-02
-1.201148883E-02-1.260653905E-02-1.316300099E-02-1.368048719E-02-1.415853468E-02
-1.459662287E-02-1.499418244E-02-1.535060399E-02-1.566523825E-02-1.593740061E-02
-1.616637297E-02-1.635140567E-02-1.649171883E-02-1.658650619E-02-1.663493588E-02
-1.663615456E-02-1.658928921E-02-1.649345143E-02-1.634773833E-02-1.615123618E-02
-1.590302998E-02-1.560219518E-02-1.524781046E-02-1.483895875E-02-1.437473044E-02
-1.385422722E-02-1.327655846E-02-1.264084717E-02-1.194622484E-02-1.119182246E-02
-1.037675661E-02-9.500154430E-03-8.561117581E-03-7.558834644E-03-6.492663727E-03
-5.362401493E-03-4.168487156E-03-2.911723112E-03-1.592968378E-03-2.140835911E-04
 1.226539167E-03 2.732867245E-03 4.305020181E-03 5.943264973E-03 7.647167833E-03
 9.415600882E-03 1.124749289E-02 1.314168026E-02 1.509679360E-02 1.711146160E-02
 1.918430396E-02 2.131393259E-02 2.349894546E-02 2.573789639E-02 2.802922295E-02
 3.037126096E-02 3.276225163E-02 3.520035195E-02 3.768392937E-02 4.021169766E-02
 4.278255260E-02 4.539529095E-02 4.804831351E-02 5.073973622E-02 5.346767363E-02
 5.623025604E-02 5.902572441E-02 6.185271857E-02 6.471014328E-02 6.759690136E-02
 7.051190922E-02 7.345415416E-02 7.642257200E-02 7.941595429E-02 8.243304425E-02
 8.547256848E-02 8.853327167E-02 9.161396730E-02 9.471364332E-02 9.783147492E-02
 1.009666930E-01 1.041185289E-01 1.072862422E-01 1.104691650E-01 1.136667178E-01
 1.168783369E-01 1.201034209E-01 1.233413175E-01 1.265913225E-01 1.298527384E-01
 1.331249210E-01 1.364073165E-01 1.396994619E-01 1.430009740E-01 1.463115073E-01
 1.496307003E-01 1.529581816E-01 1.562935964E-01 1.596366191E-01 1.629870079E-01
 1.663447700E-01 1.697087857E-01 1.862373768E-02 1.686658298E-02 1.515026118E-02
 1.348215283E-02 1.186210091E-02 1.029104971E-02 8.769978695E-03 7.299836540E-03
 5.881596392E-03 4.516131322E-03 3.204212925E-03 1.946831798E-03 7.453659837E-04
-4.074461216E-04-1.539609790E-03-2.657743577E-03-3.751665881E-03-4.813352611E-03
-5.838571345E-03-6.825260284E-03-7.772773116E-03-8.681279893E-03-9.551298270E-03
-1.038338913E-02-1.117798705E-02-1.193533067E-02-1.265545621E-02-1.333822538E-02
-1.398336523E-02-1.459050477E-02-1.515920175E-02-1.568895826E-02-1.617922935E-02
-1.662942872E-02-1.703892911E-02-1.740706496E-02-1.773313140E-02-1.801638715E-02
-1.825605685E-02-1.845133310E-02-1.860138033E-02-1.870533504E-02-1.876231052E-02
-1.877140009E-02-1.873167887E-02-1.864220871E-02-1.850203936E-02-1.831021195E-02
-1.806576614E-02-1.776773827E-02-1.741516648E-02-1.700709946E-02-1.654259389E-02
-1.602072013E-02-1.544056983E-02-1.480125487E-02-1.410191433E-02-1.334171105E-02
-1.251983959E-02-1.163546650E-02-1.068776122E-02-9.675950358E-03-8.599205864E-03
-7.456692233E-03-6.247953210E-03-4.973372675E-03-3.633691318E-03-2.229849893E-03
-7.638286652E-04 7.633217832E-04 2.356061467E-03 4.015072437E-03 5.740312439E-03
 7.531479911E-03 9.387310008E-03 1.130624983E-02 1.328689161E-02 1.532780641E-02
 1.742755141E-02 1.958466662E-02 2.179762909E-02 2.406479909E-02 2.638445132E-02
 2.875474497E-02 3.117379792E-02 3.364000211E-02 3.615206596E-02 3.870879672E-02
 4.130877689E-02 4.395018354E-02 4.663105331E-02 4.934944757E-02 5.210345541E-02
 5.489140906E-02 5.771203648E-02 6.056416535E-02 6.344660311E-02 6.635822178E-02
 6.929792394E-02 7.226448119E-02 7.525658228E-02 7.827288847E-02 8.131206582E-02
 8.437282964E-02 8.745403807E-02 9.055475809E-02 9.367415199E-02 9.681138734E-02
 9.996565329E-02 1.031362055E-01 1.063223974E-01 1.095236204E-01 1.127392335E-01
 1.159685449E-01 1.192108065E-01 1.224652697E-01 1.257312402E-01 1.290081171E-01
 1.322953971E-01 1.355926602E-01 1.388995257E-01 1.422155973E-01 1.455404697E-01
 1.488737577E-01 1.522151186E-01 1.555642586E-01 1.589209650E-01 1.622852496E-01
 1.656559516E-01 1.845356463E-02 1.666211487E-02 1.491104867E-02 1.320763754E-02
 1.155178471E-02 9.944662855E-03 8.387475636E-03 6.881188193E-03 5.426745301E-03
 4.025086833E-03 2.677113702E-03 1.384449046E-03 1.459895002E-04-1.057340765E-03
-2.248205644E-03-3.420046655E-03-4.562276091E-03-5.669177474E-03-6.738024697E-03
-7.767915871E-03-8.759028496E-03-9.712020491E-03-1.062762305E-02-1.150641635E-02
-1.234874131E-02-1.315469699E-02-1.392418261E-02-1.465695185E-02-1.535265984E-02
-1.601089468E-02-1.663119403E-02-1.721304993E-02-1.775590782E-02-1.825916885E-02
-1.872219003E-02-1.914428512E-02-1.952472524E-02-1.986274280E-02-2.015753366E-02
-2.040826016E-02-2.061405313E-02-2.077401654E-02-2.088722832E-02-2.095274569E-02
-2.096960703E-02-2.093683651E-02-2.085344539E-02-2.071843532E-02-2.053080964E-02
-2.028956224E-02-1.999369195E-02-1.964220657E-02-1.923411884E-02-1.876845670E-02
-1.824426523E-02-1.766060880E-02-1.701657947E-02-1.631130084E-02-1.554393879E-02
-1.471367712E-02-1.381973085E-02-1.286142040E-02-1.183801097E-02-1.074869326E-02
-9.592748740E-03-8.369556339E-03-7.078430651E-03-5.719280571E-03-4.292979935E-03
-2.800736003E-03-1.244326595E-03 3.737913291E-04 2.056861911E-03 3.806443667E-03
 5.622184096E-03 7.503496396E-03 9.449036657E-03 1.145714224E-02 1.352626965E-02
 1.565486092E-02 1.784130597E-02 2.008390301E-02 2.238085993E-02 2.473024945E-02
 2.713016716E-02 2.957901780E-02 3.207547461E-02 3.461820446E-02 3.720554061E-02
 3.983549588E-02 4.250605122E-02 4.521520494E-02 4.796104866E-02 5.074203755E-02
 5.355688451E-02 5.640430363E-02 5.928303414E-02 6.219189075E-02 6.512962921E-02
 6.809488714E-02 7.108626066E-02 7.410233552E-02 7.714173120E-02 8.020317800E-02
 8.328561481E-02 8.638812039E-02 8.950979389E-02 9.264974910E-02 9.580715953E-02
 9.898130200E-02 1.021715141E-01 1.053771108E-01 1.085973575E-01 1.118314586E-01
 1.150786109E-01 1.183380651E-01 1.216091694E-01 1.248913759E-01 1.281842244E-01
 1.314872956E-01 1.348001550E-01 1.381223607E-01 1.414534936E-01 1.447931837E-01
 1.481411222E-01 1.514970419E-01 1.548607276E-01 1.582321691E-01 1.616101509E-01
 1.829611882E-02 1.647028667E-02 1.468450564E-02 1.294591950E-02 1.125439898E-02
 9.611141110E-03 8.017530520E-03 6.474765855E-03 4.983850432E-03 3.545697235E-03
 2.161501707E-03 8.330524982E-04-4.466504682E-04-1.706825055E-03-2.953123625E-03
-4.174321873E-03-5.362147759E-03-6.512709527E-03-7.624593057E-03-8.697849007E-03
-9.733226939E-03-1.073162888E-02-1.169380231E-02-1.262021203E-02-1.351103507E-02
-1.436621949E-02-1.518555704E-02-1.596874211E-02-1.671540559E-02-1.742512951E-02
-1.809744879E-02-1.873184961E-02-1.932776685E-02-1.988458365E-02-2.040163526E-02
-2.087820945E-02-2.131355154E-02-2.170686411E-02-2.205731147E-02-2.236402242E-02
-2.262609303E-02-2.284259047E-02-2.301255542E-02-2.313500579E-02-2.320894089E-02
-2.323334410E-02-2.320718745E-02-2.312943332E-02-2.299904071E-02-2.281496640E-02
-2.257617011E-02-2.228161671E-02-2.193028182E-02-2.152115513E-02-2.105323975E-02
-2.052556037E-02-1.993716579E-02-1.928713407E-02-1.857457934E-02-1.779864563E-02
-1.695849236E-02-1.605340757E-02-1.508268341E-02-1.404559054E-02-1.294151475E-02
-1.176994746E-02-1.053020221E-02-9.221592312E-03-7.843577582E-03-6.395876463E-03
-4.879163450E-03-3.294826257E-03-1.644721127E-03 6.815433671E-05 1.845268036E-03
 3.688587647E-03 5.597606412E-03 7.571679942E-03 9.609341919E-03 1.170874625E-02
 1.386815811E-02 1.608578893E-02 1.835976378E-02 2.068807573E-02 2.306880604E-02
 2.550035770E-02 2.798133013E-02 3.051019073E-02 3.308503226E-02 3.570376186E-02
 3.836430217E-02 4.106459864E-02 4.380280609E-02 4.657744543E-02 4.938713534E-02
 5.223048308E-02 5.510617204E-02 5.801291256E-02 6.094929927E-02 6.391386284E-02
 6.690510832E-02 6.992155911E-02 7.296182142E-02 7.602469163E-02 7.910914594E-02
 8.221420767E-02 8.533891007E-02 8.848233861E-02 9.164368350E-02 9.482221812E-02
 9.801720819E-02 1.012278717E-01 1.044533624E-01 1.076928183E-01 1.109454300E-01
 1.142104896E-01 1.174874009E-01 1.207756594E-01 1.240748032E-01 1.273843562E-01
 1.307038361E-01 1.340327879E-01 1.373708101E-01 1.407175690E-01 1.440727804E-01
 1.474361704E-01 1.508074943E-01 1.541866982E-01 1.575725220E-01 1.815124063E-02
 1.629076001E-02 1.447007856E-02 1.269626319E-02 1.096910803E-02 9.289774449E-03
 7.659663302E-03 6.080114813E-03 4.552332150E-03 3.077377939E-03 1.656960391E-03
 2.909244122E-04-1.037485125E-03-2.353651725E-03-3.651297139E-03-4.918950854E-03
-6.150715528E-03-7.344260881E-03-8.499285782E-03-9.616533919E-03-1.069706866E-02
-1.174182905E-02-1.275143457E-02-1.372616726E-02-1.466604140E-02-1.557089825E-02
-1.644048135E-02-1.727447528E-02-1.807251585E-02-1.883418718E-02-1.955901866E-02
-2.024648294E-02-2.089599676E-02-2.150692263E-02-2.207857000E-02-2.261019981E-02
-2.310102655E-02-2.355022216E-02-2.395691628E-02-2.432020076E-02-2.463913350E-02
-2.491274123E-02-2.514002444E-02-2.531995839E-02-2.545149975E-02-2.553358865E-02
-2.556515386E-02-2.554511494E-02-2.547238554E-02-2.534588421E-02-2.516452682E-02
-2.492723700E-02-2.463295285E-02-2.428062409E-02-2.386921646E-02-2.339771867E-02
-2.286514317E-02-2.227053192E-02-2.161295864E-02-2.089153548E-02-2.010537340E-02
-1.925370325E-02-1.833577947E-02-1.735082775E-02-1.629819212E-02-1.517740354E-02
-1.398788992E-02-1.272910710E-02-1.140063478E-02-1.000194753E-02-8.532506615E-03
-6.992027513E-03-5.381028310E-03-3.700878074E-03-1.953740119E-03-1.430345706E-04
 1.731208999E-03 3.671256531E-03 5.676353767E-03 7.745608195E-03 9.877390545E-03
 1.206965593E-02 1.432039591E-02 1.662750188E-02 1.898903502E-02 2.140337811E-02
 2.386900801E-02 2.638414892E-02 2.894670083E-02 3.155450005E-02 3.420539994E-02
 3.689732785E-02 3.962852793E-02 4.239748462E-02 4.520268643E-02 4.804266086E-02
 5.091601794E-02 5.382131201E-02 5.675700716E-02 5.972152878E-02 6.271330261E-02
 6.573081358E-02 6.877270754E-02 7.183783696E-02 7.492513810E-02 7.803355788E-02
 8.116208732E-02 8.430981999E-02 8.747595308E-02 9.065969626E-02 9.386021548E-02
 9.707660985E-02 1.003079535E-01 1.035533718E-01 1.068120955E-01 1.100834752E-01
 1.133669574E-01 1.166620338E-01 1.199681824E-01 1.232848769E-01 1.266116227E-01
 1.299479851E-01 1.332936013E-01 1.366481590E-01 1.400113634E-01 1.433829059E-01
 1.467624922E-01 1.501500398E-01 1.535442697E-01 1.801862640E-02 1.612334552E-02
 1.426749806E-02 1.245819299E-02 1.069525765E-02 8.979786803E-03 7.313144708E-03
 5.696689252E-03 4.131717714E-03 2.619609632E-03 1.162636302E-03-2.433928929E-04
-1.625808382E-03-2.995440682E-03-4.341062709E-03-5.653292248E-03-6.928160869E-03
-8.164664830E-03-9.363367655E-03-1.052544504E-02-1.165204563E-02-1.274398733E-02
-1.380169326E-02-1.482526683E-02-1.581461355E-02-1.676953512E-02-1.768977586E-02
-1.857503159E-02-1.942494283E-02-2.023908865E-02-2.101698497E-02-2.175808651E-02
-2.246178874E-02-2.312743078E-02-2.375429597E-02-2.434161503E-02-2.488857064E-02
-2.539429902E-02-2.585789144E-02-2.627839977E-02-2.665483979E-02-2.698619486E-02
-2.727141940E-02-2.750944356E-02-2.769917642E-02-2.783951111E-02-2.792932865E-02
-2.796750211E-02-2.795289934E-02-2.788439282E-02-2.776085417E-02-2.758116524E-02
-2.734422264E-02-2.704893526E-02-2.669423288E-02-2.627906872E-02-2.580242018E-02
-2.526329648E-02-2.466073847E-02-2.399383145E-02-2.326165720E-02-2.246340011E-02
-2.159829262E-02-2.066552368E-02-1.966437331E-02-1.859432082E-02-1.745475745E-02
-1.624512391E-02-1.496506681E-02-1.361421019E-02-1.219220735E-02-1.069876243E-02
-9.133439385E-03-7.495901957E-03-5.786712187E-03-4.007363281E-03-2.160130984E-03
-2.486864719E-04 1.725735831E-03 3.765103279E-03 5.868492350E-03 8.034761381E-03
 1.026196810E-02 1.254776157E-02 1.489013954E-02 1.728740606E-02 1.973785474E-02
 2.223946416E-02 2.479000312E-02 2.738724263E-02 3.002897029E-02 3.271314304E-02
 3.543803832E-02 3.820202409E-02 4.100346794E-02 4.384082758E-02 4.671259165E-02
 4.961715876E-02 5.255287480E-02 5.551806621E-02 5.851109822E-02 6.153046418E-02
 6.457487079E-02 6.764315172E-02 7.073416080E-02 7.384678757E-02 7.698001889E-02
 8.013296248E-02 8.330476335E-02 8.649452979E-02 8.970130161E-02 9.292408400E-02
 9.616193113E-02 9.941400653E-02 1.026796017E-01 1.059581101E-01 1.092489716E-01
 1.125516139E-01 1.158654627E-01 1.191899800E-01 1.225246949E-01 1.258692130E-01
 1.292231898E-01 1.325862975E-01 1.359582008E-01 1.393385394E-01 1.427269918E-01
 1.461234715E-01 1.495266946E-01 1.789775418E-02 1.596766129E-02 1.407653221E-02
 1.223147234E-02 1.043244548E-02 8.680603212E-03 6.977274115E-03 5.323770601E-03
 3.721436694E-03 2.172035593E-03 6.771653699E-04-7.736874927E-04-2.210153652E-03
-3.630283390E-03-5.021641625E-03-6.377356348E-03-7.695107130E-03-8.974969753E-03
-1.021810769E-02-1.142587920E-02-1.259934684E-02-1.373912168E-02-1.484543062E-02
-1.591825987E-02-1.695747691E-02-1.796289236E-02-1.893426756E-02-1.987130447E-02
-2.077363831E-02-2.164083645E-02-2.247239989E-02-2.326776438E-02-2.402630227E-02
-2.474732651E-02-2.543009284E-02-2.607379947E-02-2.667759281E-02-2.724056865E-02
-2.776177786E-02-2.824022822E-02-2.867488911E-02-2.906469535E-02-2.940855135E-02
-2.970533701E-02-2.995390886E-02-3.015310831E-02-3.030176416E-02-3.039869836E-02
-3.044272944E-02-3.043267612E-02-3.036736644E-02-3.024563628E-02-3.006633524E-02
-2.982833320E-02-2.953052221E-02-2.917181752E-02-2.875116347E-02-2.826753680E-02
-2.771995067E-02-2.710746318E-02-2.642913730E-02-2.568411645E-02-2.487162189E-02
-2.399082536E-02-2.304096524E-02-2.202148624E-02-2.093175068E-02-1.977114227E-02
-1.853925009E-02-1.723566052E-02-1.586005897E-02-1.441227052E-02-1.289206410E-02
-1.129924419E-02-9.633694783E-03-7.895208990E-03-6.084133369E-03-4.202036009E-03
-2.251635934E-03-2.370518868E-04 1.839905182E-03 3.980657447E-03 6.183926314E-03
 8.448139337E-03 1.077138212E-02 1.315172375E-02 1.558718474E-02 1.807551831E-02
 2.061440692E-02 2.320154771E-02 2.583468744E-02 2.851182833E-02 3.123118119E-02
 3.399096314E-02 3.678944737E-02 3.962500221E-02 4.249595722E-02 4.540057647E-02
 4.833708704E-02 5.130373349E-02 5.429885805E-02 5.732100343E-02 6.036888011E-02
 6.344124012E-02 6.653686380E-02 6.965462107E-02 7.279351586E-02 7.595261755E-02
 7.913097008E-02 8.232754870E-02 8.554128410E-02 8.877115256E-02 9.201624365E-02
 9.527578413E-02 9.854910831E-02 1.018355996E-01 1.051346298E-01 1.084455720E-01
 1.117678411E-01 1.151009264E-01 1.184443986E-01 1.217978777E-01 1.251609981E-01
 1.285333855E-01 1.319146528E-01 1.353044156E-01 1.387023490E-01 1.421083788E-01
 1.455212228E-01 1.778825886E-02 1.582321904E-02 1.389673785E-02 1.201580833E-02
 1.018043624E-02 8.391880199E-03 6.651550213E-03 4.960741023E-03 3.320828999E-03
 1.734066110E-03 1.999138329E-04-1.300490824E-03-2.789229628E-03-4.257149358E-03
-5.692824367E-03-7.091544207E-03-8.452385563E-03-9.776247506E-03-1.106463441E-02
-1.231888784E-02-1.353987188E-02-1.472798386E-02-1.588331162E-02-1.700579811E-02
-1.809532515E-02-1.915172511E-02-2.017476861E-02-2.116415432E-02-2.211950798E-02
-2.304038414E-02-2.392626789E-02-2.477657522E-02-2.559065380E-02-2.636778778E-02
-2.710720153E-02-2.780805889E-02-2.846946580E-02-2.909047515E-02-2.967009093E-02
-3.020727400E-02-3.070094222E-02-3.114997669E-02-3.155322726E-02-3.190951619E-02
-3.221764438E-02-3.247639510E-02-3.268453971E-02-3.284084328E-02-3.294406825E-02
-3.299297872E-02-3.298635270E-02-3.292297324E-02-3.280164266E-02-3.262118806E-02
-3.238045935E-02-3.207833337E-02-3.171372080E-02-3.128556679E-02-3.079285785E-02
-3.023462538E-02-2.960992029E-02-2.891785024E-02-2.815762836E-02-2.732841954E-02
-2.642943394E-02-2.546009523E-02-2.441976136E-02-2.330778652E-02-2.212372495E-02
-2.086711823E-02-1.953759733E-02-1.813492969E-02-1.665887392E-02-1.510933680E-02
-1.348641304E-02-1.179008514E-02-1.002022329E-02-8.176761286E-03-6.260237703E-03
-4.272402127E-03-2.216269440E-03-9.644269432E-05 2.084881336E-03 4.328149859E-03
 6.632196062E-03 8.995638088E-03 1.141629942E-02 1.389169304E-02 1.641939443E-02
 1.899701009E-02 2.162227998E-02 2.429319561E-02 2.700782269E-02 2.976423955E-02
 3.256063381E-02 3.539524092E-02 3.826623754E-02 4.117175261E-02 4.410990784E-02
 4.707889488E-02 5.007708065E-02 5.310302910E-02 5.615537772E-02 5.923278894E-02
 6.233400558E-02 6.545791232E-02 6.860348940E-02 7.176970828E-02 7.495547359E-02
 7.815963546E-02 8.138108486E-02 8.461883003E-02 8.787202610E-02 9.113994228E-02
 9.442189931E-02 9.771720763E-02 1.010251822E-01 1.043451867E-01 1.076766667E-01
 1.110191541E-01 1.143722293E-01 1.177354853E-01 1.211085037E-01 1.244908597E-01
 1.278821458E-01 1.312819769E-01 1.346900411E-01 1.381062806E-01 1.415294070E-01
 1.768995297E-02 1.568973038E-02 1.372768166E-02 1.181073933E-02 9.938878683E-03
 8.113358170E-03 6.335664835E-03 4.607170984E-03 2.929386917E-03 1.304898540E-03
-2.701386238E-04-1.822670950E-03-3.361889813E-03-4.875618027E-03-6.354776573E-03
-7.796464590E-03-9.200875154E-03-1.056947545E-02-1.190388092E-02-1.320527663E-02
-1.447429408E-02-1.571116197E-02-1.691591112E-02-1.808849673E-02-1.922882794E-02
-2.033675164E-02-2.141203831E-02-2.245438076E-02-2.346339548E-02-2.443862383E-02
-2.537953304E-02-2.628551764E-02-2.715589948E-02-2.798993212E-02-2.878680465E-02
-2.954564193E-02-3.026550730E-02-3.094540560E-02-3.158429182E-02-3.218107309E-02
-3.273461019E-02-3.324372570E-02-3.370720877E-02-3.412381969E-02-3.449229681E-02
-3.481135863E-02-3.507971344E-02-3.529606278E-02-3.545910797E-02-3.556755457E-02
-3.562011807E-02-3.561552966E-02-3.555254005E-02-3.542992647E-02-3.524649296E-02
-3.500107711E-02-3.469255350E-02-3.431983508E-02-3.388188079E-02-3.337769561E-02
-3.280632182E-02-3.216683747E-02-3.145844793E-02-3.068031971E-02-2.983164547E-02
-2.891183471E-02-2.792025400E-02-2.685624436E-02-2.571934777E-02-2.450909158E-02
-2.322508550E-02-2.186705417E-02-2.043469481E-02-1.892786616E-02-1.734663060E-02
-1.569100620E-02-1.396107032E-02-1.215702772E-02-1.027905547E-02-8.327245739E-03
-6.302166608E-03-4.205753055E-03-2.041701922E-03 1.846002899E-04 2.471446307E-03
 4.818642867E-03 7.224640539E-03 9.687425636E-03 1.220447460E-02 1.477326964E-02
 1.739151257E-02 2.005708074E-02 2.276786601E-02 2.552183597E-02 2.831707527E-02
 3.115166118E-02 3.402362261E-02 3.693095703E-02 3.987170528E-02 4.284405172E-02
 4.584638968E-02 4.887722491E-02 5.193509180E-02 5.501859525E-02 5.812648465E-02
 6.125763493E-02 6.441093497E-02 6.758521176E-02 7.077922819E-02 7.399178176E-02
 7.722179098E-02 8.046833178E-02 8.373060129E-02 8.700785092E-02 9.029932327E-02
 9.360426947E-02 9.692199682E-02 1.002519033E-01 1.035934772E-01 1.069462549E-01
 1.103097832E-01 1.136835960E-01 1.170672273E-01 1.204602356E-01 1.238622166E-01
 1.272728005E-01 1.306916881E-01 1.341188232E-01 1.375529011E-01 1.760235911E-02
 1.556694333E-02 1.356912913E-02 1.161590218E-02 9.707327671E-03 7.844645546E-03
 6.029315831E-03 4.262776832E-03 2.546827572E-03 8.835563792E-04-7.355764717E-04
-2.339693058E-03-3.927330584E-03-5.485601087E-03-7.007881864E-03-8.492800782E-03
-9.941404216E-03-1.135547917E-02-1.273657676E-02-1.408565090E-02-1.540313061E-02
-1.668915444E-02-1.794375797E-02-1.916693131E-02-2.035860324E-02-2.151862463E-02
-2.264676464E-02-2.374271120E-02-2.480607152E-02-2.583637262E-02-2.683306272E-02
-2.779551261E-02-2.872301717E-02-2.961479682E-02-3.047000219E-02-3.128771492E-02
-3.206695111E-02-3.280666559E-02-3.350575836E-02-3.416307651E-02-3.477741983E-02
-3.534754662E-02-3.587217907E-02-3.635000902E-02-3.677970369E-02-3.715991276E-02
-3.748927381E-02-3.776641854E-02-3.798998012E-02-3.815859731E-02-3.827092001E-02
-3.832562159E-02-3.832139349E-02-3.825695695E-02-3.813106884E-02-3.794252306E-02
-3.769015380E-02-3.737283977E-02-3.698951063E-02-3.653914546E-02-3.602077716E-02
-3.543346106E-02-3.477639268E-02-3.404874687E-02-3.324970829E-02-3.237867731E-02
-3.143504003E-02-3.041813652E-02-2.932751019E-02-2.816269093E-02-2.692328964E-02
-2.560901858E-02-2.421955429E-02-2.275474066E-02-2.121457733E-02-1.959899170E-02
-1.790802527E-02-1.614192666E-02-1.430105784E-02-1.238578008E-02-1.039632693E-02
-8.332947330E-03-6.196624280E-03-3.989654955E-03-1.716065531E-03 6.181660231E-04
 3.011399083E-03 5.462360059E-03 7.969294433E-03 1.053004610E-02 1.314217751E-02
 1.580334395E-02 1.851125918E-02 2.126378807E-02 2.405887994E-02 2.689445517E-02
 2.976838754E-02 3.267856456E-02 3.562298545E-02 3.859985094E-02 4.160751273E-02
 4.464436508E-02 4.770886311E-02 5.079960414E-02 5.391533910E-02 5.705486191E-02
 6.021691339E-02 6.340016195E-02 6.660330247E-02 6.982515434E-02 7.306470566E-02
 7.632107369E-02 7.959343295E-02 8.288095097E-02 8.618280845E-02 8.949825096E-02
 9.282662403E-02 9.616736746E-02 9.951996811E-02 1.028839214E-01 1.062587096E-01
 1.096438230E-01 1.130387825E-01 1.164431545E-01 1.198565513E-01 1.232786134E-01
 1.267090376E-01 1.301477550E-01 1.335934412E-01 1.752464864E-02 1.545425127E-02
 1.342073516E-02 1.143106316E-02 9.485480637E-03 7.585339391E-03 5.732100616E-03
 3.927225333E-03 2.172841777E-03 4.696654279E-04-1.196615648E-03-2.850930918E-03
-4.485181590E-03-6.087241543E-03-7.652620397E-03-9.181221520E-03-1.067469163E-02
-1.213491759E-02-1.356327007E-02-1.496046697E-02-1.632680229E-02-1.766240057E-02
-1.896733248E-02-2.024161675E-02-2.148519374E-02-2.269791690E-02-2.387955439E-02
-2.502978940E-02-2.614821972E-02-2.723435767E-02-2.828763121E-02-2.930738584E-02
-3.029288612E-02-3.124331745E-02-3.215778867E-02-3.303533474E-02-3.387491982E-02
-3.467544545E-02-3.543575096E-02-3.615461866E-02-3.683077933E-02-3.746292243E-02
-3.804969632E-02-3.858971681E-02-3.908157487E-02-3.952384344E-02-3.991508153E-02
-4.025384442E-02-4.053868898E-02-4.076818099E-02-4.094090020E-02-4.105545055E-02
-4.111045995E-02-4.110459014E-02-4.103654428E-02-4.090506692E-02-4.070894769E-02
-4.044702881E-02-4.011820663E-02-3.972143581E-02-3.925573464E-02-3.872014302E-02
-3.811384196E-02-3.743602021E-02-3.668586201E-02-3.586276214E-02-3.496613526E-02
-3.399533100E-02-3.294990584E-02-3.182940610E-02-3.063345985E-02-2.936178497E-02
-2.801406213E-02-2.659015269E-02-2.509003049E-02-2.351357859E-02-2.186080146E-02
-2.013187796E-02-1.832709857E-02-1.644681871E-02-1.449146256E-02-1.246162934E-02
-1.035789365E-02-8.180557096E-03-5.930684593E-03-3.611232332E-03-1.227284394E-03
 1.214724256E-03 3.713514599E-03 6.267259851E-03 8.874158066E-03 1.153189870E-02
 1.423800161E-02 1.699018738E-02 1.978623696E-02 2.262390224E-02 2.550091597E-02
 2.841508952E-02 3.136441515E-02 3.434706404E-02 3.736127482E-02 4.040533960E-02
 4.347768611E-02 4.657691992E-02 4.970172489E-02 5.285074546E-02 5.602254726E-02
 5.921571245E-02 6.242895076E-02 6.566115268E-02 6.891134677E-02 7.217862216E-02
 7.546206311E-02 7.876077258E-02 8.207392824E-02 8.540081780E-02 8.874082680E-02
 9.209338676E-02 9.545793555E-02 9.883390017E-02 1.022207236E-01 1.056178876E-01
 1.090249254E-01 1.124414201E-01 1.158669909E-01 1.193012702E-01 1.227439388E-01
 1.261949140E-01 1.296528656E-01 1.745614585E-02 1.535088004E-02 1.328181415E-02
 1.125577180E-02 9.273065038E-03 7.335171032E-03 5.443670039E-03 3.600129197E-03
 1.807026675E-03 6.305572433E-05-1.652459097E-03-3.355799000E-03-5.035341921E-03
-6.680803000E-03-8.289500724E-03-9.862332305E-03-1.140132066E-02-1.290828889E-02
-1.438436308E-02-1.583007539E-02-1.724566291E-02-1.863128318E-02-1.998704621E-02
-2.131298788E-02-2.260905693E-02-2.387511176E-02-2.511092092E-02-2.631616207E-02
-2.749042279E-02-2.863320075E-02-2.974390319E-02-3.082184783E-02-3.186626592E-02
-3.287630469E-02-3.385102934E-02-3.478942501E-02-3.569039907E-02-3.655279305E-02
-3.737538213E-02-3.815687716E-02-3.889593568E-02-3.959117019E-02-4.024114807E-02
-4.084440309E-02-4.139944244E-02-4.190475297E-02-4.235880960E-02-4.276008295E-02
-4.310704630E-02-4.339818491E-02-4.363200078E-02-4.380701991E-02-4.392180290E-02
-4.397494556E-02-4.396508916E-02-4.389092283E-02-4.375118926E-02-4.354468900E-02
-4.327028224E-02-4.292689765E-02-4.251353276E-02-4.202921806E-02-4.147311389E-02
-4.084442713E-02-4.014234719E-02-3.936626509E-02-3.851563049E-02-3.758981126E-02
-3.658838667E-02-3.551093166E-02-3.435710545E-02-3.312664687E-02-3.181926078E-02
-3.043484703E-02-2.897337347E-02-2.743471584E-02-2.581888847E-02-2.412604865E-02
-2.235642112E-02-2.051025293E-02-1.858791019E-02-1.659003762E-02-1.451734650E-02
-1.237040069E-02-1.014981691E-02-7.856370644E-03-5.491727761E-03-3.059442879E-03
-5.654676221E-04 1.983937587E-03 4.587398605E-03 7.242825777E-03 9.948200920E-03
 1.270121082E-02 1.549942511E-02 1.834039373E-02 2.122173251E-02 2.414121562E-02
 2.709680780E-02 3.008657174E-02 3.310862129E-02 3.616119631E-02 3.924273329E-02
 4.235178724E-02 4.548689402E-02 4.864650696E-02 5.182908423E-02 5.503321407E-02
 5.825767827E-02 6.150140667E-02 6.476339333E-02 6.804263006E-02 7.133813379E-02
 7.464900741E-02 7.797447460E-02 8.131386015E-02 8.466653368E-02 8.803186872E-02
 9.140923289E-02 9.479801875E-02 9.819766596E-02 1.016076722E-01 1.050275867E-01
 1.084569947E-01 1.118955038E-01 1.153427296E-01 1.187983426E-01 1.222622542E-01
 1.257331301E-01 1.739646906E-02 1.525630965E-02 1.315169918E-02 1.108934651E-02
 9.069554186E-03 7.093804984E-03 5.163760472E-03 3.281201631E-03 1.448878996E-03
-3.370675733E-04-2.102655739E-03-3.853907884E-03-5.577860124E-03-7.266610129E-03
-8.918994527E-03-1.053664548E-02-1.212174524E-02-1.367594729E-02-1.520014489E-02
-1.669474683E-02-1.816000289E-02-1.959611548E-02-2.100322737E-02-2.238138830E-02
-2.373055543E-02-2.505059383E-02-2.634127240E-02-2.760226484E-02-2.883314796E-02
-3.003340294E-02-3.120241527E-02-3.233947412E-02-3.344377471E-02-3.451442295E-02
-3.555043681E-02-3.655074822E-02-3.751420454E-02-3.843957988E-02-3.932557962E-02
-4.017083957E-02-4.097393644E-02-4.173339774E-02-4.244770402E-02-4.311529962E-02
-4.373459941E-02-4.430399759E-02-4.482187649E-02-4.528661402E-02-4.569659276E-02
-4.605020833E-02-4.634587766E-02-4.658204409E-02-4.675719276E-02-4.686984501E-02
-4.691857397E-02-4.690200998E-02-4.681884237E-02-4.666782463E-02-4.644777787E-02
-4.615760023E-02-4.579626402E-02-4.536279304E-02-4.485632215E-02-4.427607687E-02
-4.362125572E-02-4.289124673E-02-4.208553864E-02-4.120352421E-02-4.024481295E-02
-3.920901794E-02-3.809584103E-02-3.690505520E-02-3.563640815E-02-3.428985587E-02
-3.286537603E-02-3.136286661E-02-2.978237946E-02-2.812408139E-02-2.638817445E-02
-2.457485862E-02-2.268447490E-02-2.071759165E-02-1.867474401E-02-1.655649894E-02
-1.436379477E-02-1.209769818E-02-9.759017206E-03-7.348517818E-03-4.868240483E-03
-2.322862766E-03 2.801692366E-04 2.935831122E-03 5.642126938E-03 8.397211137E-03
 1.119885728E-02 1.404446285E-02 1.693153631E-02 1.985779646E-02 2.282110509E-02
 2.581938143E-02 2.885065901E-02 3.191317880E-02 3.500534398E-02 3.812556706E-02
 4.127217798E-02 4.444349840E-02 4.763798171E-02 5.085428841E-02 5.409123818E-02
 5.734771907E-02 6.062261996E-02 6.391486253E-02 6.722346699E-02 7.054758595E-02
 7.388647600E-02 7.723943743E-02 8.060577232E-02 8.398478434E-02 8.737581186E-02
 9.077824983E-02 9.419155677E-02 9.761524406E-02 1.010488579E-01 1.044919689E-01
 1.079441692E-01 1.114050675E-01 1.148743285E-01 1.183518449E-01 1.218362622E-01
 1.734534382E-02 1.517022416E-02 1.302999670E-02 1.093126186E-02 8.874339047E-03
 6.860695770E-03 4.891992465E-03 2.970209033E-03 1.097833177E-03-7.321634424E-04
-2.547102425E-03-4.345015651E-03-6.112868144E-03-7.845002468E-03-9.541519350E-03
-1.120455534E-02-1.283628902E-02-1.443813873E-02-1.601081174E-02-1.755468181E-02
-1.907003774E-02-2.055712615E-02-2.201611166E-02-2.344706298E-02-2.484994764E-02
-2.622463660E-02-2.757090126E-02-2.888841023E-02-3.017673113E-02-3.143532703E-02
-3.266355891E-02-3.386068678E-02-3.502586913E-02-3.615816609E-02-3.725654426E-02
-3.831987782E-02-3.934695123E-02-4.033646593E-02-4.128705077E-02-4.219725949E-02
-4.306558256E-02-4.389045594E-02-4.467026368E-02-4.540335454E-02-4.608804345E-02
-4.672262381E-02-4.730537676E-02-4.783458027E-02-4.830851806E-02-4.872548867E-02
-4.908381634E-02-4.938185647E-02-4.961800481E-02-4.979070728E-02-4.989846290E-02
-4.993983595E-02-4.991345688E-02-4.981802634E-02-4.965232273E-02-4.941520851E-02
-4.910562677E-02-4.872259407E-02-4.826521791E-02-4.773273813E-02-4.712436526E-02
-4.643948439E-02-4.567762456E-02-4.483820813E-02-4.392087978E-02-4.292529779E-02
-4.185121551E-02-4.069845064E-02-3.946680972E-02-3.815631851E-02-3.676697912E-02
-3.529874043E-02-3.375171376E-02-3.212609770E-02-3.042209706E-02-2.863991220E-02
-2.677991935E-02-2.484263728E-02-2.282844660E-02-2.073786108E-02-1.857178967E-02
-1.633126794E-02-1.401730961E-02-1.163085172E-02-9.172689141E-03-6.644072149E-03
-4.048180334E-03-1.391075276E-03 1.318962144E-03 4.078544424E-03 6.885193272E-03
 9.736869507E-03 1.263122001E-02 1.556583386E-02 1.853838233E-02 2.154666675E-02
 2.458870667E-02 2.766272665E-02 3.076699775E-02 3.389971340E-02 3.705904474E-02
 4.024329523E-02 4.345098969E-02 4.668082463E-02 4.993156958E-02 5.320199864E-02
 5.649092771E-02 5.979728551E-02 6.312014538E-02 6.645868728E-02 6.981213369E-02
 7.317970778E-02 7.656064420E-02 7.995422308E-02 8.335979136E-02 8.677676426E-02
 9.020461013E-02 9.364283268E-02 9.709096155E-02 1.005485550E-01 1.040151998E-01
 1.074904959E-01 1.109740816E-01 1.144658047E-01 1.179643057E-01 1.730253258E-02
 1.509239460E-02 1.291645009E-02 1.078121384E-02 8.687030012E-03 6.635356472E-03
 4.627873027E-03 2.666743202E-03 7.536085596E-04-1.122201195E-03-2.985540730E-03
-4.829063249E-03-6.640547127E-03-8.416292237E-03-1.015741413E-02-1.186635045E-02
-1.354515253E-02-1.519500396E-02-1.681649149E-02-1.841000572E-02-1.997589805E-02
-2.151444631E-02-2.302583446E-02-2.451015024E-02-2.596737752E-02-2.739739299E-02
-2.879997042E-02-3.017477549E-02-3.152136321E-02-3.283918047E-02-3.412756256E-02
-3.538573669E-02-3.661282277E-02-3.780783312E-02-3.896967811E-02-4.009717009E-02
-4.118902522E-02-4.224386810E-02-4.326024386E-02-4.423661732E-02-4.517138643E-02
-4.606288781E-02-4.690940305E-02-4.770917603E-02-4.846041366E-02-4.916130101E-02
-4.981001033E-02-5.040471087E-02-5.094358045E-02-5.142481342E-02-5.184663246E-02
-5.220729752E-02-5.250511164E-02-5.273843733E-02-5.290569360E-02-5.300537099E-02
-5.303603504E-02-5.299633118E-02-5.288499010E-02-5.270083195E-02-5.244276907E-02
-5.210980592E-02-5.170102322E-02-5.121566730E-02-5.065296275E-02-5.001229100E-02
-4.929321993E-02-4.849520440E-02-4.761792690E-02-4.666109529E-02-4.562452039E-02
-4.450807206E-02-4.331162903E-02-4.203529587E-02-4.067911238E-02-3.924310379E-02
-3.772745896E-02-3.613242774E-02-3.445824014E-02-3.270514325E-02-3.087358069E-02
-2.896401668E-02-2.697676746E-02-2.491240668E-02-2.277177730E-02-2.055571266E-02
-1.826505943E-02-1.590077937E-02-1.346404786E-02-1.095616247E-02-8.378254846E-03
-5.732095433E-03-3.022025277E-03-2.558179012E-04 2.558633320E-03 5.418586670E-03
 8.321921443E-03 1.126649421E-02 1.424988524E-02 1.726982409E-02 2.032430930E-02
 2.341144849E-02 2.652928487E-02 2.967582356E-02 3.284920085E-02 3.604778941E-02
 3.927014768E-02 4.251491239E-02 4.578072930E-02 4.906629671E-02 5.237044172E-02
 5.569214908E-02 5.903051232E-02 6.238466657E-02 6.575374829E-02 6.913691748E-02
 7.253339170E-02 7.594246564E-02 7.936350630E-02 8.279593350E-02 8.623920415E-02
 8.969280531E-02 9.315625802E-02 9.662911423E-02 1.001109450E-01 1.036013125E-01
 1.070998170E-01 1.106062877E-01 1.141193963E-01 1.726765411E-02 1.502254648E-02
 1.281085482E-02 1.063900092E-02 8.507393659E-03 6.417504999E-03 4.371044780E-03
 2.370385996E-03 4.159677115E-04-1.506796460E-03-3.417729358E-03-5.306085187E-03
-7.161088847E-03-8.980739376E-03-1.076692709E-02-1.252220937E-02-1.424843844E-02
-1.594659720E-02-1.761722692E-02-1.926076948E-02-2.087762358E-02-2.246810504E-02
-2.403242095E-02-2.557067401E-02-2.708286579E-02-2.856888404E-02-3.002850352E-02
-3.146138650E-02-3.286707723E-02-3.424500235E-02-3.559447359E-02-3.691468259E-02
-3.820470562E-02-3.946350582E-02-4.068993410E-02-4.188273538E-02-4.304055125E-02
-4.416192520E-02-4.524531153E-02-4.628908068E-02-4.729152791E-02-4.825088591E-02
-4.916532543E-02-5.003297624E-02-5.085193022E-02-5.162025638E-02-5.233600965E-02
-5.299724380E-02-5.360202266E-02-5.414842917E-02-5.463457794E-02-5.505862636E-02
-5.541878127E-02-5.571331095E-02-5.594055119E-02-5.609891407E-02-5.618689629E-02
-5.620308195E-02-5.614614868E-02-5.601487114E-02-5.580812905E-02-5.552490561E-02
-5.516425820E-02-5.472542999E-02-5.420766055E-02-5.361032654E-02-5.293303038E-02
-5.217526071E-02-5.133673817E-02-5.041722192E-02-4.941658325E-02-4.833474884E-02
-4.717167999E-02-4.592756370E-02-4.460248961E-02-4.319657998E-02-4.171011484E-02
-4.014341094E-02-3.849674643E-02-3.677046089E-02-3.496507754E-02-3.308100746E-02
-3.111859900E-02-2.907853128E-02-2.696159125E-02-2.476847811E-02-2.249987519E-02
-2.015660394E-02-1.773982131E-02-1.525096554E-02-1.269146069E-02-1.006250610E-02
-7.365348753E-03-4.602852023E-03-1.781363313E-03 1.089633580E-03 4.004759485E-03
 6.961201573E-03 9.957132677E-03 1.299050876E-02 1.605921203E-02 1.916108543E-02
 2.229394754E-02 2.545575018E-02 2.864469566E-02 3.185918713E-02 3.509771204E-02
 3.835877240E-02 4.164093538E-02 4.494291499E-02 4.826359655E-02 5.160197607E-02
 5.495709035E-02 5.832798101E-02 6.171372720E-02 6.511347917E-02 6.852647412E-02
 7.195202481E-02 7.538949712E-02 7.883829656E-02 8.229786576E-02 8.576768548E-02
 8.924726702E-02 9.273613518E-02 9.623381598E-02 9.973984255E-02 1.032538145E-01
 1.067756102E-01 1.103039855E-01 1.724032830E-02 1.496028808E-02 1.271288617E-02
 1.050440233E-02 8.335265559E-03 6.206971191E-03 4.121305038E-03 2.080881749E-03
 8.473962483E-05-1.885703031E-03-3.843500653E-03-5.776121020E-03-7.674662398E-03
-9.538543446E-03-1.137021048E-02-1.317220837E-02-1.494615690E-02-1.669289759E-02
-1.841298484E-02-2.010692426E-02-2.177515869E-02-2.341803124E-02-2.503578044E-02
-2.662853397E-02-2.819630307E-02-2.973898986E-02-3.125637242E-02-3.274810835E-02
-3.421373152E-02-3.565264934E-02-3.706414328E-02-3.844737133E-02-3.980136338E-02
-4.112502755E-02-4.241715268E-02-4.367641063E-02-4.490136303E-02-4.609046504E-02
-4.724207518E-02-4.835446270E-02-4.942581126E-02-5.045424126E-02-5.143780666E-02
-5.237451512E-02-5.326233386E-02-5.409920934E-02-5.488307200E-02-5.561185244E-02
-5.628349237E-02-5.689595845E-02-5.744725124E-02-5.793541876E-02-5.835856593E-02
-5.871486272E-02-5.900255725E-02-5.921997856E-02-5.936555025E-02-5.943779165E-02
-5.943532276E-02-5.935687058E-02-5.920127790E-02-5.896749867E-02-5.865457150E-02
-5.826172519E-02-5.778821440E-02-5.723340979E-02-5.659694134E-02-5.587833145E-02
-5.507733711E-02-5.419376794E-02-5.322755576E-02-5.217868594E-02-5.104720930E-02
-4.983339328E-02-4.853738890E-02-4.715943043E-02-4.569989770E-02-4.415918517E-02
-4.253764498E-02-4.083574755E-02-3.905408438E-02-3.719304487E-02-3.525311108E-02
-3.323505946E-02-3.113962230E-02-2.896741858E-02-2.671906157E-02-2.439535406E-02
-2.199738702E-02-1.952637201E-02-1.698357261E-02-1.437044050E-02-1.168854780E-02
-8.939258658E-03-6.124369492E-03-3.248467428E-03-3.202191153E-04 2.651013151E-03
 5.661928036E-03 8.710678054E-03 1.179533141E-02 1.491353811E-02 1.806300029E-02
 2.124171778E-02 2.444792071E-02 2.767992976E-02 3.093608535E-02 3.421480808E-02
 3.751468568E-02 4.083449151E-02 4.417311149E-02 4.752947145E-02 5.090250975E-02
 5.429121765E-02 5.769467292E-02 6.111204893E-02 6.454259694E-02 6.798562341E-02
 7.144047866E-02 7.490655783E-02 7.838329654E-02 8.187015910E-02 8.536661569E-02
 8.887214818E-02 9.238626690E-02 9.590853099E-02 9.943861975E-02 1.029765168E-01
 1.065210344E-01 1.722022793E-02 1.490531465E-02 1.262220685E-02 1.037707676E-02
 8.170384897E-03 6.003595907E-03 3.878541813E-03 1.798048928E-03-2.403554746E-04
-2.258755014E-03-4.262732902E-03-6.239207032E-03-8.181376306E-03-1.008982089E-02
-1.196733008E-02-1.381633058E-02-1.563823355E-02-1.743380504E-02-1.920364752E-02
-2.094832962E-02-2.266833464E-02-2.436403947E-02-2.603570998E-02-2.768349784E-02
-2.930743975E-02-3.090744181E-02-3.248328888E-02-3.403463394E-02-3.556100082E-02
-3.706177660E-02-3.853621200E-02-3.998342389E-02-4.140239748E-02-4.279198126E-02
-4.415089510E-02-4.547773436E-02-4.677097401E-02-4.802897509E-02-4.924999216E-02
-5.043218527E-02-5.157362307E-02-5.267230129E-02-5.372615010E-02-5.473304722E-02
-5.569082964E-02-5.659731211E-02-5.745029307E-02-5.824757322E-02-5.898696753E-02
-5.966631967E-02-6.028351085E-02-6.083647555E-02-6.132321175E-02-6.174178901E-02
-6.209036457E-02-6.236718108E-02-6.257058390E-02-6.269902475E-02-6.275106519E-02
-6.272538218E-02-6.262077724E-02-6.243617047E-02-6.217058447E-02-6.182322185E-02
-6.139335244E-02-6.088033991E-02-6.028383274E-02-5.960338589E-02-5.883878893E-02
-5.798989865E-02-5.705670461E-02-5.603924981E-02-5.493767784E-02-5.375233002E-02
-5.248342894E-02-5.113132905E-02-4.969651362E-02-4.817946091E-02-4.658062703E-02
-4.490063636E-02-4.314012098E-02-4.129951902E-02-3.937951439E-02-3.738095091E-02
-3.530452674E-02-3.315082712E-02-3.092048624E-02-2.861437869E-02-2.623354185E-02
-2.377897896E-02-2.125174420E-02-1.865315538E-02-1.598478263E-02-1.324830627E-02
-1.044533220E-02-7.577434433E-03-4.647727787E-03-1.663291316E-03 1.365357250E-03
 4.432334533E-03 7.534829391E-03 1.067102580E-02 1.383885966E-02 1.703632225E-02
 2.026152341E-02 2.351262244E-02 2.678787774E-02 3.008573574E-02 3.340484299E-02
 3.674396102E-02 4.010189079E-02 4.347745802E-02 4.686955852E-02 5.027719110E-02
 5.369945793E-02 5.713554095E-02 6.058468117E-02 6.404617061E-02 6.751935229E-02
 7.100361075E-02 7.449835288E-02 7.800299272E-02 8.151696858E-02 8.503976695E-02
 8.857096031E-02 9.211021395E-02 9.565729810E-02 9.921221357E-02 1.027737487E-01
 1.720694845E-02 1.485729021E-02 1.253855443E-02 1.025677593E-02 8.012461988E-03
 5.807103862E-03 3.642597841E-03 1.521649005E-03-5.600086187E-04-2.625885089E-03
-4.675310900E-03-6.695385802E-03-8.681302781E-03-1.063459906E-02-1.255824341E-02
-1.445447362E-02-1.632451830E-02-1.816913641E-02-1.998900506E-02-2.178474393E-02
-2.355687870E-02-2.530582170E-02-2.703187158E-02-2.873520539E-02-3.041587644E-02
-3.207381161E-02-3.370879471E-02-3.532047570E-02-3.690836477E-02-3.847183004E-02
-4.001009064E-02-4.152222040E-02-4.300714987E-02-4.446366879E-02-4.589042296E-02
-4.728592362E-02-4.864855342E-02-4.997657224E-02-5.126812399E-02-5.252124981E-02
-5.373389765E-02-5.490392963E-02-5.602914377E-02-5.710728101E-02-5.813604066E-02
-5.911309735E-02-6.003611208E-02-6.090275061E-02-6.171069554E-02-6.245766125E-02
-6.314140791E-02-6.375975287E-02-6.431058402E-02-6.479186985E-02-6.520166935E-02
-6.553814234E-02-6.579955502E-02-6.598428950E-02-6.609084651E-02-6.611785159E-02
-6.606406149E-02-6.592836147E-02-6.570975861E-02-6.540741990E-02-6.502062959E-02
-6.454874334E-02-6.399141810E-02-6.334823903E-02-6.261902293E-02-6.180366845E-02
-6.090221770E-02-5.991476763E-02-5.884155380E-02-5.768298086E-02-5.643935104E-02
-5.511114010E-02-5.369893335E-02-5.220329524E-02-5.062481710E-02-4.896427595E-02
-4.722232615E-02-4.539954994E-02-4.349684229E-02-4.151508697E-02-3.945498213E-02
-3.731714384E-02-3.510232301E-02-3.281148683E-02-3.044559232E-02-2.800551536E-02
-2.549225578E-02-2.290699855E-02-2.025104292E-02-1.752589433E-02-1.473338190E-02
-1.187545927E-02-8.953732398E-03-5.970121074E-03-2.929966567E-03 1.565432093E-04
 3.279802933E-03 6.436251643E-03 9.624392835E-03 1.284243988E-02 1.608833197E-02
 1.936010642E-02 2.265604963E-02 2.597466685E-02 2.931457891E-02 3.267444670E-02
 3.605297273E-02 3.944894915E-02 4.286128774E-02 4.628901072E-02 4.973122276E-02
 5.318709332E-02 5.665585224E-02 6.013678418E-02 6.362921452E-02 6.713248313E-02
 7.064594852E-02 7.416901020E-02 7.770114512E-02 8.124193742E-02 8.479107099E-02
 8.834826299E-02 9.191326408E-02 9.548599644E-02 9.906518966E-02 1.720010151E-02
 1.481585051E-02 1.246159991E-02 1.014324507E-02 7.861314417E-03 5.617310675E-03
 3.413242271E-03 1.251475680E-03-8.742506997E-04-2.986881796E-03-5.081111291E-03
-7.144664370E-03-9.174475048E-03-1.117285037E-02-1.314282727E-02-1.508643674E-02
-1.700477633E-02-1.889863242E-02-2.076875424E-02-2.261582367E-02-2.444040691E-02
-2.624295426E-02-2.802379845E-02-2.978314572E-02-3.152106928E-02-3.323750604E-02
-3.493225207E-02-3.660495175E-02-3.825509852E-02-3.988203644E-02-4.148495437E-02
-4.306288086E-02-4.461468861E-02-4.613909750E-02-4.763467901E-02-4.909985413E-02
-5.053290432E-02-5.193198046E-02-5.329511007E-02-5.462020659E-02-5.590508607E-02
-5.714747412E-02-5.834502631E-02-5.949533749E-02-6.059596540E-02-6.164443653E-02
-6.263826837E-02-6.357498803E-02-6.445214102E-02-6.526731032E-02-6.601813188E-02
-6.670230402E-02-6.731760367E-02-6.786189704E-02-6.833314760E-02-6.872943093E-02
-6.904893339E-02-6.928996916E-02-6.945097966E-02-6.953053740E-02-6.952735310E-02
-6.944027774E-02-6.926830014E-02-6.901054951E-02-6.866631986E-02-6.823495835E-02
-6.771612066E-02-6.710941902E-02-6.641469099E-02-6.563187019E-02-6.476104398E-02
-6.380235730E-02-6.275613276E-02-6.162282487E-02-6.040282133E-02-5.909671303E-02
-5.770518018E-02-5.622887654E-02-5.466855386E-02-5.302511049E-02-5.129923825E-02
-4.949175322E-02-4.760371793E-02-4.563604808E-02-4.358947968E-02-4.146474708E-02
-3.926279018E-02-3.698463086E-02-3.463115301E-02-3.220322490E-02-2.970185812E-02
-2.712812642E-02-2.448316557E-02-2.176831900E-02-1.898521180E-02-1.613564996E-02
-1.322146512E-02-1.024439794E-02-7.206313759E-03-4.111233403E-03-9.679995682E-04
 2.211654627E-03 5.422739225E-03 8.663212257E-03 1.193144940E-02 1.522561125E-02
 1.854398766E-02 2.188503417E-02 2.524725859E-02 2.862922877E-02 3.202962388E-02
 3.544725899E-02 3.888106589E-02 4.233006393E-02 4.579334546E-02 4.927007220E-02
 5.275946276E-02 5.626077113E-02 5.977326671E-02 6.329625489E-02 6.682910674E-02
 7.037130191E-02 7.392243885E-02 7.748218649E-02 8.105023137E-02 8.462623366E-02
 8.820984589E-02 9.180092718E-02 9.539824213E-02 1.719916021E-02 1.478059765E-02
 1.239102427E-02 1.003619887E-02 7.716702306E-03 5.434059393E-03 3.190371297E-03
 9.874665002E-04-1.182919439E-03-3.341608869E-03-5.480019883E-03-7.586946430E-03
-9.660819508E-03-1.170447499E-02-1.372090642E-02-1.571196201E-02-1.767868784E-02
-1.962192951E-02-2.154249876E-02-2.344112326E-02-2.531842054E-02-2.717488879E-02
-2.901089129E-02-3.082666641E-02-3.262230834E-02-3.439776806E-02-3.615284499E-02
-3.788718103E-02-3.960025946E-02-4.129139250E-02-4.295973242E-02-4.460426121E-02
-4.622379072E-02-4.781696742E-02-4.938227541E-02-5.091804365E-02-5.242244557E-02
-5.389351310E-02-5.532914822E-02-5.672713132E-02-5.808513549E-02-5.940074358E-02
-6.067145875E-02-6.189472647E-02-6.306795175E-02-6.418851001E-02-6.525377206E-02
-6.626112056E-02-6.720796166E-02-6.809174556E-02-6.890998187E-02-6.966025212E-02
-7.034022297E-02-7.094765863E-02-7.148043199E-02-7.193653189E-02-7.231407211E-02
-7.261129797E-02-7.282659304E-02-7.295848065E-02-7.300562786E-02-7.296685190E-02
-7.284111771E-02-7.262752174E-02-7.232535954E-02-7.193397050E-02-7.145300030E-02
-7.088208484E-02-7.022107529E-02-6.946993226E-02-6.862877951E-02-6.769780236E-02
-6.667740135E-02-6.556806584E-02-6.437027115E-02-6.308471088E-02-6.171214791E-02
-6.025333213E-02-5.870918552E-02-5.708067536E-02-5.536859328E-02-5.357402364E-02
-5.169813654E-02-4.974188964E-02-4.770611145E-02-4.559174743E-02-4.339992624E-02
-4.113168069E-02-3.878790237E-02-3.636955589E-02-3.387766032E-02-3.131321598E-02
-2.867732089E-02-2.597126753E-02-2.319643498E-02-2.035419478E-02-1.744615255E-02
-1.447442085E-02-1.144127035E-02-8.348554495E-03-5.198967596E-03-1.999925595E-03
 1.236309395E-03 4.501955670E-03 7.794485874E-03 1.111283781E-02 1.445540858E-02
 1.782047136E-02 2.120643503E-02 2.461185892E-02 2.803545066E-02 3.147603994E-02
 3.493255204E-02 3.840399653E-02 4.188945863E-02 4.538808111E-02 4.889903402E-02
 5.242151725E-02 5.595478851E-02 5.949820759E-02 6.305126399E-02 6.661355122E-02
 7.018470134E-02 7.376434365E-02 7.735206739E-02 8.094745471E-02 8.455015150E-02
 8.816005768E-02 9.177604519E-02 1.720352515E-02 1.475097624E-02 1.232638567E-02
 9.935325084E-03 7.578395091E-03 5.257158837E-03 2.973842030E-03 7.296205112E-04
-1.485757513E-03-3.689924739E-03-5.872027523E-03-8.022177814E-03-1.014016503E-02
-1.222922752E-02-1.429220085E-02-1.633073551E-02-1.834588215E-02-2.033858450E-02
-2.230972771E-02-2.426008351E-02-2.619031141E-02-2.810095061E-02-2.999241397E-02
-3.186496639E-02-3.371872641E-02-3.555365828E-02-3.736956727E-02-3.916608869E-02
-4.094268716E-02-4.269865568E-02-4.443309761E-02-4.614494393E-02-4.783294102E-02
-4.949565664E-02-5.113148342E-02-5.273864378E-02-5.431520060E-02-5.585905896E-02
-5.736798373E-02-5.883961410E-02-6.027147398E-02-6.166099170E-02-6.300551517E-02
-6.430233209E-02-6.554868613E-02-6.674180123E-02-6.787889697E-02-6.895720701E-02
-6.997399871E-02-7.092659017E-02-7.181236580E-02-7.262879156E-02-7.337342706E-02
-7.404393881E-02-7.463811190E-02-7.515385495E-02-7.558921158E-02-7.594236509E-02
-7.621164387E-02-7.639552405E-02-7.649263334E-02-7.650175771E-02-7.642183496E-02
-7.625193682E-02-7.599135073E-02-7.563941081E-02-7.519574524E-02-7.466000989E-02
-7.403206220E-02-7.331188122E-02-7.249961742E-02-7.159548809E-02-7.059995895E-02
-6.951353959E-02-6.833679026E-02-6.707048966E-02-6.571546656E-02-6.427257810E-02
-6.274289952E-02-6.112742350E-02-5.942712989E-02-5.764333323E-02-5.577726425E-02
-5.382994314E-02-5.180237054E-02-4.969575996E-02-4.751136283E-02-4.525023259E-02
-4.291339090E-02-4.050192113E-02-3.801685075E-02-3.545920797E-02-3.283015009E-02
-3.013088701E-02-2.736252348E-02-2.452621338E-02-2.162348928E-02-1.865625992E-02
-1.562661610E-02-1.253671343E-02-9.388550674E-03-6.184481275E-03-2.930616682E-03
 3.614036602E-04 3.681310592E-03 7.025907659E-03 1.039426379E-02 1.378483470E-02
 1.719598012E-02 2.062626791E-02 2.407441733E-02 2.753925215E-02 3.101969114E-02
 3.451473261E-02 3.802342885E-02 4.154486044E-02 4.507816100E-02 4.862255421E-02
 5.217739972E-02 5.574219155E-02 5.931649063E-02 6.289987242E-02 6.649188090E-02
 7.009204829E-02 7.369994144E-02 7.731517795E-02 8.093750433E-02 8.456692545E-02
 8.820236489E-02 1.721279933E-02 1.472654673E-02 1.226721115E-02 9.840180365E-03
 7.446059712E-03 5.086402571E-03 2.763523286E-03 4.778934834E-04-1.782580035E-03
-4.031623199E-03-6.256995979E-03-8.450291838E-03-1.061240794E-02-1.274684072E-02
-1.485630292E-02-1.694230860E-02-1.900590009E-02-2.104809292E-02-2.306985599E-02
-2.507203460E-02-2.705533831E-02-2.902034340E-02-3.096749584E-02-3.289709732E-02
-3.480929644E-02-3.670406726E-02-3.858122086E-02-4.044038583E-02-4.228100763E-02
-4.410234472E-02-4.590346438E-02-4.768323168E-02-4.944032412E-02-5.117322328E-02
-5.288022331E-02-5.455943494E-02-5.620879467E-02-5.782607744E-02-5.940890300E-02
-6.095475700E-02-6.246100807E-02-6.392492126E-02-6.534368233E-02-6.671441392E-02
-6.803419826E-02-6.930010072E-02-7.050918758E-02-7.165854433E-02-7.274529827E-02
-7.376663869E-02-7.471982834E-02-7.560222110E-02-7.641127520E-02-7.714456535E-02
-7.779979312E-02-7.837479576E-02-7.886755319E-02-7.927619026E-02-7.959898835E-02
-7.983438256E-02-7.998096379E-02-8.003748858E-02-8.000286971E-02-7.987616268E-02
-7.965663772E-02-7.934362773E-02-7.893673723E-02-7.843563869E-02-7.784018899E-02
-7.715037750E-02-7.636637170E-02-7.548841230E-02-7.451701377E-02-7.345269361E-02
-7.229608872E-02-7.104804195E-02-6.970943061E-02-6.828123039E-02-6.676461860E-02
-6.516061240E-02-6.347044491E-02-6.169557310E-02-5.983726623E-02-5.789664656E-02
-5.587497272E-02-5.377369545E-02-5.159412534E-02-4.933742781E-02-4.700482209E-02
-4.459748473E-02-4.211652009E-02-3.956309786E-02-3.693842446E-02-3.424354542E-02
-3.147942348E-02-2.864728223E-02-2.574862658E-02-2.278499550E-02-1.975799837E-02
-1.666962908E-02-1.352233791E-02-1.031849705E-02-7.060193460E-03-3.752062185E-03
-4.048698978E-04 2.968786204E-03 6.364836108E-03 9.782384737E-03 1.322017879E-02
 1.667676278E-02 2.015082100E-02 2.364117368E-02 2.714672156E-02 3.066640984E-02
 3.419923103E-02 3.774425929E-02 4.130070240E-02 4.486792392E-02 4.844539297E-02
 5.203261507E-02 5.562908079E-02 5.923425527E-02 6.284763813E-02 6.646878929E-02
 7.009737481E-02 7.373313602E-02 7.737587762E-02 8.102558848E-02 8.468116627E-02
 1.722675735E-02 1.470706313E-02 1.221323662E-02 9.750472961E-03 7.319373185E-03
 4.921488951E-03 2.559209678E-03 2.322389913E-04-2.073213042E-03-4.366525893E-03
-6.634761003E-03-8.871074266E-03-1.107729769E-02-1.325705267E-02-1.541286072E-02
-1.754617316E-02-1.965813175E-02-2.174981316E-02-2.382221191E-02-2.587623186E-02
-2.791265789E-02-2.993212846E-02-3.193512192E-02-3.392196607E-02-3.589282874E-02
-3.784771077E-02-3.978642082E-02-4.170858226E-02-4.361361633E-02-4.550074639E-02
-4.736898839E-02-4.921714915E-02-5.104382449E-02-5.284740295E-02-5.462607146E-02
-5.637782190E-02-5.810045654E-02-5.979160500E-02-6.144873817E-02-6.306918000E-02
-6.465013137E-02-6.618869108E-02-6.768187243E-02-6.912663087E-02-7.051988493E-02
-7.185853537E-02-7.313949407E-02-7.435970399E-02-7.551615529E-02-7.660590968E-02
-7.762611367E-02-7.857401559E-02-7.944697905E-02-8.024249487E-02-8.095819034E-02
-8.159183839E-02-8.214136103E-02-8.260483791E-02-8.298050590E-02-8.326676760E-02
-8.346218626E-02-8.356548988E-02-8.357556965E-02-8.349147256E-02-8.331244475E-02
-8.303782361E-02-8.266718570E-02-8.220021717E-02-8.163676854E-02-8.097683197E-02
-8.022058279E-02-7.936827711E-02-7.842045879E-02-7.737764563E-02-7.624053773E-02
-7.501001852E-02-7.368700161E-02-7.227258155E-02-7.076796375E-02-6.917424754E-02
-6.749290759E-02-6.572545504E-02-6.387319484E-02-6.193742127E-02-5.991968793E-02
-5.782158081E-02-5.564448167E-02-5.338977325E-02-5.105884766E-02-4.865299245E-02
-4.617350247E-02-4.362170946E-02-4.099876650E-02-3.830563439E-02-3.554342511E-02
-3.271347808E-02-2.981708523E-02-2.685547271E-02-2.383008056E-02-2.074271322E-02
-1.759548152E-02-1.439074441E-02-1.113088581E-02-7.818042011E-03-4.456091453E-03
-1.055085698E-03 2.371293146E-03 5.817867879E-03 9.283759497E-03 1.276801467E-02
 1.626930535E-02 1.978637652E-02 2.331806170E-02 2.686327115E-02 3.042103625E-02
 3.399055878E-02 3.757118757E-02 4.116233734E-02 4.476343099E-02 4.837385960E-02
 5.199304365E-02 5.562046621E-02 5.925572181E-02 6.289850833E-02 6.654857069E-02
 7.020565377E-02 7.386950082E-02 7.753999131E-02 8.121600091E-02 1.724516998E-02
 1.469234995E-02 1.216432002E-02 9.666079056E-03 7.198226156E-03 4.762302041E-03
 2.360757247E-03-7.438138984E-06-2.357559277E-03-4.694452932E-03-7.005109192E-03
-9.284274466E-03-1.153449848E-02-1.375942273E-02-1.596140556E-02-1.814185844E-02
-2.030199185E-02-2.244299435E-02-2.456595393E-02-2.667179754E-02-2.876133649E-02
-3.083527027E-02-3.289414161E-02-3.493831728E-02-3.696797920E-02-3.898313436E-02
-4.098359736E-02-4.296898551E-02-4.493869241E-02-4.689190235E-02-4.882757636E-02
-5.074444917E-02-5.264103097E-02-5.451561508E-02-5.636626688E-02-5.819084831E-02
-5.998702373E-02-6.175226661E-02-6.348388484E-02-6.517903673E-02-6.683474853E-02
-6.844794138E-02-7.001545637E-02-7.153407491E-02-7.300054617E-02-7.441161296E-02
-7.576403352E-02-7.705460720E-02-7.828019241E-02-7.943772958E-02-8.052425625E-02
-8.153692377E-02-8.247301053E-02-8.332993253E-02-8.410525228E-02-8.479668683E-02
-8.540211248E-02-8.591957102E-02-8.634726593E-02-8.668357179E-02-8.692703019E-02
-8.707635109E-02-8.713040946E-02-8.708824584E-02-8.694907916E-02-8.671225839E-02
-8.637733000E-02-8.594399127E-02-8.541208199E-02-8.478159098E-02-8.405269359E-02
-8.322565501E-02-8.230102714E-02-8.127932548E-02-8.016129466E-02-7.894783373E-02
-7.763988923E-02-7.623865202E-02-7.474529562E-02-7.316108392E-02-7.148764046E-02
-6.972647276E-02-6.787894440E-02-6.594660114E-02-6.393122387E-02-6.183445090E-02
-5.965783058E-02-5.740297449E-02-5.507141276E-02-5.266463599E-02-5.018418209E-02
-4.763143167E-02-4.500749820E-02-4.231354776E-02-3.955093754E-02-3.672091959E-02
-3.382457438E-02-3.086309079E-02-2.783790529E-02-2.475058583E-02-2.160277686E-02
-1.839639214E-02-1.513384434E-02-1.181784069E-02-8.450744006E-03-5.035818357E-03
-1.582261989E-03 1.895776120E-03 5.391867096E-03 8.905113770E-03 1.243478598E-02
 1.597958024E-02 1.953828297E-02 2.310990502E-02 2.669363922E-02 3.028878307E-02
 3.389466993E-02 3.751060875E-02 4.113592669E-02 4.477001795E-02 4.841239151E-02
 5.206268151E-02 5.572058477E-02 5.938581427E-02 6.305805757E-02 6.673695912E-02
 7.042217629E-02 7.411355856E-02 7.781007094E-02 1.726768832E-02 1.468214506E-02
 1.212027226E-02 9.586878891E-03 7.082565066E-03 4.608853599E-03 2.168216148E-03
-2.411014832E-04-2.635476580E-03-5.015299841E-03-7.367892580E-03-9.689607057E-03
-1.198360512E-02-1.425346287E-02-1.650135830E-02-1.872870392E-02-2.093680865E-02
-2.312693148E-02-2.530021892E-02-2.745770181E-02-2.960026422E-02-3.172860872E-02
-3.384330407E-02-3.594477058E-02-3.803323416E-02-4.010870857E-02-4.217100122E-02
-4.421970756E-02-4.625420566E-02-4.827362903E-02-5.027688133E-02-5.226261705E-02
-5.422925410E-02-5.617497231E-02-5.809772081E-02-5.999521467E-02-6.186496678E-02
-6.370429249E-02-6.551032576E-02-6.728004697E-02-6.901030451E-02-7.069783815E-02
-7.233930702E-02-7.393131904E-02-7.547045580E-02-7.695330064E-02-7.837646235E-02
-7.973659980E-02-8.103044848E-02-8.225483554E-02-8.340669735E-02-8.448309947E-02
-8.548124431E-02-8.639848374E-02-8.723232770E-02-8.798044867E-02-8.864068770E-02
-8.921105463E-02-8.968973270E-02-9.007507839E-02-9.036561656E-02-9.056004459E-02
-9.065723129E-02-9.065621212E-02-9.055618130E-02-9.035650296E-02-9.005669421E-02
-8.965646185E-02-8.915563238E-02-8.855418686E-02-8.785229439E-02-8.705022487E-02
-8.614851734E-02-8.514768579E-02-8.404849845E-02-8.285184694E-02-8.155871603E-02
-8.017033716E-02-7.868784858E-02-7.711271485E-02-7.544658918E-02-7.369094916E-02
-7.184728052E-02-6.991739887E-02-6.790317378E-02-6.580631573E-02-6.362860592E-02
-6.137181948E-02-5.903766946E-02-5.662792709E-02-5.414426482E-02-5.158805497E-02
-4.896063954E-02-4.626353526E-02-4.349812771E-02-4.066554933E-02-3.776695263E-02
-3.480364201E-02-3.177693337E-02-2.868809402E-02-2.553851951E-02-2.232992024E-02
-1.906437058E-02-1.574434790E-02-1.237261184E-02-8.951613580E-03-5.484285155E-03
-1.979186556E-03 1.549223609E-03 5.093383381E-03 8.652384506E-03 1.222576778E-02
 1.581249862E-02 1.941167168E-02 2.302250670E-02 2.664421892E-02 3.027602569E-02
 3.391721703E-02 3.756720055E-02 4.122553244E-02 4.489185058E-02 4.856581978E-02
 5.224708412E-02 5.593525103E-02 5.962991972E-02 6.333071970E-02 6.703735429E-02
 7.074976335E-02 7.446705660E-02 1.729375337E-02 1.467604856E-02 1.208081484E-02
 9.512673727E-03 6.972258682E-03 4.461098919E-03 1.981580573E-03-4.688117658E-04
-2.906691570E-03-5.328758141E-03-7.722891912E-03-1.008685550E-02-1.242426878E-02
-1.473864786E-02-1.703207735E-02-1.930599179E-02-2.156176296E-02-2.380072188E-02
-2.602409067E-02-2.823295403E-02-3.042825570E-02-3.261079614E-02-3.478118342E-02
-3.693982338E-02-3.908696127E-02-4.122264600E-02-4.334669475E-02-4.545867476E-02
-4.755792321E-02-4.964352652E-02-5.171432443E-02-5.376888653E-02-5.580552726E-02
-5.782230691E-02-5.981703719E-02-6.178729273E-02-6.373041618E-02-6.564355419E-02
-6.752366191E-02-6.936753543E-02-7.117183568E-02-7.293311779E-02-7.464785920E-02
-7.631249083E-02-7.792342864E-02-7.947709890E-02-8.096996684E-02-8.239856111E-02
-8.375949852E-02-8.504950358E-02-8.626542370E-02-8.740424844E-02-8.846311666E-02
-8.943932839E-02-9.033035232E-02-9.113382726E-02-9.184756946E-02-9.246957037E-02
-9.299799920E-02-9.343120108E-02-9.376769741E-02-9.400617784E-02-9.414550808E-02
-9.418472209E-02-9.412300135E-02-9.395972177E-02-9.369437477E-02-9.332667597E-02
-9.285643781E-02-9.228363099E-02-9.160841364E-02-9.083105819E-02-8.995207295E-02
-8.897197286E-02-8.789152957E-02-8.671161005E-02-8.543324256E-02-8.405762006E-02
-8.258591423E-02-8.101973106E-02-7.936066254E-02-7.761016662E-02-7.576993367E-02
-7.384194566E-02-7.182806861E-02-6.973017700E-02-6.755023486E-02-6.529016135E-02
-6.295193850E-02-6.053753346E-02-5.804862709E-02-5.548680656E-02-5.285383572E-02
-5.015135699E-02-4.738070856E-02-4.454318602E-02-4.164016480E-02-3.867293065E-02
-3.564261706E-02-3.255039024E-02-2.939761557E-02-2.618585059E-02-2.291682807E-02
-1.959254150E-02-1.621540610E-02-1.278824348E-02-9.313674906E-03-5.794592829E-03
-2.239282723E-03 1.337499335E-03 4.927661923E-03 8.530725757E-03 1.214660899E-02
 1.577436915E-02 1.941304334E-02 2.306180334E-02 2.671993892E-02 3.038690974E-02
 3.406228138E-02 3.774566081E-02 4.143664030E-02 4.513477532E-02 4.883961843E-02
 5.255076664E-02 5.626787634E-02 5.999069208E-02 6.371904319E-02 6.745292649E-02
 7.119149701E-02 1.732260281E-02 1.467344591E-02 1.204551025E-02 9.443190615E-03
 6.867147285E-03 4.318938189E-03 1.800808293E-03-6.904849974E-04-3.170994115E-03
-5.634523625E-03-8.069713118E-03-1.047557528E-02-1.285605074E-02-1.521451944E-02
-1.755297943E-02-1.987296407E-02-2.217596962E-02-2.446338528E-02-2.673647080E-02
-2.899637410E-02-3.124410450E-02-3.348049997E-02-3.570622594E-02-3.792176719E-02
-4.012736387E-02-4.232303378E-02-4.450859708E-02-4.668362481E-02-4.884741546E-02
-5.099899164E-02-5.313710975E-02-5.526025863E-02-5.736663560E-02-5.945417676E-02
-6.152054622E-02-6.356315754E-02-6.557918764E-02-6.756559906E-02-6.951916160E-02
-7.143647863E-02-7.331402200E-02-7.514815678E-02-7.693517982E-02-7.867134823E-02
-8.035291184E-02-8.197614688E-02-8.353738167E-02-8.503302408E-02-8.645958366E-02
-8.781369139E-02-8.909212021E-02-9.029179412E-02-9.140980204E-02-9.244340460E-02
-9.339003969E-02-9.424732588E-02-9.501306360E-02-9.568523644E-02-9.626200991E-02
-9.674172589E-02-9.712290594E-02-9.740424411E-02-9.758460510E-02-9.766302263E-02
-9.763867957E-02-9.751095867E-02-9.727933222E-02-9.694352386E-02-9.650333273E-02
-9.595871858E-02-9.530982552E-02-9.455692819E-02-9.370049123E-02-9.274103252E-02
-9.167930922E-02-9.051615672E-02-8.925263677E-02-8.788984710E-02-8.642907819E-02
-8.487194799E-02-8.321994350E-02-8.147457078E-02-7.963773262E-02-7.771141112E-02
-7.569750979E-02-7.359807942E-02-7.141519048E-02-6.915097494E-02-6.680763967E-02
-6.438716576E-02-6.189139857E-02-5.932237547E-02-5.668205816E-02-5.397208775E-02
-5.119402980E-02-4.834948660E-02-4.543989731E-02-4.246647560E-02-3.943039649E-02
-3.633292738E-02-3.317538667E-02-2.995912498E-02-2.668560418E-02-2.335649206E-02
-1.997377201E-02-1.653991646E-02-1.305794114E-02-9.530723211E-03-5.961145384E-03
-2.357230005E-03 1.266155230E-03 4.900860901E-03 8.546663131E-03 1.220346903E-02
 1.587036373E-02 1.954663877E-02 2.323177724E-02 2.692531733E-02 3.062678899E-02
 3.433568740E-02 3.805151100E-02 4.177381086E-02 4.550221043E-02 4.923644121E-02
 5.297629166E-02 5.672156654E-02 6.047210498E-02 6.422785444E-02 6.798796207E-02
 1.735371335E-02 1.467373817E-02 1.201378024E-02 9.377978955E-03 6.766964976E-03
 4.182276916E-03 1.625938424E-03-9.059503224E-04-3.428235904E-03-5.932423330E-03
-8.408063167E-03-1.085530553E-02-1.327833295E-02-1.568037980E-02-1.806337685E-02
-2.042892197E-02-2.277859584E-02-2.511389638E-02-2.743619156E-02-2.974667904E-02
-3.204639286E-02-3.433622278E-02-3.661688155E-02-3.888886782E-02-4.115247077E-02
-4.340775258E-02-4.565447655E-02-4.789216230E-02-5.012008454E-02-5.233722213E-02
-5.454224139E-02-5.673352175E-02-5.890914265E-02-6.106690496E-02-6.320431949E-02
-6.531862719E-02-6.740682740E-02-6.946569281E-02-7.149180405E-02-7.348156463E-02
-7.543125083E-02-7.733704187E-02-7.919505153E-02-8.100136672E-02-8.275208029E-02
-8.444332342E-02-8.607129727E-02-8.763229823E-02-8.912274172E-02-9.053917900E-02
-9.187831971E-02-9.313703761E-02-9.431238136E-02-9.540158567E-02-9.640206973E-02
-9.731144273E-02-9.812749986E-02-9.884822550E-02-9.947178687E-02-9.999653405E-02
-1.004209947E-01-1.007438690E-01-1.009640305E-01-1.010805137E-01-1.010925113E-01
-1.009994088E-01-1.008006695E-01-1.004960232E-01-1.000852579E-01-9.956832376E-02
-9.894534961E-02-9.821661303E-02-9.738252911E-02-9.644361853E-02-9.540060908E-02
-9.425431136E-02-9.300578190E-02-9.165603922E-02-9.020649859E-02-8.865867665E-02
-8.701396242E-02-8.527400587E-02-8.344079168E-02-8.151622563E-02-7.950232740E-02
-7.740123291E-02-7.521514252E-02-7.294640449E-02-7.059723973E-02-6.816971315E-02
-6.566610279E-02-6.308868711E-02-6.043944244E-02-5.772026733E-02-5.493308586E-02
-5.207961885E-02-4.916132495E-02-4.617958471E-02-4.313578451E-02-4.003124197E-02
-3.686718433E-02-3.364482510E-02-3.036544971E-02-2.703051825E-02-2.364178231E-02
-2.020136958E-02-1.671185484E-02-1.317623048E-02-9.597307962E-03-5.977953218E-03
-2.326533773E-03 1.341488238E-03 5.018358610E-03 8.704530127E-03 1.240021365E-02
 1.610476632E-02 1.981760453E-02 2.353815994E-02 2.726586909E-02 3.100022995E-02
 3.474082947E-02 3.848737372E-02 4.223962167E-02 4.599735981E-02 4.976037936E-02
 5.352843488E-02 5.730130019E-02 6.107888830E-02 6.486041948E-02 1.738698075E-02
 1.467673140E-02 1.198533164E-02 9.316676782E-03 6.671362964E-03 4.050881210E-03
 1.456946274E-03-1.114973417E-03-3.678106543E-03-6.222166548E-03-8.737653513E-03
-1.122568002E-02-1.369059901E-02-1.613553544E-02-1.856241375E-02-2.097291288E-02
-2.336868357E-02-2.575128075E-02-2.812213373E-02-3.048253812E-02-3.283362999E-02
-3.517633510E-02-3.751136931E-02-3.983926430E-02-4.216032874E-02-4.447460752E-02
-4.678189444E-02-4.908170080E-02-5.137319255E-02-5.365527037E-02-5.592653878E-02
-5.818527275E-02-6.042941564E-02-6.265661268E-02-6.486421995E-02-6.704929724E-02
-6.920865884E-02-7.133888141E-02-7.343634139E-02-7.549725215E-02-7.751768934E-02
-7.949364443E-02-8.142105294E-02-8.329583715E-02-8.511393989E-02-8.687135906E-02
-8.856417857E-02-9.018859623E-02-9.174094542E-02-9.321771327E-02-9.461555706E-02
-9.593131233E-02-9.716200363E-02-9.830485050E-02-9.935726441E-02-1.003168530E-01
-1.011814170E-01-1.019489475E-01-1.026176231E-01-1.031858063E-01-1.036520345E-01
-1.040150223E-01-1.042736509E-01-1.044269658E-01-1.044741709E-01-1.044146502E-01
-1.042478705E-01-1.039735652E-01-1.035915148E-01-1.031016624E-01-1.025041221E-01
-1.017991746E-01-1.009871872E-01-1.000686814E-01-9.904434529E-02-9.791498315E-02
-9.668158060E-02-9.534517077E-02-9.390719614E-02-9.236901644E-02-9.073200074E-02
-8.899795273E-02-8.716876420E-02-8.524633714E-02-8.323276748E-02-8.113023905E-02
-7.894112449E-02-7.666778616E-02-7.431243362E-02-7.187750277E-02-6.936552769E-02
-6.677878838E-02-6.411951171E-02-6.138996942E-02-5.859222460E-02-5.572808186E-02
-5.279926441E-02-4.980744233E-02-4.675412766E-02-4.364065332E-02-4.046823738E-02
-3.723805860E-02-3.395135231E-02-3.060951283E-02-2.721411059E-02-2.376688183E-02
-2.026980374E-02-1.672535611E-02-1.313668433E-02-9.506932496E-03-5.839300232E-03
-2.142694699E-03 1.567227805E-03 5.284135674E-03 9.009175875E-03 1.274238887E-02
 1.648301227E-02 2.023045815E-02 2.398428036E-02 2.774415296E-02 3.150980020E-02
 3.528097844E-02 3.905743593E-02 4.283889724E-02 4.662509926E-02 5.041579447E-02
 5.421079137E-02 5.801006700E-02 6.181296911E-02 1.742239388E-02 1.468245788E-02
 1.196018919E-02 9.259261752E-03 6.580259254E-03 3.924631154E-03 1.293758146E-03
-1.317455937E-03-3.920363575E-03-6.503372512E-03-9.057993477E-03-1.158615930E-02
-1.409228880E-02-1.657936900E-02-1.904934373E-02-2.150400970E-02-2.394511991E-02
-2.637429978E-02-2.879303403E-02-3.120266473E-02-3.360437180E-02-3.599915960E-02
-3.838783210E-02-4.077093501E-02-4.314874877E-02-4.552132311E-02-4.788843188E-02
-5.024953259E-02-5.260379058E-02-5.495002832E-02-5.728669577E-02-5.961195846E-02
-6.192364843E-02-6.421925015E-02-6.649593887E-02-6.875059138E-02-7.097982994E-02
-7.318003201E-02-7.534736639E-02-7.747784554E-02-7.956735748E-02-8.161170208E-02
-8.360664687E-02-8.554795514E-02-8.743142914E-02-8.925294501E-02-9.100848362E-02
-9.269415638E-02-9.430622865E-02-9.584113619E-02-9.729549865E-02-9.866612598E-02
-9.995003257E-02-1.011444295E-01-1.022467323E-01-1.032545562E-01-1.041657138E-01
-1.049782101E-01-1.056902399E-01-1.063001797E-01-1.068065839E-01-1.072081809E-01
-1.075038657E-01-1.076926957E-01-1.077738901E-01-1.077468276E-01-1.076109898E-01
-1.073661115E-01-1.070119690E-01-1.065485027E-01-1.059758138E-01-1.052941851E-01
-1.045039455E-01-1.036056146E-01-1.025998357E-01-1.014874205E-01-1.002692434E-01
-9.894643437E-02-9.752033424E-02-9.599215484E-02-9.436336485E-02-9.263577580E-02
-9.081115191E-02-8.889144501E-02-8.687874767E-02-8.477534541E-02-8.258362680E-02
-8.030585282E-02-7.794450782E-02-7.550227705E-02-7.298166044E-02-7.038514770E-02
-6.771531614E-02-6.497456118E-02-6.216506199E-02-5.928894808E-02-5.634826944E-02
-5.334486735E-02-5.028035610E-02-4.715616844E-02-4.397362387E-02-4.073401035E-02
-3.743862493E-02-3.408874272E-02-3.068561313E-02-2.723062096E-02-2.372549358E-02
-2.017246248E-02-1.657431418E-02-1.293434538E-02-9.255584932E-03-5.541252965E-03
-1.801165390E-03 1.948604566E-03 5.703451130E-03 9.464998229E-03 1.323320219E-02
 1.700755090E-02 2.078772040E-02 2.457343515E-02 2.836439246E-02 3.216028189E-02
 3.596081570E-02 3.976573791E-02 4.357484846E-02 4.738799639E-02 5.120508289E-02
 5.502613128E-02 5.885054813E-02 1.745960099E-02 1.469075890E-02 1.193835671E-02
 9.205839973E-03 6.493797395E-03 3.803659225E-03 1.136494476E-03-1.513238122E-03
-4.154831609E-03-6.775795391E-03-9.368693870E-03-1.193617030E-02-1.448266932E-02
-1.701106642E-02-1.952332955E-02-2.202133189E-02-2.450690310E-02-2.698176380E-02
-2.944749427E-02-3.190550324E-02-3.435701373E-02-3.680305875E-02-3.924446064E-02
-4.168181381E-02-4.411546334E-02-4.654544098E-02-4.897145066E-02-5.139291705E-02
-5.380893504E-02-5.621823475E-02-5.861922144E-02-6.100990440E-02-6.338792584E-02
-6.575063300E-02-6.809503346E-02-7.041780608E-02-7.271536755E-02-7.498389657E-02
-7.721935567E-02-7.941755799E-02-8.157419967E-02-8.368490289E-02-8.574526810E-02
-8.775091361E-02-8.969751363E-02-9.158083353E-02-9.339676464E-02-9.514134729E-02
-9.681079239E-02-9.840149845E-02-9.991006012E-02-1.013332761E-01-1.026681571E-01
-1.039119194E-01-1.050619885E-01-1.061159949E-01-1.070717676E-01-1.079273305E-01
-1.086808961E-01-1.093308603E-01-1.098757939E-01-1.103144426E-01-1.106457152E-01
-1.108686816E-01-1.109825767E-01-1.109867749E-01-1.108807806E-01-1.106643270E-01
-1.103371906E-01-1.098993135E-01-1.093507881E-01-1.086918963E-01-1.079229427E-01
-1.070444429E-01-1.060570002E-01-1.049614208E-01-1.037585104E-01-1.024494665E-01
-1.010354598E-01-9.951764328E-02-9.789760364E-02-9.617699860E-02-9.435756683E-02
-9.244124589E-02-9.043015364E-02-8.832659527E-02-8.613279217E-02-8.385116294E-02
-8.148441952E-02-7.903516789E-02-7.650605322E-02-7.389986194E-02-7.121924857E-02
-6.846672522E-02-6.564481436E-02-6.275596369E-02-5.980240512E-02-5.678613886E-02
-5.370896514E-02-5.057253833E-02-4.737841706E-02-4.412802149E-02-4.082256931E-02
-3.746314118E-02-3.405088204E-02-3.058718095E-02-2.707367756E-02-2.351224411E-02
-1.990502193E-02-1.625468605E-02-1.256456916E-02-8.837878142E-03-5.078469578E-03
-1.297723949E-03 2.488573641E-03 6.278589461E-03 1.007442062E-02 1.387591040E-02
 1.768255614E-02 2.149401589E-02 2.530998249E-02 2.913019335E-02 3.295445433E-02
 3.678262429E-02 4.061458847E-02 4.445023776E-02 4.828947733E-02 5.213229588E-02
 5.597812620E-02 1.749798405E-02 1.470115160E-02 1.191951234E-02 9.156271366E-03
 6.412013556E-03 3.688140692E-03 9.854221138E-04-1.701993428E-03-4.381209234E-03
-7.039141904E-03-9.669408776E-03-1.227526154E-02-1.486114417E-02-1.742985407E-02
-1.998341587E-02-2.252379460E-02-2.505289412E-02-2.757249214E-02-3.008422324E-02
-3.258957111E-02-3.508984274E-02-3.758612819E-02-4.007927303E-02-4.256987374E-02
-4.505825884E-02-4.754446704E-02-5.002823308E-02-5.250892194E-02-5.498550815E-02
-5.745664412E-02-5.992060719E-02-6.237527929E-02-6.481820449E-02-6.724650531E-02
-6.965698214E-02-7.204615221E-02-7.441022779E-02-7.674517232E-02-7.904674827E-02
-8.131057368E-02-8.353215905E-02-8.570695379E-02-8.783040245E-02-8.989799089E-02
-9.190527395E-02-9.384792564E-02-9.572176005E-02-9.752276141E-02-9.924710125E-02
-1.008911527E-01-1.024514983E-01-1.039249367E-01-1.053084841E-01-1.065993696E-01
-1.077950356E-01-1.088931321E-01-1.098915081E-01-1.107882078E-01-1.115814641E-01
-1.122696919E-01-1.128514797E-01-1.133255876E-01-1.136909406E-01-1.139466226E-01
-1.140918764E-01-1.141260804E-01-1.140487627E-01-1.138596522E-01-1.135585312E-01
-1.131453481E-01-1.126201915E-01-1.119833392E-01-1.112350874E-01-1.103759444E-01
-1.094064950E-01-1.083274934E-01-1.071397895E-01-1.058445254E-01-1.044427115E-01
-1.029355844E-01-1.013246933E-01-9.961156509E-02-9.779793469E-02-9.588570901E-02
-9.387702266E-02-9.177398640E-02-8.957885962E-02-8.729426185E-02-8.492278374E-02
-8.246710058E-02-7.993008059E-02-7.731452218E-02-7.462317422E-02-7.185886872E-02
-6.902439391E-02-6.612235642E-02-6.315516799E-02-6.012507428E-02-5.703418883E-02
-5.388447120E-02-5.067761887E-02-4.741501824E-02-4.409789636E-02-4.072749740E-02
-3.730511839E-02-3.383205365E-02-3.030958007E-02-2.673913665E-02-2.312253465E-02
-1.946213990E-02-1.576099632E-02-1.202270221E-02-8.250399444E-03-4.448538889E-03
-6.302495688E-04 3.190128883E-03 7.013531949E-03 1.084175809E-02 1.467439715E-02
 1.851108310E-02 2.235163809E-02 2.619592301E-02 3.004381413E-02 3.389519451E-02
 3.774993929E-02 4.160790969E-02 4.546899340E-02 4.933317908E-02 5.319998622E-02
 1.753694406E-02 1.471308732E-02 1.190319277E-02 9.110213158E-03 6.334712073E-03
 3.578044335E-03 8.406854355E-04-1.883407950E-03-4.599100320E-03-7.292963810E-03
-9.959644229E-03-1.260289581E-02-1.522712016E-02-1.783505216E-02-2.042879411E-02
-2.301041591E-02-2.558190778E-02-2.814512147E-02-3.070175769E-02-3.325335080E-02
-3.580124161E-02-3.834656073E-02-4.089021246E-02-4.343283232E-02-4.597474399E-02
-4.851595162E-02-5.105612911E-02-5.359459612E-02-5.613031499E-02-5.866183008E-02
-6.118724474E-02-6.370431753E-02-6.621041041E-02-6.870249277E-02-7.117721489E-02
-7.363082772E-02-7.605934677E-02-7.845855510E-02-8.082400572E-02-8.315112528E-02
-8.543524842E-02-8.767165953E-02-8.985566141E-02-9.198261507E-02-9.404798182E-02
-9.604734806E-02-9.797646978E-02-9.983129075E-02-1.016079549E-01-1.033028228E-01
-1.049124774E-01-1.064337245E-01-1.078635949E-01-1.091993359E-01-1.104384116E-01
-1.115784937E-01-1.126174536E-01-1.135533566E-01-1.143844545E-01-1.151091794E-01
-1.157261362E-01-1.162340996E-01-1.166320054E-01-1.169189502E-01-1.170941854E-01
-1.171570978E-01-1.171072341E-01-1.169443178E-01-1.166681434E-01-1.162786688E-01
-1.157759849E-01-1.151603634E-01-1.144321075E-01-1.135917103E-01-1.126397703E-01
-1.115769656E-01-1.104042433E-01-1.091225995E-01-1.077329807E-01-1.062367315E-01
-1.046352339E-01-1.029299934E-01-1.011226987E-01-9.921526204E-02-9.720963684E-02
-9.510786533E-02-9.291238063E-02-9.062565560E-02-8.825027892E-02-8.578906950E-02
-8.324483664E-02-8.062043801E-02-7.791888683E-02-7.514319565E-02-7.229626123E-02
-6.938086116E-02-6.639968271E-02-6.335532513E-02-6.025018692E-02-5.708632801E-02
-5.386551661E-02-5.058938742E-02-4.725950899E-02-4.387728145E-02-4.044386441E-02
-3.696030750E-02-3.342775203E-02-2.984760077E-02-2.622155370E-02-2.255163370E-02
-1.884024796E-02-1.509045039E-02-1.130580909E-02-7.489490956E-03-3.647508732E-03
 2.047034736E-04 4.056479088E-03 7.910691029E-03 1.176876761E-02 1.563037997E-02
 1.949533394E-02 2.336350514E-02 2.723474753E-02 3.110892621E-02 3.498592728E-02
 3.886564974E-02 4.274803558E-02 4.663313410E-02 5.052056607E-02 1.757617528E-02
 1.472622040E-02 1.188904283E-02 9.067344406E-03 6.261651203E-03 3.473246047E-03
 7.023131855E-04-2.057282495E-03-4.808190948E-03-7.536837361E-03-1.023885133E-02
-1.291840339E-02-1.557983800E-02-1.822584677E-02-2.085860357E-02-2.348026221E-02
-2.609289326E-02-2.869843469E-02-3.129866924E-02-3.389519640E-02-3.648940804E-02
-3.908247068E-02-4.167529942E-02-4.426852766E-02-4.686249441E-02-4.945721231E-02
-5.205231601E-02-5.464704629E-02-5.724025245E-02-5.983037529E-02-6.241545953E-02
-6.499310863E-02-6.756046316E-02-7.011433202E-02-7.265114581E-02-7.516699493E-02
-7.765770700E-02-8.011879774E-02-8.254566006E-02-8.493354379E-02-8.727760139E-02
-8.957297387E-02-9.181483582E-02-9.399844041E-02-9.611915766E-02-9.817251258E-02
-1.001542151E-01-1.020601794E-01-1.038865388E-01-1.056296511E-01-1.072861078E-01
-1.088527315E-01-1.103265716E-01-1.117049004E-01-1.129852048E-01-1.141651794E-01
-1.152427169E-01-1.162159027E-01-1.170830056E-01-1.178424718E-01-1.184929195E-01
-1.190331344E-01-1.194620607E-01-1.197788040E-01-1.199826227E-01-1.200729140E-01
-1.200492383E-01-1.199113137E-01-1.196589508E-01-1.192921203E-01-1.188109213E-01
-1.182156187E-01-1.175065387E-01-1.166841518E-01-1.157490800E-01-1.147019828E-01
-1.135438320E-01-1.122754774E-01-1.108979543E-01-1.094125536E-01-1.078205698E-01
-1.061234843E-01-1.043229755E-01-1.024208181E-01-1.004188191E-01-9.831916806E-02
-9.612414892E-02-9.383617541E-02-9.145790814E-02-8.899204669E-02-8.644142599E-02
-8.380909141E-02-8.109813313E-02-7.831160882E-02-7.545256118E-02-7.252404395E-02
-6.952906171E-02-6.647039676E-02-6.335052483E-02-6.017173741E-02-5.693623443E-02
-5.364599682E-02-5.030264886E-02-4.690751206E-02-4.346178049E-02-3.996666892E-02
-3.642341688E-02-3.283328854E-02-2.919761070E-02-2.551796500E-02-2.179635793E-02
-1.803543094E-02-1.423861507E-02-1.040968169E-02-6.551959325E-03-2.673610910E-03
 1.208496955E-03 5.089135104E-03 8.972149173E-03 1.285824210E-02 1.674705019E-02
 2.063843013E-02 2.453228617E-02 2.842855064E-02 3.232719015E-02 3.622817816E-02
 4.013150518E-02 4.403723710E-02 4.794504670E-02 1.761562977E-02 1.474049165E-02
 1.187698290E-02 9.027566648E-03 6.192733625E-03 3.373687757E-03 5.703370742E-04
-2.223458689E-03-5.008223867E-03-7.770400284E-03-1.050654510E-02-1.322116710E-02
-1.591854518E-02-1.860134904E-02-2.127183176E-02-2.393223005E-02-2.658468700E-02
-2.923120597E-02-3.187363128E-02-3.451362719E-02-3.715265254E-02-3.979192556E-02
-4.243238947E-02-4.507468642E-02-4.771913770E-02-5.036570880E-02-5.301398924E-02
-5.566318316E-02-5.831206313E-02-6.095894462E-02-6.360170614E-02-6.623779223E-02
-6.886424416E-02-7.147768168E-02-7.407428500E-02-7.664996519E-02-7.920032498E-02
-8.172073292E-02-8.420638225E-02-8.665230433E-02-8.905353197E-02-9.140506492E-02
-9.370196122E-02-9.593938221E-02-9.811262329E-02-1.002171621E-01-1.022486760E-01
-1.042030626E-01-1.060764554E-01-1.078652214E-01-1.095659672E-01-1.111755374E-01
-1.126910069E-01-1.141096729E-01-1.154290465E-01-1.166468444E-01-1.177609795E-01
-1.187695539E-01-1.196708493E-01-1.204633228E-01-1.211456010E-01-1.217164747E-01
-1.221748948E-01-1.225199710E-01-1.227509637E-01-1.228672830E-01-1.228684976E-01
-1.227543207E-01-1.225245814E-01-1.221792649E-01-1.217184847E-01-1.211424991E-01
-1.204516697E-01-1.196464553E-01-1.187274708E-01-1.176954570E-01-1.165512941E-01
-1.152957845E-01-1.139300741E-01-1.124553178E-01-1.108728104E-01-1.091840152E-01
-1.073905286E-01-1.054939394E-01-1.034961746E-01-1.013992953E-01-9.920549064E-02
-9.691719019E-02-9.453689470E-02-9.206730616E-02-8.951136419E-02-8.687209223E-02
-8.415256566E-02-8.135595743E-02-7.848554994E-02-7.554459845E-02-7.253615768E-02
-6.946313151E-02-6.632838751E-02-6.313465250E-02-5.988431175E-02-5.657937248E-02
-5.322160189E-02-4.981264240E-02-4.635396908E-02-4.284684015E-02-3.929231494E-02
-3.569142995E-02-3.204536390E-02-2.835558488E-02-2.462391808E-02-2.085263140E-02
-1.704457401E-02-1.320334222E-02-9.332580189E-03-5.436097692E-03-1.525256711E-03
 2.383342299E-03 6.290659064E-03 1.020014643E-02 1.411187705E-02 1.802564594E-02
 2.194144162E-02 2.585926248E-02 2.977910789E-02 3.370096830E-02 3.762483806E-02
 4.155077022E-02 4.547848400E-02 1.765516639E-02 1.475586628E-02 1.186705470E-02
 8.990965159E-03 6.128064541E-03 3.279486002E-03 4.448983222E-04-2.381740953E-03
-5.198944212E-03-7.993311642E-03-1.076227694E-02-1.351062230E-02-1.624255655E-02
-1.896074552E-02-2.166752546E-02-2.436521595E-02-2.705603217E-02-2.974204408E-02
-3.242515668E-02-3.510708707E-02-3.778933482E-02-4.047315088E-02-4.315951178E-02
-4.584908702E-02-4.854219763E-02-5.123878061E-02-5.393837036E-02-5.664007899E-02
-5.934256880E-02-6.204406041E-02-6.474231928E-02-6.743462722E-02-7.011781618E-02
-7.278830539E-02-7.544215364E-02-7.807507328E-02-8.068241645E-02-8.325937824E-02
-8.580096061E-02-8.830208047E-02-9.075758685E-02-9.316235183E-02-9.551135723E-02
-9.779967001E-02-1.000225383E-01-1.021754013E-01-1.042539180E-01-1.062539825E-01
-1.081717377E-01-1.100035666E-01-1.117460979E-01-1.133962038E-01-1.149509853E-01
-1.164077657E-01-1.177640798E-01-1.190176652E-01-1.201664502E-01-1.212085497E-01
-1.221422546E-01-1.229660272E-01-1.236784968E-01-1.242784549E-01-1.247648529E-01
-1.251367994E-01-1.253935571E-01-1.255345415E-01-1.255593264E-01-1.254676233E-01
-1.252592795E-01-1.249342951E-01-1.244928044E-01-1.239350612E-01-1.232614607E-01
-1.224724847E-01-1.215687261E-01-1.205510130E-01-1.194201040E-01-1.181769058E-01
-1.168225148E-01-1.153580646E-01-1.137848432E-01-1.121042842E-01-1.103177974E-01
-1.084270611E-01-1.064339137E-01-1.043403080E-01-1.021484117E-01-9.986047915E-02
-9.747900556E-02-9.500671809E-02-9.244645652E-02-8.980119145E-02-8.707408862E-02
-8.426847634E-02-8.138766367E-02-7.843488339E-02-7.541342357E-02-7.232659859E-02
-6.917751244E-02-6.596894019E-02-6.270342830E-02-5.938337810E-02-5.601095261E-02
-5.258796370E-02-4.911586369E-02-4.559588206E-02-4.202916375E-02-3.841684591E-02
-3.476010300E-02-3.106020719E-02-2.731863902E-02-2.353725202E-02-1.971843713E-02
-1.586535258E-02-1.198191656E-02-8.071735004E-03-4.140230850E-03-2.025422514E-04
 3.729565571E-03 7.661464325E-03 1.159530513E-02 1.553083312E-02 1.946798451E-02
 2.340677447E-02 2.734720739E-02 3.128928381E-02 3.523301207E-02 3.917844867E-02
 4.312536952E-02 1.769425692E-02 1.477196994E-02 1.185903987E-02 8.957471587E-03
 6.067707745E-03 3.190809851E-03 3.262456396E-04-2.531820390E-03-5.380006273E-03
-8.205175431E-03-1.100557771E-02-1.378621011E-02-1.655121314E-02-1.930326794E-02
-2.204479756E-02-2.477820170E-02-2.750576629E-02-3.022962786E-02-3.295175339E-02
-3.567391283E-02-3.839764749E-02-4.112423821E-02-4.385467694E-02-4.658963028E-02
-4.932940457E-02-5.207391919E-02-5.482267480E-02-5.757471429E-02-6.032860149E-02
-6.308242360E-02-6.583378146E-02-6.857980143E-02-7.131717203E-02-7.404213458E-02
-7.675051940E-02-7.943782142E-02-8.209927559E-02-8.472989880E-02-8.732447470E-02
-8.987777827E-02-9.238453421E-02-9.483954088E-02-9.723763884E-02-9.957385933E-02
-1.018434122E-01-1.040417074E-01-1.061644036E-01-1.082073985E-01-1.101668469E-01
-1.120391601E-01-1.138209938E-01-1.155092493E-01-1.171010552E-01-1.185937597E-01
-1.199849195E-01-1.212722887E-01-1.224538094E-01-1.235276025E-01-1.244919628E-01
-1.253453516E-01-1.260863951E-01-1.267138801E-01-1.272267519E-01-1.276241145E-01
-1.279052285E-01-1.280695092E-01-1.281165306E-01-1.280460070E-01-1.278578020E-01
-1.275519301E-01-1.271285510E-01-1.265879233E-01-1.259304590E-01-1.251566862E-01
-1.242672273E-01-1.232629019E-01-1.221444383E-01-1.209128532E-01-1.195691689E-01
-1.181145444E-01-1.165502706E-01-1.148776293E-01-1.130980858E-01-1.112132809E-01
-1.092249498E-01-1.071350041E-01-1.049454464E-01-1.026585302E-01-1.002767081E-01
-9.780256577E-02-9.523888005E-02-9.258868324E-02-8.985516699E-02-8.704153606E-02
-8.415111681E-02-8.118743683E-02-7.815400847E-02-7.505414706E-02-7.189104682E-02
-6.866785183E-02-6.538752527E-02-6.205267737E-02-5.866553252E-02-5.522801984E-02
-5.174185855E-02-4.820854939E-02-4.462937480E-02-4.100542608E-02-3.733771928E-02
-3.362733893E-02-2.987558763E-02-2.608412515E-02-2.225506818E-02-1.839113963E-02
-1.449586385E-02-1.057323513E-02-6.626826691E-03-2.665173393E-03 1.294057097E-03
 5.248392319E-03 9.203324906E-03 1.315973309E-02 1.711736283E-02 2.107622255E-02
 2.503634439E-02 2.899774936E-02 3.296046461E-02 3.692455739E-02 4.088986167E-02
 1.773222723E-02 1.478821731E-02 1.185246351E-02 8.926742616E-03 6.011465575E-03
 3.107612375E-03 2.144794181E-04-2.673461809E-03-5.551062932E-03-8.405532025E-03
-1.123588139E-02-1.404727815E-02-1.684379200E-02-1.962812134E-02-2.240276658E-02
-2.517020185E-02-2.793278494E-02-3.069272150E-02-3.345203986E-02-3.621256123E-02
-3.897586841E-02-4.174327324E-02-4.451578364E-02-4.729406488E-02-5.007840341E-02
-5.286867713E-02-5.566432253E-02-5.846430582E-02-6.126710962E-02-6.407071657E-02
-6.687259164E-02-6.966969685E-02-7.245852413E-02-7.523511695E-02-7.799514274E-02
-8.073393413E-02-8.344651288E-02-8.612768801E-02-8.877215895E-02-9.137457217E-02
-9.392949047E-02-9.643161701E-02-9.887574453E-02-1.012568700E-01-1.035701276E-01
-1.058109534E-01-1.079749952E-01-1.100581712E-01-1.120566590E-01-1.139668986E-01
-1.157855767E-01-1.175096222E-01-1.191361936E-01-1.206626619E-01-1.220866023E-01
-1.234057822E-01-1.246181516E-01-1.257218323E-01-1.267151164E-01-1.275964590E-01
-1.283644760E-01-1.290179431E-01-1.295557950E-01-1.299771252E-01-1.302811863E-01
-1.304673920E-01-1.305353097E-01-1.304846589E-01-1.303153172E-01-1.300273127E-01
-1.296208306E-01-1.290961506E-01-1.284536954E-01-1.276940264E-01-1.268178522E-01
-1.258259069E-01-1.247190377E-01-1.234982283E-01-1.221645410E-01-1.207191515E-01
-1.191632599E-01-1.174981656E-01-1.157253506E-01-1.138463705E-01-1.118629140E-01
-1.097767588E-01-1.075899145E-01-1.053045464E-01-1.029229633E-01-1.004477009E-01
-9.788155528E-02-9.522743296E-02-9.248836467E-02-8.966768358E-02-8.676889674E-02
-8.379546438E-02-8.075086359E-02-7.763867869E-02-7.446245542E-02-7.122549451E-02
-6.793081444E-02-6.458121081E-02-6.117926598E-02-5.772726618E-02-5.422713742E-02
-5.068045224E-02-4.708851493E-02-4.345246143E-02-3.977336436E-02-3.605230596E-02
-3.229047962E-02-2.848929752E-02-2.465052921E-02-2.077646850E-02-1.687012756E-02
-1.293539066E-02-8.976194393E-03-4.997038382E-03-1.011146972E-03 2.966253164E-03
 6.941254220E-03 1.091730598E-02 1.489428997E-02 1.887213376E-02 2.285089758E-02
 2.683063283E-02 3.081139180E-02 3.479326060E-02 3.877612709E-02 1.776862332E-02
 1.480416701E-02 1.184691946E-02 8.898433717E-03 5.959081355E-03 3.029751566E-03
 1.095914494E-04-2.806550748E-03-5.711904499E-03-8.594064814E-03-1.145274217E-02
-1.429323831E-02-1.711956311E-02-1.993444588E-02-2.274046374E-02-2.554015914E-02
-2.833594956E-02-3.113009590E-02-3.392467798E-02-3.672156603E-02-3.952238696E-02
-4.232848503E-02-4.514088343E-02-4.796024606E-02-5.078684087E-02-5.362050656E-02
-5.646061870E-02-5.930606003E-02-6.215520450E-02-6.500590531E-02-6.785549260E-02
-7.070079199E-02-7.353814083E-02-7.636341101E-02-7.917207210E-02-8.195924964E-02
-8.471980081E-02-8.744841337E-02-9.013962758E-02-9.278791478E-02-9.538780175E-02
-9.793392889E-02-1.004209898E-01-1.028439383E-01-1.051979260E-01-1.074783789E-01
-1.096809339E-01-1.118015582E-01-1.138364475E-01-1.157820770E-01-1.176351634E-01
-1.193926651E-01-1.210517664E-01-1.226098609E-01-1.240645394E-01-1.254135769E-01
-1.266549252E-01-1.277867034E-01-1.288071937E-01-1.297148383E-01-1.305082376E-01
-1.311861498E-01-1.317474923E-01-1.321913439E-01-1.325169437E-01-1.327236967E-01
-1.328111668E-01-1.327790751E-01-1.326273098E-01-1.323559131E-01-1.319650902E-01
-1.314551532E-01-1.308265538E-01-1.300798760E-01-1.292158884E-01-1.282352995E-01
-1.271390576E-01-1.259281464E-01-1.246036633E-01-1.231667595E-01-1.216186185E-01
-1.199606060E-01-1.181941434E-01-1.163207440E-01-1.143420072E-01-1.122597217E-01
-1.100757935E-01-1.077922697E-01-1.054114351E-01-1.029357715E-01-1.003678483E-01
-9.771052702E-02-9.496697467E-02-9.214042157E-02-8.923421405E-02-8.625195325E-02
-8.319735871E-02-8.007405690E-02-7.688557366E-02-7.363538801E-02-7.032686945E-02
-6.696314153E-02-6.354697791E-02-6.008079541E-02-5.656668626E-02-5.300645498E-02
-4.940162786E-02-4.575348145E-02-4.206309577E-02-3.833145503E-02-3.455958689E-02
-3.074869595E-02-2.690031907E-02-2.301646677E-02-1.909977492E-02-1.515373181E-02
-1.118252159E-02-7.189915839E-03-3.183514552E-03 8.189775367E-04 4.813776611E-03
 8.808006595E-03 1.280311227E-02 1.679882724E-02 2.079520006E-02 2.479231411E-02
 2.879023703E-02 3.278905755E-02 3.678869595E-02 1.780337554E-02 1.481974144E-02
 1.184232934E-02 8.872479475E-03 5.910522609E-03 2.957254954E-03 1.169400394E-05
-2.930907551E-03-5.862304772E-03-8.770489543E-03-1.165579812E-02-1.452363629E-02
-1.737796530E-02-2.022155558E-02-2.305706015E-02-2.588708800E-02-2.871411732E-02
-3.154046584E-02-3.436826405E-02-3.719942409E-02-4.003560241E-02-4.287816126E-02
-4.572813144E-02-4.858617592E-02-5.145254884E-02-5.432705305E-02-5.720900492E-02
-6.009720683E-02-6.298993018E-02-6.588490555E-02-6.877932174E-02-7.166984279E-02
-7.455263555E-02-7.742341139E-02-8.027748652E-02-8.310983546E-02-8.591515450E-02
-8.868795215E-02-9.142262440E-02-9.411357078E-02-9.675523874E-02-9.934213938E-02
-1.018689769E-01-1.043307062E-01-1.067224317E-01-1.090395833E-01-1.112778507E-01
-1.134332014E-01-1.155018693E-01-1.174803649E-01-1.193654379E-01-1.211540761E-01
-1.228434876E-01-1.244310856E-01-1.259144696E-01-1.272914191E-01-1.285598826E-01
-1.297179706E-01-1.307639509E-01-1.316962461E-01-1.325134349E-01-1.332142524E-01
-1.337975934E-01-1.342625152E-01-1.346082399E-01-1.348341592E-01-1.349398326E-01
-1.349249808E-01-1.347894986E-01-1.345334437E-01-1.341570358E-01-1.336606188E-01
-1.330446893E-01-1.323098845E-01-1.314569412E-01-1.304866853E-01-1.294000620E-01
-1.281981180E-01-1.268819670E-01-1.254527234E-01-1.239116755E-01-1.222601554E-01
-1.204995521E-01-1.186313392E-01-1.166571251E-01-1.145786079E-01-1.123976143E-01
-1.101161939E-01-1.077364704E-01-1.052607509E-01-1.026916989E-01-1.000320950E-01
-9.728485919E-02-9.445325816E-02-9.154078137E-02-8.855094437E-02-8.548734905E-02
-8.235375218E-02-7.915395157E-02-7.589162456E-02-7.257024364E-02-6.919306556E-02
-6.576311231E-02-6.228311506E-02-5.875544918E-02-5.518210141E-02-5.156469480E-02
-4.790455769E-02-4.420280090E-02-4.046042237E-02-3.667841087E-02-3.285786801E-02
-2.900015252E-02-2.510702560E-02-2.118079892E-02-1.722452856E-02-1.324218661E-02
-9.237927999E-03-5.216249057E-03-1.190047320E-03 2.824940315E-03 6.836385536E-03
 1.084841194E-02 1.486094672E-02 1.887393571E-02 2.288746178E-02 2.690159302E-02
 3.091640802E-02 3.493185304E-02 1.783650354E-02 1.483499949E-02 1.183878914E-02
 8.849013794E-03 5.865965435E-03 2.890353691E-03-7.890753760E-05-3.046170613E-03
-6.001855156E-03-8.934352324E-03-1.184455335E-02-1.473793667E-02-1.761841832E-02
-2.048881066E-02-2.335183728E-02-2.621017123E-02-2.906635140E-02-3.192275317E-02
-3.478155786E-02-3.764471913E-02-4.051392486E-02-4.339055823E-02-4.627565742E-02
-4.916987582E-02-5.207343843E-02-5.498610053E-02-5.790711587E-02-6.083521299E-02
-6.376857176E-02-6.670480827E-02-6.964097707E-02-7.257359238E-02-7.549866180E-02
-7.841173269E-02-8.130794987E-02-8.418212742E-02-8.702882445E-02-8.984243636E-02
-9.261726585E-02-9.534759440E-02-9.802775908E-02-1.006522407E-01-1.032157450E-01
-1.057131492E-01-1.081395950E-01-1.104905612E-01-1.127617218E-01-1.149490821E-01
-1.170489267E-01-1.190577732E-01-1.209724236E-01-1.227898849E-01-1.245073927E-01
-1.261223687E-01-1.276324213E-01-1.290353309E-01-1.303290376E-01-1.315116375E-01
-1.325813783E-01-1.335366586E-01-1.343760296E-01-1.350981983E-01-1.357020318E-01
-1.361865615E-01-1.365509882E-01-1.367946862E-01-1.369172065E-01-1.369182699E-01
-1.367977745E-01-1.365557931E-01-1.361925622E-01-1.357084563E-01-1.351040083E-01
-1.343799241E-01-1.335369214E-01-1.325759174E-01-1.314979109E-01-1.303039817E-01
-1.289952110E-01-1.275728390E-01-1.260381456E-01-1.243924412E-01-1.226371228E-01
-1.207736720E-01-1.188036289E-01-1.167286746E-01-1.145506083E-01-1.122712646E-01
-1.098928072E-01-1.074175318E-01-1.048478253E-01-1.021864484E-01-9.943640587E-02
-9.660077438E-02-9.368286141E-02-9.068627349E-02-8.761476697E-02-8.447211952E-02
-8.126211890E-02-7.798855684E-02-7.465515628E-02-7.126544410E-02-6.782265000E-02
-6.432966012E-02-6.078900352E-02-5.720284765E-02-5.357300876E-02-4.990097645E-02
-4.618797263E-02-4.243504046E-02-3.864314622E-02-3.481330260E-02-3.094670839E-02
-2.704489394E-02-2.310987605E-02-1.914432945E-02-1.515182431E-02-1.113666026E-02
-7.102749443E-03-3.058173788E-03 9.789344841E-04 5.007299739E-03 9.034862640E-03
 1.306300774E-02 1.709143802E-02 2.112019703E-02 2.514936254E-02 2.917900577E-02
 3.320909843E-02 1.786781716E-02 1.484982206E-02 1.183625351E-02 8.828066941E-03
 5.825517250E-03 2.829225746E-03-1.619785154E-04-3.152007370E-03-6.130131476E-03
-9.085135183E-03-1.201839601E-02-1.493544342E-02-1.784015504E-02-2.073538582E-02
-2.362392272E-02-2.650849442E-02-2.939169129E-02-3.227593679E-02-3.516345624E-02
-3.805624230E-02-4.095601513E-02-4.386418091E-02-4.678178785E-02-4.970948215E-02
-5.264746445E-02-5.559544921E-02-5.855262981E-02-6.151765263E-02-6.448859483E-02
-6.746295286E-02-7.043765286E-02-7.340907699E-02-7.637309246E-02-7.932509669E-02
-8.226008039E-02-8.517270977E-02-8.805740803E-02-9.090844313E-02-9.372001448E-02
-9.648633116E-02-9.920169725E-02-1.018605629E-01-1.044575641E-01-1.069875711E-01
-1.094457782E-01-1.118276406E-01-1.141288710E-01-1.163455463E-01-1.184739451E-01
-1.205106390E-01-1.224524607E-01-1.242964236E-01-1.260397998E-01-1.276800155E-01
-1.292146841E-01-1.306415813E-01-1.319586350E-01-1.331639231E-01-1.342556679E-01
-1.352322398E-01-1.360921587E-01-1.368340987E-01-1.374568950E-01-1.379595497E-01
-1.383412382E-01-1.386013146E-01-1.387393161E-01-1.387549646E-01-1.386481587E-01
-1.384189843E-01-1.380676958E-01-1.375947036E-01-1.370005782E-01-1.362860393E-01
-1.354518993E-01-1.344991071E-01-1.334287124E-01-1.322417828E-01-1.309395261E-01
-1.295231964E-01-1.279940617E-01-1.263534815E-01-1.246028579E-01-1.227436360E-01
-1.207774038E-01-1.187057021E-01-1.165302971E-01-1.142530962E-01-1.118760092E-01
-1.094013034E-01-1.068314308E-01-1.041688969E-01-1.014165284E-01-9.857748917E-02
-9.565510602E-02-9.265284889E-02-8.957440425E-02-8.642365528E-02-8.320455116E-02
-7.992099239E-02-7.657677211E-02-7.317552737E-02-6.972067521E-02-6.621533713E-02
-6.266228009E-02-5.906389233E-02-5.542218001E-02-5.173878545E-02-4.801503594E-02
-4.425201533E-02-4.045066671E-02-3.661191909E-02-3.273683033E-02-2.882673937E-02
-2.488342549E-02-2.090927006E-02-1.690746648E-02-1.288215566E-02-8.837576748E-03
-4.778851181E-03-7.203676424E-04 3.324567880E-03 7.366360691E-03 1.140868501E-02
 1.545118706E-02 1.949383281E-02 2.353670716E-02 2.757988140E-02 3.162335315E-02
 1.789693543E-02 1.486388041E-02 1.183445110E-02 8.809430145E-03 5.789036923E-03
 2.773803543E-03-2.375066932E-04-3.248313458E-03-6.246921781E-03-9.222502856E-03
-1.217686185E-02-1.511556697E-02-1.804246628E-02-2.096045628E-02-2.387238049E-02
-2.678101763E-02-2.968900429E-02-3.259880623E-02-3.551268698E-02-3.843267134E-02
-4.136050287E-02-4.429760094E-02-4.724501587E-02-5.020338420E-02-5.317288529E-02
-5.615319878E-02-5.914346582E-02-6.214225957E-02-6.514756546E-02-6.815677396E-02
-7.116669005E-02-7.417355923E-02-7.717310518E-02-8.016058021E-02-8.313083897E-02
-8.607842518E-02-8.899764871E-02-9.188267015E-02-9.472759492E-02-9.752656052E-02
-1.002738133E-01-1.029637705E-01-1.055910703E-01-1.081506206E-01-1.106376020E-01
-1.130474641E-01-1.153759835E-01-1.176192563E-01-1.197735886E-01-1.218356172E-01
-1.238021695E-01-1.256703049E-01-1.274373044E-01-1.291005932E-01-1.306577912E-01
-1.321066685E-01-1.334451354E-01-1.346712464E-01-1.357831974E-01-1.367793267E-01
-1.376581192E-01-1.384182129E-01-1.390584080E-01-1.395776743E-01-1.399751593E-01
-1.402501946E-01-1.404023017E-01-1.404311982E-01-1.403367844E-01-1.401191554E-01
-1.397785827E-01-1.393155148E-01-1.387305783E-01-1.380244853E-01-1.371981343E-01
-1.362525265E-01-1.351887171E-01-1.340078838E-01-1.327112677E-01-1.313001218E-01
-1.297757917E-01-1.281396343E-01-1.263930851E-01-1.245375814E-01-1.225746243E-01
-1.205058801E-01-1.183329257E-01-1.160576591E-01-1.136820529E-01-1.112080952E-01
-1.086381416E-01-1.059747932E-01-1.032207557E-01-1.003789890E-01-9.745279658E-02
-9.444571900E-02-9.136143660E-02-8.820376526E-02-8.497664208E-02-8.168405958E-02
-7.832996314E-02-7.491816429E-02-7.145226866E-02-6.793559867E-02-6.437112707E-02
-6.076142747E-02-5.710865968E-02-5.341458870E-02-4.968063214E-02-4.590793154E-02
-4.209744911E-02-3.825008722E-02-3.436682286E-02-3.044885782E-02-2.649778054E-02
-2.251572902E-02-1.850557580E-02-1.447116089E-02-1.041692938E-02-6.347011335E-03
-2.271606913E-03 1.790856010E-03 5.846095723E-03 9.900980229E-03 1.395610651E-02
 1.801127454E-02 2.206654622E-02 2.612199802E-02 3.017764512E-02 1.792359500E-02
 1.487691566E-02 1.183313527E-02 8.792879238E-03 5.756333735E-03 2.723942924E-03
-3.055791236E-04-3.335134352E-03-6.352217144E-03-9.346371583E-03-1.231977742E-02
-1.527803148E-02-1.822495942E-02-2.116349927E-02-2.409654796E-02-2.702693198E-02
-2.995733284E-02-3.289025775E-02-3.582800576E-02-3.877262927E-02-4.172589106E-02
-4.468922019E-02-4.766366514E-02-5.064984822E-02-5.364792177E-02-5.665752382E-02
-5.967773819E-02-6.270706593E-02-6.574340750E-02-6.878405888E-02-7.182572071E-02
-7.486452087E-02-7.789605810E-02-8.091545957E-02-8.391745543E-02-8.689646581E-02
-8.984669005E-02-9.276219379E-02-9.563700929E-02-9.846522550E-02-1.012410523E-01
-1.039588800E-01-1.066133358E-01-1.091993235E-01-1.117120420E-01-1.141469987E-01
-1.165000133E-01-1.187671721E-01-1.209448274E-01-1.230296475E-01-1.250184826E-01
-1.269084277E-01-1.286967567E-01-1.303809141E-01-1.319585162E-01-1.334273175E-01
-1.347852094E-01-1.360302255E-01-1.371605314E-01-1.381744305E-01-1.390703705E-01
-1.398469520E-01-1.405029384E-01-1.410372650E-01-1.414490493E-01-1.417375997E-01
-1.419024210E-01-1.419432197E-01-1.418599000E-01-1.416525660E-01-1.413215124E-01
-1.408672125E-01-1.402903182E-01-1.395916115E-01-1.387720253E-01-1.378325920E-01
-1.367744499E-01-1.355988268E-01-1.343069768E-01-1.329002364E-01-1.313799579E-01
-1.297475702E-01-1.280044363E-01-1.261521101E-01-1.241919982E-01-1.221257784E-01
-1.199550811E-01-1.176815605E-01-1.153072119E-01-1.128340794E-01-1.102643019E-01
-1.076003602E-01-1.048450096E-01-1.020011669E-01-9.907197613E-02-9.606086704E-02
-9.297151635E-02-8.980777707E-02-8.657363655E-02-8.327315889E-02-7.991039682E-02
-7.648928945E-02-7.301357360E-02-6.948671060E-02-6.591182742E-02-6.229166685E-02
-5.862856147E-02-5.492443389E-02-5.118082738E-02-4.739897029E-02-4.357986722E-02
-3.972441356E-02-3.583352810E-02-3.190830260E-02-2.795016355E-02-2.396103761E-02
-1.994352603E-02-1.590113861E-02-1.183827033E-02-7.759100777E-03-3.670768714E-03
 4.093070533E-04 4.477094745E-03 8.543072842E-03 1.260948790E-02 1.667590826E-02
 2.074234182E-02 2.480886581E-02 2.887550384E-02 1.794778754E-02 1.488895336E-02
 1.183235945E-02 8.778490202E-03 5.727503126E-03 2.679760594E-03-3.660560592E-04
-3.412329284E-03-6.445874752E-03-9.456583668E-03-1.244695948E-02-1.542261974E-02
-1.838737381E-02-2.134419963E-02-2.429604266E-02-2.724577321E-02-3.019611401E-02
-3.314960982E-02-3.610859219E-02-3.907513988E-02-4.205103533E-02-4.503771902E-02
-4.803624113E-02-5.104721379E-02-5.407076424E-02-5.710649036E-02-6.015342120E-02
-6.320998818E-02-6.627400723E-02-6.934267718E-02-7.241259381E-02-7.547977422E-02
-7.853970435E-02-8.158740160E-02-8.461749349E-02-8.762430238E-02-9.060193832E-02
-9.354439221E-02-9.644563134E-02-9.929969146E-02-1.021007491E-01-1.048431768E-01
-1.075216040E-01-1.101309528E-01-1.126664451E-01-1.151236056E-01-1.174982658E-01
-1.197865567E-01-1.219848956E-01-1.240899554E-01-1.260986055E-01-1.280079479E-01
-1.298152815E-01-1.315180535E-01-1.331138742E-01-1.346004824E-01-1.359757513E-01
-1.372376921E-01-1.383844368E-01-1.394142540E-01-1.403255545E-01-1.411169011E-01
-1.417870194E-01-1.423348098E-01-1.427593591E-01-1.430599509E-01-1.432360726E-01
-1.432874195E-01-1.432138971E-01-1.430156192E-01-1.426928979E-01-1.422462408E-01
-1.416763090E-01-1.409839508E-01-1.401701400E-01-1.392359582E-01-1.381826035E-01
-1.370113290E-01-1.357234597E-01-1.343203854E-01-1.328034580E-01-1.311741739E-01
-1.294338958E-01-1.275841994E-01-1.256265260E-01-1.235624095E-01-1.213935764E-01
-1.191216428E-01-1.167484301E-01-1.142760194E-01-1.117065577E-01-1.090423592E-01
-1.062860318E-01-1.034404522E-01-1.005087440E-01-9.749429849E-02-9.440076249E-02
-9.123198092E-02-8.799194229E-02-8.468472525E-02-8.131443069E-02-7.788509346E-02
-7.440058590E-02-7.086452746E-02-6.728021223E-02-6.365055260E-02-5.997804480E-02
-5.626475903E-02-5.251236072E-02-4.872216485E-02-4.489521971E-02-4.103241626E-02
-3.713462146E-02-3.320283024E-02-2.923832857E-02-2.524286193E-02-2.121880733E-02
-1.716938759E-02-1.309883314E-02-9.011589319E-03-4.912868234E-03-8.169980744E-04
 3.262576219E-03 7.338391477E-03 1.141467762E-02 1.549097851E-02 1.956722651E-02
 2.364349671E-02 2.771982093E-02 1.796924440E-02 1.489982353E-02 1.183205671E-02
 8.766301763E-03 5.702689045E-03 2.641504510E-03-4.185921912E-04-3.479488972E-03
-6.527440515E-03-9.552648948E-03-1.255789129E-02-1.554879898E-02-1.852916819E-02
-2.150201096E-02-2.447031282E-02-2.743697989E-02-3.040476894E-02-3.337625622E-02
-3.635380105E-02-3.933950549E-02-4.233516967E-02-4.534224434E-02-4.836178143E-02
-5.139438458E-02-5.444016006E-02-5.749867213E-02-6.056890425E-02-6.364923001E-02
-6.673739566E-02-6.983051769E-02-7.292509823E-02-7.601705511E-02-7.910177104E-02
-8.217415762E-02-8.522873825E-02-8.825974147E-02-9.126119856E-02-9.422703839E-02
-9.715118278E-02-1.000276367E-01-1.028505577E-01-1.056143154E-01-1.083135398E-01
-1.109431573E-01-1.134984083E-01-1.159748414E-01-1.183683239E-01-1.206750258E-01
-1.228913830E-01-1.250140697E-01-1.270399986E-01-1.289663002E-01-1.307902709E-01
-1.325093420E-01-1.341211322E-01-1.356233637E-01-1.370138981E-01-1.382907118E-01
-1.394519066E-01-1.404957213E-01-1.414205292E-01-1.422248550E-01-1.429073884E-01
-1.434669955E-01-1.439027330E-01-1.442138596E-01-1.443998448E-01-1.444603742E-01
-1.443953522E-01-1.442049014E-01-1.438893450E-01-1.434492188E-01-1.428852195E-01
-1.421982328E-01-1.413892678E-01-1.404594656E-01-1.394100669E-01-1.382423677E-01
-1.369577526E-01-1.355576474E-01-1.340434406E-01-1.324166706E-01-1.306787213E-01
-1.288311403E-01-1.268754270E-01-1.248130596E-01-1.226457415E-01-1.203751551E-01
-1.180030259E-01-1.155312917E-01-1.129620732E-01-1.102976808E-01-1.075406631E-01
-1.046938159E-01-1.017601874E-01-9.874309550E-02-9.564612587E-02-9.247309720E-02
-8.922800815E-02-8.591497604E-02-8.253816500E-02-7.910169962E-02-7.560956598E-02
-7.206551717E-02-6.847298959E-02-6.483503670E-02-6.115428527E-02-5.743292382E-02
-5.367271843E-02-4.987506023E-02-4.604104351E-02-4.217157343E-02-3.826749673E-02
-3.432974792E-02-3.035951155E-02-2.635839323E-02-2.232859251E-02-1.827310139E-02
-1.419593833E-02-1.010168854E-02-5.994782820E-03-1.886701757E-03 2.204666451E-03
 6.289350261E-03 1.037400681E-02 1.445879907E-02 1.854353233E-02 2.262825850E-02
 2.671301324E-02 1.798752757E-02 1.490914103E-02 1.183190369E-02 8.756063683E-03
 5.681726859E-03 2.609111060E-03-4.631392732E-04-3.536471028E-03-6.596683689E-03
-9.634244324E-03-1.265215456E-02-1.565605581E-02-1.864973609E-02-2.163623862E-02
-2.461858421E-02-2.759971010E-02-3.058240175E-02-3.356926152E-02-3.656267123E-02
-3.956475059E-02-4.257731164E-02-4.560181017E-02-4.863929516E-02-5.169035838E-02
-5.475508546E-02-5.783301050E-02-6.092307668E-02-6.402360763E-02-6.713229051E-02
-7.024617382E-02-7.336168319E-02-7.647465440E-02-7.958038609E-02-8.267370690E-02
-8.574906013E-02-8.880059814E-02-9.182228373E-02-9.480798943E-02-9.775159026E-02
-1.006470518E-01-1.034885065E-01-1.062703206E-01-1.089871353E-01-1.116338974E-01
-1.142058763E-01-1.166986538E-01-1.191081183E-01-1.214304524E-01-1.236621138E-01
-1.257998046E-01-1.278404650E-01-1.297812300E-01-1.316193885E-01-1.333523883E-01
-1.349778393E-01-1.364934514E-01-1.378970565E-01-1.391866128E-01-1.403602004E-01
-1.414160197E-01-1.423524118E-01-1.431678661E-01-1.438610375E-01-1.444307612E-01
-1.448760655E-01-1.451961857E-01-1.453905741E-01-1.454589065E-01-1.454010861E-01
-1.452172401E-01-1.449077087E-01-1.444730403E-01-1.439139767E-01-1.432314251E-01
-1.424264376E-01-1.415001972E-01-1.404539967E-01-1.392891755E-01-1.380071452E-01
-1.366093987E-01-1.350973524E-01-1.334725439E-01-1.317364001E-01-1.298904891E-01
-1.279363345E-01-1.258754158E-01-1.237093312E-01-1.214397703E-01-1.190685045E-01
-1.165974154E-01-1.140285361E-01-1.113641046E-01-1.086065961E-01-1.057587372E-01
-1.028235250E-01-9.980424026E-02-9.670443921E-02-9.352792498E-02-9.027869952E-02
-8.696089978E-02-8.357872367E-02-8.013634745E-02-7.663783046E-02-7.308702011E-02
-6.948746602E-02-6.584234927E-02-6.215442629E-02-5.842600636E-02-5.465896026E-02
-5.085476155E-02-4.701455929E-02-4.313928031E-02-3.922975630E-02-3.528687139E-02
-3.131172531E-02-2.730580588E-02-2.327116366E-02-1.921060149E-02-1.512792453E-02
-1.102773096E-02-6.914312190E-03-2.796996024E-03 1.305556797E-03 5.398083500E-03
 9.489775041E-03 1.358178682E-02 1.767376845E-02 2.176573269E-02 2.585771497E-02
 1.800230457E-02 1.491660722E-02 1.183164193E-02 8.747565429E-03 5.664462451E-03
 2.582493432E-03-4.997103998E-04-3.583234372E-03-6.653518261E-03-9.701238235E-03
-1.272957020E-02-1.574416061E-02-1.874879162E-02-2.174653252E-02-2.474043316E-02
-2.773345667E-02-3.072841261E-02-3.372792525E-02-3.673439546E-02-3.974995807E-02
-4.277643565E-02-4.581528891E-02-4.886756534E-02-5.193384785E-02-5.501420465E-02
-5.810814307E-02-6.121457045E-02-6.433176520E-02-6.745736043E-02-7.058834327E-02
-7.372107192E-02-7.685131109E-02-7.997428792E-02-8.308476246E-02-8.617711449E-02
-8.924543899E-02-9.228364874E-02-9.528557511E-02-9.824506341E-02-1.011560605E-01
-1.040126893E-01-1.068093112E-01-1.095405703E-01-1.122014220E-01-1.147871435E-01
-1.172933295E-01-1.197158897E-01-1.220510352E-01-1.242952558E-01-1.264452892E-01
-1.284980819E-01-1.304507616E-01-1.323006247E-01-1.340451230E-01-1.356818548E-01
-1.372085213E-01-1.386229372E-01-1.399230478E-01-1.411068929E-01-1.421726487E-01
-1.431186320E-01-1.439432989E-01-1.446452731E-01-1.452233610E-01-1.456765666E-01
-1.460041043E-01-1.462054107E-01-1.462801527E-01-1.462282310E-01-1.460497740E-01
-1.457451414E-01-1.453148969E-01-1.447598050E-01-1.440808037E-01-1.432789851E-01
-1.423555585E-01-1.413118490E-01-1.401492735E-01-1.388692590E-01-1.374732868E-01
-1.359628940E-01-1.343395900E-01-1.326048415E-01-1.307601919E-01-1.288071993E-01
-1.267474000E-01-1.245823446E-01-1.223136620E-01-1.199430836E-01-1.174724603E-01
-1.149038045E-01-1.122393247E-01-1.094814500E-01-1.066328528E-01-1.036964750E-01
-1.006755426E-01-9.757356258E-02-9.439430658E-02-9.114176769E-02-8.782009781E-02
-8.443353107E-02-8.098629811E-02-7.748253054E-02-7.392616104E-02-7.032083290E-02
-6.666982517E-02-6.297599471E-02-5.924174683E-02-5.546903717E-02-5.165940724E-02
-4.781405255E-02-4.393392101E-02-4.001983832E-02-3.607265412E-02-3.209340458E-02
-2.808348600E-02-2.404483159E-02-1.998009655E-02-1.589290404E-02-1.178780314E-02
-7.669157934E-03-3.544730936E-03 5.675815457E-04 4.666716625E-03 8.764171320E-03
 1.286212984E-02 1.696009091E-02 2.105802645E-02 2.515597144E-02 1.801343076E-02
 1.492207049E-02 1.183112007E-02 8.740665279E-03 5.650773929E-03 2.561561561E-03
-5.283538972E-04-3.619789353E-03-6.697914795E-03-9.753559230E-03-1.279002520E-02
-1.581296003E-02-1.882614120E-02-2.183265826E-02-2.483558347E-02-2.783790007E-02
-3.084243644E-02-3.385183382E-02-3.686850780E-02-3.989460490E-02-4.293195572E-02
-4.598202465E-02-4.904585779E-02-5.212403074E-02-5.521659777E-02-5.832304527E-02
-6.144225248E-02-6.457246257E-02-6.771126675E-02-7.085560458E-02-7.400178229E-02
-7.714551049E-02-8.028196116E-02-8.340583938E-02-8.651147200E-02-8.959290612E-02
-9.264401220E-02-9.565858629E-02-9.863044773E-02-1.015535276E-01-1.044219422E-01
-1.072300530E-01-1.099725114E-01-1.126442851E-01-1.152406694E-01-1.177572849E-01
-1.201900657E-01-1.225352398E-01-1.247893051E-01-1.269490020E-01-1.290112803E-01
-1.309732722E-01-1.328322852E-01-1.345857827E-01-1.362313585E-01-1.377667044E-01
-1.391896158E-01-1.404980057E-01-1.416899077E-01-1.427634729E-01-1.437169918E-01
-1.445488925E-01-1.452577787E-01-1.458424300E-01-1.463018302E-01-1.466351762E-01
-1.468418917E-01-1.469216359E-01-1.468743064E-01-1.467000370E-01-1.463991937E-01
-1.459723565E-01-1.454203092E-01-1.447440184E-01-1.439445991E-01-1.430232945E-01
-1.419814646E-01-1.408205488E-01-1.395420097E-01-1.381473539E-01-1.366381608E-01
-1.350159616E-01-1.332822536E-01-1.314385557E-01-1.294864110E-01-1.274273809E-01
-1.252630424E-01-1.229950102E-01-1.206249755E-01-1.181547493E-01-1.155863070E-01
-1.129218184E-01-1.101636727E-01-1.073145074E-01-1.043772317E-01-1.013550392E-01
-9.825140823E-02-9.507008571E-02-9.181504897E-02-8.849045005E-02-8.510054094E-02
-8.164958687E-02-7.814176960E-02-7.458108570E-02-7.097125254E-02-6.731562773E-02
-6.361714845E-02-5.987829710E-02-5.610109852E-02-5.228715092E-02-4.843769009E-02
-4.455368502E-02-4.063596121E-02-3.668534586E-02-3.270282979E-02-2.868974176E-02
-2.464792664E-02-2.057992862E-02-1.648922843E-02-1.238030688E-02-8.257634903E-03
-4.127867452E-03-7.704301283E-06 4.096641397E-03 8.198566258E-03 1.230115022E-02
 1.640376486E-02 2.050634737E-02 2.460893285E-02 1.802126114E-02 1.492584899E-02
 1.183061851E-02 8.735605241E-03 5.640865216E-03 2.546482476E-03-5.489361099E-04
-3.646024980E-03-6.729767145E-03-9.791094802E-03-1.283339569E-02-1.586231582E-02
-1.888162919E-02-2.189443973E-02-2.490383563E-02-2.791281446E-02-3.092421808E-02
-3.394069995E-02-3.696468619E-02-3.999833165E-02-4.304347267E-02-4.610157614E-02
-4.917368694E-02-5.226037524E-02-5.536168525E-02-5.847708832E-02-6.160544360E-02
-6.474496910E-02-6.789322620E-02-7.104712062E-02-7.420292143E-02-7.735630025E-02
-8.050238917E-02-8.363585398E-02-8.675098404E-02-8.984179263E-02-9.290212090E-02
-9.592574106E-02-9.890645476E-02-1.018381817E-01-1.047150337E-01-1.075313735E-01
-1.102818572E-01-1.129614604E-01-1.155654885E-01-1.180895743E-01-1.205296647E-01
-1.228819997E-01-1.251430884E-01-1.273096798E-01-1.293787352E-01-1.313474037E-01
-1.332129997E-01-1.349729804E-01-1.366249237E-01-1.381665137E-01-1.395955361E-01
-1.409098823E-01-1.421075769E-01-1.431867652E-01-1.441457084E-01-1.449828189E-01
-1.456966771E-01-1.462860481E-01-1.467499010E-01-1.470874175E-01-1.472980117E-01
-1.473813378E-01-1.473372919E-01-1.471660106E-01-1.468678631E-01-1.464434432E-01
-1.458935518E-01-1.452191648E-01-1.444214249E-01-1.435015941E-01-1.424610677E-01
-1.413012971E-01-1.400237687E-01-1.386300285E-01-1.371216523E-01-1.355001870E-01
-1.337671577E-01-1.319240963E-01-1.299725450E-01-1.279140545E-01-1.257501949E-01
-1.234825792E-01-1.211128953E-01-1.186429425E-01-1.160746690E-01-1.134102087E-01
-1.106519137E-01-1.078023880E-01-1.048645108E-01-1.018414506E-01-9.873666519E-02
-9.555388560E-02-9.229708043E-02-8.897040243E-02-8.557811524E-02-8.212450678E-02
-7.861379262E-02-7.505001386E-02-7.143694068E-02-6.777798808E-02-6.407615254E-02
-6.033397353E-02-5.655352736E-02-5.273645495E-02-4.888402326E-02-4.499721832E-02
-4.107686697E-02-3.712378149E-02-3.313892132E-02-2.912356777E-02-2.507950321E-02
-2.100919351E-02-1.691601772E-02-1.280439393E-02-8.678876497E-03-4.545402717E-03
-4.195979415E-04 3.688548228E-03 7.793670164E-03 1.189954884E-02 1.600548499E-02
 2.011138750E-02 2.421729042E-02 1.802622221E-02 1.492837114E-02 1.183056479E-02
 8.732808677E-03 5.635151841E-03 2.537659618E-03-5.610676311E-04-3.661556516E-03
-6.748681172E-03-9.813433990E-03-1.285925204E-02-1.589178022E-02-1.891479059E-02
-2.193139578E-02-2.494469352E-02-2.795769000E-02-3.097323516E-02-3.399398978E-02
-3.702238626E-02-4.006058445E-02-4.311042401E-02-4.617337325E-02-4.925047615E-02
-5.234229940E-02-5.544888091E-02-5.856968266E-02-6.170355130E-02-6.484868930E-02
-6.800263967E-02-7.116228740E-02-7.432387876E-02-7.748306147E-02-8.063494322E-02
-8.377416617E-02-8.689499754E-02-8.999143077E-02-9.305729009E-02-9.608633422E-02
-9.907235509E-02-1.020092662E-01-1.048911769E-01-1.077124510E-01-1.104677478E-01
-1.131520482E-01-1.157606637E-01-1.182892341E-01-1.207337140E-01-1.230903523E-01
-1.253556670E-01-1.275264149E-01-1.295995645E-01-1.315722684E-01-1.334418388E-01
-1.352057249E-01-1.368614977E-01-1.384068392E-01-1.398395366E-01-1.411574818E-01
-1.423586799E-01-1.434412561E-01-1.444034683E-01-1.452437229E-01-1.459605827E-01
-1.465527993E-01-1.470193345E-01-1.473593619E-01-1.475722901E-01-1.476577698E-01
-1.476156946E-01-1.474462039E-01-1.471496717E-01-1.467266955E-01-1.461780856E-01
-1.455048296E-01-1.447080870E-01-1.437891354E-01-1.427493674E-01-1.415902573E-01
-1.403133243E-01-1.389201215E-01-1.374122144E-01-1.357911637E-01-1.340585208E-01
-1.322158288E-01-1.302646265E-01-1.282064563E-01-1.260428815E-01-1.237755115E-01
-1.214060305E-01-1.189362299E-01-1.163680445E-01-1.137035907E-01-1.109452024E-01
-1.080954644E-01-1.051572368E-01-1.021336715E-01-9.902821174E-02-9.584457790E-02
-9.258673277E-02-8.925882886E-02-8.586513620E-02-8.240995583E-02-7.889752307E-02
-7.533190497E-02-7.171690256E-02-6.805596467E-02-6.435212298E-02-6.060795124E-02
-5.682555691E-02-5.300660687E-02-4.915238727E-02-4.526389505E-02-4.134195872E-02
-3.738738243E-02-3.340110759E-02-2.938438770E-02-2.533896817E-02-2.126726851E-02
-1.717260759E-02-1.305936009E-02-8.932126066E-03-4.796485488E-03-6.673941825E-04
 3.443194523E-03 7.550285682E-03 1.165814442E-02 1.576608425E-02 1.987399164E-02
 2.398189806E-02 1.802801797E-02 1.492934604E-02 1.183067289E-02 8.731993992E-03
 5.633356017E-03 2.534817912E-03-5.650212198E-04-3.666648427E-03-6.754902444E-03
-9.820797607E-03-1.286778817E-02-1.590151895E-02-1.892576155E-02-2.194363157E-02
-2.495822992E-02-2.797256569E-02-3.098949151E-02-3.401167061E-02-3.704153750E-02
-4.008125367E-02-4.313265991E-02-4.619722498E-02-4.927599260E-02-5.236952827E-02
-5.547786782E-02-5.860047008E-02-6.173617755E-02-6.488318749E-02-6.803903684E-02
-7.120060364E-02-7.436412664E-02-7.752524564E-02-8.067906026E-02-8.382020485E-02
-8.694293927E-02-9.004125038E-02-9.310895681E-02-9.613981278E-02-9.912760704E-02
-1.020662510E-01-1.049498533E-01-1.077727778E-01-1.105296850E-01-1.132155574E-01
-1.158257089E-01-1.183557819E-01-1.208017335E-01-1.231598155E-01-1.254265480E-01
-1.275986900E-01-1.296732115E-01-1.316472655E-01-1.335181631E-01-1.352833529E-01
-1.369404052E-01-1.384870016E-01-1.399209291E-01-1.412400799E-01-1.424424532E-01
-1.435261675E-01-1.444894762E-01-1.453307802E-01-1.460486424E-01-1.466418121E-01
-1.471092440E-01-1.474501104E-01-1.476638188E-01-1.477500183E-01-1.477085996E-01
-1.475397045E-01-1.472437102E-01-1.468212157E-01-1.462730313E-01-1.456001528E-01
-1.448037394E-01-1.438850791E-01-1.428455654E-01-1.416866754E-01-1.404099379E-01
-1.390169085E-01-1.375091537E-01-1.358882405E-01-1.341557276E-01-1.323131601E-01
-1.303620759E-01-1.283040158E-01-1.261405422E-01-1.238732623E-01-1.215038570E-01
-1.190341137E-01-1.164659624E-01-1.138015144E-01-1.110430983E-01-1.081932928E-01
-1.052549523E-01-1.022312224E-01-9.912554189E-02-9.594162703E-02-9.268343855E-02
-8.935512863E-02-8.596096933E-02-8.250526597E-02-7.899226046E-02-7.542602846E-02
-7.181038128E-02-6.814877902E-02-6.444426512E-02-6.069942481E-02-5.691637607E-02
-5.309679457E-02-4.924197298E-02-4.535291203E-02-4.143044094E-02-3.747536137E-02
-3.348860887E-02-2.947142780E-02-2.542555135E-02-2.135338376E-02-1.725822399E-02
-1.314443134E-02-9.016619720E-03-4.880266161E-03-7.501050381E-04 3.361337144E-03
 7.469097879E-03 1.157761781E-02 1.568622819E-02 1.979480680E-02 2.390338383E-02
 1.802637790E-02 1.492850166E-02 1.183066956E-02 8.732887030E-03 5.635203041E-03
 2.537682485E-03-5.610720587E-04-3.661577229E-03-6.748707867E-03-9.813462516E-03
-1.285928115E-02-1.589180947E-02-1.891481980E-02-2.193142490E-02-2.494472253E-02
-2.795771890E-02-3.097326397E-02-3.399401850E-02-3.702241491E-02-4.006061303E-02
-4.311045254E-02-4.617340172E-02-4.925050457E-02-5.234232776E-02-5.544890919E-02
-5.856971085E-02-6.170357936E-02-6.484871717E-02-6.800266730E-02-7.116231471E-02
-7.432390568E-02-7.748308791E-02-8.063496907E-02-8.377419135E-02-8.689502193E-02
-8.999145428E-02-9.305731262E-02-9.608635566E-02-9.907237534E-02-1.020092851E-01
-1.048911944E-01-1.077124669E-01-1.104677620E-01-1.131520606E-01-1.157606743E-01
-1.182892430E-01-1.207337212E-01-1.230903580E-01-1.253556712E-01-1.275264181E-01
-1.295995669E-01-1.315722705E-01-1.334418404E-01-1.352057260E-01-1.368614983E-01
-1.384068389E-01-1.398395350E-01-1.411574795E-01-1.423586782E-01-1.434412559E-01
-1.444034690E-01-1.452437235E-01-1.459605826E-01-1.465527991E-01-1.470193344E-01
-1.473593618E-01-1.475722901E-01-1.476577699E-01-1.476156947E-01-1.474462040E-01
-1.471496717E-01-1.467266956E-01-1.461780857E-01-1.455048297E-01-1.447080871E-01
-1.437891356E-01-1.427493675E-01-1.415902575E-01-1.403133245E-01-1.389201217E-01
-1.374122146E-01-1.357911639E-01-1.340585210E-01-1.322158290E-01-1.302646268E-01
-1.282064566E-01-1.260428818E-01-1.237755118E-01-1.214060309E-01-1.189362303E-01
-1.163680449E-01-1.137035911E-01-1.109452028E-01-1.080954648E-01-1.051572373E-01
-1.021336720E-01-9.902821227E-02-9.584457845E-02-9.258673335E-02-8.925882945E-02
-8.586513681E-02-8.240995646E-02-7.889752371E-02-7.533190563E-02-7.171690323E-02
-6.805596536E-02-6.435212368E-02-6.060795194E-02-5.682555761E-02-5.300660758E-02
-4.915238799E-02-4.526389577E-02-4.134195944E-02-3.738738314E-02-3.340110830E-02
-2.938438841E-02-2.533896886E-02-2.126726918E-02-1.717260823E-02-1.305936069E-02
-8.932126595E-03-4.796485902E-03-6.673944017E-04 3.443194565E-03 7.550285987E-03
 1.165814498E-02 1.576608504E-02 1.987399267E-02 2.398189932E-02 1.802151118E-02
 1.492605701E-02 1.183078412E-02 8.735728043E-03 5.640944778E-03 2.546517757E-03
-5.489426709E-04-3.646055786E-03-6.729806236E-03-9.791135958E-03-1.283343714E-02
-1.586235692E-02-1.888166969E-02-2.189447952E-02-2.490387465E-02-2.791285268E-02
-3.092425547E-02-3.394073647E-02-3.696472178E-02-3.999836628E-02-4.304350628E-02
-4.610160867E-02-4.917371833E-02-5.226040540E-02-5.536171411E-02-5.847711581E-02
-6.160546960E-02-6.474499350E-02-6.789324889E-02-7.104714148E-02-7.420294036E-02
-7.735631714E-02-8.050240392E-02-8.363586654E-02-8.675099442E-02-8.984180091E-02
-9.290212721E-02-9.592574563E-02-9.890645788E-02-1.018381836E-01-1.047150346E-01
-1.075313735E-01-1.102818563E-01-1.129614586E-01-1.155654859E-01-1.180895711E-01
-1.205296609E-01-1.228819957E-01-1.251430847E-01-1.273096772E-01-1.293787343E-01
-1.313474039E-01-1.332130007E-01-1.349729823E-01-1.366249267E-01-1.381665171E-01
-1.395955373E-01-1.409098804E-01-1.421075751E-01-1.431867652E-01-1.441457088E-01
-1.449828185E-01-1.456966770E-01-1.462860484E-01-1.467499011E-01-1.470874175E-01
-1.472980117E-01-1.473813378E-01-1.473372919E-01-1.471660108E-01-1.468678632E-01
-1.464434434E-01-1.458935520E-01-1.452191650E-01-1.444214251E-01-1.435015944E-01
-1.424610679E-01-1.413012974E-01-1.400237690E-01-1.386300288E-01-1.371216526E-01
-1.355001873E-01-1.337671580E-01-1.319240967E-01-1.299725454E-01-1.279140549E-01
-1.257501954E-01-1.234825797E-01-1.211128958E-01-1.186429430E-01-1.160746696E-01
-1.134102092E-01-1.106519143E-01-1.078023886E-01-1.048645114E-01-1.018414512E-01
-9.873666589E-02-9.555388633E-02-9.229708119E-02-8.897040322E-02-8.557811607E-02
-8.212450763E-02-7.861379350E-02-7.505001477E-02-7.143694161E-02-6.777798904E-02
-6.407615352E-02-6.033397453E-02-5.655352839E-02-5.273645601E-02-4.888402433E-02
-4.499721940E-02-4.107686808E-02-3.712378261E-02-3.313892244E-02-2.912356889E-02
-2.507950432E-02-2.100919461E-02-1.691601878E-02-1.280439494E-02-8.678877407E-03
-4.545403461E-03-4.195984000E-04 3.688548149E-03 7.793670474E-03 1.189954953E-02
 1.600548606E-02 2.011138894E-02 2.421729223E-02 1.801367153E-02 1.492226758E-02
 1.183127423E-02 8.740777483E-03 5.650845232E-03 2.561592622E-03-5.283592292E-04
-3.619814245E-03-6.697945047E-03-9.753589745E-03-1.279005471E-02-1.581298812E-02
-1.882616770E-02-2.183268308E-02-2.483560656E-02-2.783792137E-02-3.084245590E-02
-3.385185140E-02-3.686852345E-02-3.989461857E-02-4.293196737E-02-4.598203426E-02
-4.904586533E-02-5.212403621E-02-5.521660119E-02-5.832304666E-02-6.144225187E-02
-6.457246002E-02-6.771126230E-02-7.085559833E-02-7.400177437E-02-7.714550109E-02
-8.028195053E-02-8.340582780E-02-8.651145968E-02-8.959289327E-02-9.264399911E-02
-9.565857340E-02-9.863043562E-02-1.015535170E-01-1.044219340E-01-1.072300481E-01
-1.099725101E-01-1.126442866E-01-1.152406725E-01-1.177572886E-01-1.201900695E-01
-1.225352436E-01-1.247893095E-01-1.269490069E-01-1.290112835E-01-1.309732723E-01
-1.328322830E-01-1.345857799E-01-1.362313566E-01-1.377667053E-01-1.391896186E-01
-1.404980051E-01-1.416899055E-01-1.427634738E-01-1.437169918E-01-1.445488929E-01
-1.452577782E-01-1.458424299E-01-1.463018302E-01-1.466351762E-01-1.468418918E-01
-1.469216361E-01-1.468743067E-01-1.467000373E-01-1.463991940E-01-1.459723568E-01
-1.454203095E-01-1.447440187E-01-1.439445994E-01-1.430232949E-01-1.419814649E-01
-1.408205492E-01-1.395420101E-01-1.381473543E-01-1.366381612E-01-1.350159620E-01
-1.332822541E-01-1.314385561E-01-1.294864114E-01-1.274273814E-01-1.252630430E-01
-1.229950107E-01-1.206249761E-01-1.181547499E-01-1.155863076E-01-1.129218191E-01
-1.101636734E-01-1.073145081E-01-1.043772325E-01-1.013550400E-01-9.825140906E-02
-9.507008656E-02-9.181504984E-02-8.849045095E-02-8.510054185E-02-8.164958780E-02
-7.814177054E-02-7.458108666E-02-7.097125353E-02-6.731562874E-02-6.361714948E-02
-5.987829815E-02-5.610109960E-02-5.228715202E-02-4.843769121E-02-4.455368616E-02
-4.063596237E-02-3.668534703E-02-3.270283098E-02-2.868974295E-02-2.464792783E-02
-2.057992980E-02-1.648922959E-02-1.238030799E-02-8.257635933E-03-4.127868342E-03
-7.704949024E-06 4.096641063E-03 8.198566255E-03 1.230115055E-02 1.640376554E-02
 2.050634842E-02 2.460893426E-02 1.800244294E-02 1.491671504E-02 1.183172153E-02
 8.747619728E-03 5.664494478E-03 2.582506261E-03-4.997121540E-04-3.583241324E-03
-6.653524370E-03-9.701242143E-03-1.272957194E-02-1.574416033E-02-1.874878941E-02
-2.174652845E-02-2.474042727E-02-2.773344900E-02-3.072840320E-02-3.372791415E-02
-3.673438274E-02-3.974994381E-02-4.277641995E-02-4.581527189E-02-4.886754719E-02
-5.193382879E-02-5.501418493E-02-5.810812296E-02-6.121455022E-02-6.433174517E-02
-6.745734098E-02-7.058832488E-02-7.372105513E-02-7.685129666E-02-7.997427673E-02
-8.308475523E-02-8.617711128E-02-8.924543958E-02-9.228365274E-02-9.528558181E-02
-9.824507184E-02-1.011560699E-01-1.040126990E-01-1.068093211E-01-1.095405806E-01
-1.122014320E-01-1.147871507E-01-1.172933323E-01-1.197158880E-01-1.220510313E-01
-1.242952529E-01-1.264452871E-01-1.284980801E-01-1.304507619E-01-1.323006275E-01
-1.340451247E-01-1.356818526E-01-1.372085181E-01-1.386229387E-01-1.399230481E-01
-1.411068912E-01-1.421726501E-01-1.431186331E-01-1.439432987E-01-1.446452727E-01
-1.452233608E-01-1.456765665E-01-1.460041043E-01-1.462054109E-01-1.462801535E-01
-1.462282318E-01-1.460497747E-01-1.457451417E-01-1.453148972E-01-1.447598055E-01
-1.440808042E-01-1.432789855E-01-1.423555589E-01-1.413118495E-01-1.401492740E-01
-1.388692596E-01-1.374732874E-01-1.359628946E-01-1.343395906E-01-1.326048421E-01
-1.307601926E-01-1.288072000E-01-1.267474006E-01-1.245823452E-01-1.223136626E-01
-1.199430842E-01-1.174724610E-01-1.149038053E-01-1.122393255E-01-1.094814508E-01
-1.066328536E-01-1.036964759E-01-1.006755434E-01-9.757356349E-02-9.439430753E-02
-9.114176867E-02-8.782009882E-02-8.443353210E-02-8.098629916E-02-7.748253162E-02
-7.392616214E-02-7.032083403E-02-6.666982631E-02-6.297599588E-02-5.924174801E-02
-5.546903836E-02-5.165940844E-02-4.781405375E-02-4.393392222E-02-4.001983953E-02
-3.607265533E-02-3.209340578E-02-2.808348720E-02-2.404483278E-02-1.998009773E-02
-1.589290519E-02-1.178780425E-02-7.669158991E-03-3.544731908E-03 5.675807039E-04
 4.666715944E-03 8.764170818E-03 1.286212954E-02 1.696009082E-02 2.105802659E-02
 2.515597183E-02 1.798751021E-02 1.490911720E-02 1.183187691E-02 8.756038050E-03
 5.681706428E-03 2.609100136E-03-4.631372428E-04-3.536457957E-03-6.596664493E-03
-9.634222169E-03-1.265213084E-02-1.565603114E-02-1.864971078E-02-2.163621289E-02
-2.461855824E-02-2.759968407E-02-3.058237589E-02-3.356923604E-02-3.656264638E-02
-3.956472666E-02-4.257728898E-02-4.560178920E-02-4.863927636E-02-5.169034236E-02
-5.475507282E-02-5.783300162E-02-6.092307174E-02-6.402360669E-02-6.713229353E-02
-7.024618065E-02-7.336169355E-02-7.647466778E-02-7.958040183E-02-8.267372425E-02
-8.574907825E-02-8.880061636E-02-9.182230148E-02-9.480800542E-02-9.775160264E-02
-1.006470591E-01-1.034885078E-01-1.062703165E-01-1.089871283E-01-1.116338911E-01
-1.142058718E-01-1.166986503E-01-1.191081158E-01-1.214304530E-01-1.236621171E-01
-1.257998071E-01-1.278404651E-01-1.297812270E-01-1.316193855E-01-1.333523907E-01
-1.349778402E-01-1.364934488E-01-1.378970538E-01-1.391866140E-01-1.403602018E-01
-1.414160199E-01-1.423524112E-01-1.431678655E-01-1.438610373E-01-1.444307611E-01
-1.448760654E-01-1.451961857E-01-1.453905744E-01-1.454589077E-01-1.454010869E-01
-1.452172398E-01-1.449077091E-01-1.444730409E-01-1.439139771E-01-1.432314255E-01
-1.424264381E-01-1.415001978E-01-1.404539973E-01-1.392891760E-01-1.380071458E-01
-1.366093993E-01-1.350973532E-01-1.334725447E-01-1.317364009E-01-1.298904900E-01
-1.279363354E-01-1.258754166E-01-1.237093321E-01-1.214397712E-01-1.190685054E-01
-1.165974162E-01-1.140285369E-01-1.113641054E-01-1.086065969E-01-1.057587380E-01
-1.028235259E-01-9.980424118E-02-9.670444017E-02-9.352792598E-02-9.027870056E-02
-8.696090086E-02-8.357872478E-02-8.013634859E-02-7.663783163E-02-7.308702130E-02
-6.948746725E-02-6.584235053E-02-6.215442757E-02-5.842600766E-02-5.465896157E-02
-5.085476288E-02-4.701456063E-02-4.313928166E-02-3.922975765E-02-3.528687274E-02
-3.131172665E-02-2.730580721E-02-2.327116498E-02-1.921060278E-02-1.512792578E-02
-1.102773217E-02-6.914313350E-03-2.796997132E-03 1.305555735E-03 5.398082479E-03
 9.489774068E-03 1.358178590E-02 1.767376761E-02 2.176573194E-02 2.585771432E-02
 1.796909608E-02 1.489969384E-02 1.183194850E-02 8.766218085E-03 5.702632589E-03
 2.641478045E-03-4.185885235E-04-3.479466296E-03-6.527411178E-03-9.552618603E-03
-1.255786182E-02-1.554877114E-02-1.852914241E-02-2.150198759E-02-2.447029221E-02
-2.743696243E-02-3.040475495E-02-3.337624594E-02-3.635379465E-02-3.933950312E-02
-4.233517139E-02-4.534225015E-02-4.836179125E-02-5.139439826E-02-5.444017730E-02
-5.749869242E-02-6.056892692E-02-6.364925430E-02-6.673742072E-02-6.983054265E-02
-7.292512215E-02-7.601707646E-02-7.910178817E-02-8.217416931E-02-8.522874377E-02
-8.825974058E-02-9.126119194E-02-9.422702794E-02-9.715117154E-02-1.000276271E-01
-1.028505502E-01-1.056143099E-01-1.083135372E-01-1.109431594E-01-1.134984140E-01
-1.159748457E-01-1.183683253E-01-1.206750252E-01-1.228913790E-01-1.250140663E-01
-1.270400016E-01-1.289663024E-01-1.307902685E-01-1.325093385E-01-1.341211296E-01
-1.356233647E-01-1.370138979E-01-1.382907096E-01-1.394519064E-01-1.404957210E-01
-1.414205286E-01-1.422248547E-01-1.429073882E-01-1.434669953E-01-1.439027330E-01
-1.442138597E-01-1.443998453E-01-1.444603756E-01-1.443953528E-01-1.442049015E-01
-1.438893467E-01-1.434492198E-01-1.428852202E-01-1.421982333E-01-1.413892681E-01
-1.404594662E-01-1.394100677E-01-1.382423684E-01-1.369577534E-01-1.355576481E-01
-1.340434413E-01-1.324166715E-01-1.306787222E-01-1.288311413E-01-1.268754280E-01
-1.248130606E-01-1.226457426E-01-1.203751562E-01-1.180030270E-01-1.155312929E-01
-1.129620743E-01-1.102976820E-01-1.075406642E-01-1.046938170E-01-1.017601884E-01
-9.874309656E-02-9.564612691E-02-9.247309824E-02-8.922800921E-02-8.591497713E-02
-8.253816612E-02-7.910170077E-02-7.560956717E-02-7.206551840E-02-6.847299086E-02
-6.483503800E-02-6.115428660E-02-5.743292518E-02-5.367271982E-02-4.987506163E-02
-4.604104494E-02-4.217157488E-02-3.826749819E-02-3.432974940E-02-3.035951303E-02
-2.635839470E-02-2.232859397E-02-1.827310283E-02-1.419593975E-02-1.010168992E-02
-5.994784157E-03-1.886703054E-03 2.204665167E-03 6.289348977E-03 1.037400552E-02
 1.445879779E-02 1.854353104E-02 2.262825722E-02 2.671301197E-02 1.794759444E-02
 1.488879484E-02 1.183223572E-02 8.778400881E-03 5.727447064E-03 2.679736111E-03
-3.660535861E-04-3.412313815E-03-6.445858242E-03-9.456570417E-03-1.244695040E-02
-1.542261502E-02-1.838737348E-02-2.134420364E-02-2.429605095E-02-2.724578564E-02
-3.019613039E-02-3.314962984E-02-3.610861544E-02-3.907516582E-02-4.205106333E-02
-4.503774836E-02-4.803627099E-02-5.104724327E-02-5.407079227E-02-5.710651556E-02
-6.015344223E-02-6.321000391E-02-6.627401689E-02-6.934268043E-02-7.241259064E-02
-7.547976510E-02-7.853969060E-02-8.158738567E-02-8.461747801E-02-8.762428905E-02
-9.060192814E-02-9.354438574E-02-9.644562969E-02-9.929969594E-02-1.021007581E-01
-1.048431850E-01-1.075216080E-01-1.101309530E-01-1.126664427E-01-1.151235997E-01
-1.174982614E-01-1.197865604E-01-1.219848999E-01-1.240899538E-01-1.260986016E-01
-1.280079429E-01-1.298152793E-01-1.315180549E-01-1.331138730E-01-1.346004796E-01
-1.359757507E-01-1.372376911E-01-1.383844361E-01-1.394142534E-01-1.403255541E-01
-1.411169008E-01-1.417870192E-01-1.423348097E-01-1.427593591E-01-1.430599510E-01
-1.432360727E-01-1.432874207E-01-1.432138974E-01-1.430156197E-01-1.426928988E-01
-1.422462420E-01-1.416763098E-01-1.409839520E-01-1.401701406E-01-1.392359585E-01
-1.381826044E-01-1.370113300E-01-1.357234607E-01-1.343203863E-01-1.328034589E-01
-1.311741747E-01-1.294338966E-01-1.275842004E-01-1.256265271E-01-1.235624107E-01
-1.213935776E-01-1.191216441E-01-1.167484314E-01-1.142760207E-01-1.117065591E-01
-1.090423606E-01-1.062860332E-01-1.034404536E-01-1.005087454E-01-9.749429987E-02
-9.440076385E-02-9.123198226E-02-8.799194361E-02-8.468472653E-02-8.131443193E-02
-7.788509469E-02-7.440058713E-02-7.086452870E-02-6.728021348E-02-6.365055388E-02
-5.997804611E-02-5.626476037E-02-5.251236210E-02-4.872216627E-02-4.489522116E-02
-4.103241773E-02-3.713462296E-02-3.320283176E-02-2.923833010E-02-2.524286347E-02
-2.121880889E-02-1.716938915E-02-1.309883468E-02-9.011590848E-03-4.912869739E-03
-8.169995694E-04 3.262574701E-03 7.338389932E-03 1.141467605E-02 1.549097693E-02
 1.956722491E-02 2.364349509E-02 2.771981929E-02 1.792347501E-02 1.487682916E-02
 1.183307821E-02 8.792846237E-03 5.756318748E-03 2.723939173E-03-3.055793916E-04
-3.335138803E-03-6.352228340E-03-9.346388696E-03-1.231979922E-02-1.527805703E-02
-1.822498798E-02-2.116353017E-02-2.409658051E-02-2.702696544E-02-2.995736638E-02
-3.289029049E-02-3.582803669E-02-3.877265729E-02-4.172591509E-02-4.468923927E-02
-4.766367849E-02-5.064985534E-02-5.364792245E-02-5.665751811E-02-5.967772656E-02
-6.270704942E-02-6.574338797E-02-6.878403865E-02-7.182570179E-02-7.486450501E-02
-7.789604668E-02-8.091545351E-02-8.391745554E-02-8.689647267E-02-8.984670206E-02
-9.276220631E-02-9.563701802E-02-9.846522870E-02-1.012410506E-01-1.039588744E-01
-1.066133272E-01-1.091993180E-01-1.117120457E-01-1.141470056E-01-1.165000147E-01
-1.187671684E-01-1.209448223E-01-1.230296403E-01-1.250184813E-01-1.269084296E-01
-1.286967549E-01-1.303809130E-01-1.319585151E-01-1.334273161E-01-1.347852086E-01
-1.360302251E-01-1.371605308E-01-1.381744299E-01-1.390703699E-01-1.398469516E-01
-1.405029382E-01-1.410372649E-01-1.414490492E-01-1.417375998E-01-1.419024216E-01
-1.419432210E-01-1.418598998E-01-1.416525658E-01-1.413215119E-01-1.408672155E-01
-1.402903199E-01-1.395916129E-01-1.387720274E-01-1.378325927E-01-1.367744501E-01
-1.355988278E-01-1.343069779E-01-1.329002376E-01-1.313799591E-01-1.297475713E-01
-1.280044373E-01-1.261521110E-01-1.241919992E-01-1.221257796E-01-1.199550824E-01
-1.176815618E-01-1.153072133E-01-1.128340809E-01-1.102643034E-01-1.076003618E-01
-1.048450112E-01-1.020011686E-01-9.907197779E-02-9.606086871E-02-9.297151803E-02
-8.980777874E-02-8.657363821E-02-8.327316053E-02-7.991039842E-02-7.648929102E-02
-7.301357513E-02-6.948671210E-02-6.591182888E-02-6.229166826E-02-5.862856286E-02
-5.492443528E-02-5.118082877E-02-4.739897169E-02-4.357986864E-02-3.972441499E-02
-3.583352956E-02-3.190830409E-02-2.795016506E-02-2.396103915E-02-1.994352758E-02
-1.590114018E-02-1.183827191E-02-7.759102377E-03-3.670770350E-03 4.093053283E-04
 4.477092900E-03 8.543070902E-03 1.260948589E-02 1.667590621E-02 2.074233973E-02
 2.480886370E-02 2.887550171E-02 1.789697042E-02 1.486392774E-02 1.183450404E-02
 8.809480741E-03 5.789077358E-03 2.773825784E-03-2.375087298E-04-3.248335582E-03
-6.246954011E-03-9.222538871E-03-1.217689866E-02-1.511560289E-02-1.804250010E-02
-2.096048699E-02-2.387240723E-02-2.678103962E-02-2.968902084E-02-3.259881682E-02
-3.551269127E-02-3.843266924E-02-4.136049456E-02-4.429758693E-02-4.724499705E-02
-5.020336199E-02-5.317286161E-02-5.615317565E-02-5.914344510E-02-6.214224291E-02
-6.514755421E-02-6.815676899E-02-7.116669193E-02-7.417356816E-02-7.717311959E-02
-8.016059626E-02-8.313085270E-02-8.607843360E-02-8.899765027E-02-9.188266513E-02
-9.472758524E-02-9.752654907E-02-1.002738065E-01-1.029637740E-01-1.055910795E-01
-1.081506267E-01-1.106376003E-01-1.130474582E-01-1.153759758E-01-1.176192471E-01
-1.197735891E-01-1.218356199E-01-1.238021686E-01-1.256703088E-01-1.274373001E-01
-1.291005889E-01-1.306577904E-01-1.321066676E-01-1.334451341E-01-1.346712454E-01
-1.357831965E-01-1.367793260E-01-1.376581185E-01-1.384182125E-01-1.390584078E-01
-1.395776743E-01-1.399751592E-01-1.402501948E-01-1.404023038E-01-1.404311998E-01
-1.403367842E-01-1.401191564E-01-1.397785828E-01-1.393155177E-01-1.387305810E-01
-1.380244866E-01-1.371981360E-01-1.362525291E-01-1.351887178E-01-1.340078838E-01
-1.327112688E-01-1.313001232E-01-1.297757930E-01-1.281396356E-01-1.263930865E-01
-1.245375826E-01-1.225746254E-01-1.205058811E-01-1.183329268E-01-1.160576604E-01
-1.136820543E-01-1.112080967E-01-1.086381432E-01-1.059747949E-01-1.032207574E-01
-1.003789908E-01-9.745279841E-02-9.444572087E-02-9.136143850E-02-8.820376719E-02
-8.497664402E-02-8.168406152E-02-7.832996507E-02-7.491816621E-02-7.145227055E-02
-6.793560054E-02-6.437112890E-02-6.076142926E-02-5.710866142E-02-5.341459040E-02
-4.968063379E-02-4.590793314E-02-4.209745067E-02-3.825008875E-02-3.436682438E-02
-3.044885934E-02-2.649778206E-02-2.251573055E-02-1.850557734E-02-1.447116245E-02
-1.041693096E-02-6.347012977E-03-2.271608697E-03 1.790853951E-03 5.846093375E-03
 9.900977645E-03 1.395610375E-02 1.801127163E-02 2.206654322E-02 2.612199496E-02
 3.017764202E-02 1.786799806E-02 1.484998449E-02 1.183639166E-02 8.828174960E-03
 5.825590694E-03 2.829261223E-03-1.619801250E-04-3.152031009E-03-6.130159835E-03
-9.085160574E-03-1.201841618E-02-1.493545759E-02-1.784016287E-02-2.073538721E-02
-2.362391777E-02-2.650848346E-02-2.939167488E-02-3.227591574E-02-3.516343174E-02
-3.805621591E-02-4.095598871E-02-4.386415627E-02-4.678176662E-02-4.970946578E-02
-5.264745408E-02-5.559544555E-02-5.855263326E-02-6.151766314E-02-6.448861098E-02
-6.746297156E-02-7.043767062E-02-7.340909071E-02-7.637309939E-02-7.932509507E-02
-8.226007105E-02-8.517269593E-02-8.805739389E-02-9.090843503E-02-9.372001767E-02
-9.648634203E-02-9.920170789E-02-1.018605657E-01-1.044575593E-01-1.069875622E-01
-1.094457669E-01-1.118276307E-01-1.141288736E-01-1.163455497E-01-1.184739443E-01
-1.205106436E-01-1.224524557E-01-1.242964248E-01-1.260397989E-01-1.276800141E-01
-1.292146832E-01-1.306415799E-01-1.319586337E-01-1.331639220E-01-1.342556671E-01
-1.352322393E-01-1.360921581E-01-1.368340984E-01-1.374568948E-01-1.379595497E-01
-1.383412384E-01-1.386013147E-01-1.387393164E-01-1.387549659E-01-1.386481590E-01
-1.384189872E-01-1.380676961E-01-1.375947030E-01-1.370005829E-01-1.362860408E-01
-1.354519002E-01-1.344991092E-01-1.334287154E-01-1.322417834E-01-1.309395260E-01
-1.295231976E-01-1.279940634E-01-1.263534830E-01-1.246028594E-01-1.227436376E-01
-1.207774053E-01-1.187057034E-01-1.165302983E-01-1.142530974E-01-1.118760105E-01
-1.094013048E-01-1.068314324E-01-1.041688986E-01-1.014165302E-01-9.857749104E-02
-9.565510795E-02-9.265285088E-02-8.957440629E-02-8.642365738E-02-8.320455330E-02
-7.992099455E-02-7.657677430E-02-7.317552957E-02-6.972067741E-02-6.621533931E-02
-6.266228226E-02-5.906389448E-02-5.542218213E-02-5.173878754E-02-4.801503798E-02
-4.425201732E-02-4.045066866E-02-3.661192098E-02-3.273683217E-02-2.882674116E-02
-2.488342722E-02-2.090927176E-02-1.690746815E-02-1.288215732E-02-8.837578430E-03
-4.778852965E-03-7.203697001E-04 3.324565369E-03 7.366357725E-03 1.140868164E-02
 1.545118334E-02 1.949382879E-02 2.353670289E-02 2.757987694E-02 3.162334853E-02
 1.783673051E-02 1.483518255E-02 1.183892798E-02 8.849109965E-03 5.866022691E-03
 2.890377633E-03-7.890770303E-05-3.046178027E-03-6.001857350E-03-8.934346561E-03
-1.184454050E-02-1.473791796E-02-1.761839489E-02-2.048878372E-02-2.335180823E-02
-2.621014177E-02-2.906632324E-02-3.192272786E-02-3.478153680E-02-3.764470354E-02
-4.051391565E-02-4.339055593E-02-4.627566223E-02-4.916988752E-02-5.207345578E-02
-5.498612106E-02-5.790713661E-02-6.083523096E-02-6.376858411E-02-6.670481221E-02
-6.964097124E-02-7.257357870E-02-7.549864433E-02-7.841171625E-02-8.130794059E-02
-8.418213013E-02-8.702883642E-02-8.984245097E-02-9.261727424E-02-9.534759320E-02
-9.802775057E-02-1.006522277E-01-1.032157308E-01-1.057131398E-01-1.081395998E-01
-1.104905652E-01-1.127617213E-01-1.149490864E-01-1.170489205E-01-1.190577694E-01
-1.209724192E-01-1.227898845E-01-1.245073915E-01-1.261223670E-01-1.276324201E-01
-1.290353297E-01-1.303290364E-01-1.315116365E-01-1.325813777E-01-1.335366583E-01
-1.343760292E-01-1.350981981E-01-1.357020317E-01-1.361865617E-01-1.365509891E-01
-1.367946867E-01-1.369172042E-01-1.369182707E-01-1.367977751E-01-1.365557968E-01
-1.361925633E-01-1.357084545E-01-1.351040137E-01-1.343799286E-01-1.335369233E-01
-1.325759189E-01-1.314979136E-01-1.303039850E-01-1.289952114E-01-1.275728387E-01
-1.260381466E-01-1.243924431E-01-1.226371245E-01-1.207736737E-01-1.188036308E-01
-1.167286764E-01-1.145506100E-01-1.122712661E-01-1.098928085E-01-1.074175330E-01
-1.048478266E-01-1.021864500E-01-9.943640762E-02-9.660077627E-02-9.368286341E-02
-9.068627557E-02-8.761476911E-02-8.447212171E-02-8.126212115E-02-7.798855915E-02
-7.465515863E-02-7.126544650E-02-6.782265243E-02-6.432966257E-02-6.078900597E-02
-5.720285011E-02-5.357301120E-02-4.990097888E-02-4.618797503E-02-4.243504284E-02
-3.864314857E-02-3.481330490E-02-3.094671064E-02-2.704489614E-02-2.310987819E-02
-1.914433153E-02-1.515182633E-02-1.113666223E-02-7.102751411E-03-3.058175875E-03
 9.789320396E-04 5.007296778E-03 9.034859136E-03 1.306300370E-02 1.709143346E-02
 2.112019200E-02 2.514935708E-02 2.917899992E-02 3.320909223E-02 1.780351017E-02
 1.481983087E-02 1.184238028E-02 8.872501089E-03 5.910525324E-03 2.957250355E-03
 1.169403927E-05-2.930894843E-03-5.862280874E-03-8.770459453E-03-1.165576587E-02
-1.452360454E-02-1.737793590E-02-2.022152996E-02-2.305703951E-02-2.588707334E-02
-2.871410933E-02-3.154046486E-02-3.436827009E-02-3.719943678E-02-4.003562065E-02
-4.287818307E-02-4.572815431E-02-4.858619711E-02-5.145256563E-02-5.432706269E-02
-5.720900487E-02-6.009719665E-02-6.298991273E-02-6.588488517E-02-6.877930333E-02
-7.166983239E-02-7.455263767E-02-7.742342394E-02-8.027750428E-02-8.310984962E-02
-8.591515783E-02-8.868794651E-02-9.142261140E-02-9.411355371E-02-9.675522302E-02
-9.934213152E-02-1.018689838E-01-1.043307109E-01-1.067224324E-01-1.090395876E-01
-1.112778468E-01-1.134331942E-01-1.155018664E-01-1.174803628E-01-1.193654349E-01
-1.211540736E-01-1.228434868E-01-1.244310845E-01-1.259144682E-01-1.272914178E-01
-1.285598816E-01-1.297179696E-01-1.307639501E-01-1.316962455E-01-1.325134345E-01
-1.332142522E-01-1.337975933E-01-1.342625153E-01-1.346082405E-01-1.348341586E-01
-1.349398292E-01-1.349249817E-01-1.347894994E-01-1.345334471E-01-1.341570370E-01
-1.336606173E-01-1.330446920E-01-1.323098919E-01-1.314569431E-01-1.304866868E-01
-1.294000640E-01-1.281981216E-01-1.268819707E-01-1.254527237E-01-1.239116747E-01
-1.222601563E-01-1.204995542E-01-1.186313412E-01-1.166571269E-01-1.145786098E-01
-1.123976164E-01-1.101161959E-01-1.077364722E-01-1.052607525E-01-1.026917003E-01
-1.000320964E-01-9.728486068E-02-9.445325985E-02-9.154078327E-02-8.855094643E-02
-8.548735123E-02-8.235375445E-02-7.915395391E-02-7.589162696E-02-7.257024609E-02
-6.919306807E-02-6.576311487E-02-6.228311767E-02-5.875545183E-02-5.518210409E-02
-5.156469750E-02-4.790456040E-02-4.420280361E-02-4.046042508E-02-3.667841356E-02
-3.285787068E-02-2.900015516E-02-2.510702820E-02-2.118080148E-02-1.722453107E-02
-1.324218906E-02-9.237930394E-03-5.216251428E-03-1.190049782E-03 2.824937557E-03
 6.836382349E-03 1.084840824E-02 1.486094245E-02 1.887393083E-02 2.288745628E-02
 2.690158691E-02 3.091640132E-02 3.493184578E-02 1.776858946E-02 1.480411186E-02
 1.184685343E-02 8.898368646E-03 5.959028348E-03 3.029721064E-03 1.095899310E-04
-2.806529825E-03-5.711876452E-03-8.594038780E-03-1.145272155E-02-1.429322434E-02
-1.711955624E-02-1.993444618E-02-2.274047100E-02-2.554017288E-02-2.833596871E-02
-3.113011879E-02-3.392470252E-02-3.672158978E-02-3.952240733E-02-4.232849954E-02
-4.514088947E-02-4.796024156E-02-5.078682670E-02-5.362048601E-02-5.646059597E-02
-5.930604000E-02-6.215519309E-02-6.500590680E-02-6.785550550E-02-7.070081180E-02
-7.353815981E-02-7.636341952E-02-7.917207018E-02-8.195923943E-02-8.471978300E-02
-8.744839325E-02-9.013961160E-02-9.278790927E-02-9.538781106E-02-9.793393445E-02
-1.004209915E-01-1.028439417E-01-1.051979255E-01-1.074783704E-01-1.096809335E-01
-1.118015551E-01-1.138364477E-01-1.157820759E-01-1.176351612E-01-1.193926626E-01
-1.210517649E-01-1.226098597E-01-1.240645379E-01-1.254135757E-01-1.266549243E-01
-1.277867023E-01-1.288071929E-01-1.297148378E-01-1.305082372E-01-1.311861496E-01
-1.317474921E-01-1.321913438E-01-1.325169436E-01-1.327236951E-01-1.328111637E-01
-1.327790762E-01-1.326273105E-01-1.323559158E-01-1.319650917E-01-1.314551514E-01
-1.308265509E-01-1.300798841E-01-1.292158947E-01-1.282353017E-01-1.271390590E-01
-1.259281488E-01-1.246036681E-01-1.231667636E-01-1.216186186E-01-1.199606050E-01
-1.181941441E-01-1.163207463E-01-1.143420095E-01-1.122597236E-01-1.100757955E-01
-1.077922720E-01-1.054114374E-01-1.029357737E-01-1.003678501E-01-9.771052859E-02
-9.496697611E-02-9.214042303E-02-8.923421566E-02-8.625195507E-02-8.319736075E-02
-8.007405912E-02-7.688557601E-02-7.363539047E-02-7.032687198E-02-6.696314413E-02
-6.354698057E-02-6.008079812E-02-5.656668903E-02-5.300645781E-02-4.940163073E-02
-4.575348436E-02-4.206309871E-02-3.833145799E-02-3.455958987E-02-3.074869893E-02
-2.690032205E-02-2.301646973E-02-1.909977786E-02-1.515373471E-02-1.118252445E-02
-7.189918641E-03-3.183517293E-03 8.189748032E-04 4.813773751E-03 8.808003485E-03
 1.280310880E-02 1.679882330E-02 2.079519557E-02 2.479230899E-02 2.879023122E-02
 3.278905101E-02 3.678868865E-02 1.773204996E-02 1.478805675E-02 1.185232797E-02
 8.926638960E-03 6.011397125E-03 3.107579372E-03 2.144768528E-04-2.673450102E-03
-5.551054067E-03-8.405531613E-03-1.123588922E-02-1.404729298E-02-1.684381235E-02
-1.962814551E-02-2.240279273E-02-2.517022786E-02-2.793280843E-02-3.069274012E-02
-3.345205133E-02-3.621256317E-02-3.897585965E-02-4.174325561E-02-4.451576047E-02
-4.729404023E-02-5.007838210E-02-5.286866483E-02-5.566432338E-02-5.846431883E-02
-6.126713059E-02-6.407073914E-02-6.687260591E-02-6.966969918E-02-7.245851741E-02
-7.523510185E-02-7.799512069E-02-8.073391226E-02-8.344649758E-02-8.612768544E-02
-8.877217075E-02-9.137457843E-02-9.392949247E-02-9.643161986E-02-9.887574876E-02
-1.012568615E-01-1.035701212E-01-1.058109466E-01-1.079749932E-01-1.100581673E-01
-1.120566574E-01-1.139668965E-01-1.157855745E-01-1.175096204E-01-1.191361922E-01
-1.206626604E-01-1.220866009E-01-1.234057810E-01-1.246181504E-01-1.257218317E-01
-1.267151159E-01-1.275964586E-01-1.283644757E-01-1.290179429E-01-1.295557949E-01
-1.299771251E-01-1.302811867E-01-1.304673908E-01-1.305353082E-01-1.304846604E-01
-1.303153176E-01-1.300273147E-01-1.296208341E-01-1.290961506E-01-1.284536914E-01
-1.276940327E-01-1.268178628E-01-1.258259097E-01-1.247190398E-01-1.234982300E-01
-1.221645441E-01-1.207191576E-01-1.191632642E-01-1.174981653E-01-1.157253491E-01
-1.138463708E-01-1.118629164E-01-1.097767614E-01-1.075899166E-01-1.053045484E-01
-1.029229657E-01-1.004477035E-01-9.788155781E-02-9.522743522E-02-9.248836659E-02
-8.966768523E-02-8.676889826E-02-8.379546594E-02-8.075086531E-02-7.763868063E-02
-7.446245759E-02-7.122549689E-02-6.793081697E-02-6.458121345E-02-6.117926872E-02
-5.772726899E-02-5.422714028E-02-5.068045516E-02-4.708851791E-02-4.345246446E-02
-3.977336745E-02-3.605230910E-02-3.229048280E-02-2.848930072E-02-2.465053244E-02
-2.077647175E-02-1.687013081E-02-1.293539390E-02-8.976197596E-03-4.997041504E-03
-1.011149937E-03 2.966250363E-03 6.941251483E-03 1.091730319E-02 1.489428701E-02
 1.887213050E-02 2.285089392E-02 2.683062867E-02 3.081138704E-02 3.479325515E-02
 3.877612088E-02 1.769405965E-02 1.477181740E-02 1.185893166E-02 8.957404196E-03
 6.067673974E-03 3.190799332E-03 3.262448576E-04-2.531826324E-03-5.380023048E-03
-8.205199861E-03-1.100560561E-02-1.378623853E-02-1.655123970E-02-1.930329036E-02
-2.204481380E-02-2.477820964E-02-2.750576395E-02-3.022961522E-02-3.295173272E-02
-3.567388737E-02-3.839762125E-02-4.112421589E-02-4.385466388E-02-4.658963049E-02
-4.932941742E-02-5.207394084E-02-5.482269986E-02-5.757473389E-02-6.032860862E-02
-6.308242042E-02-6.583377005E-02-6.857978172E-02-7.131714698E-02-7.404211219E-02
-7.675050532E-02-7.943782216E-02-8.209928980E-02-8.472990557E-02-8.732447679E-02
-8.987778107E-02-9.238454104E-02-9.483953127E-02-9.723762818E-02-9.957385843E-02
-1.018434106E-01-1.040417077E-01-1.061644029E-01-1.082073948E-01-1.101668451E-01
-1.120391577E-01-1.138209917E-01-1.155092476E-01-1.171010535E-01-1.185937582E-01
-1.199849184E-01-1.212722876E-01-1.224538087E-01-1.235276019E-01-1.244919623E-01
-1.253453514E-01-1.260863950E-01-1.267138801E-01-1.272267521E-01-1.276241149E-01
-1.279052293E-01-1.280695115E-01-1.281165321E-01-1.280460090E-01-1.278578019E-01
-1.275519314E-01-1.271285569E-01-1.265879257E-01-1.259304553E-01-1.251566857E-01
-1.242672391E-01-1.232629100E-01-1.221444404E-01-1.209128554E-01-1.195691711E-01
-1.181145484E-01-1.165502778E-01-1.148776337E-01-1.130980852E-01-1.112132790E-01
-1.092249498E-01-1.071350066E-01-1.049454494E-01-1.026585327E-01-1.002767103E-01
-9.780256814E-02-9.523888277E-02-9.258868610E-02-8.985516966E-02-8.704153840E-02
-8.415111879E-02-8.118743855E-02-7.815401008E-02-7.505414873E-02-7.189104866E-02
-6.866785390E-02-6.538752758E-02-6.205267990E-02-5.866553522E-02-5.522802267E-02
-5.174186149E-02-4.820855241E-02-4.462937789E-02-4.100542922E-02-3.733772248E-02
-3.362734219E-02-2.987559095E-02-2.608412851E-02-2.225507158E-02-1.839114307E-02
-1.449586731E-02-1.057323860E-02-6.626830119E-03-2.665176681E-03 1.294054088E-03
 5.248389601E-03 9.203322407E-03 1.315973072E-02 1.711736049E-02 2.107622011E-02
 2.503634175E-02 2.899774640E-02 3.296046122E-02 3.692455347E-02 4.088985712E-02
 1.765507599E-02 1.475582220E-02 1.186704805E-02 8.990983496E-03 6.128092952E-03
 3.279508648E-03 4.449020302E-04-2.381758479E-03-5.198971274E-03-7.993338154E-03
-1.076229814E-02-1.351063589E-02-1.624256071E-02-1.896073906E-02-2.166750931E-02
-2.436519250E-02-2.705600462E-02-2.974201645E-02-3.242513351E-02-3.510707334E-02
-3.778933441E-02-4.047316343E-02-4.315953388E-02-4.584911376E-02-4.854222139E-02
-5.123879291E-02-5.393837118E-02-5.664007108E-02-5.934255287E-02-6.204403678E-02
-6.474229255E-02-6.743460503E-02-7.011780383E-02-7.278830963E-02-7.544217001E-02
-7.807508043E-02-8.068241852E-02-8.325938109E-02-8.580096806E-02-8.830207257E-02
-9.075757627E-02-9.316234945E-02-9.551134967E-02-9.779966792E-02-1.000225345E-01
-1.021753983E-01-1.042539158E-01-1.062539813E-01-1.081717363E-01-1.100035644E-01
-1.117460957E-01-1.133962020E-01-1.149509837E-01-1.164077642E-01-1.177640791E-01
-1.190176644E-01-1.201664495E-01-1.212085491E-01-1.221422542E-01-1.229660270E-01
-1.236784967E-01-1.242784550E-01-1.247648527E-01-1.251368001E-01-1.253935600E-01
-1.255345483E-01-1.255593313E-01-1.254676257E-01-1.252592788E-01-1.249342954E-01
-1.244928120E-01-1.239350644E-01-1.232614571E-01-1.224724785E-01-1.215687364E-01
-1.205510269E-01-1.194201077E-01-1.181769085E-01-1.168225170E-01-1.153580669E-01
-1.137848483E-01-1.121042924E-01-1.103178018E-01-1.084270601E-01-1.064339113E-01
-1.043403076E-01-1.021484140E-01-9.986048248E-02-9.747900840E-02-9.500672037E-02
-9.244645890E-02-8.980119422E-02-8.707409168E-02-8.426847939E-02-8.138766645E-02
-7.843488578E-02-7.541342562E-02-7.232660039E-02-6.917751415E-02-6.596894197E-02
-6.270343025E-02-5.938338029E-02-5.601095505E-02-5.258796638E-02-4.911586656E-02
-4.559588509E-02-4.202916689E-02-3.841684915E-02-3.476010632E-02-3.106021057E-02
-2.731864245E-02-2.353725551E-02-1.971844066E-02-1.586535615E-02-1.198192016E-02
-8.071738606E-03-4.140234381E-03-2.025455664E-04 3.729562584E-03 7.661461678E-03
 1.159530280E-02 1.553083106E-02 1.946798266E-02 2.340677275E-02 2.734720569E-02
 3.128928202E-02 3.523301007E-02 3.917844635E-02 4.312536676E-02 1.761571059E-02
 1.474059123E-02 1.187708670E-02 9.027659522E-03 6.192803496E-03 3.373726435E-03
 5.703433351E-04-2.223472063E-03-5.008236279E-03-7.770402193E-03-1.050653540E-02
-1.322114782E-02-1.591851911E-02-1.860131951E-02-2.127180284E-02-2.393220609E-02
-2.658467270E-02-2.923120499E-02-3.187364350E-02-3.451364960E-02-3.715268051E-02
-3.979195258E-02-4.243240713E-02-4.507469166E-02-4.771913327E-02-5.036569637E-02
-5.301396938E-02-5.566315684E-02-5.831203570E-02-6.095892314E-02-6.360169610E-02
-6.623779999E-02-6.886426236E-02-7.147768916E-02-7.407428688E-02-7.664996796E-02
-7.920033294E-02-8.172073000E-02-8.420637060E-02-8.665229436E-02-8.905352707E-02
-9.140506492E-02-9.370196223E-02-9.593938080E-02-9.811262094E-02-1.002171594E-01
-1.022486731E-01-1.042030611E-01-1.060764534E-01-1.078652191E-01-1.095659652E-01
-1.111755360E-01-1.126910057E-01-1.141096717E-01-1.154290456E-01-1.166468433E-01
-1.177609789E-01-1.187695534E-01-1.196708490E-01-1.204633226E-01-1.211456010E-01
-1.217164750E-01-1.221748947E-01-1.225199709E-01-1.227509651E-01-1.228672894E-01
-1.228685053E-01-1.227543239E-01-1.225245801E-01-1.221792641E-01-1.217184927E-01
-1.211425022E-01-1.204516676E-01-1.196464481E-01-1.187274751E-01-1.176954733E-01
-1.165513042E-01-1.152957861E-01-1.139300771E-01-1.124553199E-01-1.108728133E-01
-1.091840216E-01-1.073905376E-01-1.054939437E-01-1.034961732E-01-1.013992925E-01
-9.920548980E-02-9.691719229E-02-9.453689826E-02-9.206730941E-02-8.951136671E-02
-8.687209465E-02-8.415256843E-02-8.135596061E-02-7.848555330E-02-7.554460166E-02
-7.253616054E-02-6.946313397E-02-6.632838961E-02-6.313465438E-02-5.988431357E-02
-5.657937438E-02-5.322160398E-02-4.981264474E-02-4.635397168E-02-4.284684299E-02
-3.929231800E-02-3.569143318E-02-3.204536726E-02-2.835558835E-02-2.462392163E-02
-2.085263502E-02-1.704457767E-02-1.320334592E-02-9.332583896E-03-5.436101371E-03
-1.525260276E-03 2.383338964E-03 6.290656023E-03 1.020014372E-02 1.411187469E-02
 1.802564393E-02 2.194143993E-02 2.585926109E-02 2.977910673E-02 3.370096729E-02
 3.762483712E-02 4.155076922E-02 4.547848284E-02 1.757637167E-02 1.472639147E-02
 1.188917891E-02 9.067439118E-03 6.261705100E-03 3.473266368E-03 7.023150935E-04
-2.057278484E-03-4.808174087E-03-7.536810233E-03-1.023881995E-02-1.291837306E-02
-1.557981319E-02-1.822583194E-02-2.085860214E-02-2.348027416E-02-2.609291593E-02
-2.869846373E-02-3.129869892E-02-3.389521906E-02-3.648941812E-02-3.908247003E-02
-4.167529035E-02-4.426851135E-02-4.686247129E-02-4.945718430E-02-5.205228848E-02
-5.464702599E-02-5.724024529E-02-5.983038645E-02-6.241547924E-02-6.499311647E-02
-6.756046465E-02-7.011433447E-02-7.265115412E-02-7.516699745E-02-7.765769416E-02
-8.011878478E-02-8.254565979E-02-8.493353858E-02-8.727759843E-02-8.957297029E-02
-9.181483368E-02-9.399843625E-02-9.611915425E-02-9.817250985E-02-1.001542128E-01
-1.020601773E-01-1.038865364E-01-1.056296490E-01-1.072861061E-01-1.088527302E-01
-1.103265708E-01-1.117048993E-01-1.129852039E-01-1.141651783E-01-1.152427163E-01
-1.162159022E-01-1.170830054E-01-1.178424718E-01-1.184929194E-01-1.190331350E-01
-1.194620621E-01-1.197788053E-01-1.199826216E-01-1.200729153E-01-1.200492480E-01
-1.199113177E-01-1.196589490E-01-1.192921185E-01-1.188109291E-01-1.182156231E-01
-1.175065394E-01-1.166841452E-01-1.157490751E-01-1.147019977E-01-1.135438493E-01
-1.122754821E-01-1.108979571E-01-1.094125569E-01-1.078205720E-01-1.061234879E-01
-1.043229834E-01-1.024208278E-01-1.004188232E-01-9.831916622E-02-9.612414561E-02
-9.383617407E-02-9.145790990E-02-8.899205037E-02-8.644142966E-02-8.380909429E-02
-8.109813564E-02-7.831161156E-02-7.545256437E-02-7.252404749E-02-6.952906531E-02
-6.647040010E-02-6.335052776E-02-6.017173993E-02-5.693623662E-02-5.364599881E-02
-5.030265080E-02-4.690751410E-02-4.346178272E-02-3.996667141E-02-3.642341963E-02
-3.283329155E-02-2.919761394E-02-2.551796843E-02-2.179636150E-02-1.803543463E-02
-1.423861883E-02-1.040968549E-02-6.551963116E-03-2.673614647E-03 1.208493330E-03
 5.089131646E-03 8.972145939E-03 1.285823915E-02 1.674704756E-02 2.063842786E-02
 2.453228428E-02 2.842854913E-02 3.232718901E-02 3.622817735E-02 4.013150465E-02
 4.403723678E-02 4.794504652E-02 1.753711334E-02 1.471319759E-02 1.190324651E-02
 9.110221015E-03 6.334693075E-03 3.578020450E-03 8.406772893E-04-1.883391619E-03
-4.599072060E-03-7.292937674E-03-9.959628261E-03-1.260289383E-02-1.522713196E-02
-1.783507519E-02-2.042882429E-02-2.301044792E-02-2.558193483E-02-2.814513686E-02
-3.070176128E-02-3.325334521E-02-3.580122846E-02-3.834654122E-02-4.089018694E-02
-4.343280325E-02-4.597471672E-02-4.851593292E-02-5.105612527E-02-5.359461042E-02
-5.613033593E-02-5.866183831E-02-6.118724568E-02-6.370431935E-02-6.621041872E-02
-6.870249993E-02-7.117720317E-02-7.363081406E-02-7.605934127E-02-7.845854799E-02
-8.082400604E-02-8.315112707E-02-8.543524588E-02-8.767165601E-02-8.985565852E-02
-9.198261372E-02-9.404797880E-02-9.604734553E-02-9.797646774E-02-9.983128840E-02
-1.016079528E-01-1.033028210E-01-1.049124757E-01-1.064337230E-01-1.078635934E-01
-1.091993352E-01-1.104384108E-01-1.115784928E-01-1.126174529E-01-1.135533561E-01
-1.143844543E-01-1.151091795E-01-1.157261363E-01-1.162340996E-01-1.166320061E-01
-1.169189499E-01-1.170941816E-01-1.171570940E-01-1.171072455E-01-1.169443226E-01
-1.166681412E-01-1.162786661E-01-1.157759924E-01-1.151603702E-01-1.144321104E-01
-1.135917050E-01-1.126397603E-01-1.115769749E-01-1.104042643E-01-1.091226118E-01
-1.077329823E-01-1.062367352E-01-1.046352368E-01-1.029299958E-01-1.011227034E-01
-9.921527176E-02-9.720964707E-02-9.510786912E-02-9.291237835E-02-9.062565177E-02
-8.825027703E-02-8.578907088E-02-8.324484036E-02-8.062044206E-02-7.791889012E-02
-7.514319834E-02-7.229626396E-02-6.938086432E-02-6.639968634E-02-6.335532901E-02
-6.025019070E-02-5.708633145E-02-5.386551962E-02-5.058939002E-02-4.725951128E-02
-4.387728356E-02-4.044386649E-02-3.696030969E-02-3.342775443E-02-2.984760343E-02
-2.622155663E-02-2.255163690E-02-1.884025140E-02-1.509045402E-02-1.130581284E-02
-7.489494781E-03-3.647512575E-03 2.046996343E-04 4.056475283E-03 7.910687320E-03
 1.176876405E-02 1.563037662E-02 1.949533086E-02 2.336350238E-02 2.723474513E-02
 3.110892421E-02 3.498592570E-02 3.886564859E-02 4.274803485E-02 4.663313375E-02
 5.052056607E-02 1.749797470E-02 1.470109152E-02 1.191942178E-02 9.156174703E-03
 6.411932867E-03 3.688091827E-03 9.854097469E-04-1.701983255E-03-4.381203424E-03
-7.039151371E-03-9.669431764E-03-1.227529306E-02-1.486117854E-02-1.742988514E-02
-1.998343688E-02-2.252380306E-02-2.505289231E-02-2.757248214E-02-3.008420677E-02
-3.258954899E-02-3.508981548E-02-3.758609848E-02-4.007924638E-02-4.256985704E-02
-4.505825849E-02-4.754448418E-02-5.002825505E-02-5.250893057E-02-5.498550846E-02
-5.745664507E-02-5.992061522E-02-6.237528975E-02-6.481819560E-02-6.724649019E-02
-6.965697103E-02-7.204615098E-02-7.441022479E-02-7.674516926E-02-7.904674545E-02
-8.131057296E-02-8.353215672E-02-8.570695186E-02-8.783040089E-02-8.989798852E-02
-9.190527160E-02-9.384792354E-02-9.572175777E-02-9.752275919E-02-9.924709930E-02
-1.008911509E-01-1.024514971E-01-1.039249355E-01-1.053084832E-01-1.065993686E-01
-1.077950350E-01-1.088931315E-01-1.098915075E-01-1.107882076E-01-1.115814640E-01
-1.122696920E-01-1.128514800E-01-1.133255881E-01-1.136909416E-01-1.139466237E-01
-1.140918717E-01-1.141260733E-01-1.140487760E-01-1.138596576E-01-1.135585286E-01
-1.131453447E-01-1.126201982E-01-1.119833484E-01-1.112350912E-01-1.103759411E-01
-1.094064837E-01-1.083274931E-01-1.071398097E-01-1.058445459E-01-1.044427175E-01
-1.029355868E-01-1.013246974E-01-9.961156762E-02-9.779793726E-02-9.588571506E-02
-9.387703407E-02-9.177399701E-02-8.957886309E-02-8.729425912E-02-8.492277937E-02
-8.246709812E-02-7.993008155E-02-7.731452585E-02-7.462317859E-02-7.185887245E-02
-6.902439689E-02-6.612235923E-02-6.315517112E-02-6.012507791E-02-5.703419289E-02
-5.388447537E-02-5.067762281E-02-4.741502178E-02-4.409789946E-02-4.072750010E-02
-3.730512079E-02-3.383205589E-02-3.030958232E-02-2.673913902E-02-2.312253724E-02
-1.946214276E-02-1.576099947E-02-1.202270563E-02-8.250403077E-03-4.448542697E-03
-6.302535505E-04 3.190124745E-03 7.013527758E-03 1.084175395E-02 1.467439312E-02
 1.851107924E-02 2.235163444E-02 2.619591961E-02 3.004381104E-02 3.389519178E-02
 3.774993696E-02 4.160790780E-02 4.546899198E-02 4.933317813E-02 5.319998574E-02
 1.745940644E-02 1.469057124E-02 1.193819714E-02 9.205725512E-03 6.493733831E-03
 3.803638486E-03 1.136493703E-03-1.513246006E-03-4.154857295E-03-6.775831160E-03
-9.368729321E-03-1.193619734E-02-1.448268345E-02-1.701106898E-02-1.952332301E-02
-2.202131825E-02-2.450688398E-02-2.698173963E-02-2.944746566E-02-3.190547319E-02
-3.435698806E-02-3.680304445E-02-3.924446383E-02-4.168183352E-02-4.411548618E-02
-4.654545004E-02-4.897145037E-02-5.139291702E-02-5.380894259E-02-5.621824740E-02
-5.861921709E-02-6.100988844E-02-6.338791161E-02-6.575063128E-02-6.809502662E-02
-7.041780596E-02-7.271536918E-02-7.498389264E-02-7.721935080E-02-7.941755262E-02
-8.157419575E-02-8.368490012E-02-8.574526641E-02-8.775091143E-02-8.969751154E-02
-9.158083132E-02-9.339676236E-02-9.514134519E-02-9.681079071E-02-9.840149697E-02
-9.991005843E-02-1.013332748E-01-1.026681559E-01-1.039119180E-01-1.050619878E-01
-1.061159944E-01-1.070717672E-01-1.079273302E-01-1.086808961E-01-1.093308605E-01
-1.098757948E-01-1.103144431E-01-1.106457158E-01-1.108686852E-01-1.109825746E-01
-1.109867670E-01-1.108807955E-01-1.106643330E-01-1.103371876E-01-1.098993093E-01
-1.093507936E-01-1.086919074E-01-1.079229467E-01-1.070444421E-01-1.060569899E-01
-1.049614112E-01-1.037585253E-01-1.024494922E-01-1.010354743E-01-9.951764516E-02
-9.789760738E-02-9.617700268E-02-9.435756912E-02-9.244124897E-02-9.043016124E-02
-8.832660808E-02-8.613280296E-02-8.385116604E-02-8.148441633E-02-7.903516296E-02
-7.650605018E-02-7.389986243E-02-7.121925212E-02-6.846672984E-02-6.564481854E-02
-6.275596705E-02-5.980240807E-02-5.678614198E-02-5.370896875E-02-5.057254246E-02
-4.737842151E-02-4.412802590E-02-4.082257340E-02-3.746314484E-02-3.405088524E-02
-3.058718377E-02-2.707368009E-02-2.351224652E-02-1.990502438E-02-1.625468866E-02
-1.256457204E-02-8.837881329E-03-5.078473127E-03-1.297727959E-03 2.488569134E-03
 6.278584634E-03 1.007441568E-02 1.387590548E-02 1.768255133E-02 2.149401125E-02
 2.530997807E-02 2.913018918E-02 3.295445044E-02 3.678262071E-02 4.061458524E-02
 4.445023491E-02 4.828947492E-02 5.213229395E-02 5.597812477E-02 1.742217741E-02
 1.468231453E-02 1.196012169E-02 9.259256714E-03 6.580291368E-03 3.924670314E-03
 1.293775516E-03-1.317472593E-03-3.920394026E-03-6.503395146E-03-9.058002384E-03
-1.158615689E-02-1.409227810E-02-1.657935242E-02-1.904932252E-02-2.150398389E-02
-2.394509023E-02-2.637426969E-02-2.879300968E-02-3.120265321E-02-3.360437847E-02
-3.599918164E-02-3.838785572E-02-4.077094452E-02-4.314874799E-02-4.552132203E-02
-4.788843879E-02-5.024954666E-02-5.260379176E-02-5.495001304E-02-5.728667949E-02
-5.961195203E-02-6.192364563E-02-6.421924839E-02-6.649593643E-02-6.875059007E-02
-7.097983032E-02-7.318003000E-02-7.534736328E-02-7.747784299E-02-7.956735453E-02
-8.161170013E-02-8.360664495E-02-8.554795325E-02-8.743142701E-02-8.925294269E-02
-9.100848136E-02-9.269415469E-02-9.430622731E-02-9.584113523E-02-9.729549716E-02
-9.866612491E-02-9.995003145E-02-1.011444287E-01-1.022467316E-01-1.032545555E-01
-1.041657135E-01-1.049782098E-01-1.056902399E-01-1.063001797E-01-1.068065840E-01
-1.072081821E-01-1.075038681E-01-1.076926992E-01-1.077738932E-01-1.077468210E-01
-1.076110061E-01-1.073661178E-01-1.070119656E-01-1.065484979E-01-1.059758177E-01
-1.052941978E-01-1.045039506E-01-1.036056158E-01-1.025998279E-01-1.014874062E-01
-1.002692489E-01-9.894646022E-02-9.752035791E-02-9.599216216E-02-9.436336637E-02
-9.263578057E-02-9.081115551E-02-8.889144712E-02-8.687875153E-02-8.477535473E-02
-8.258364075E-02-8.030586360E-02-7.794451055E-02-7.550227341E-02-7.298165494E-02
-7.038514407E-02-6.771531615E-02-6.497456452E-02-6.216506679E-02-5.928895270E-02
-5.634827325E-02-5.334487056E-02-5.028035928E-02-4.715617203E-02-4.397362803E-02
-4.073401498E-02-3.743862974E-02-3.408874735E-02-3.068561737E-02-2.723062473E-02
-2.372549690E-02-2.017246543E-02-1.657431690E-02-1.293434806E-02-9.255587789E-03
-5.541256206E-03-1.801169312E-03 1.948599721E-03 5.703445503E-03 9.464992128E-03
 1.323319590E-02 1.700754461E-02 2.078771426E-02 2.457342925E-02 2.836438685E-02
 3.216027659E-02 3.596081074E-02 3.976573329E-02 4.357484419E-02 4.738799249E-02
 5.120507939E-02 5.502612819E-02 5.885054550E-02 1.738696514E-02 1.467679311E-02
 1.198544338E-02 9.316803314E-03 6.671472527E-03 4.050951481E-03 1.456969201E-03
-1.114982727E-03-3.678114789E-03-6.222161791E-03-8.737639443E-03-1.122566088E-02
-1.369057611E-02-1.613550826E-02-1.856238324E-02-2.097288304E-02-2.336866090E-02
-2.575127237E-02-2.812214381E-02-3.048256233E-02-3.283365435E-02-3.517634509E-02
-3.751136818E-02-3.983926214E-02-4.216033486E-02-4.447462242E-02-4.678190099E-02
-4.908168763E-02-5.137317449E-02-5.365525945E-02-5.592653903E-02-5.818526734E-02
-6.042941510E-02-6.265661383E-02-6.486421560E-02-6.704929374E-02-6.920865599E-02
-7.133888047E-02-7.343634094E-02-7.549724960E-02-7.751768710E-02-7.949364257E-02
-8.142105125E-02-8.329583520E-02-8.511393758E-02-8.687135662E-02-8.856417679E-02
-9.018859527E-02-9.174094404E-02-9.321771213E-02-9.461555628E-02-9.593131107E-02
-9.716200311E-02-9.830485008E-02-9.935726397E-02-1.003168527E-01-1.011814167E-01
-1.019489471E-01-1.026176228E-01-1.031858065E-01-1.036520354E-01-1.040150238E-01
-1.042736512E-01-1.044269677E-01-1.044741787E-01-1.044146460E-01-1.042478878E-01
-1.039735716E-01-1.035915110E-01-1.031016569E-01-1.025041240E-01-1.017991886E-01
-1.009871944E-01-1.000686841E-01-9.904434057E-02-9.791496747E-02-9.668157453E-02
-9.534519160E-02-9.390722616E-02-9.236903308E-02-9.073200311E-02-8.899795606E-02
-8.716876930E-02-8.524634010E-02-8.323276953E-02-8.113024404E-02-7.894113565E-02
-7.666780103E-02-7.431244428E-02-7.187750511E-02-6.936552358E-02-6.677878231E-02
-6.411950747E-02-6.138996892E-02-5.859222767E-02-5.572808677E-02-5.279926945E-02
-4.980744664E-02-4.675413124E-02-4.364065666E-02-4.046824099E-02-3.723806277E-02
-3.395135704E-02-3.060951792E-02-2.721411569E-02-2.376688662E-02-2.026980806E-02
-1.672535995E-02-1.313668776E-02-9.506935694E-03-5.839303509E-03-2.142698587E-03
 1.567222745E-03 5.284129363E-03 9.009168571E-03 1.274238088E-02 1.648300392E-02
 2.023044971E-02 2.398427208E-02 2.774414501E-02 3.150979267E-02 3.528097137E-02
 3.905742933E-02 4.283889112E-02 4.662509360E-02 5.041578925E-02 5.421078659E-02
 5.801006266E-02 6.181296521E-02 1.735393919E-02 1.467397168E-02 1.201399013E-02
 9.378137313E-03 6.767061786E-03 4.182321307E-03 1.625948752E-03-9.059499903E-04
-3.428224807E-03-5.932402700E-03-8.408038406E-03-1.085527710E-02-1.327830195E-02
-1.568035056E-02-1.806335625E-02-2.042891700E-02-2.277860928E-02-2.511392265E-02
-2.743621666E-02-2.974668958E-02-3.204639154E-02-3.433621958E-02-3.661688677E-02
-3.888888314E-02-4.115248190E-02-4.340774296E-02-4.565445758E-02-4.789214778E-02
-5.012008274E-02-5.233721831E-02-5.454224010E-02-5.673352019E-02-5.890914250E-02
-6.106690454E-02-6.320431539E-02-6.531862129E-02-6.740682388E-02-6.946569115E-02
-7.149180144E-02-7.348156206E-02-7.543124887E-02-7.733704038E-02-7.919504981E-02
-8.100136447E-02-8.275207777E-02-8.444332134E-02-8.607129613E-02-8.763229769E-02
-8.912274002E-02-9.053917822E-02-9.187831844E-02-9.313703611E-02-9.431238074E-02
-9.540158517E-02-9.640206951E-02-9.731144247E-02-9.812749947E-02-9.884822556E-02
-9.947178748E-02-9.999653495E-02-1.004209949E-01-1.007438693E-01-1.009640291E-01
-1.010805140E-01-1.010925198E-01-1.009994067E-01-1.008006877E-01-1.004960295E-01
-1.000852537E-01-9.956831760E-02-9.894534955E-02-9.821662805E-02-9.738253873E-02
-9.644362206E-02-9.540060722E-02-9.425429694E-02-9.300576724E-02-9.165605094E-02
-9.020652987E-02-8.865870319E-02-8.701397117E-02-8.527400682E-02-8.344079642E-02
-8.151623046E-02-7.950232973E-02-7.740123515E-02-7.521514896E-02-7.294641751E-02
-7.059725531E-02-6.816972360E-02-6.566610474E-02-6.308868253E-02-6.043943580E-02
-5.772026249E-02-5.493308483E-02-5.207962161E-02-4.916132992E-02-4.617959013E-02
-4.313578936E-02-4.003124603E-02-3.686718795E-02-3.364482882E-02-3.036545391E-02
-2.703052304E-02-2.364178757E-02-2.020137501E-02-1.671186007E-02-1.317623527E-02
-9.597312271E-03-5.977957201E-03-2.326537913E-03 1.341483157E-03 5.018352095E-03
 8.704522143E-03 1.240020440E-02 1.610475608E-02 1.981759364E-02 2.353814874E-02
 2.726585789E-02 3.100021902E-02 3.474081903E-02 3.848736392E-02 4.223961256E-02
 4.599735140E-02 4.976037161E-02 5.352842777E-02 5.730129368E-02 6.107888235E-02
 6.486041406E-02 1.732290467E-02 1.467367110E-02 1.204565720E-02 9.443269240E-03
 6.867175193E-03 4.318936971E-03 1.800800551E-03-6.904796796E-04-3.170972038E-03
-5.634493719E-03-8.069681691E-03-1.047554712E-02-1.285603271E-02-1.521451810E-02
-1.755299618E-02-1.987299236E-02-2.217599554E-02-2.446339644E-02-2.673646943E-02
-2.899636996E-02-3.124410872E-02-3.348051536E-02-3.570624057E-02-3.792176235E-02
-4.012734522E-02-4.232301628E-02-4.450859133E-02-4.668362487E-02-4.884741127E-02
-5.099899089E-02-5.313711075E-02-5.526025513E-02-5.736663423E-02-5.945417532E-02
-6.152054319E-02-6.356315404E-02-6.557918463E-02-6.756559650E-02-6.951915918E-02
-7.143647669E-02-7.331402064E-02-7.514815531E-02-7.693517766E-02-7.867134576E-02
-8.035290974E-02-8.197614516E-02-8.353738076E-02-8.503302297E-02-8.645958247E-02
-8.781369106E-02-8.909211926E-02-9.029179330E-02-9.140980143E-02-9.244340429E-02
-9.339003957E-02-9.424732562E-02-9.501306325E-02-9.568523641E-02-9.626201020E-02
-9.674172632E-02-9.712290710E-02-9.740424457E-02-9.758460657E-02-9.766302126E-02
-9.763868340E-02-9.751095811E-02-9.727935123E-02-9.694352995E-02-9.650332809E-02
-9.595871183E-02-9.530982356E-02-9.455694323E-02-9.370050314E-02-9.274103664E-02
-9.167930950E-02-9.051614556E-02-8.925261774E-02-8.788984695E-02-8.642910521E-02
-8.487198199E-02-8.321996210E-02-8.147457385E-02-7.963773517E-02-7.771141673E-02
-7.569751396E-02-7.359808116E-02-7.141519323E-02-6.915098311E-02-6.680765449E-02
-6.438718186E-02-6.189140875E-02-5.932237703E-02-5.668205311E-02-5.397208053E-02
-5.119402436E-02-4.834948504E-02-4.543989975E-02-4.246648062E-02-3.943040229E-02
-3.633293279E-02-3.317539129E-02-2.995912900E-02-2.668560812E-02-2.335649636E-02
-1.997377685E-02-1.653992180E-02-1.305794670E-02-9.530728622E-03-5.961150358E-03
-2.357234665E-03 1.266150269E-03 4.900854939E-03 8.546655701E-03 1.220345989E-02
 1.587035288E-02 1.954662644E-02 2.323176380E-02 2.692530315E-02 3.062677447E-02
 3.433567289E-02 3.805149683E-02 4.177379729E-02 4.550219767E-02 4.923642938E-02
 5.297628079E-02 5.672155661E-02 6.047209592E-02 6.422784618E-02 6.798795457E-02
 1.729392544E-02 1.467613688E-02 1.208083704E-02 9.512652066E-03 6.972214793E-03
 4.461053320E-03 1.981553186E-03-4.688053466E-04-2.906663776E-03-5.328730733E-03
-7.722876644E-03-1.008685793E-02-1.242428879E-02-1.473867816E-02-1.703210417E-02
-1.930600365E-02-2.156176167E-02-2.380071693E-02-2.602409384E-02-2.823296917E-02
-3.042827293E-02-3.261079675E-02-3.478116645E-02-3.693980341E-02-3.908695136E-02
-4.122264717E-02-4.334669064E-02-4.545867343E-02-4.755792256E-02-4.964352708E-02
-5.171432286E-02-5.376888264E-02-5.580552375E-02-5.782230615E-02-5.981703683E-02
-6.178729047E-02-6.373041443E-02-6.564355224E-02-6.752366006E-02-6.936753410E-02
-7.117183442E-02-7.293311577E-02-7.464785684E-02-7.631248903E-02-7.792342721E-02
-7.947709751E-02-8.096996510E-02-8.239856021E-02-8.375949785E-02-8.504950278E-02
-8.626542347E-02-8.740424812E-02-8.846311627E-02-8.943932850E-02-9.033035210E-02
-9.113382702E-02-9.184756956E-02-9.246957039E-02-9.299799956E-02-9.343120219E-02
-9.376769891E-02-9.400618141E-02-9.414551219E-02-9.418471883E-02-9.412299809E-02
-9.395972267E-02-9.369439446E-02-9.332668179E-02-9.285643266E-02-9.228362376E-02
-9.160841011E-02-9.083107229E-02-8.995208698E-02-8.897197805E-02-8.789153129E-02
-8.671160317E-02-8.543322236E-02-8.405760826E-02-8.258593232E-02-8.101976739E-02
-7.936069158E-02-7.761017678E-02-7.576993447E-02-7.384194984E-02-7.182807436E-02
-6.973018037E-02-6.755023616E-02-6.529016500E-02-6.295194858E-02-6.053754987E-02
-5.804864351E-02-5.548681645E-02-5.285383688E-02-5.015135147E-02-4.738070079E-02
-4.454317999E-02-4.164016271E-02-3.867293277E-02-3.564262209E-02-3.255039640E-02
-2.939762157E-02-2.618585585E-02-2.291683263E-02-1.959254580E-02-1.621541062E-02
-1.278824845E-02-9.313680256E-03-5.794598249E-03-2.239287837E-03 1.337494531E-03
 4.927656917E-03 8.530719900E-03 1.214660172E-02 1.577436004E-02 1.941303214E-02
 2.306179001E-02 2.671992369E-02 3.038689305E-02 3.406226373E-02 3.774564267E-02
 4.143662210E-02 4.513475743E-02 4.883960118E-02 5.255075031E-02 5.626786111E-02
 5.999067806E-02 6.371903040E-02 6.745291488E-02 7.119148649E-02 1.726768409E-02
 1.468208581E-02 1.212017713E-02 9.586767152E-03 7.082453961E-03 4.608765047E-03
 2.168171402E-03-2.410993349E-04-2.635462989E-03-5.015303584E-03-7.367915516E-03
-9.689639487E-03-1.198363299E-02-1.425347550E-02-1.650135720E-02-1.872869827E-02
-2.093681072E-02-2.312694615E-02-2.530023805E-02-2.745770784E-02-2.960025027E-02
-3.172858728E-02-3.384329013E-02-3.594476960E-02-3.803323342E-02-4.010870513E-02
-4.217100056E-02-4.421970878E-02-4.625420338E-02-4.827362857E-02-5.027687870E-02
-5.226261182E-02-5.422925167E-02-5.617497206E-02-5.809771892E-02-5.999521323E-02
-6.186496523E-02-6.370429072E-02-6.551032433E-02-6.728004588E-02-6.901030264E-02
-7.069783593E-02-7.233930542E-02-7.393131804E-02-7.547045532E-02-7.695329943E-02
-7.837646054E-02-7.973659920E-02-8.103044745E-02-8.225483427E-02-8.340669694E-02
-8.448309913E-02-8.548124397E-02-8.639848362E-02-8.723232759E-02-8.798044865E-02
-8.864068791E-02-8.921105526E-02-8.968973359E-02-9.007507856E-02-9.036561845E-02
-9.056004757E-02-9.065723420E-02-9.065620893E-02-9.055617202E-02-9.035650565E-02
-9.005671441E-02-8.965646729E-02-8.915562667E-02-8.855417930E-02-8.785228967E-02
-8.705023723E-02-8.614853337E-02-8.514769270E-02-8.404850098E-02-8.285184377E-02
-8.155869732E-02-8.017031752E-02-7.868785484E-02-7.711274779E-02-7.544662668E-02
-7.369096948E-02-7.184728441E-02-6.991740044E-02-6.790317919E-02-6.580632111E-02
-6.362860831E-02-6.137182060E-02-5.903767435E-02-5.662793913E-02-5.414428253E-02
-5.158807157E-02-4.896064912E-02-4.626353604E-02-4.349812174E-02-4.066554103E-02
-3.776694605E-02-3.480363942E-02-3.177693518E-02-2.868809908E-02-2.553852602E-02
-2.232992682E-02-1.906437652E-02-1.574435311E-02-1.237261668E-02-8.951618496E-03
-5.484290305E-03-1.979191729E-03 1.549218750E-03 5.093378949E-03 8.652380237E-03
 1.222576303E-02 1.581249268E-02 1.941166392E-02 2.302249667E-02 2.664420634E-02
 3.027601049E-02 3.391719940E-02 3.756718089E-02 4.122551139E-02 4.489182874E-02
 4.856579767E-02 5.224706220E-02 5.593522969E-02 5.962989931E-02 6.333070048E-02
 6.703733646E-02 7.074974700E-02 7.446704174E-02 1.724500959E-02 1.469215864E-02
 1.216411448E-02 9.665886042E-03 7.198073837E-03 4.762210319E-03 2.360725444E-03
-7.440143215E-06-2.357574410E-03-4.694485183E-03-7.005138796E-03-9.284288172E-03
-1.153449759E-02-1.375941645E-02-1.596140648E-02-1.814187246E-02-2.030201237E-02
-2.244300532E-02-2.456594408E-02-2.667177587E-02-2.876131884E-02-3.083526586E-02
-3.289414371E-02-3.493831331E-02-3.696797774E-02-3.898313460E-02-4.098359842E-02
-4.296898345E-02-4.493869016E-02-4.689190056E-02-4.882757335E-02-5.074444608E-02
-5.264102924E-02-5.451561275E-02-5.636626520E-02-5.819084684E-02-5.998702200E-02
-6.175226506E-02-6.348388388E-02-6.517903504E-02-6.683474647E-02-6.844793985E-02
-7.001545516E-02-7.153407425E-02-7.300054556E-02-7.441161198E-02-7.576403289E-02
-7.705460603E-02-7.828019150E-02-7.943772902E-02-8.052425580E-02-8.153692349E-02
-8.247301054E-02-8.332993232E-02-8.410525234E-02-8.479668699E-02-8.540211234E-02
-8.591957129E-02-8.634726645E-02-8.668357325E-02-8.692703054E-02-8.707635011E-02
-8.713041043E-02-8.708824639E-02-8.694906661E-02-8.671226341E-02-8.637735053E-02
-8.594399624E-02-8.541207570E-02-8.478158322E-02-8.405268796E-02-8.322566510E-02
-8.230104518E-02-8.127933452E-02-8.016129764E-02-7.894783313E-02-7.763987418E-02
-7.623862825E-02-7.474528909E-02-7.316110845E-02-7.148768137E-02-6.972650389E-02
-6.787895587E-02-6.594660202E-02-6.393122708E-02-6.183445693E-02-5.965783523E-02
-5.740297578E-02-5.507141405E-02-5.266464245E-02-5.018419608E-02-4.763145048E-02
-4.500751488E-02-4.231355703E-02-3.955093794E-02-3.672091319E-02-3.382456561E-02
-3.086308373E-02-2.783790229E-02-2.475058739E-02-2.160278193E-02-1.839639894E-02
-1.513385140E-02-1.181784721E-02-8.450749818E-03-5.035823710E-03-1.582267185E-03
 1.895771055E-03 5.391862330E-03 8.905109509E-03 1.243478228E-02 1.597957681E-02
 1.953827907E-02 2.310989970E-02 2.669363173E-02 3.028877290E-02 3.389465675E-02
 3.751059242E-02 4.113590733E-02 4.476999591E-02 4.841236740E-02 5.206265609E-02
 5.572055872E-02 5.938578816E-02 6.305803189E-02 6.673693428E-02 7.042215264E-02
 7.411353637E-02 7.781005038E-02 1.722644636E-02 1.470676198E-02 1.221297907E-02
 9.750292957E-03 7.319284932E-03 4.921476094E-03 2.559228027E-03 2.322421280E-04
-2.073234611E-03-4.366542593E-03-6.634761236E-03-8.871067134E-03-1.107729723E-02
-1.325706586E-02-1.541288218E-02-1.754618838E-02-1.965812677E-02-2.174979262E-02
-2.382219103E-02-2.587622333E-02-2.791266015E-02-2.993212695E-02-3.193511879E-02
-3.392196579E-02-3.589283042E-02-3.784770956E-02-3.978642034E-02-4.170857938E-02
-4.361361284E-02-4.550074545E-02-4.736898743E-02-4.921714687E-02-5.104382196E-02
-5.284740109E-02-5.462607000E-02-5.637782023E-02-5.810045494E-02-5.979160415E-02
-6.144873665E-02-6.306917810E-02-6.465012985E-02-6.618868961E-02-6.768187137E-02
-6.912662978E-02-7.051988327E-02-7.185853473E-02-7.313949410E-02-7.435970333E-02
-7.551615522E-02-7.660590945E-02-7.762611321E-02-7.857401501E-02-7.944697888E-02
-8.024249497E-02-8.095819071E-02-8.159183887E-02-8.214136165E-02-8.260483863E-02
-8.298050759E-02-8.326676927E-02-8.346218601E-02-8.356548909E-02-8.357557039E-02
-8.349147853E-02-8.331243121E-02-8.303783149E-02-8.266720646E-02-8.220022161E-02
-8.163676166E-02-8.097682413E-02-8.022057632E-02-7.936828463E-02-7.842047887E-02
-7.737765704E-02-7.624054132E-02-7.501001958E-02-7.368699174E-02-7.227255685E-02
-7.076794652E-02-6.917426038E-02-6.749294605E-02-6.572549550E-02-6.387321665E-02
-6.193742602E-02-5.991968857E-02-5.782158545E-02-5.564448776E-02-5.338977687E-02
-5.105884805E-02-4.865299436E-02-4.617351073E-02-4.362172534E-02-4.099878623E-02
-3.830565110E-02-3.554343408E-02-3.271347813E-02-2.981707848E-02-2.685546360E-02
-2.383007321E-02-2.074270998E-02-1.759548295E-02-1.439074947E-02-1.113089265E-02
-7.818049063E-03-4.456097805E-03-1.055091119E-03 2.371288255E-03 5.817863022E-03
 9.283754654E-03 1.276801016E-02 1.626930149E-02 1.978637344E-02 2.331805914E-02
 2.686326837E-02 3.042103210E-02 3.399055227E-02 3.757117801E-02 4.116232433E-02
 4.476341433E-02 4.837383931E-02 5.199301999E-02 5.562043971E-02 5.925569323E-02
 6.289847854E-02 6.654854043E-02 7.020562365E-02 7.386947135E-02 7.753996292E-02
 8.121597392E-02 1.721243880E-02 1.472629028E-02 1.226708054E-02 9.840169217E-03
 7.446123818E-03 5.086482094E-03 2.763570757E-03 4.779004518E-04-1.782584403E-03
-4.031618270E-03-6.256993558E-03-8.450303679E-03-1.061242995E-02-1.274685944E-02
-1.485630323E-02-1.694229048E-02-1.900587690E-02-2.104807996E-02-2.306985620E-02
-2.507203643E-02-2.705533452E-02-2.902034194E-02-3.096749701E-02-3.289709879E-02
-3.480929449E-02-3.670406621E-02-3.858121900E-02-4.044038144E-02-4.228100608E-02
-4.410234513E-02-4.590346271E-02-4.768322972E-02-4.944032239E-02-5.117322187E-02
-5.288022175E-02-5.455943337E-02-5.620879395E-02-5.782607610E-02-5.940890125E-02
-6.095475551E-02-6.246100655E-02-6.392492046E-02-6.534368199E-02-6.671441274E-02
-6.803419743E-02-6.930010038E-02-7.050918654E-02-7.165854340E-02-7.274529803E-02
-7.376663840E-02-7.471982810E-02-7.560222091E-02-7.641127505E-02-7.714456566E-02
-7.779979327E-02-7.837479579E-02-7.886755387E-02-7.927619132E-02-7.959898870E-02
-7.983438420E-02-7.998096722E-02-8.003749159E-02-8.000287061E-02-7.987617271E-02
-7.965662440E-02-7.934363888E-02-7.893675819E-02-7.843564256E-02-7.784018154E-02
-7.715036966E-02-7.636636439E-02-7.548841705E-02-7.451703541E-02-7.345270745E-02
-7.229609349E-02-7.104804392E-02-6.970942557E-02-6.828120739E-02-6.676459416E-02
-6.516061218E-02-6.347047572E-02-6.169561808E-02-5.983729910E-02-5.789665919E-02
-5.587497375E-02-5.377369749E-02-5.159413097E-02-4.933743346E-02-4.700482437E-02
-4.459748450E-02-4.211652300E-02-3.956310806E-02-3.693844215E-02-3.424356593E-02
-3.147944017E-02-2.864729090E-02-2.574862632E-02-2.278498856E-02-1.975798927E-02
-1.666962191E-02-1.352233494E-02-1.031849867E-02-7.060198397E-03-3.752068295E-03
-4.048752966E-04 2.968782182E-03 6.364832812E-03 9.782381189E-03 1.322017457E-02
 1.667675819E-02 2.015081662E-02 2.364117002E-02 2.714671888E-02 3.066640800E-02
 3.419922938E-02 3.774425665E-02 4.130069741E-02 4.486791565E-02 4.844538087E-02
 5.203259885E-02 5.562906039E-02 5.923423083E-02 6.284761007E-02 6.646875828E-02
 7.009734173E-02 7.373310187E-02 7.737584315E-02 8.102555435E-02 8.468113296E-02
 1.720336772E-02 1.475098026E-02 1.232650456E-02 9.935485935E-03 7.578527398E-03
 5.257228959E-03 2.973861560E-03 7.296211489E-04-1.485758118E-03-3.689933988E-03
-5.872049007E-03-8.022199569E-03-1.014017064E-02-1.222921284E-02-1.429217663E-02
-1.633071812E-02-1.834587908E-02-2.033858830E-02-2.230972551E-02-2.426008042E-02
-2.619031171E-02-2.810095288E-02-2.999241358E-02-3.186496564E-02-3.371872452E-02
-3.555365620E-02-3.736956443E-02-3.916608663E-02-4.094268693E-02-4.269865418E-02
-4.443309640E-02-4.614494262E-02-4.783293973E-02-4.949565526E-02-5.113148193E-02
-5.273864317E-02-5.431519943E-02-5.585905738E-02-5.736798233E-02-5.883961272E-02
-6.027147343E-02-6.166099170E-02-6.300551411E-02-6.430233108E-02-6.554868605E-02
-6.674180046E-02-6.787889624E-02-6.895720675E-02-6.997399866E-02-7.092658992E-02
-7.181236539E-02-7.262879146E-02-7.337342731E-02-7.404393934E-02-7.463811237E-02
-7.515385508E-02-7.558921191E-02-7.594236546E-02-7.621164468E-02-7.639552642E-02
-7.649263791E-02-7.650176186E-02-7.642183507E-02-7.625194747E-02-7.599133808E-02
-7.563942552E-02-7.519576643E-02-7.466001317E-02-7.403205419E-02-7.331187348E-02
-7.249960932E-02-7.159548997E-02-7.059998096E-02-6.951355575E-02-6.833679660E-02
-6.707049194E-02-6.571546481E-02-6.427255893E-02-6.274287119E-02-6.112741081E-02
-5.942714933E-02-5.764337677E-02-5.577730717E-02-5.382996623E-02-5.180237609E-02
-4.969575984E-02-4.751136631E-02-4.525023868E-02-4.291339563E-02-4.050192176E-02
-3.801685027E-02-3.545921220E-02-3.283016230E-02-3.013090639E-02-2.736254462E-02
-2.452622994E-02-2.162349760E-02-1.865625946E-02-1.562660945E-02-1.253670529E-02
-9.388545099E-03-6.184480338E-03-2.930620211E-03 3.613981933E-04 3.681306188E-03
 7.025905449E-03 1.039426310E-02 1.378483416E-02 1.719597848E-02 2.062626474E-02
 2.407441317E-02 2.753924788E-02 3.101968753E-02 3.451473012E-02 3.802342750E-02
 4.154485975E-02 4.507815986E-02 4.862255111E-02 5.217739331E-02 5.574218102E-02
 5.931647558E-02 6.289985268E-02 6.649185652E-02 7.009201954E-02 7.369990887E-02
 7.731514238E-02 8.093746676E-02 8.456688695E-02 8.820232618E-02 1.719934636E-02
 1.478084060E-02 1.239124185E-02 1.003633331E-02 7.716754040E-03 5.434066808E-03
 3.190374362E-03 9.874719418E-04-1.182931051E-03-3.341631470E-03-5.480031304E-03
-7.586936106E-03-9.660795499E-03-1.170445355E-02-1.372089910E-02-1.571196546E-02
-1.767868891E-02-1.962192570E-02-2.154249747E-02-2.344112535E-02-2.531842242E-02
-2.717488726E-02-2.901089078E-02-3.082666461E-02-3.262230518E-02-3.439776693E-02
-3.615284391E-02-3.788717991E-02-3.960025768E-02-4.129139152E-02-4.295973142E-02
-4.460426010E-02-4.622378955E-02-4.781696606E-02-4.938227490E-02-5.091804264E-02
-5.242244416E-02-5.389351182E-02-5.532914699E-02-5.672713072E-02-5.808513521E-02
-5.940074238E-02-6.067145732E-02-6.189472614E-02-6.306795132E-02-6.418850933E-02
-6.525377226E-02-6.626112057E-02-6.720796154E-02-6.809174552E-02-6.890998178E-02
-6.966025209E-02-7.034022340E-02-7.094765877E-02-7.148043238E-02-7.193653275E-02
-7.231407318E-02-7.261129995E-02-7.282659521E-02-7.295848105E-02-7.300562891E-02
-7.296685407E-02-7.284111673E-02-7.262752894E-02-7.232534750E-02-7.193398891E-02
-7.145302175E-02-7.088208751E-02-7.022106676E-02-6.946992470E-02-6.862877071E-02
-6.769780140E-02-6.667742248E-02-6.556808416E-02-6.437027926E-02-6.308471330E-02
-6.171214826E-02-6.025331856E-02-5.870915645E-02-5.708065290E-02-5.536859962E-02
-5.357406044E-02-5.169818510E-02-4.974192403E-02-4.770612512E-02-4.559174858E-02
-4.339992693E-02-4.113168535E-02-3.878790833E-02-3.636955922E-02-3.387765948E-02
-3.131321570E-02-2.867732670E-02-2.597128174E-02-2.319645578E-02-2.035421620E-02
-1.744616864E-02-1.447442860E-02-1.144127004E-02-8.348549706E-03-5.198963890E-03
-1.999927325E-03 1.236301679E-03 4.501945839E-03 7.794478409E-03 1.111283474E-02
 1.445540937E-02 1.782047416E-02 2.120643771E-02 2.461185979E-02 2.803544909E-02
 3.147603652E-02 3.493254797E-02 3.840399290E-02 4.188945612E-02 4.538807999E-02
 4.889903400E-02 5.242151743E-02 5.595478739E-02 5.949820342E-02 6.305125562E-02
 6.661353800E-02 7.018468299E-02 7.376432012E-02 7.735203883E-02 8.094742152E-02
 8.455011437E-02 8.816001757E-02 9.177600307E-02 1.720040593E-02 1.481604656E-02
 1.246168497E-02 1.014325923E-02 7.861319740E-03 5.617345369E-03 3.413291830E-03
 1.251500534E-03-8.742584216E-04-2.986880168E-03-5.081089513E-03-7.144639265E-03
-9.174462852E-03-1.117285179E-02-1.314283124E-02-1.508643393E-02-1.700477326E-02
-1.889863344E-02-2.076875717E-02-2.261582394E-02-2.444040599E-02-2.624295336E-02
-2.802379687E-02-2.978314209E-02-3.152106829E-02-3.323750654E-02-3.493225069E-02
-3.660494980E-02-3.825509757E-02-3.988203560E-02-4.148495342E-02-4.306287991E-02
-4.461468740E-02-4.613909708E-02-4.763467815E-02-4.909985292E-02-5.053290320E-02
-5.193197940E-02-5.329510930E-02-5.462020628E-02-5.590508559E-02-5.714747315E-02
-5.834502623E-02-5.949533774E-02-6.059596465E-02-6.164443589E-02-6.263826828E-02
-6.357498787E-02-6.445214098E-02-6.526731042E-02-6.601813199E-02-6.670230439E-02
-6.731760423E-02-6.786189749E-02-6.833314761E-02-6.872943164E-02-6.904893463E-02
-6.928997016E-02-6.945098121E-02-6.953053704E-02-6.952735221E-02-6.944027782E-02
-6.926829928E-02-6.901055078E-02-6.866630840E-02-6.823498041E-02-6.771614239E-02
-6.710942111E-02-6.641468198E-02-6.563186289E-02-6.476103462E-02-6.380235372E-02
-6.275615208E-02-6.162284530E-02-6.040283144E-02-5.909671598E-02-5.770518175E-02
-5.622886882E-02-5.466852666E-02-5.302508133E-02-5.129923132E-02-4.949177927E-02
-4.760376615E-02-4.563609310E-02-4.358950392E-02-4.146475330E-02-3.926278931E-02
-3.698463283E-02-3.463115836E-02-3.220323013E-02-2.970185959E-02-2.712812438E-02
-2.448316593E-02-2.176832661E-02-1.898522789E-02-1.613567155E-02-1.322148577E-02
-1.024441238E-02-7.206320369E-03-4.111235066E-03-9.680032501E-04 2.211642942E-03
 5.422720163E-03 8.663190797E-03 1.193143130E-02 1.522560053E-02 1.854398501E-02
 2.188503754E-02 2.524726488E-02 2.862923502E-02 3.202962781E-02 3.544725958E-02
 3.888106361E-02 4.233006026E-02 4.579334182E-02 4.927006957E-02 5.275946164E-02
 5.626077148E-02 5.977326787E-02 6.329625553E-02 6.682910503E-02 7.037129613E-02
 7.392242804E-02 7.748217020E-02 8.105020943E-02 8.462620611E-02 8.820981300E-02
 9.180088950E-02 9.539820035E-02 1.720706409E-02 1.485731334E-02 1.253855868E-02
 1.025682996E-02 8.012571076E-03 5.807220963E-03 3.642668875E-03 1.521664226E-03
-5.600045277E-04-2.625862726E-03-4.675292531E-03-6.695383616E-03-8.681308175E-03
-1.063459918E-02-1.255823942E-02-1.445447270E-02-1.632452129E-02-1.816913872E-02
-1.998900406E-02-2.178474360E-02-2.355687762E-02-2.530581959E-02-2.703186904E-02
-2.873520426E-02-3.041587713E-02-3.207381039E-02-3.370879298E-02-3.532047477E-02
-3.690836401E-02-3.847182925E-02-4.001008988E-02-4.152221934E-02-4.300714953E-02
-4.446366806E-02-4.589042196E-02-4.728592268E-02-4.864855251E-02-4.997657143E-02
-5.126812396E-02-5.252124962E-02-5.373389646E-02-5.490392907E-02-5.602914397E-02
-5.710728058E-02-5.813604022E-02-5.911309735E-02-6.003611219E-02-6.090275056E-02
-6.171069561E-02-6.245766140E-02-6.314140804E-02-6.375975338E-02-6.431058426E-02
-6.479187052E-02-6.520167020E-02-6.553814293E-02-6.579955536E-02-6.598428979E-02
-6.609084872E-02-6.611785452E-02-6.606406301E-02-6.592836082E-02-6.570976005E-02
-6.540741488E-02-6.502061897E-02-6.454876881E-02-6.399144008E-02-6.334824055E-02
-6.261901348E-02-6.180366146E-02-6.090220793E-02-5.991476180E-02-5.884157079E-02
-5.768300345E-02-5.643936342E-02-5.511114422E-02-5.369893541E-02-5.220329176E-02
-5.062479379E-02-4.896424318E-02-4.722230746E-02-4.539956304E-02-4.349688481E-02
-4.151513871E-02-3.945501790E-02-3.731715841E-02-3.510232411E-02-3.281148593E-02
-3.044559551E-02-2.800552077E-02-2.549225956E-02-2.290699772E-02-2.025104019E-02
-1.752589592E-02-1.473339150E-02-1.187547650E-02-8.953752508E-03-5.970137262E-03
-2.929975635E-03 1.565376005E-04 3.279792305E-03 6.436229701E-03 9.624360065E-03
 1.284240182E-02 1.608829586E-02 1.936007882E-02 2.265603435E-02 2.597466362E-02
 2.931458430E-02 3.267445636E-02 3.605298277E-02 3.944895661E-02 4.286129109E-02
 4.628901012E-02 4.973121981E-02 5.318708978E-02 5.665584943E-02 6.013678287E-02
 6.362921494E-02 6.713248490E-02 7.064595056E-02 7.416901076E-02 7.770114216E-02
 8.124192950E-02 8.479105734E-02 8.834824330E-02 9.191323828E-02 9.548596470E-02
 9.906515229E-02 1.722022521E-02 1.490538414E-02 1.262236450E-02 1.037728079E-02
 8.170554141E-03 6.003670011E-03 3.878533723E-03 1.798022508E-03-2.403542578E-04
-2.258746667E-03-4.262736539E-03-6.239210850E-03-8.181373030E-03-1.008981790E-02
-1.196733191E-02-1.381633418E-02-1.563823436E-02-1.743380413E-02-1.920364724E-02
-2.094832847E-02-2.266833183E-02-2.436403826E-02-2.603570936E-02-2.768349800E-02
-2.930743855E-02-3.090744065E-02-3.248328808E-02-3.403463325E-02-3.556100019E-02
-3.706177602E-02-3.853621108E-02-3.998342362E-02-4.140239688E-02-4.279198046E-02
-4.415089434E-02-4.547773358E-02-4.677097332E-02-4.802897516E-02-4.924999190E-02
-5.043218430E-02-5.157362272E-02-5.267230165E-02-5.372614941E-02-5.473304660E-02
-5.569083014E-02-5.659731245E-02-5.745029313E-02-5.824757339E-02-5.898696805E-02
-5.966632000E-02-6.028351134E-02-6.083647611E-02-6.132321223E-02-6.174178928E-02
-6.209036559E-02-6.236718253E-02-6.257058588E-02-6.269902696E-02-6.275106768E-02
-6.272538705E-02-6.262078154E-02-6.243616982E-02-6.217058989E-02-6.182321155E-02
-6.139334317E-02-6.088036840E-02-6.028385491E-02-5.960338687E-02-5.883877907E-02
-5.798989196E-02-5.705669460E-02-5.603924219E-02-5.493769223E-02-5.375235479E-02
-5.248344379E-02-5.113133467E-02-4.969651574E-02-4.817946019E-02-4.658060939E-02
-4.490060298E-02-4.314009323E-02-4.129951846E-02-3.937954698E-02-3.738100344E-02
-3.530457358E-02-3.315085239E-02-3.092049289E-02-2.861437688E-02-2.623354199E-02
-2.377898288E-02-2.125174881E-02-1.865315694E-02-1.598477983E-02-1.324830404E-02
-1.044533600E-02-7.577445474E-03-4.647741993E-03-1.663301197E-03 1.365355191E-03
 4.432334701E-03 7.534821989E-03 1.067100270E-02 1.383881861E-02 1.703626846E-02
 2.026146606E-02 2.351257088E-02 2.678783947E-02 3.008571464E-02 3.340483813E-02
 3.674396775E-02 4.010190354E-02 4.347747193E-02 4.686956989E-02 5.027719777E-02
 5.369945962E-02 5.713553912E-02 6.058467793E-02 6.404616765E-02 6.751935069E-02
 7.100361101E-02 7.449835489E-02 7.800299572E-02 8.151697105E-02 8.503976685E-02
 8.857095558E-02 9.211020345E-02 9.565728126E-02 9.921219021E-02 1.027737188E-01
 1.724052842E-02 1.496057038E-02 1.271315846E-02 1.050456026E-02 8.335278648E-03
 6.206894034E-03 4.121225022E-03 2.080848560E-03 8.473740081E-05-1.885705741E-03
-3.843500296E-03-5.776116936E-03-7.674661934E-03-9.538547340E-03-1.137021327E-02
-1.317220789E-02-1.494615659E-02-1.669289733E-02-1.841298338E-02-2.010692126E-02
-2.177515799E-02-2.341803177E-02-2.503578010E-02-2.662853264E-02-2.819630245E-02
-2.973898930E-02-3.125637180E-02-3.274810785E-02-3.421373107E-02-3.565264857E-02
-3.706414307E-02-3.844737085E-02-3.980136279E-02-4.112502696E-02-4.241715201E-02
-4.367641009E-02-4.490136304E-02-4.609046522E-02-4.724207450E-02-4.835446176E-02
-4.942581144E-02-5.045424174E-02-5.143780626E-02-5.237451484E-02-5.326233404E-02
-5.409920961E-02-5.488307213E-02-5.561185253E-02-5.628349273E-02-5.689595875E-02
-5.744725184E-02-5.793541921E-02-5.835856669E-02-5.871486306E-02-5.900255800E-02
-5.921997996E-02-5.936555184E-02-5.943779379E-02-5.943532335E-02-5.935687333E-02
-5.920128220E-02-5.896749797E-02-5.865458106E-02-5.826171117E-02-5.778820721E-02
-5.723344092E-02-5.659696365E-02-5.587833195E-02-5.507732688E-02-5.419376152E-02
-5.322754565E-02-5.217867696E-02-5.104722092E-02-4.983341979E-02-4.853740630E-02
-4.715943765E-02-4.569989988E-02-4.415918623E-02-4.253763380E-02-4.083571618E-02
-3.905405038E-02-3.719303115E-02-3.525313109E-02-3.323510745E-02-3.113967684E-02
-2.896745556E-02-2.671907682E-02-2.439535485E-02-2.199738432E-02-1.952637318E-02
-1.698357635E-02-1.437044328E-02-1.168854703E-02-8.939255959E-03-6.124370465E-03
-3.248473644E-03-3.202251354E-04 2.651015352E-03 5.661940509E-03 8.710693961E-03
 1.179533949E-02 1.491352747E-02 1.806296425E-02 2.124165759E-02 2.444784589E-02
 2.767985280E-02 3.093601763E-02 3.421475807E-02 3.751465752E-02 4.083448391E-02
 4.417311881E-02 4.752948692E-02 5.090252751E-02 5.429123319E-02 5.769468341E-02
 6.111205351E-02 6.454259674E-02 6.798562079E-02 7.144047568E-02 7.490655590E-02
 7.838329646E-02 8.187016106E-02 8.536661922E-02 8.887215208E-02 9.238626926E-02
 9.590852957E-02 9.943861274E-02 1.029765033E-01 1.065210141E-01 1.726803595E-02
 1.502280087E-02 1.281092076E-02 1.063890244E-02 8.507234564E-03 6.417390218E-03
 4.371002346E-03 2.370381741E-03 4.159677881E-04-1.506794037E-03-3.417726418E-03
-5.306087681E-03-7.161093160E-03-8.980740692E-03-1.076692633E-02-1.252220944E-02
-1.424843806E-02-1.594659519E-02-1.761722472E-02-1.926076903E-02-2.087762475E-02
-2.246810445E-02-2.403241957E-02-2.557067368E-02-2.708286547E-02-2.856888353E-02
-3.002850314E-02-3.146138615E-02-3.286707660E-02-3.424500220E-02-3.559447322E-02
-3.691468219E-02-3.820470521E-02-3.946350526E-02-4.068993368E-02-4.188273535E-02
-4.304055188E-02-4.416192450E-02-4.524531068E-02-4.628908108E-02-4.729152837E-02
-4.825088548E-02-4.916532517E-02-5.003297649E-02-5.085193045E-02-5.162025657E-02
-5.233601000E-02-5.299724454E-02-5.360202317E-02-5.414842980E-02-5.463457854E-02
-5.505862688E-02-5.541878194E-02-5.571331213E-02-5.594055208E-02-5.609891456E-02
-5.618689665E-02-5.620308370E-02-5.614614868E-02-5.601487153E-02-5.580813152E-02
-5.552490484E-02-5.516427063E-02-5.472541349E-02-5.420765614E-02-5.361035993E-02
-5.293305276E-02-5.217526077E-02-5.133672760E-02-5.041721572E-02-4.941657316E-02
-4.833473883E-02-4.717168869E-02-4.592759096E-02-4.460250953E-02-4.319658901E-02
-4.171011747E-02-4.014341292E-02-3.849674043E-02-3.677043347E-02-3.496504026E-02
-3.308098260E-02-3.111860527E-02-2.907857037E-02-2.696164776E-02-2.476852647E-02
-2.249990118E-02-2.015661070E-02-1.773981840E-02-1.525096347E-02-1.269146213E-02
-1.006250836E-02-7.365349612E-03-4.602852191E-03-1.781366602E-03 1.089627203E-03
 4.004756971E-03 6.961211316E-03 9.957158201E-03 1.299054420E-02 1.605924409E-02
 1.916109962E-02 2.229393242E-02 2.545570066E-02 2.864461627E-02 3.185909128E-02
 3.509761523E-02 3.835868787E-02 4.164087264E-02 4.494287861E-02 4.826358511E-02
 5.160198314E-02 5.495710806E-02 5.832800247E-02 6.171374707E-02 6.511349389E-02
 6.852648217E-02 7.195202687E-02 7.538949553E-02 7.883829376E-02 8.229786356E-02
 8.576768496E-02 8.924726867E-02 9.273613884E-02 9.623382079E-02 9.973984689E-02
 1.032538162E-01 1.067756068E-01 1.103039758E-01 1.730267526E-02 1.509230599E-02
 1.291622914E-02 1.078100548E-02 8.686919689E-03 6.635331135E-03 4.627872195E-03
 2.666734728E-03 7.536029938E-04-1.122201270E-03-2.985544753E-03-4.829066703E-03
-6.640547168E-03-8.416291922E-03-1.015741449E-02-1.186634967E-02-1.354515007E-02
-1.519500281E-02-1.681649150E-02-1.841000678E-02-1.997589729E-02-2.151444507E-02
-2.302583428E-02-2.451015005E-02-2.596737713E-02-2.739739272E-02-2.879997014E-02
-3.017477500E-02-3.152136311E-02-3.283918021E-02-3.412756234E-02-3.538573647E-02
-3.661282228E-02-3.780783277E-02-3.896967815E-02-4.009717070E-02-4.118902495E-02
-4.224386744E-02-4.326024381E-02-4.423661803E-02-4.517138624E-02-4.606288752E-02
-4.690940379E-02-4.770917662E-02-4.846041389E-02-4.916130127E-02-4.981001049E-02
-5.040471142E-02-5.094358090E-02-5.142481416E-02-5.184663321E-02-5.220729837E-02
-5.250511195E-02-5.273843845E-02-5.290569539E-02-5.300537289E-02-5.303603688E-02
-5.299633384E-02-5.288499251E-02-5.270083289E-02-5.244276961E-02-5.210980552E-02
-5.170103623E-02-5.121564900E-02-5.065296166E-02-5.001232626E-02-4.929324230E-02
-4.849520405E-02-4.761791602E-02-4.666108925E-02-4.562451044E-02-4.450806121E-02
-4.331163473E-02-4.203532275E-02-4.067913477E-02-3.924311493E-02-3.772746260E-02
-3.613243009E-02-3.445823778E-02-3.270512147E-02-3.087354304E-02-2.896398331E-02
-2.697675977E-02-2.491243393E-02-2.277183055E-02-2.055576946E-02-1.826509701E-02
-1.590079466E-02-1.346404812E-02-1.095615808E-02-8.378253317E-03-5.732096510E-03
-3.022027915E-03-2.558233801E-04 2.558622768E-03 5.418573094E-03 8.321913280E-03
 1.126650137E-02 1.424991442E-02 1.726987384E-02 2.032436663E-02 2.341149483E-02
 2.652930344E-02 2.967580279E-02 3.284913734E-02 3.604769077E-02 3.927003080E-02
 4.251479550E-02 4.578062739E-02 4.906622034E-02 5.237039599E-02 5.569213265E-02
 5.903051823E-02 6.238468595E-02 6.575377318E-02 6.913694172E-02 7.253341096E-02
 7.594247769E-02 7.936351124E-02 8.279593343E-02 8.623920184E-02 8.969280296E-02
 9.315625705E-02 9.662911541E-02 1.001109485E-01 1.036013178E-01 1.070998228E-01
 1.106062918E-01 1.141193968E-01 1.734507726E-02 1.516992771E-02 1.302979432E-02
 1.093119048E-02 8.874335988E-03 6.860684885E-03 4.891965505E-03 2.970192006E-03
 1.097831622E-03-7.321656128E-04-2.547104616E-03-4.345015270E-03-6.112868379E-03
-7.845002919E-03-9.541518010E-03-1.120455288E-02-1.283628852E-02-1.443813950E-02
-1.601081245E-02-1.755468090E-02-1.907003686E-02-2.055712610E-02-2.201611156E-02
-2.344706273E-02-2.484994747E-02-2.622463635E-02-2.757090090E-02-2.888841019E-02
-3.017673097E-02-3.143532699E-02-3.266355886E-02-3.386068639E-02-3.502586876E-02
-3.615816626E-02-3.725654472E-02-3.831987812E-02-3.934695044E-02-4.033646597E-02
-4.128705159E-02-4.219725939E-02-4.306558233E-02-4.389045611E-02-4.467026419E-02
-4.540335515E-02-4.608804380E-02-4.672262427E-02-4.730537754E-02-4.783458093E-02
-4.830851884E-02-4.872548935E-02-4.908381695E-02-4.938185742E-02-4.961800579E-02
-4.979070819E-02-4.989846445E-02-4.993983796E-02-4.991345951E-02-4.981802876E-02
-4.965232715E-02-4.941521184E-02-4.910562591E-02-4.872259489E-02-4.826522881E-02
-4.773271834E-02-4.712436792E-02-4.643952118E-02-4.567764684E-02-4.483820742E-02
-4.392086861E-02-4.292529185E-02-4.185120575E-02-4.069843905E-02-3.946681247E-02
-3.815634417E-02-3.676700397E-02-3.529875400E-02-3.375171879E-02-3.212610022E-02
-3.042209728E-02-2.863989710E-02-2.677988388E-02-2.484259813E-02-2.282842593E-02
-2.073787499E-02-1.857183547E-02-1.633132770E-02-1.401735802E-02-1.163087681E-02
-9.172695129E-03-6.644069037E-03-4.048178563E-03-1.391078483E-03 1.318954148E-03
 4.078532008E-03 6.885175072E-03 9.736845659E-03 1.263119907E-02 1.556582865E-02
 1.853840332E-02 2.154671798E-02 2.458878105E-02 2.766280456E-02 3.076705652E-02
 3.389973471E-02 3.705901729E-02 4.024321729E-02 4.345087174E-02 4.668068673E-02
 4.993143242E-02 5.320187884E-02 5.649083687E-02 5.979722936E-02 6.312012285E-02
 6.645869111E-02 6.981215407E-02 7.317973577E-02 7.656067274E-02 7.995424709E-02
 8.335980788E-02 8.677677270E-02 9.020461215E-02 9.364283124E-02 9.709095924E-02
 1.005485537E-01 1.040152004E-01 1.074904989E-01 1.109740869E-01 1.144658112E-01
 1.179643120E-01 1.739615957E-02 1.525616711E-02 1.315167709E-02 1.108934358E-02
 9.069516846E-03 7.093759500E-03 5.163744122E-03 3.281209746E-03 1.448885546E-03
-3.370680313E-04-2.102655913E-03-3.853908591E-03-5.577860231E-03-7.266608313E-03
-8.918992709E-03-1.053664551E-02-1.212174676E-02-1.367594769E-02-1.520014391E-02
-1.669474645E-02-1.816000299E-02-1.959611546E-02-2.100322726E-02-2.238138827E-02
-2.373055522E-02-2.505059361E-02-2.634127241E-02-2.760226477E-02-2.883314807E-02
-3.003340305E-02-3.120241500E-02-3.233947371E-02-3.344377496E-02-3.451442345E-02
-3.555043719E-02-3.655074767E-02-3.751420431E-02-3.843958053E-02-3.932558060E-02
-4.017083934E-02-4.097393630E-02-4.173339826E-02-4.244770452E-02-4.311530012E-02
-4.373459990E-02-4.430399800E-02-4.482187721E-02-4.528661462E-02-4.569659365E-02
-4.605020934E-02-4.634587860E-02-4.658204468E-02-4.675719416E-02-4.686984622E-02
-4.691857468E-02-4.690201069E-02-4.681884450E-02-4.666782557E-02-4.644778147E-02
-4.615760505E-02-4.579626211E-02-4.536279621E-02-4.485632887E-02-4.427605585E-02
-4.362126235E-02-4.289128476E-02-4.208556078E-02-4.120352316E-02-4.024480150E-02
-3.920901202E-02-3.809583153E-02-3.690504296E-02-3.563640808E-02-3.428987976E-02
-3.286540334E-02-3.136288290E-02-2.978238606E-02-2.812408419E-02-2.638817643E-02
-2.457484957E-02-2.268444349E-02-2.071754956E-02-1.867471274E-02-1.655649913E-02
-1.436383058E-02-1.209775599E-02-9.759072700E-03-7.348550826E-03-4.868251883E-03
-2.322865286E-03 2.801623500E-04 2.935817180E-03 5.642109313E-03 8.397190907E-03
 1.119883262E-02 1.404443087E-02 1.693150079E-02 1.985777227E-02 2.282110749E-02
 2.581942003E-02 2.885073434E-02 3.191327772E-02 3.500544101E-02 3.812563648E-02
 4.127220053E-02 4.444346330E-02 4.763788894E-02 5.085415110E-02 5.409107926E-02
 5.734756147E-02 6.062248182E-02 6.391475647E-02 6.722339943E-02 7.054755622E-02
 7.388647677E-02 7.723945811E-02 8.060580297E-02 8.398481703E-02 8.737584074E-02
 9.077827119E-02 9.419156929E-02 9.761524884E-02 1.010488578E-01 1.044919669E-01
 1.079441675E-01 1.114050675E-01 1.148743309E-01 1.183518498E-01 1.218362692E-01
 1.745608638E-02 1.535088057E-02 1.328178309E-02 1.125570346E-02 9.273014987E-03
 7.335171698E-03 5.443693490E-03 3.600142501E-03 1.807027560E-03 6.305480910E-05
-1.652460039E-03-3.355798504E-03-5.035339864E-03-6.680802060E-03-8.289501318E-03
-9.862334040E-03-1.140132076E-02-1.290828797E-02-1.438436313E-02-1.583007565E-02
-1.724566296E-02-1.863128321E-02-1.998704632E-02-2.131298772E-02-2.260905685E-02
-2.387511185E-02-2.511092095E-02-2.631616232E-02-2.749042304E-02-2.863320064E-02
-2.974390276E-02-3.082184802E-02-3.186626666E-02-3.287630506E-02-3.385102910E-02
-3.478942449E-02-3.569039986E-02-3.655279384E-02-3.737538224E-02-3.815687730E-02
-3.889593668E-02-3.959117098E-02-4.024114860E-02-4.084440360E-02-4.139944304E-02
-4.190475379E-02-4.235881041E-02-4.276008387E-02-4.310704710E-02-4.339818565E-02
-4.363200186E-02-4.380702053E-02-4.392180410E-02-4.397494761E-02-4.396509099E-02
-4.389092422E-02-4.375119152E-02-4.354468958E-02-4.327028405E-02-4.292690216E-02
-4.251353002E-02-4.202922461E-02-4.147311547E-02-4.084440527E-02-4.014235786E-02
-3.936630407E-02-3.851565244E-02-3.758980991E-02-3.658837496E-02-3.551092568E-02
-3.435709626E-02-3.312663405E-02-3.181925812E-02-3.043486880E-02-2.897340313E-02
-2.743473510E-02-2.581889691E-02-2.412605207E-02-2.235642427E-02-2.051024857E-02
-1.858788424E-02-1.658999518E-02-1.451730740E-02-1.237038812E-02-1.014984225E-02
-7.856422097E-03-5.491779136E-03-3.059470972E-03-5.654756759E-04 1.983929894E-03
 4.587377788E-03 7.242794760E-03 9.948169500E-03 1.270118056E-02 1.549939344E-02
 1.834035614E-02 2.122168623E-02 2.414117119E-02 2.709678483E-02 3.008658613E-02
 3.310868075E-02 3.616129722E-02 3.924285626E-02 4.235190184E-02 4.548697237E-02
 4.864652935E-02 5.182904060E-02 5.503310610E-02 5.825752157E-02 6.150122675E-02
 6.476321514E-02 6.804247316E-02 7.133801182E-02 7.464892751E-02 7.797443662E-02
 8.131385686E-02 8.466655385E-02 8.803190150E-02 9.140926948E-02 9.479805251E-02
 9.819769244E-02 1.016076893E-01 1.050275949E-01 1.084569965E-01 1.118955026E-01
 1.153427278E-01 1.187983420E-01 1.222622560E-01 1.257331346E-01 1.752463502E-02
 1.545417363E-02 1.342064724E-02 1.143103189E-02 9.485508117E-03 7.585375107E-03
 5.732113401E-03 3.927224450E-03 2.172841465E-03 4.696655963E-04-1.196615011E-03
-2.850929157E-03-4.485181352E-03-6.087242775E-03-7.652621992E-03-9.181221272E-03
-1.067469088E-02-1.213491794E-02-1.356327047E-02-1.496046710E-02-1.632680247E-02
-1.766240083E-02-1.896733239E-02-2.024161682E-02-2.148519390E-02-2.269791703E-02
-2.387955477E-02-2.502978975E-02-2.614821977E-02-2.723435733E-02-2.828763127E-02
-2.930738677E-02-3.029288681E-02-3.124331723E-02-3.215778834E-02-3.303533525E-02
-3.387492097E-02-3.467544547E-02-3.543575091E-02-3.615461920E-02-3.683078014E-02
-3.746292323E-02-3.804969695E-02-3.858971750E-02-3.908157564E-02-3.952384433E-02
-3.991508228E-02-4.025384546E-02-4.053869015E-02-4.076818203E-02-4.094090115E-02
-4.105545194E-02-4.111046107E-02-4.110459186E-02-4.103654657E-02-4.090506966E-02
-4.070895048E-02-4.044703100E-02-4.011820803E-02-3.972143904E-02-3.925573152E-02
-3.872015323E-02-3.811383823E-02-3.743599807E-02-3.668587664E-02-3.586280182E-02
-3.496615698E-02-3.399532937E-02-3.294989387E-02-3.182940000E-02-3.063345101E-02
-2.936177169E-02-2.801405714E-02-2.659017211E-02-2.509006205E-02-2.351360099E-02
-2.186081208E-02-2.013188239E-02-1.832710275E-02-1.644681810E-02-1.449144284E-02
-1.246158849E-02-1.035785026E-02-8.180536306E-03-5.930700484E-03-3.611267000E-03
-1.227304882E-03 1.214733961E-03 3.713533044E-03 6.267261101E-03 8.874131066E-03
 1.153185045E-02 1.423795110E-02 1.699014289E-02 1.978619568E-02 2.262385893E-02
 2.550086447E-02 2.841502994E-02 3.136436550E-02 3.434704680E-02 3.736130517E-02
 4.040542267E-02 4.347781358E-02 4.657706615E-02 4.970185546E-02 5.285083109E-02
 5.602256820E-02 5.921565947E-02 6.242882726E-02 6.566097654E-02 6.891114586E-02
 7.217842325E-02 7.546188711E-02 7.876063407E-02 8.207383513E-02 8.540077054E-02
 8.874081844E-02 9.209340561E-02 9.545796989E-02 9.883394032E-02 1.022207622E-01
 1.056179194E-01 1.090249476E-01 1.124414323E-01 1.158669952E-01 1.193012701E-01
 1.227439372E-01 1.261949131E-01 1.296528666E-01 1.760223843E-02 1.556686622E-02
 1.356913540E-02 1.161595478E-02 9.707365609E-03 7.844651783E-03 6.029313669E-03
 4.262779360E-03 2.546828575E-03 8.835545567E-04-7.355761119E-04-2.339693388E-03
-3.927332461E-03-5.485602465E-03-7.007881331E-03-8.492800316E-03-9.941404791E-03
-1.135547965E-02-1.273657698E-02-1.408565122E-02-1.540313099E-02-1.668915444E-02
-1.794375819E-02-1.916693155E-02-2.035860346E-02-2.151862512E-02-2.264676505E-02
-2.374271139E-02-2.480607135E-02-2.583637261E-02-2.683306360E-02-2.779551382E-02
-2.872301710E-02-2.961479655E-02-3.047000258E-02-3.128771617E-02-3.206695181E-02
-3.280666560E-02-3.350575846E-02-3.416307731E-02-3.477742065E-02-3.534754730E-02
-3.587217979E-02-3.635000970E-02-3.677970460E-02-3.715991373E-02-3.748927488E-02
-3.776641949E-02-3.798998101E-02-3.815859852E-02-3.827092072E-02-3.832562314E-02
-3.832139503E-02-3.825695794E-02-3.813107000E-02-3.794252580E-02-3.769015611E-02
-3.737284359E-02-3.698951340E-02-3.653914724E-02-3.602077444E-02-3.543347440E-02
-3.477638392E-02-3.404872517E-02-3.324972675E-02-3.237871749E-02-3.143506149E-02
-3.041813462E-02-2.932749796E-02-2.816268461E-02-2.692328118E-02-2.560900496E-02
-2.421954726E-02-2.275475754E-02-2.121461001E-02-1.959901727E-02-1.790803843E-02
-1.614193254E-02-1.430106332E-02-1.238578230E-02-1.039631237E-02-8.332909930E-03
-6.196584185E-03-3.989637406E-03-1.716072221E-03 6.181698544E-04 3.011443288E-03
 5.462438453E-03 7.969367371E-03 1.053007907E-02 1.314216099E-02 1.580328670E-02
 1.851118618E-02 2.126372348E-02 2.405882492E-02 2.689440339E-02 2.976833184E-02
 3.267849832E-02 3.562291466E-02 3.859980026E-02 4.160750560E-02 4.464441498E-02
 4.770897201E-02 5.079975866E-02 5.391550752E-02 5.705500681E-02 6.021700475E-02
 6.340018022E-02 6.660323942E-02 6.982501500E-02 7.306451005E-02 7.632085180E-02
 7.959321322E-02 8.288075552E-02 8.618265283E-02 8.949814383E-02 9.282656651E-02
 9.616735300E-02 9.951998477E-02 1.028839566E-01 1.062587530E-01 1.096438661E-01
 1.130388197E-01 1.164431820E-01 1.198565681E-01 1.232786210E-01 1.267090392E-01
 1.301477540E-01 1.335934400E-01 1.768991421E-02 1.568978014E-02 1.372774879E-02
 1.181076850E-02 9.938877522E-03 8.113358052E-03 6.335671043E-03 4.607169729E-03
 2.929378756E-03 1.304893953E-03-2.701393530E-04-1.822672831E-03-3.361890941E-03
-4.875617418E-03-6.354776507E-03-7.796465357E-03-9.200875708E-03-1.056947579E-02
-1.190388138E-02-1.320527713E-02-1.447429417E-02-1.571116235E-02-1.691591144E-02
-1.808849704E-02-1.922882853E-02-2.033675209E-02-2.141203860E-02-2.245438079E-02
-2.346339555E-02-2.443862453E-02-2.537953446E-02-2.628551814E-02-2.715589910E-02
-2.798993250E-02-2.878680572E-02-2.954564320E-02-3.026550754E-02-3.094540602E-02
-3.158429307E-02-3.218107411E-02-3.273461111E-02-3.324372645E-02-3.370720965E-02
-3.412382081E-02-3.449229787E-02-3.481135953E-02-3.507971463E-02-3.529606406E-02
-3.545910909E-02-3.556755578E-02-3.562011924E-02-3.561553101E-02-3.555254229E-02
-3.542992831E-02-3.524649414E-02-3.500107959E-02-3.469255484E-02-3.431983877E-02
-3.388188517E-02-3.337769579E-02-3.280632042E-02-3.216685288E-02-3.145843473E-02
-3.068029928E-02-2.983166759E-02-2.891187523E-02-2.792027516E-02-2.685624220E-02
-2.571933527E-02-2.450908497E-02-2.322507744E-02-2.186704032E-02-2.043468600E-02
-1.892788037E-02-1.734666347E-02-1.569103474E-02-1.396108638E-02-1.215703555E-02
-1.027906235E-02-8.327248903E-03-6.302155329E-03-4.205727083E-03-2.041685218E-03
 1.845933541E-04 2.471441385E-03 4.818685761E-03 7.224750033E-03 9.687582784E-03
 1.220462715E-02 1.477336135E-02 1.739152860E-02 2.005703071E-02 2.276777685E-02
 2.552174568E-02 2.831700055E-02 3.115159676E-02 3.402356016E-02 3.693088771E-02
 3.987162370E-02 4.284397276E-02 4.584634238E-02 4.887723199E-02 5.193516438E-02
 5.501873167E-02 5.812666610E-02 6.125782426E-02 6.441109260E-02 6.758530736E-02
 7.077924266E-02 7.399170795E-02 7.722163552E-02 8.046811667E-02 8.373035844E-02
 8.700761027E-02 9.029910809E-02 9.360409621E-02 9.692187491E-02 1.002518346E-01
 1.035934557E-01 1.069462685E-01 1.103098187E-01 1.136836421E-01 1.170672749E-01
 1.204602781E-01 1.238622497E-01 1.272728224E-01 1.306916996E-01 1.341188272E-01
 1.375529009E-01 1.778834704E-02 1.582328077E-02 1.389675164E-02 1.201580354E-02
 1.018044177E-02 8.391887772E-03 6.651542553E-03 4.960724732E-03 3.320820184E-03
 1.734065412E-03 1.999138704E-04-1.300491410E-03-2.789229198E-03-4.257149732E-03
-5.692825293E-03-7.091544816E-03-8.452385999E-03-9.776248094E-03-1.106463501E-02
-1.231888803E-02-1.353987241E-02-1.472798426E-02-1.588331203E-02-1.700579880E-02
-1.809532563E-02-1.915172548E-02-2.017476882E-02-2.116415458E-02-2.211950859E-02
-2.304038540E-02-2.392626887E-02-2.477657502E-02-2.559065384E-02-2.636778897E-02
-2.710720268E-02-2.780805925E-02-2.846946604E-02-2.909047602E-02-2.967009201E-02
-3.020727499E-02-3.070094315E-02-3.114997760E-02-3.155322803E-02-3.190951726E-02
-3.221764551E-02-3.247639632E-02-3.268454085E-02-3.284084435E-02-3.294406962E-02
-3.299297968E-02-3.298635440E-02-3.292297462E-02-3.280164457E-02-3.262119051E-02
-3.238046186E-02-3.207833606E-02-3.171372199E-02-3.128556943E-02-3.079286298E-02
-3.023462369E-02-2.960992107E-02-2.891786622E-02-2.815761130E-02-2.732840122E-02
-2.642945951E-02-2.546013596E-02-2.441978219E-02-2.330778407E-02-2.212371215E-02
-2.086711125E-02-1.953758966E-02-1.813491571E-02-1.665886354E-02-1.510934833E-02
-1.348644533E-02-1.179011642E-02-1.002024257E-02-8.176771102E-03-6.260244497E-03
-4.272404307E-03-2.216265957E-03-9.644907458E-05 2.084844326E-03 4.328092889E-03
 6.632165698E-03 8.995691929E-03 1.141645517E-02 1.389192436E-02 1.641963947E-02
 1.899718865E-02 2.162235505E-02 2.429317473E-02 2.700773270E-02 2.976412361E-02
 3.256053233E-02 3.539515816E-02 3.826616401E-02 4.117167871E-02 4.410982369E-02
 4.707879917E-02 5.007699749E-02 5.310298958E-02 5.615540279E-02 5.923288692E-02
 6.233417074E-02 6.545812020E-02 6.860369823E-02 7.176987706E-02 7.495557204E-02
 7.815964510E-02 8.138099968E-02 8.461865819E-02 8.787179147E-02 9.113967849E-02
 9.442163767E-02 9.771697247E-02 1.010249909E-01 1.043450493E-01 1.076765859E-01
 1.110191245E-01 1.143722389E-01 1.177355203E-01 1.211085519E-01 1.244909113E-01
 1.278821936E-01 1.312820158E-01 1.346900686E-01 1.381062966E-01 1.415294136E-01
 1.789779931E-02 1.596766071E-02 1.407652982E-02 1.223148485E-02 1.043244949E-02
 8.680585367E-03 6.977250704E-03 5.323760416E-03 3.721439252E-03 2.172039477E-03
 6.771651793E-04-7.736876896E-04-2.210154423E-03-3.630284416E-03-5.021642289E-03
-6.377356893E-03-7.695107847E-03-8.974970435E-03-1.021810796E-02-1.142587988E-02
-1.259934732E-02-1.373912218E-02-1.484543140E-02-1.591826036E-02-1.695747733E-02
-1.796289271E-02-1.893426801E-02-1.987130518E-02-2.077363936E-02-2.164083746E-02
-2.247240011E-02-2.326776427E-02-2.402630326E-02-2.474732810E-02-2.543009330E-02
-2.607379973E-02-2.667759318E-02-2.724056973E-02-2.776177898E-02-2.824022915E-02
-2.867489003E-02-2.906469641E-02-2.940855274E-02-2.970533824E-02-2.995390993E-02
-3.015310967E-02-3.030176556E-02-3.039869958E-02-3.044273084E-02-3.043267711E-02
-3.036736814E-02-3.024563815E-02-3.006633658E-02-2.982833483E-02-2.953052528E-02
-2.917182026E-02-2.875116574E-02-2.826753890E-02-2.771995556E-02-2.710745959E-02
-2.642914096E-02-2.568413118E-02-2.487160139E-02-2.399080985E-02-2.304099407E-02
-2.202152707E-02-2.093177114E-02-1.977113950E-02-1.853923695E-02-1.723565312E-02
-1.586005164E-02-1.441225636E-02-1.289205228E-02-1.129925347E-02-9.633726433E-03
-7.895242562E-03-6.084154728E-03-4.202045855E-03-2.251640951E-03-2.370569207E-04
 1.839888141E-03 3.980605979E-03 6.183826050E-03 8.448017368E-03 1.077129872E-02
 1.315175236E-02 1.558735945E-02 1.807580880E-02 2.061474456E-02 2.320183641E-02
 2.583485061E-02 2.851186236E-02 3.123111257E-02 3.399083480E-02 3.678931432E-02
 3.962489368E-02 4.249586717E-02 4.540049354E-02 4.833700053E-02 5.130363362E-02
 5.429875078E-02 5.732092045E-02 6.036885261E-02 6.344128661E-02 6.653698946E-02
 6.965481575E-02 7.279374940E-02 7.595284439E-02 7.913114846E-02 8.232764866E-02
 8.554128795E-02 8.877105541E-02 9.201605520E-02 9.527552993E-02 9.854882359E-02
 1.018353169E-01 1.051343744E-01 1.084453621E-01 1.117676876E-01 1.151008327E-01
 1.184443599E-01 1.217978823E-01 1.251610318E-01 1.285334353E-01 1.319147082E-01
 1.353044686E-01 1.387023937E-01 1.421084121E-01 1.455212438E-01 1.801861602E-02
 1.612335333E-02 1.426751496E-02 1.245818773E-02 1.069522742E-02 8.979759065E-03
 7.313136750E-03 5.696697703E-03 4.131724929E-03 2.619607896E-03 1.162633755E-03
-2.433937415E-04-1.625809312E-03-2.995441416E-03-4.341063365E-03-5.653293089E-03
-6.928161615E-03-8.164665177E-03-9.363368466E-03-1.052544560E-02-1.165204620E-02
-1.274398818E-02-1.380169376E-02-1.482526729E-02-1.581461398E-02-1.676953567E-02
-1.768977675E-02-1.857503270E-02-1.942494375E-02-2.023908896E-02-2.101698511E-02
-2.175808723E-02-2.246179038E-02-2.312743212E-02-2.375429635E-02-2.434161572E-02
-2.488857214E-02-2.539430028E-02-2.585789266E-02-2.627840085E-02-2.665484088E-02
-2.698619580E-02-2.727142066E-02-2.750944486E-02-2.769917781E-02-2.783951246E-02
-2.792932995E-02-2.796750364E-02-2.795290063E-02-2.788439446E-02-2.776085571E-02
-2.758116766E-02-2.734422457E-02-2.704893656E-02-2.669423589E-02-2.627907098E-02
-2.580242363E-02-2.526329918E-02-2.466074261E-02-2.399382643E-02-2.326166428E-02
-2.246341186E-02-2.159826902E-02-2.066551158E-02-1.966440516E-02-1.859436166E-02
-1.745477750E-02-1.624512074E-02-1.496505331E-02-1.361420235E-02-1.219220006E-02
-1.069874773E-02-9.133426758E-03-7.495910896E-03-5.786742930E-03-4.007393701E-03
-2.160146750E-03-2.486925147E-04 1.725729063E-03 3.765089131E-03 5.868455498E-03
 8.034674614E-03 1.026181141E-02 1.254756882E-02 1.488998358E-02 1.728737673E-02
 1.973801535E-02 2.223979029E-02 2.479042132E-02 2.738764773E-02 3.002925006E-02
 3.271326124E-02 3.543801714E-02 3.820190500E-02 4.100330908E-02 4.384068584E-02
 4.671247796E-02 4.961706137E-02 5.255278174E-02 5.551796558E-02 5.851098202E-02
 6.153034863E-02 6.457479246E-02 6.764314021E-02 7.073423179E-02 7.384694278E-02
 7.698024355E-02 8.013322072E-02 8.330500670E-02 8.649471628E-02 8.970140184E-02
 9.292408114E-02 9.616182150E-02 9.941380124E-02 1.026793280E-01 1.059578044E-01
 1.092486678E-01 1.125513381E-01 1.158652338E-01 1.191898098E-01 1.225245874E-01
 1.258691642E-01 1.292231886E-01 1.325863291E-01 1.359582515E-01 1.393385981E-01
 1.427270496E-01 1.461235221E-01 1.495267341E-01 1.815126083E-02 1.629077353E-02
 1.447005917E-02 1.269622122E-02 1.096907910E-02 9.289772099E-03 7.659678466E-03
 6.080123508E-03 4.552327157E-03 3.077373224E-03 1.656960151E-03 2.909241474E-04
-1.037485879E-03-2.353652482E-03-3.651298082E-03-4.918951639E-03-6.150715945E-03
-7.344261816E-03-8.499286413E-03-9.616534571E-03-1.069706959E-02-1.174182957E-02
-1.275143508E-02-1.372616776E-02-1.466604198E-02-1.557089924E-02-1.644048271E-02
-1.727447643E-02-1.807251614E-02-1.883418735E-02-1.955901946E-02-2.024648435E-02
-2.089599832E-02-2.150692330E-02-2.207857052E-02-2.261020099E-02-2.310102789E-02
-2.355022339E-02-2.395691741E-02-2.432020189E-02-2.463913470E-02-2.491274281E-02
-2.514002584E-02-2.531995964E-02-2.545150129E-02-2.553359019E-02-2.556515519E-02
-2.554511655E-02-2.547238666E-02-2.534588618E-02-2.516452854E-02-2.492723915E-02
-2.463295541E-02-2.428062634E-02-2.386921949E-02-2.339772042E-02-2.286514678E-02
-2.227053589E-02-2.161296172E-02-2.089152999E-02-2.010538410E-02-1.925371078E-02
-1.833575318E-02-1.735081949E-02-1.629822675E-02-1.517744430E-02-1.398790952E-02
-1.272910350E-02-1.140062098E-02-1.000193887E-02-8.532498123E-03-6.992012260E-03
-5.381018087E-03-3.700887889E-03-1.953759442E-03-1.430407959E-04 1.731215240E-03
 3.671258663E-03 5.676343971E-03 7.745586642E-03 9.877341195E-03 1.206954650E-02
 1.432019564E-02 1.662723975E-02 1.898879548E-02 2.140326660E-02 2.386911748E-02
 2.638447981E-02 2.894717815E-02 3.155501409E-02 3.420581863E-02 3.689756101E-02
 3.962858279E-02 4.239740164E-02 4.520252132E-02 4.804248306E-02 5.091587208E-02
 5.382119359E-02 5.675690198E-02 5.972142442E-02 6.271318635E-02 6.573068193E-02
 6.877258789E-02 7.183776773E-02 7.492514627E-02 7.803365604E-02 8.116227358E-02
 8.431007474E-02 8.747623488E-02 9.065995460E-02 9.386040866E-02 9.707670917E-02
 1.003079431E-01 1.035532492E-01 1.068118732E-01 1.100831818E-01 1.133666309E-01
 1.166617088E-01 1.199678859E-01 1.232846288E-01 1.266114353E-01 1.299478631E-01
 1.332935416E-01 1.366481510E-01 1.400113921E-01 1.433829569E-01 1.467625537E-01
 1.501501021E-01 1.535443264E-01 1.829612317E-02 1.647024923E-02 1.468445595E-02
 1.294589346E-02 1.125440519E-02 9.611161935E-03 8.017537689E-03 6.474756957E-03
 4.983844892E-03 3.545698506E-03 2.161502819E-03 8.330519500E-04-4.466512254E-04
-1.706826050E-03-2.953124417E-03-4.174322344E-03-5.362148805E-03-6.512710219E-03
-7.624593775E-03-8.697850006E-03-9.733227473E-03-1.073162943E-02-1.169380287E-02
-1.262021259E-02-1.351103603E-02-1.436622101E-02-1.518555865E-02-1.596874268E-02
-1.671540561E-02-1.742513016E-02-1.809745032E-02-1.873185111E-02-1.932776749E-02
-1.988458420E-02-2.040163591E-02-2.087821081E-02-2.131355292E-02-2.170686539E-02
-2.205731267E-02-2.236402372E-02-2.262609423E-02-2.284259192E-02-2.301255688E-02
-2.313500734E-02-2.320894247E-02-2.323334568E-02-2.320718914E-02-2.312943489E-02
-2.299904221E-02-2.281496829E-02-2.257617234E-02-2.228161843E-02-2.193028387E-02
-2.152115824E-02-2.105324272E-02-2.052556218E-02-1.993716885E-02-1.928713915E-02
-1.857458089E-02-1.779864088E-02-1.695850646E-02-1.605341018E-02-1.508265498E-02
-1.404558638E-02-1.294155185E-02-1.176998818E-02-1.053022139E-02-9.221588107E-03
-7.843563047E-03-6.395865610E-03-4.879153254E-03-3.294815710E-03-1.644719648E-03
 6.815270781E-05 1.845287507E-03 3.688631396E-03 5.597647453E-03 7.571696502E-03
 9.609332199E-03 1.170872021E-02 1.386810171E-02 1.608566679E-02 1.835953544E-02
 2.068775198E-02 2.306847926E-02 2.550014702E-02 2.798135202E-02 3.051049010E-02
 3.308554058E-02 3.570436605E-02 3.836486130E-02 4.106497574E-02 4.380296833E-02
 4.657742769E-02 4.938699091E-02 5.223028219E-02 5.510598712E-02 5.801276470E-02
 6.094917564E-02 6.391374906E-02 6.690499116E-02 6.992142621E-02 7.296167728E-02
 7.602457254E-02 7.910909001E-02 8.221423888E-02 8.533903772E-02 8.848255703E-02
 9.164396803E-02 9.482252215E-02 9.801747999E-02 1.012280702E-01 1.044534597E-01
 1.076927996E-01 1.109452939E-01 1.142102501E-01 1.174870880E-01 1.207753120E-01
 1.240744570E-01 1.273840390E-01 1.307035684E-01 1.340325827E-01 1.373706731E-01
 1.407174976E-01 1.440727646E-01 1.474361953E-01 1.508075449E-01 1.541867617E-01
 1.575725890E-01 1.845350694E-02 1.666206431E-02 1.491102994E-02 1.320765486E-02
 1.155180919E-02 9.944664651E-03 8.387462738E-03 6.881183678E-03 5.426748732E-03
 4.025089160E-03 2.677113228E-03 1.384447952E-03 1.459888455E-04-1.057341530E-03
-2.248206183E-03-3.420047785E-03-4.562276833E-03-5.669178250E-03-6.738025762E-03
-7.767916431E-03-8.759029115E-03-9.712021135E-03-1.062762361E-02-1.150641722E-02
-1.234874279E-02-1.315469889E-02-1.392418373E-02-1.465695200E-02-1.535266017E-02
-1.601089611E-02-1.663119599E-02-1.721305093E-02-1.775590838E-02-1.825916979E-02
-1.872219176E-02-1.914428662E-02-1.952472669E-02-1.986274415E-02-2.015753499E-02
-2.040826147E-02-2.061405485E-02-2.077401813E-02-2.088722977E-02-2.095274742E-02
-2.096960872E-02-2.093683800E-02-2.085344723E-02-2.071843670E-02-2.053081171E-02
-2.028956404E-02-1.999369456E-02-1.964220872E-02-1.923412048E-02-1.876846014E-02
-1.824426793E-02-1.766061139E-02-1.701658215E-02-1.631130646E-02-1.554393817E-02
-1.471367417E-02-1.381974775E-02-1.286141781E-02-1.183798095E-02-1.074869326E-02
-9.592788406E-03-8.369597532E-03-7.078448847E-03-5.719274465E-03-4.292964865E-03
-2.800726442E-03-1.244324465E-03 3.737828456E-04 2.056850885E-03 3.806460225E-03
 5.622251042E-03 7.503596783E-03 9.449120218E-03 1.145718082E-02 1.352626480E-02
 1.565483205E-02 1.784124600E-02 2.008377555E-02 2.238061667E-02 2.472987670E-02
 2.712975588E-02 2.957869900E-02 3.207538368E-02 3.461843342E-02 3.720604570E-02
 3.983616308E-02 4.250673703E-02 4.521574789E-02 4.796135053E-02 5.074211578E-02
 5.355679114E-02 5.640410464E-02 5.928281103E-02 6.219170428E-02 6.512947946E-02
 6.809475761E-02 7.108613712E-02 7.410220388E-02 7.714158107E-02 8.020302487E-02
 8.328550086E-02 8.638808171E-02 8.950985116E-02 9.264990821E-02 9.580741078E-02
 9.898161552E-02 1.021718389E-01 1.053773946E-01 1.085975600E-01 1.118315528E-01
 1.150785831E-01 1.183379153E-01 1.216089125E-01 1.248910433E-01 1.281838562E-01
 1.314869281E-01 1.347998169E-01 1.381220730E-01 1.414532703E-01 1.447930308E-01
 1.481410382E-01 1.514970175E-01 1.548607479E-01 1.582322183E-01 1.616102168E-01
 1.862368757E-02 1.686657588E-02 1.515029016E-02 1.348217839E-02 1.186209475E-02
 1.029103331E-02 8.769976440E-03 7.299842404E-03 5.881599616E-03 4.516130562E-03
 3.204211565E-03 1.946832137E-03 7.453654576E-04-4.074466664E-04-1.539610983E-03
-2.657744359E-03-3.751666705E-03-4.813353734E-03-5.838571935E-03-6.825260976E-03
-7.772773854E-03-8.681280474E-03-9.551299095E-03-1.038339048E-02-1.117798891E-02
-1.193533211E-02-1.265545672E-02-1.333822570E-02-1.398336634E-02-1.459050674E-02
-1.515920353E-02-1.568895904E-02-1.617923015E-02-1.662943019E-02-1.703893069E-02
-1.740706645E-02-1.773313276E-02-1.801638853E-02-1.825605834E-02-1.845133462E-02
-1.860138198E-02-1.870533666E-02-1.876231225E-02-1.877140190E-02-1.873168071E-02
-1.864221053E-02-1.850204117E-02-1.831021339E-02-1.806576838E-02-1.776774039E-02
-1.741516891E-02-1.700710217E-02-1.654259609E-02-1.602072374E-02-1.544057223E-02
-1.480125832E-02-1.410191724E-02-1.334171673E-02-1.251983648E-02-1.163546621E-02
-1.068778016E-02-9.675942230E-03-8.599174580E-03-7.456697466E-03-6.247997012E-03
-4.973412941E-03-3.633705206E-03-2.229845160E-03-7.638265538E-04 7.633090642E-04
 2.356034805E-03 4.015034218E-03 5.740285102E-03 7.531509862E-03 9.387419179E-03
 1.130640707E-02 1.328702451E-02 1.532787496E-02 1.742755698E-02 1.958463611E-02
 2.179756782E-02 2.406467133E-02 2.638420304E-02 2.875434021E-02 3.117331094E-02
 3.363957360E-02 3.615184687E-02 3.870891536E-02 4.130923949E-02 4.395088146E-02
 4.663184128E-02 4.935015488E-02 5.210392639E-02 5.489161618E-02 5.771202556E-02
 6.056399935E-02 6.344636179E-02 6.635799112E-02 6.929773861E-02 7.226432875E-02
 7.525644590E-02 7.827275373E-02 8.131191790E-02 8.437266261E-02 8.745388026E-02
 9.055465385E-02 9.367413423E-02 9.681147338E-02 9.996584548E-02 1.031364899E-01
 1.063227389E-01 1.095239644E-01 1.127395278E-01 1.159687502E-01 1.192108967E-01
 1.224652322E-01 1.257310761E-01 1.290078427E-01 1.322950448E-01 1.355922712E-01
 1.388991370E-01 1.422152381E-01 1.455401618E-01 1.488735156E-01 1.522149494E-01
 1.555641613E-01 1.589209309E-01 1.622852639E-01 1.656559998E-01 1.880706201E-02
 1.708435969E-02 1.540298195E-02 1.377032049E-02 1.218598550E-02 1.065071656E-02
 9.165496131E-03 7.731298814E-03 6.349007429E-03 5.019470728E-03 3.743467627E-03
 2.521570815E-03 1.354829543E-03 2.425149066E-04-8.313501879E-04-1.890552681E-03
-2.932050190E-03-3.945853627E-03-4.925870185E-03-5.868747653E-03-6.772801015E-03
-7.637467443E-03-8.462825568E-03-9.249230409E-03-9.997076388E-03-1.070666428E-02
-1.137814156E-02-1.201148990E-02-1.260654078E-02-1.316300280E-02-1.368048813E-02
-1.415853548E-02-1.459662379E-02-1.499418408E-02-1.535060561E-02-1.566523985E-02
-1.593740209E-02-1.616637450E-02-1.635140709E-02-1.649172067E-02-1.658650797E-02
-1.663493753E-02-1.663615648E-02-1.658929107E-02-1.649345310E-02-1.634774040E-02
-1.615123789E-02-1.590303202E-02-1.560219726E-02-1.524781306E-02-1.483896092E-02
-1.437473287E-02-1.385423028E-02-1.327656203E-02-1.264084945E-02-1.194622858E-02
-1.119182627E-02-1.037676205E-02-9.500148912E-03-8.561121068E-03-7.558854203E-03
-6.492648492E-03-5.362371507E-03-4.168500542E-03-2.911763107E-03-1.592992742E-03
-2.140911758E-04 1.226519363E-03 2.732825556E-03 4.304967371E-03 5.943203698E-03
 7.647098164E-03 9.415553137E-03 1.124752819E-02 1.314182491E-02 1.509700682E-02
 1.711165017E-02 1.918441046E-02 2.131395491E-02 2.349891539E-02 2.573783525E-02
 2.802909817E-02 3.037101588E-02 3.276183427E-02 3.519980332E-02 3.768339533E-02
 4.021134231E-02 4.278252913E-02 4.539566952E-02 4.804900516E-02 5.074059421E-02
 5.346852628E-02 5.623091799E-02 5.902609386E-02 6.185282245E-02 6.471004324E-02
 6.759667165E-02 7.051164110E-02 7.345392408E-02 7.642238787E-02 7.941579811E-02
 8.243289982E-02 8.547242080E-02 8.853310629E-02 9.161378642E-02 9.471348572E-02
 9.783138467E-02 1.009666995E-01 1.041186460E-01 1.072864687E-01 1.104694827E-01
 1.136670860E-01 1.168786987E-01 1.201037243E-01 1.233415242E-01 1.265914077E-01
 1.298526906E-01 1.331247423E-01 1.364070244E-01 1.396990900E-01 1.430005641E-01
 1.463110972E-01 1.496303199E-01 1.529578534E-01 1.562933353E-01 1.596364329E-01
 1.629868964E-01 1.663447250E-01 1.697087946E-01 1.900426991E-02 1.731623385E-02
 1.566999141E-02 1.407274138E-02 1.252385530E-02 1.102413166E-02 9.574603175E-03
 8.176149889E-03 6.829650996E-03 5.535961276E-03 4.295695100E-03 3.109234878E-03
 1.976950825E-03 8.998604022E-04-1.260528357E-04-1.123725789E-03-2.106918228E-03
-3.068722334E-03-4.000748300E-03-4.898104606E-03-5.757953062E-03-6.578793295E-03
-7.360035890E-03-8.101618988E-03-8.803721693E-03-9.466575440E-03-1.009035197E-02
-1.067510875E-02-1.122077336E-02-1.172714862E-02-1.219392842E-02-1.262071460E-02
-1.300703551E-02-1.335235829E-02-1.365610205E-02-1.391764260E-02-1.413631872E-02
-1.431143561E-02-1.444226766E-02-1.452806255E-02-1.456804079E-02-1.456140092E-02
-1.450732127E-02-1.440496178E-02-1.425346896E-02-1.405197698E-02-1.379960807E-02
-1.349548722E-02-1.313872524E-02-1.272843752E-02-1.226373840E-02-1.174374063E-02
-1.116755867E-02-1.053429094E-02-9.843025704E-03-9.092851469E-03-8.282869512E-03
-7.412230748E-03-6.480169251E-03-5.486268340E-03-4.430751648E-03-3.314133975E-03
-2.136862820E-03-9.000863919E-04 3.953191501E-04 1.754009352E-03 3.177893287E-03
 4.667065642E-03 6.221897765E-03 7.841923050E-03 9.526102446E-03 1.127347077E-02
 1.308314628E-02 1.495424748E-02 1.688564100E-02 1.887592066E-02 2.092365330E-02
 2.302749783E-02 2.518617633E-02 2.739838882E-02 2.966276448E-02 3.197776181E-02
 3.434174413E-02 3.675302057E-02 3.920986839E-02 4.171076543E-02 4.425444466E-02
 4.683984622E-02 4.946587829E-02 5.213102419E-02 5.483343015E-02 5.757122695E-02
 6.034257828E-02 6.314573059E-02 6.597932397E-02 6.884233938E-02 7.173379536E-02
 7.465268392E-02 7.759804516E-02 8.056889995E-02 8.356412102E-02 8.658252530E-02
 8.962291367E-02 9.268407905E-02 9.576484657E-02 9.886415799E-02 1.019811592E-01
 1.051151099E-01 1.082652829E-01 1.114309540E-01 1.146114337E-01 1.178061067E-01
 1.210144282E-01 1.242358596E-01 1.274698430E-01 1.307157759E-01 1.339730095E-01
 1.372409065E-01 1.405188828E-01 1.438064427E-01 1.471031761E-01 1.504087417E-01
 1.537228217E-01 1.570450788E-01 1.603751646E-01 1.637127366E-01 1.670575156E-01
 1.704094650E-01 1.737674820E-01 1.921620751E-02 1.756307847E-02 1.595188870E-02
 1.438975321E-02 1.287614016E-02 1.141187241E-02 9.997884671E-03 8.635099947E-03
 7.324412356E-03 6.066465142E-03 4.861737056E-03 3.710557148E-03 2.612998500E-03
 1.569392630E-03 5.802534302E-04-3.625297992E-04-1.282467033E-03-2.186142055E-03
-3.065863123E-03-3.914640040E-03-4.728291821E-03-5.504279385E-03-6.241160063E-03
-6.938248518E-03-7.595315208E-03-8.212355450E-03-8.789434861E-03-9.326594891E-03
-9.823801433E-03-1.028092383E-02-1.069773113E-02-1.107389852E-02-1.140901806E-02
-1.170261456E-02-1.195415272E-02-1.216304755E-02-1.232867207E-02-1.245036224E-02
-1.252742280E-02-1.255912875E-02-1.254473068E-02-1.248345742E-02-1.237451644E-02
-1.221709957E-02-1.201038284E-02-1.175352692E-02-1.144568572E-02-1.108599960E-02
-1.067359937E-02-1.020760508E-02-9.687123499E-03-9.111246894E-03-8.479070835E-03
-7.789703001E-03-7.042303871E-03-6.236091591E-03-5.370548090E-03-4.445692065E-03
-3.461832018E-03-2.419245425E-03-1.318321957E-03-1.604708719E-04 1.056734427E-03
 2.337735353E-03 3.682988596E-03 5.093024679E-03 6.568083679E-03 8.107604693E-03
 9.710679272E-03 1.137658843E-02 1.310454952E-02 1.489367391E-02 1.674312296E-02
 1.865206835E-02 2.061941429E-02 2.264376011E-02 2.472366237E-02 2.685778025E-02
 2.904488211E-02 3.128373064E-02 3.357303388E-02 3.591133425E-02 3.829704564E-02
 4.072853408E-02 4.320411718E-02 4.572226363E-02 4.828170494E-02 5.088140505E-02
 5.352039790E-02 5.619743109E-02 5.891078873E-02 6.165864322E-02 6.443920996E-02
 6.725073037E-02 7.009168436E-02 7.296101136E-02 7.585781188E-02 7.878115898E-02
 8.173013610E-02 8.470386756E-02 8.770137704E-02 9.072155844E-02 9.376328196E-02
 9.682540105E-02 9.990677391E-02 1.030063079E-01 1.061230617E-01 1.092562853E-01
 1.124053024E-01 1.155694371E-01 1.187480216E-01 1.219404284E-01 1.251461057E-01
 1.283645572E-01 1.315952812E-01 1.348377547E-01 1.380914082E-01 1.413556322E-01
 1.446298329E-01 1.479134689E-01 1.512060836E-01 1.545073010E-01 1.578168100E-01
 1.611343225E-01 1.644595298E-01 1.677921034E-01 1.711317557E-01 1.744784173E-01
 1.778309817E-01 1.944374512E-02 1.782534303E-02 1.624894492E-02 1.472182553E-02
 1.324343881E-02 1.181451513E-02 1.043608059E-02 9.109067888E-03 7.834137105E-03
 6.611816005E-03 5.442506497E-03 4.326390215E-03 3.263563434E-03 2.253962028E-03
 1.297736519E-03 3.944359160E-04-4.664658227E-04-1.305692219E-03-2.126593475E-03
-2.922057671E-03-3.686029028E-03-4.414729778E-03-5.105768258E-03-5.757686020E-03
-6.369662831E-03-6.941283160E-03-7.472353296E-03-7.962771957E-03-8.412446769E-03
-8.821245338E-03-9.188967957E-03-9.515339657E-03-9.800010900E-03-1.004256264E-02
-1.024251293E-02-1.039932579E-02-1.051241758E-02-1.058116330E-02-1.060490298E-02
-1.058294400E-02-1.051456663E-02-1.039902627E-02-1.023555481E-02-1.002336511E-02
-9.761650857E-03-9.449583981E-03-9.086326996E-03-8.671013169E-03-8.202776284E-03
-7.680747817E-03-7.104086174E-03-6.471983272E-03-5.783691609E-03-5.038704049E-03
-4.236956614E-03-3.378592727E-03-2.463735512E-03-1.492274125E-03-4.653222902E-04
 6.180588236E-04 1.762976407E-03 2.970459092E-03 4.240971907E-03 5.575650845E-03
 6.974471841E-03 8.436689954E-03 9.961785134E-03 1.154923043E-02 1.319831469E-02
 1.490832813E-02 1.667850311E-02 1.850796930E-02 2.039589538E-02 2.234147705E-02
 2.434366270E-02 2.640107089E-02 2.851225196E-02 3.067585851E-02 3.289069376E-02
 3.515557664E-02 3.746928601E-02 3.983045419E-02 4.223754847E-02 4.468898639E-02
 4.718313548E-02 4.971844804E-02 5.229365270E-02 5.490771645E-02 5.755974562E-02
 6.024871499E-02 6.297311275E-02 6.573117356E-02 6.852115098E-02 7.134132450E-02
 7.419007184E-02 7.706619364E-02 7.996882312E-02 8.289712479E-02 8.585023237E-02
 8.882732208E-02 9.182756241E-02 9.484996282E-02 9.789345509E-02 1.009569591E-01
 1.040393810E-01 1.071396439E-01 1.102567425E-01 1.133898519E-01 1.165383073E-01
 1.197014850E-01 1.228787566E-01 1.260695078E-01 1.292731691E-01 1.324892460E-01
 1.357172832E-01 1.389568122E-01 1.422073415E-01 1.454683321E-01 1.487392115E-01
 1.520194262E-01 1.553084740E-01 1.586059345E-01 1.619114625E-01 1.652247752E-01
 1.685456107E-01 1.718736788E-01 1.752087052E-01 1.785506083E-01 1.818982824E-01
 1.968719802E-02 1.810329776E-02 1.656167030E-02 1.506955155E-02 1.362631984E-02
 1.223284298E-02 1.089013719E-02 9.598880440E-03 8.359647713E-03 7.172895536E-03
 6.038856378E-03 4.957742770E-03 3.929674149E-03 2.954498450E-03 2.031753829E-03
 1.161131762E-03 3.414929408E-04-4.372192181E-04-1.192698310E-03-1.927696028E-03
-2.636600089E-03-3.313909074E-03-3.956060192E-03-4.560703676E-03-5.126294093E-03
-5.651860094E-03-6.136798717E-03-6.580725515E-03-6.983369750E-03-7.344498088E-03
-7.663868705E-03-7.941201616E-03-8.176167690E-03-8.368380712E-03-8.517398736E-03
-8.622726885E-03-8.683821455E-03-8.700096262E-03-8.670924164E-03-8.595644043E-03
-8.473563937E-03-8.303960384E-03-8.086083083E-03-7.819161263E-03-7.502405072E-03
-7.135014974E-03-6.716200851E-03-6.245186531E-03-5.721218548E-03-5.143634916E-03
-4.512042913E-03-3.826309528E-03-3.086448026E-03-2.292372371E-03-1.443780181E-03
-5.415920507E-04 4.147515673E-04 1.430385125E-03 2.507098207E-03 3.645253779E-03
 4.845780695E-03 6.108864153E-03 7.434496468E-03 8.822619135E-03 1.027288631E-02
 1.178473107E-02 1.335769347E-02 1.499123828E-02 1.668466866E-02 1.843726212E-02
 2.024822725E-02 2.211669318E-02 2.404184269E-02 2.602289847E-02 2.805885662E-02
 3.014836167E-02 3.228996138E-02 3.448229804E-02 3.672419658E-02 3.901452642E-02
 4.135212954E-02 4.373572882E-02 4.616385204E-02 4.863496368E-02 5.114748454E-02
 5.369985795E-02 5.629079971E-02 5.891927023E-02 6.158441150E-02 6.428535652E-02
 6.702084763E-02 6.978922013E-02 7.258875824E-02 7.541779091E-02 7.827467426E-02
 8.115803076E-02 8.406694773E-02 8.700066135E-02 8.995837805E-02 9.293930785E-02
 9.594270349E-02 9.896773007E-02 1.020133979E-01 1.050786842E-01 1.081625536E-01
 1.112639666E-01 1.143819111E-01 1.175154758E-01 1.206639444E-01 1.238267205E-01
 1.270032245E-01 1.301928732E-01 1.333951024E-01 1.366093975E-01 1.398353144E-01
 1.430724327E-01 1.463203141E-01 1.495784955E-01 1.528464662E-01 1.561236885E-01
 1.594096464E-01 1.627038738E-01 1.660059835E-01 1.693156589E-01 1.726326423E-01
 1.759566884E-01 1.792875589E-01 1.826251809E-01 1.859684635E-01 1.994683206E-02
 1.839750520E-02 1.689064300E-02 1.543349802E-02 1.402561541E-02 1.266781828E-02
 1.136085480E-02 1.010535203E-02 8.901811214E-03 7.750511290E-03 6.651757837E-03
 5.605800782E-03 4.612671166E-03 3.672112359E-03 2.783459261E-03 1.945821681E-03
 1.158641213E-03 4.208122945E-04-2.753344732E-04-9.445670751E-04-1.590558085E-03
-2.210078995E-03-2.798420775E-03-3.351933289E-03-3.868233700E-03-4.345665718E-03
-4.783075554E-03-5.179667464E-03-5.534869947E-03-5.848241372E-03-6.119401944E-03
-6.347992532E-03-6.533641743E-03-6.675949480E-03-6.774478743E-03-6.828750871E-03
-6.838245544E-03-6.802402907E-03-6.720625908E-03-6.592285138E-03-6.416723079E-03
-6.193263017E-03-5.921223437E-03-5.599913288E-03-5.228641908E-03-4.806770608E-03
-4.333808753E-03-3.809462042E-03-3.233528639E-03-2.605909198E-03-1.926169401E-03
-1.194141474E-03-4.105347976E-04 4.257527922E-04 1.319531082E-03 2.272194811E-03
 3.284088075E-03 4.356623630E-03 5.490673891E-03 6.686281261E-03 7.942822789E-03
 9.260027917E-03 1.063811404E-02 1.207719730E-02 1.357684979E-02 1.513646352E-02
 1.675556817E-02 1.843360420E-02 2.016984968E-02 2.196356472E-02 2.381394734E-02
 2.572012899E-02 2.768130627E-02 2.969672729E-02 3.176543695E-02 3.388611073E-02
 3.605729797E-02 3.827763059E-02 4.054594175E-02 4.286114581E-02 4.522214109E-02
 4.762773580E-02 5.007652833E-02 5.256702687E-02 5.509770369E-02 5.766701347E-02
 6.027364072E-02 6.291653664E-02 6.559485526E-02 6.830782431E-02 7.105443652E-02
 7.383318599E-02 7.664239937E-02 7.948044365E-02 8.234570373E-02 8.523667879E-02
 8.815231294E-02 9.109186882E-02 9.405463420E-02 9.703986326E-02 1.000468470E-01
 1.030748806E-01 1.061231011E-01 1.091905415E-01 1.122762243E-01 1.153791570E-01
 1.184983541E-01 1.216328709E-01 1.247818966E-01 1.279448092E-01 1.311210663E-01
 1.343101274E-01 1.375114520E-01 1.407245232E-01 1.439488779E-01 1.471841162E-01
 1.504298471E-01 1.536856599E-01 1.569511176E-01 1.602257355E-01 1.635090089E-01
 1.668004565E-01 1.700996457E-01 1.734062199E-01 1.767198881E-01 1.800404085E-01
 1.833675847E-01 1.867013750E-01 1.900407180E-01 2.022326492E-02 1.870850474E-02
 1.723643751E-02 1.581454978E-02 1.444229113E-02 1.312021090E-02 1.184904282E-02
 1.062933162E-02 9.461394671E-03 8.345624825E-03 7.282391840E-03 6.271870939E-03
 5.313976792E-03 4.408227498E-03 3.553898254E-03 2.750125242E-03 1.995887865E-03
 1.290375654E-03 6.324939246E-04 1.739272313E-05-5.637660065E-04-1.118678503E-03
-1.645875090E-03-2.142142131E-03-2.604326967E-03-3.029782455E-03-3.416639927E-03
-3.763590049E-03-4.069652412E-03-4.334066263E-03-4.556216977E-03-4.735576546E-03
-4.871660489E-03-4.963999697E-03-5.012120860E-03-5.015535121E-03-4.973734950E-03
-4.886190017E-03-4.752353669E-03-4.571667073E-03-4.343567220E-03-4.067544213E-03
-3.743200456E-03-3.370144080E-03-2.948069634E-03-2.476771371E-03-1.955804111E-03
-1.384619581E-03-7.635331964E-04-9.276702402E-05 6.304350454E-04 1.409580310E-03
 2.245434641E-03 3.138564529E-03 4.090302699E-03 5.101298465E-03 6.171844191E-03
 7.302153336E-03 8.492596112E-03 9.743041821E-03 1.105289472E-02 1.242195343E-02
 1.385052649E-02 1.533871858E-02 1.688600753E-02 1.849171855E-02 2.015535297E-02
 2.187633292E-02 2.365392284E-02 2.548736971E-02 2.737586391E-02 2.931853962E-02
 3.131460594E-02 3.336333395E-02 3.546381729E-02 3.761476727E-02 3.981473935E-02
 4.206235669E-02 4.435644873E-02 4.669596892E-02 4.907986612E-02 5.150702409E-02
 5.397612256E-02 5.648571301E-02 5.903431542E-02 6.162041484E-02 6.424265286E-02
 6.689996914E-02 6.959151525E-02 7.231656900E-02 7.507431653E-02 7.786347593E-02
 8.068244439E-02 8.352961382E-02 8.640341543E-02 8.930231117E-02 9.222505449E-02
 9.517086085E-02 9.813908120E-02 1.011290354E-01 1.041400408E-01 1.071714583E-01
 1.102225798E-01 1.132925233E-01 1.163803588E-01 1.194851486E-01 1.226059446E-01
 1.257418144E-01 1.288918858E-01 1.320554511E-01 1.352319645E-01 1.384209274E-01
 1.416218349E-01 1.448341875E-01 1.480575126E-01 1.512913951E-01 1.545354733E-01
 1.577893811E-01 1.610527333E-01 1.643251167E-01 1.676060711E-01 1.708951229E-01
 1.741918226E-01 1.774957692E-01 1.808066334E-01 1.841241407E-01 1.874480970E-01
 1.907784971E-01 1.941143292E-01 2.051699652E-02 1.903689706E-02 1.759999191E-02
 1.621366373E-02 1.487708619E-02 1.359082952E-02 1.235553079E-02 1.117154772E-02
 1.003935226E-02 8.959422253E-03 7.932062658E-03 6.957345994E-03 6.034937015E-03
 5.164250510E-03 4.344622419E-03 3.575259120E-03 2.855145598E-03 2.183070615E-03
 1.557926829E-03 9.786385024E-04 4.425947145E-04-5.406569095E-05-5.175109510E-04
-9.511801362E-04-1.352883516E-03-1.720409908E-03-2.051788022E-03-2.345122629E-03
-2.598890209E-03-2.811903574E-03-2.983215673E-03-3.112048021E-03-3.197741182E-03
-3.239716741E-03-3.237448955E-03-3.190447788E-03-3.098250219E-03-2.960419457E-03
-2.776551826E-03-2.546295181E-03-2.269359221E-03-1.945369689E-03-1.573711759E-03
-1.154133241E-03-6.867520321E-04-1.716463937E-04 3.930104125E-04 1.010627141E-03
 1.682187513E-03 2.408048245E-03 3.189242653E-03 4.027012922E-03 4.922081817E-03
 5.874841345E-03 6.885364312E-03 7.953833885E-03 9.080550044E-03 1.026597460E-02
 1.151047631E-02 1.281368075E-02 1.417487923E-02 1.559395302E-02 1.707127379E-02
 1.860687200E-02 2.020013040E-02 2.185032952E-02 2.355695198E-02 2.531940484E-02
 2.713694237E-02 2.900880115E-02 3.093416539E-02 3.291217178E-02 3.494204106E-02
 3.702306514E-02 3.915438523E-02 4.133475303E-02 4.356273486E-02 4.583694742E-02
 4.815620716E-02 5.051949965E-02 5.292581917E-02 5.537411453E-02 5.786315391E-02
 6.039153545E-02 6.295782263E-02 6.556054207E-02 6.819829755E-02 7.087000687E-02
 7.357481153E-02 7.631201045E-02 7.908091345E-02 8.188049279E-02 8.470926219E-02
 8.756564162E-02 9.044810126E-02 9.335512243E-02 9.628531698E-02 9.923775730E-02
 1.022118164E-01 1.052068864E-01 1.082223246E-01 1.112575190E-01 1.143118726E-01
 1.173846412E-01 1.204749493E-01 1.235819074E-01 1.267046139E-01 1.298421662E-01
 1.329936853E-01 1.361583781E-01 1.393356352E-01 1.425249711E-01 1.457259229E-01
 1.489380197E-01 1.521608006E-01 1.553938350E-01 1.586367519E-01 1.618892217E-01
 1.651509007E-01 1.684214269E-01 1.717004088E-01 1.749874093E-01 1.782819838E-01
 1.815837132E-01 1.848922244E-01 1.882072068E-01 1.915284334E-01 1.948558965E-01
 1.981886409E-01 2.082863577E-02 1.938368055E-02 1.798223920E-02 1.663154529E-02
 1.533080798E-02 1.408047800E-02 1.288100658E-02 1.173294612E-02 1.063686961E-02
 9.593197811E-03 8.602147029E-03 7.663518238E-03 6.776852582E-03 5.941640763E-03
 5.157282097E-03 4.422993961E-03 3.737818380E-03 3.100613152E-03 2.510034100E-03
 1.964718870E-03 1.463551751E-03 1.005274205E-03 5.874494470E-04 2.082817031E-04
-1.333556998E-04-4.404198220E-04-7.129798481E-04-9.491482820E-04-1.147233961E-03
-1.305921507E-03-1.424106440E-03-1.500848198E-03-1.535341398E-03-1.526885403E-03
-1.474862836E-03-1.378727206E-03-1.237988958E-03-1.052226251E-03-8.211013856E-04
-5.444108753E-04-2.220803164E-04 1.467152212E-04 5.644626235E-04 1.032364949E-03
 1.550967317E-03 2.120896265E-03 2.743276527E-03 3.419443663E-03 4.150121558E-03
 4.935799745E-03 5.776876136E-03 6.673765461E-03 7.626981628E-03 8.636845365E-03
 9.703496409E-03 1.082709934E-02 1.200795446E-02 1.324660001E-02 1.454330498E-02
 1.589744272E-02 1.730820297E-02 1.877556700E-02 2.029995922E-02 2.188132647E-02
 2.351896579E-02 2.521212464E-02 2.696027197E-02 2.876280202E-02 3.061896061E-02
 3.252797618E-02 3.448902844E-02 3.650125659E-02 3.856389228E-02 4.067624628E-02
 4.283750516E-02 4.504646520E-02 4.730170840E-02 4.960184756E-02 5.194567999E-02
 5.433221505E-02 5.676048786E-02 5.922950291E-02 6.173811834E-02 6.428498607E-02
 6.686870854E-02 6.948785783E-02 7.214102185E-02 7.482707616E-02 7.754514935E-02
 8.029454477E-02 8.307464127E-02 8.588463594E-02 8.872322288E-02 9.158886972E-02
 9.448006993E-02 9.739534717E-02 1.003332614E-01 1.032926863E-01 1.062729487E-01
 1.092734970E-01 1.122937477E-01 1.153331100E-01 1.183910358E-01 1.214669289E-01
 1.245600087E-01 1.276694265E-01 1.307943302E-01 1.339338537E-01 1.370871399E-01
 1.402533651E-01 1.434318229E-01 1.466219902E-01 1.498234287E-01 1.530357056E-01
 1.562583831E-01 1.594910363E-01 1.627332749E-01 1.659847676E-01 1.692452117E-01
 1.725142836E-01 1.757916426E-01 1.790769169E-01 1.823696915E-01 1.856695496E-01
 1.889760989E-01 1.922889862E-01 1.956079495E-01 1.989329437E-01 2.022630373E-01
 2.115923570E-02 1.974970276E-02 1.838382657E-02 1.706897561E-02 1.580420295E-02
 1.458977562E-02 1.342637968E-02 1.231468011E-02 1.125519810E-02 1.024828076E-02
 9.293855398E-03 8.391576334E-03 7.541071273E-03 6.741914131E-03 5.993514378E-03
 5.295117757E-03 4.645816806E-03 4.044512296E-03 3.489917867E-03 2.980660896E-03
 2.515452193E-03 2.093154718E-03 1.712935089E-03 1.374013075E-03 1.075319411E-03
 8.155153263E-04 5.941474571E-04 4.113839672E-04 2.675021663E-04 1.629078509E-04
 9.816638595E-05 7.394774168E-05 9.099209817E-05 1.500896799E-04 2.520554970E-04
 3.977383790E-04 5.880243956E-04 8.237849481E-04 1.105842415E-03 1.434941359E-03
 1.811752555E-03 2.237151017E-03 2.712368192E-03 3.238245426E-03 3.815407956E-03
 4.444687991E-03 5.126915288E-03 5.862595422E-03 6.652120706E-03 7.495865444E-03
 8.394273222E-03 9.347853330E-03 1.035704863E-02 1.142204346E-02 1.254291911E-02
 1.371981332E-02 1.495305845E-02 1.624321532E-02 1.759037793E-02 1.899368522E-02
 2.045229488E-02 2.196630565E-02 2.353617592E-02 2.516175768E-02 2.684227169E-02
 2.857694156E-02 3.036522589E-02 3.220650816E-02 3.410002765E-02 3.604500660E-02
 3.804062184E-02 4.008601511E-02 4.218042835E-02 4.432318937E-02 4.651352712E-02
 4.875028621E-02 5.103206888E-02 5.335748676E-02 5.572531519E-02 5.813457765E-02
 6.058434614E-02 6.307367307E-02 6.560150187E-02 6.816654816E-02 7.076745048E-02
 7.340282535E-02 7.607127079E-02 7.877160302E-02 8.150293524E-02 8.426456558E-02
 8.705590569E-02 8.987631057E-02 9.272471004E-02 9.559965352E-02 9.849965342E-02
 1.014232730E-01 1.043690823E-01 1.073357980E-01 1.103226070E-01 1.133289766E-01
 1.163543879E-01 1.193982866E-01 1.224601434E-01 1.255394523E-01 1.286355786E-01
 1.317477315E-01 1.348750977E-01 1.380168565E-01 1.411721797E-01 1.443402544E-01
 1.475203169E-01 1.507117522E-01 1.539141071E-01 1.571269804E-01 1.603499669E-01
 1.635826599E-01 1.668246691E-01 1.700756423E-01 1.733352835E-01 1.766033119E-01
 1.798794229E-01 1.831632953E-01 1.864545752E-01 1.897528690E-01 1.930577851E-01
 1.963689501E-01 1.996860595E-01 2.030090292E-01 2.063369242E-01 2.150969650E-02
 2.013568280E-02 1.880563896E-02 1.752677391E-02 1.629796058E-02 1.511973810E-02
 1.399291230E-02 1.291810071E-02 1.189576727E-02 1.092595618E-02 1.000842353E-02
 9.142917505E-03 8.329168106E-03 7.566759709E-03 6.855123700E-03 6.193553387E-03
 5.581152120E-03 5.016816838E-03 4.499327647E-03 4.027477538E-03 3.600123699E-03
 3.216253326E-03 2.875033228E-03 2.575691602E-03 2.317502989E-03 2.100081859E-03
 1.923227802E-03 1.786761184E-03 1.690641198E-03 1.635094449E-03 1.620553543E-03
 1.647565211E-03 1.716764462E-03 1.828838658E-03 1.984509893E-03 2.184613426E-03
 2.430044783E-03 2.721665758E-03 3.060277365E-03 3.446596863E-03 3.881335401E-03
 4.365331151E-03 4.899278001E-03 5.483667512E-03 6.119023604E-03 6.806235829E-03
 7.546078692E-03 8.338987454E-03 9.185217836E-03 1.008507919E-02 1.103900906E-02
 1.204751361E-02 1.311093133E-02 1.422931772E-02 1.540268402E-02 1.663114677E-02
 1.791509687E-02 1.925510077E-02 2.065102860E-02 2.210181476E-02 2.360664589E-02
 2.516574088E-02 2.677957113E-02 2.844788600E-02 3.016983954E-02 3.194463995E-02
 3.377173831E-02 3.565050911E-02 3.758018681E-02 3.955998929E-02 4.158909184E-02
 4.366663887E-02 4.579188198E-02 4.796416443E-02 5.018275423E-02 5.244654737E-02
 5.475417021E-02 5.710423622E-02 5.949549949E-02 6.192698648E-02 6.439780267E-02
 6.690704241E-02 6.945372407E-02 7.203663837E-02 7.465446004E-02 7.730584675E-02
 7.998942503E-02 8.270395177E-02 8.544851513E-02 8.822240183E-02 9.102503427E-02
 9.385586104E-02 9.671405407E-02 9.959829752E-02 1.025071347E-01 1.054391530E-01
 1.083929599E-01 1.113672065E-01 1.143608773E-01 1.173733954E-01 1.204042922E-01
 1.234530674E-01 1.265192091E-01 1.296022458E-01 1.327016780E-01 1.358168222E-01
 1.389469026E-01 1.420911407E-01 1.452487452E-01 1.484189268E-01 1.516009166E-01
 1.547940180E-01 1.579977048E-01 1.612115786E-01 1.644352682E-01 1.676683937E-01
 1.709105787E-01 1.741614649E-01 1.774207368E-01 1.806881290E-01 1.839633788E-01
 1.872461993E-01 1.905362873E-01 1.938333052E-01 1.971368795E-01 2.004466360E-01
 2.037622483E-01 2.070835853E-01 2.104097078E-01 2.188133989E-02 2.054318406E-02
 1.924913307E-02 1.800628622E-02 1.681380433E-02 1.567235546E-02 1.458268520E-02
 1.354537479E-02 1.256058829E-02 1.162817420E-02 1.074798111E-02 9.919878335E-03
 9.143610590E-03 8.418775329E-03 7.744845977E-03 7.121118115E-03 6.546663690E-03
 6.020394531E-03 5.541201478E-03 5.108037513E-03 4.719952349E-03 4.376132872E-03
 4.075829739E-03 3.818272238E-03 3.602824596E-03 3.429212467E-03 3.297298170E-03
 3.206931652E-03 3.158165294E-03 3.151296315E-03 3.186739416E-03 3.264971654E-03
 3.386519617E-03 3.551918577E-03 3.761783547E-03 4.016885110E-03 4.317996286E-03
 4.665817666E-03 5.060960609E-03 5.503949270E-03 5.995442018E-03 6.536251267E-03
 7.126950481E-03 7.767857708E-03 8.459575280E-03 9.203033566E-03 9.998843040E-03
 1.084727770E-02 1.174849479E-02 1.270278562E-02 1.371057795E-02 1.477233204E-02
 1.588825128E-02 1.705828581E-02 1.828240934E-02 1.956073974E-02 2.089374112E-02
 2.228194836E-02 2.372497101E-02 2.522157968E-02 2.677104396E-02 2.837369627E-02
 3.002999872E-02 3.173959522E-02 3.350158289E-02 3.531516198E-02 3.717977833E-02
 3.909479912E-02 4.105945550E-02 4.307296260E-02 4.513449548E-02 4.724320141E-02
 4.939834103E-02 5.159927150E-02 5.384529649E-02 5.613536560E-02 5.846813260E-02
 6.084221589E-02 6.325635244E-02 6.570955958E-02 6.820097247E-02 7.072972277E-02
 7.329489126E-02 7.589535256E-02 7.852982145E-02 8.119699194E-02 8.389552853E-02
 8.662414904E-02 8.938189596E-02 9.216804137E-02 9.498200726E-02 9.782329023E-02
 1.006912529E-01 1.035847778E-01 1.065024658E-01 1.094429195E-01 1.124047856E-01
 1.153867161E-01 1.183875279E-01 1.214065114E-01 1.244432116E-01 1.274971845E-01
 1.305679521E-01 1.336550559E-01 1.367580664E-01 1.398764460E-01 1.430094847E-01
 1.461564371E-01 1.493165541E-01 1.524890747E-01 1.556732484E-01 1.588683522E-01
 1.620737657E-01 1.652890438E-01 1.685138280E-01 1.717477705E-01 1.749905160E-01
 1.782417167E-01 1.815010456E-01 1.847682218E-01 1.880430063E-01 1.913251500E-01
 1.946143826E-01 1.979104178E-01 2.012129314E-01 2.045215634E-01 2.078359859E-01
 2.111560403E-01 2.144807692E-01 2.227204690E-02 2.096990284E-02 1.971182646E-02
 1.850532656E-02 1.734970689E-02 1.624555461E-02 1.519364226E-02 1.419423147E-02
 1.324722559E-02 1.235256412E-02 1.151025023E-02 1.072017296E-02 9.982079401E-03
 9.295611084E-03 8.660247553E-03 8.075230248E-03 7.539600672E-03 7.052339757E-03
 6.612481168E-03 6.219124324E-03 5.871511998E-03 5.568974854E-03 5.310784180E-03
 5.096165638E-03 4.924694720E-03 4.796223992E-03 4.710495953E-03 4.667349429E-03
 4.666916897E-03 4.709496251E-03 4.795428695E-03 4.925105730E-03 5.098926809E-03
 5.317294035E-03 5.580816273E-03 5.890209447E-03 6.246121433E-03 6.649108586E-03
 7.099608933E-03 7.598038278E-03 8.145123077E-03 8.741578427E-03 9.387751319E-03
 1.008386542E-02 1.083071733E-02 1.162917548E-02 1.247964464E-02 1.338222840E-02
 1.433702777E-02 1.534433278E-02 1.640457298E-02 1.751814575E-02 1.868510784E-02
 1.990532745E-02 2.117875960E-02 2.250554420E-02 2.388622208E-02 2.532125557E-02
 2.680997521E-02 2.835102791E-02 2.994380634E-02 3.158874657E-02 3.328628178E-02
 3.503595113E-02 3.683680314E-02 3.868803563E-02 4.058909088E-02 4.253932997E-02
 4.453798199E-02 4.658426062E-02 4.867734168E-02 5.081637546E-02 5.300063115E-02
 5.522947863E-02 5.750225427E-02 5.981796253E-02 6.217528721E-02 6.457285432E-02
 6.700938831E-02 6.948388790E-02 7.199551389E-02 7.454343189E-02 7.712677507E-02
 7.974450551E-02 8.239538394E-02 8.507813627E-02 8.779146765E-02 9.053408385E-02
 9.330496097E-02 9.610335479E-02 9.892868118E-02 1.017804579E-01 1.046581762E-01
 1.075609560E-01 1.104874896E-01 1.134363983E-01 1.164063554E-01 1.193960446E-01
 1.224041984E-01 1.254299044E-01 1.284726727E-01 1.315321059E-01 1.346077748E-01
 1.376992347E-01 1.408060803E-01 1.439278979E-01 1.470640927E-01 1.502139554E-01
 1.533767721E-01 1.565518189E-01 1.597383673E-01 1.629357033E-01 1.661431507E-01
 1.693601687E-01 1.725863801E-01 1.758214611E-01 1.790650857E-01 1.823169226E-01
 1.855766504E-01 1.888439698E-01 1.921186322E-01 1.954004232E-01 1.986891061E-01
 2.019844272E-01 2.052861159E-01 2.085938553E-01 2.119073241E-01 2.152263571E-01
 2.185499884E-01
 1.029999912E+00 1.036705293E+00 1.043066438E+00 1.049305101E+00 1.055430763E+00
 1.061453947E+00 1.067384252E+00 1.073231673E+00 1.079006337E+00 1.084718232E+00
 1.090377568E+00 1.095994459E+00 1.101578279E+00 1.107139377E+00 1.112688115E+00
 1.118234187E+00 1.123787507E+00 1.129358194E+00 1.134956246E+00 1.140591829E+00
 1.146274894E+00 1.152015449E+00 1.157823537E+00 1.163709143E+00 1.169682030E+00
 1.175752322E+00 1.181930396E+00 1.188226011E+00 1.194649273E+00 1.201210051E+00
 1.207918202E+00 1.214784155E+00 1.221817993E+00 1.229029250E+00 1.236427857E+00
 1.244024339E+00 1.251828742E+00 1.259850699E+00 1.268100364E+00 1.276587805E+00
 1.285323085E+00 1.294315976E+00 1.303576490E+00 1.313115143E+00 1.322941889E+00
 1.333066194E+00 1.343498011E+00 1.354247805E+00 1.365325749E+00 1.376741596E+00
 1.388505206E+00 1.400626775E+00 1.413116177E+00 1.425983558E+00 1.439238916E+00
 1.452892094E+00 1.466953244E+00 1.481432759E+00 1.496340589E+00 1.511686023E+00
 1.527479421E+00 1.543731155E+00 1.560451295E+00 1.577649421E+00 1.595335252E+00
 1.613519229E+00 1.632211319E+00 1.651421695E+00 1.671160573E+00 1.691437697E+00
 1.712262853E+00 1.733645905E+00 1.755597456E+00 1.778127634E+00 1.801245744E+00
 1.824962124E+00 1.849287096E+00 1.874230191E+00 1.899801548E+00 1.926011400E+00
 1.952869563E+00 1.980386171E+00 2.008571333E+00 2.037434829E+00 2.066986672E+00
 2.097236993E+00 2.128195834E+00 2.159873200E+00 2.192279052E+00 2.225423309E+00
 2.259316207E+00 2.293967715E+00 2.329387752E+00 2.365586635E+00 2.402573912E+00
 2.440359728E+00 2.478953982E+00 2.518367126E+00 2.558609163E+00 2.599689788E+00
 2.641618845E+00 2.684406474E+00 2.728063471E+00 2.772599119E+00 2.818023652E+00
 2.864346294E+00 2.911577864E+00 2.959728556E+00 3.008808097E+00 3.058826728E+00
 3.109793688E+00 3.161719848E+00 3.214612564E+00 3.268482069E+00 3.323360155E+00
 3.379305202E+00 3.436338284E+00 3.494310672E+00 3.552800848E+00 3.611143508E+00
 3.668647898E+00 3.724980122E+00 3.780632501E+00 3.837397165E+00 3.898786619E+00
 3.970422154E+00 4.060581147E+00 4.180980852E+00 4.349193149E+00
  300    5
 2.300000359E+00-1.034563662E-07 2.299888324E+00 9.920818250E-03 2.299552409E+00
 1.983638219E-02 2.298993523E+00 2.974128132E-02 2.298213293E+00 3.963032460E-02
 2.297213017E+00 4.949839251E-02 2.295994287E+00 5.934047177E-02 2.294559645E+00
 6.915177428E-02 2.292912429E+00 7.892780454E-02 2.291056232E+00 8.866433540E-02
 2.288993856E+00 9.835720757E-02 2.286729086E+00 1.080026552E-01 2.284266962E+00
 1.175974820E-01 2.281611395E+00 1.271385316E-01 2.278766028E+00 1.366228228E-01
 2.275735157E+00 1.460478202E-01 2.272523747E+00 1.554115168E-01 2.269137063E+00
 1.647123809E-01 2.265579348E+00 1.739488763E-01 2.261854545E+00 1.831196519E-01
 2.257966786E+00 1.922237337E-01 2.253920928E+00 2.012608128E-01 2.249722054E+00
 2.102311039E-01 2.245373322E+00 2.191342666E-01 2.240877931E+00 2.279702527E-01
 2.236240660E+00 2.367402210E-01 2.231464907E+00 2.454449795E-01 2.226552664E+00
 2.540848000E-01 2.221507602E+00 2.626612946E-01 2.216333418E+00 2.711765378E-01
 2.211031341E+00 2.796312870E-01 2.205603048E+00 2.880268484E-01 2.200051684E+00
 2.963659831E-01 2.194378786E+00 3.046506405E-01 2.188584702E+00 3.128820861E-01
 2.182671034E+00 3.210629282E-01 2.176639289E+00 3.291961204E-01 2.170489518E+00
 3.372836572E-01 2.164221627E+00 3.453276744E-01 2.157835739E+00 3.533308507E-01
 2.151331673E+00 3.612959273E-01 2.144708872E+00 3.692256104E-01 2.137966212E+00
 3.771223176E-01 2.131102397E+00 3.849885961E-01 2.124116380E+00 3.928276996E-01
 2.117006503E+00 4.006425471E-01 2.109770383E+00 4.084354683E-01 2.102405859E+00
 4.162094920E-01 2.094910577E+00 4.239678523E-01 2.087281158E+00 4.317126545E-01
 2.079514227E+00 4.394463839E-01 2.071606766E+00 4.471726625E-01 2.063555010E+00
 4.548944269E-01 2.055354653E+00 4.626141542E-01 2.047001313E+00 4.703347584E-01
 2.038490179E+00 4.780589182E-01 2.029815968E+00 4.857889314E-01 2.020973290E+00
 4.935275495E-01 2.011956352E+00 5.012773540E-01 2.002758824E+00 5.090403484E-01
 1.993374325E+00 5.168192959E-01 1.983796103E+00 5.246170067E-01 1.974016770E+00
 5.324354274E-01 1.964028310E+00 5.402753763E-01 1.953822594E+00 5.481383111E-01
 1.943391363E+00 5.560267054E-01 1.932725534E+00 5.639410406E-01 1.921815726E+00
 5.718818187E-01 1.910652199E+00 5.798493812E-01 1.899224750E+00 5.878430939E-01
 1.887522827E+00 5.958618094E-01 1.875535583E+00 6.039042421E-01 1.863251744E+00
 6.119670665E-01 1.850659834E+00 6.200460870E-01 1.837748227E+00 6.281363718E-01
 1.824505193E+00 6.362310598E-01 1.810919046E+00 6.443217913E-01 1.796978352E+00
 6.523968877E-01 1.782672141E+00 6.604426522E-01 1.767990270E+00 6.684413347E-01
 1.752923521E+00 6.763737365E-01 1.737464527E+00 6.842131567E-01 1.721608249E+00
 6.919272981E-01 1.705352462E+00 6.994788987E-01 1.688699007E+00 7.068220620E-01
 1.671655031E+00 7.139010144E-01 1.654234273E+00 7.206494681E-01 1.636459397E+00
 7.269865406E-01 1.618363562E+00 7.328174657E-01 1.599992626E+00 7.380322251E-01
 1.581408503E+00 7.425015665E-01 1.562691435E+00 7.460780188E-01 1.543942790E+00
 7.485955255E-01 1.525285286E+00 7.498760646E-01 1.506863714E+00 7.497333059E-01
 1.488841591E+00 7.479844580E-01 1.471394529E+00 7.444656101E-01 1.454700505E+00
 7.390487009E-01 1.438926114E+00 7.316609980E-01 1.424211918E+00 7.223002256E-01
 1.410660701E+00 7.110398206E-01 1.398329749E+00 6.980252183E-01 1.387227358E+00
 6.834634256E-01 1.377319694E+00 6.675987888E-01 1.368540195E+00 6.506903374E-01
 1.360798491E+00 6.329947539E-01 1.353993953E+00 6.147471316E-01 1.348022796E+00
 5.961543258E-01 1.342784003E+00 5.773914497E-01 1.338184672E+00 5.586001393E-01
 1.334140404E+00 5.398930208E-01 1.330575962E+00 5.213572373E-01 1.327426981E+00
 5.030564686E-01 1.324637847E+00 4.850365325E-01 1.322160508E+00 4.673291416E-01
 1.319953311E+00 4.499550290E-01 1.317980604E+00 4.329258993E-01 1.316213115E+00
 4.162454753E-01 1.314625213E+00 3.999129051E-01 1.313195100E+00 3.839232908E-01
 1.311904191E+00 3.682687752E-01 1.310736256E+00 3.529396081E-01 1.309676665E+00
 3.379249484E-01 1.308714392E+00 3.232117871E-01 1.307839071E+00 3.087871438E-01
 1.307041480E+00 2.946377923E-01 1.306313975E+00 2.807501010E-01 1.305649048E+00
 2.671108929E-01 1.305040963E+00 2.537065860E-01 1.304485272E+00 2.405235617E-01
 1.303977376E+00 2.275488739E-01 1.303512947E+00 2.147699747E-01 1.303088222E+00
 2.021745649E-01 1.302700388E+00 1.897504549E-01 1.302346923E+00 1.774858341E-01
 1.302025028E+00 1.653694240E-01 1.301732220E+00 1.533902144E-01 1.301466904E+00
 1.415372926E-01 1.301227876E+00 1.298000164E-01 1.301013759E+00 1.181681345E-01
 1.300822774E+00 1.066317676E-01 1.300653306E+00 9.518121982E-02 1.300504787E+00
 8.380681588E-02 1.300376962E+00 7.249907576E-02 1.300268727E+00 6.124884575E-02
 1.300179397E+00 5.004705084E-02 1.300108242E+00 3.888473955E-02 1.300054699E+00
 2.775303375E-02 1.300019697E+00 1.664307247E-02 1.300002787E+00 5.546166149E-03
 1.300002787E+00-5.546373060E-03 1.300019698E+00-1.664327937E-02 1.300054700E+00
-2.775324062E-02 1.300108243E+00-3.888494638E-02 1.300179399E+00-5.004725761E-02
 1.300268728E+00-6.124905245E-02 1.300376964E+00-7.249928238E-02 1.300504789E+00
-8.380702239E-02 1.300653309E+00-9.518142622E-02 1.300822777E+00-1.066319738E-01
 1.301013762E+00-1.181683406E-01 1.301227880E+00-1.298002223E-01 1.301466908E+00
-1.415374983E-01 1.301732225E+00-1.533904199E-01 1.302025033E+00-1.653696293E-01
 1.302346929E+00-1.774860391E-01 1.302700394E+00-1.897506596E-01 1.303088229E+00
-2.021747693E-01 1.303512954E+00-2.147701787E-01 1.303977383E+00-2.275490775E-01
 1.304485280E+00-2.405237648E-01 1.305040971E+00-2.537067886E-01 1.305649057E+00
-2.671110949E-01 1.306313985E+00-2.807503025E-01 1.307041491E+00-2.946379930E-01
 1.307839082E+00-3.087873438E-01 1.308714405E+00-3.232119862E-01 1.309676678E+00
-3.379251466E-01 1.310736270E+00-3.529398052E-01 1.311904206E+00-3.682689710E-01
 1.313195117E+00-3.839234853E-01 1.314625231E+00-3.999130981E-01 1.316213135E+00
-4.162456664E-01 1.317980625E+00-4.329260884E-01 1.319953334E+00-4.499552158E-01
 1.322160533E+00-4.673293259E-01 1.324637873E+00-4.850367137E-01 1.327427010E+00
-5.030566464E-01 1.330575993E+00-5.213574111E-01 1.334140438E+00-5.398931900E-01
 1.338184710E+00-5.586003032E-01 1.342784044E+00-5.773916076E-01 1.348022841E+00
-5.961544767E-01 1.353994002E+00-6.147472745E-01 1.360798545E+00-6.329948878E-01
 1.368540254E+00-6.506904610E-01 1.377319758E+00-6.675989011E-01 1.387227427E+00
-6.834635256E-01 1.398329823E+00-6.980253054E-01 1.410660779E+00-7.110398941E-01
 1.424212000E+00-7.223002856E-01 1.438926199E+00-7.316610448E-01 1.454700593E+00
-7.390487352E-01 1.471394617E+00-7.444656331E-01 1.488841679E+00-7.479844709E-01
 1.506863800E+00-7.497333103E-01 1.525285370E+00-7.498760618E-01 1.543942871E+00
-7.485955171E-01 1.562691513E+00-7.460780060E-01 1.581408577E+00-7.425015505E-01
 1.599992695E+00-7.380322068E-01 1.618363627E+00-7.328174460E-01 1.636459457E+00
-7.269865203E-01 1.654234328E+00-7.206494477E-01 1.671655080E+00-7.139009945E-01
 1.688699051E+00-7.068220429E-01 1.705352501E+00-6.994788808E-01 1.721608284E+00
-6.919272818E-01 1.737464556E+00-6.842131422E-01 1.752923546E+00-6.763737239E-01
 1.767990290E+00-6.684413243E-01 1.782672156E+00-6.604426441E-01 1.796978362E+00
-6.523968819E-01 1.810919052E+00-6.443217881E-01 1.824505194E+00-6.362310591E-01
 1.837748224E+00-6.281363738E-01 1.850659827E+00-6.200460917E-01 1.863251732E+00
-6.119670740E-01 1.875535567E+00-6.039042524E-01 1.887522808E+00-5.958618226E-01
 1.899224727E+00-5.878431100E-01 1.910652173E+00-5.798494002E-01 1.921815696E+00
-5.718818406E-01 1.932725501E+00-5.639410655E-01 1.943391326E+00-5.560267333E-01
 1.953822554E+00-5.481383420E-01 1.964028267E+00-5.402754103E-01 1.974016724E+00
-5.324354644E-01 1.983796054E+00-5.246170467E-01 1.993374272E+00-5.168193390E-01
 2.002758769E+00-5.090403946E-01 2.011956294E+00-5.012774034E-01 2.020973230E+00
-4.935276020E-01 2.029815905E+00-4.857889870E-01 2.038490114E+00-4.780589769E-01
 2.047001245E+00-4.703348203E-01 2.055354583E+00-4.626142193E-01 2.063554939E+00
-4.548944951E-01 2.071606692E+00-4.471727339E-01 2.079514151E+00-4.394464586E-01
 2.087281080E+00-4.317127324E-01 2.094910498E+00-4.239679335E-01 2.102405779E+00
-4.162095765E-01 2.109770301E+00-4.084355560E-01 2.117006419E+00-4.006426381E-01
 2.124116295E+00-3.928277939E-01 2.131102310E+00-3.849886937E-01 2.137966124E+00
-3.771224186E-01 2.144708784E+00-3.692257146E-01 2.151331585E+00-3.612960349E-01
 2.157835649E+00-3.533309617E-01 2.164221537E+00-3.453277888E-01 2.170489428E+00
-3.372837749E-01 2.176639198E+00-3.291962414E-01 2.182670943E+00-3.210630527E-01
 2.188584611E+00-3.128822139E-01 2.194378695E+00-3.046507717E-01 2.200051593E+00
-2.963661176E-01 2.205602958E+00-2.880269863E-01 2.211031251E+00-2.796314282E-01
 2.216333329E+00-2.711766824E-01 2.221507513E+00-2.626614425E-01 2.226552576E+00
-2.540849512E-01 2.231464821E+00-2.454451340E-01 2.236240575E+00-2.367403787E-01
 2.240877847E+00-2.279704136E-01 2.245373240E+00-2.191344306E-01 2.249721974E+00
-2.102312710E-01 2.253920850E+00-2.012609829E-01 2.257966711E+00-1.922239068E-01
 2.261854472E+00-1.831198279E-01 2.265579277E+00-1.739490551E-01 2.269136995E+00
-1.647125625E-01 2.272523682E+00-1.554117010E-01 2.275735095E+00-1.460480069E-01
 2.278765969E+00-1.366230119E-01 2.281611339E+00-1.271387230E-01 2.284266910E+00
-1.175976756E-01 2.286729038E+00-1.080028508E-01 2.288993812E+00-9.835740506E-02
 2.291056192E+00-8.866453462E-02 2.292912393E+00-7.892800534E-02 2.294559614E+00
-6.915197648E-02 2.295994259E+00-5.934067520E-02 2.297212993E+00-4.949859699E-02
 2.298213275E+00-3.963052996E-02 2.298993509E+00-2.974148736E-02 2.299552400E+00
-1.983658871E-02 2.299888319E+00-9.921025063E-03 2.300000359E+00-1.034563663E-07
 1.250015066E+00-7.874924724E-01 2.349986891E+00-7.874924724E-01 2.349986891E+00
 7.874924563E-01 1.250015066E+00 7.874924563E-01 1.250015066E+00-7.874924724E-01
 
    3.04016480E-02 abs(PSI-AXIS) --> [T M**2]    -1.47752009E-01
    1.01516040E+00 R OF MAGAXE --> [M]       1.82728872E+00
   -4.47294465E-09 Z OF MAGAXE --> [M]      -8.05130036E-09
   -5.74757590E-08 Z0 --> [M]      -1.03456366E-07
    1.80000000E+00 R0 [M] USED FOR CONVERTING TO MKSA
    1.50000000E+00 B0 [T] USED FOR CONVERTING TO MKSA
    1.00000000E+00 SIGN OF B0 IN EXPERIMENT (CHEASE ASSUMES 1.0) 
    2.78549887E-01 TOTAL CURRENT --> [A]     5.98489984E+05
    1.00000000E+00 SIGN OF IP IN EXPERIMENT (CHEASE ASSUMES 1.0) 
    1.50000114E+00 b/a
    1.02999991E+00 Q_ZERO, USING SIGNS OF IP AND B0, WOULD GIVE:     1.02999991E+00
    4.34919315E+00 Q_EDGE, USING SIGNS OF IP AND B0, WOULD GIVE:     4.34919315E+00
    7.64175923E-01 POLOIDAL BETA
    1.41233128E-02 BETA_EXP=<P>*2*MU0/B0**2
    7.43323522E-01 LI
    1.69759096E-02 PRESSURE ON AXIS --> [Pa]     3.03952493E+04  --> [10**19 M**-3 KEV]:     1.89733141E+01
    1.25867567E-02 BETA
    1.64259559E-02 BETA* (SQRT(<P**2>))
    3.41246531E-02 BETA-AXIS=2p0/(T0/Rmag)^2;      with Rmag->Rgeo(LCFS):    3.31130480E-02
   -3.04016480E-02 PSI-AXIS --> [T M**2]    -1.47752009E-01
   -1.91019188E-01 2*PI*PSI-AXIS -->        -9.28353253E-01
   -3.04016480E-02 IP_SIGN*PSI-AXIS --> [T M**2]    -1.47752009E-01
   -1.91019188E-01 IP_SIGN*2*PI*PSI-AXIS -->        -9.28353253E-01
    3.60000221E+00 ASPECT RATIO ; a/R=     2.77777608E-01
    2.09908330E+00 VOLUME ->     1.22418538E+01
    3.47491800E-01 AREA   ->     1.12587343E+00
    1.33638184E+01 SURFACE   ->     4.32987716E+01
    2.23030722E+00 LENGTH ->     4.01455299E+00
    7.22223770E-01 RMIN -> RMIN [m]     1.30000279E+00
    1.27777798E+00 RMAX -> RMAX [m]     2.30000036E+00
   -4.16597812E-01 ZMIN -> ZMIN [m]    -7.49876062E-01
    4.16597814E-01 ZMAX -> ZMAX [m]     7.49876065E-01
    1.00000087E+00 RGEOM -> RGEOM [m]     1.80000157E+00
    2.77777103E-01 MINOR RADIUS -> A [m]     4.99998786E-01
