      FROM CHEASE BUT COCOS=02 ,SI UNITS20260225   3 129 129
 1.099995462E+00 1.574999690E+00 1.800000000E+00 1.250003789E+00-1.939435701E-09
 1.876131442E+00-1.939435701E-09-1.467973162E-01 0.000000000E+00 1.500000000E+00
 4.803464278E+05-1.467973162E-01 0.000000000E+00 1.876131442E+00 0.000000000E+00
-1.939435701E-09 0.000000000E+00 0.000000000E+00 0.000000000E+00 0.000000000E+00
 2.721579025E+00 2.720354571E+00 2.719156204E+00 2.717983179E+00 2.716834823E+00
 2.715710533E+00 2.714609761E+00 2.713532019E+00 2.712476875E+00 2.711443944E+00
 2.710432891E+00 2.709443422E+00 2.708475278E+00 2.707528247E+00 2.706602155E+00
 2.705696850E+00 2.704812217E+00 2.703948170E+00 2.703104651E+00 2.702281626E+00
 2.701479084E+00 2.700697034E+00 2.699935505E+00 2.699194543E+00 2.698474205E+00
 2.697774562E+00 2.697095715E+00 2.696437749E+00 2.695800771E+00 2.695184887E+00
 2.694590207E+00 2.694016852E+00 2.693464946E+00 2.692934582E+00 2.692425873E+00
 2.691938933E+00 2.691473862E+00 2.691030733E+00 2.690609629E+00 2.690210612E+00
 2.689833733E+00 2.689479019E+00 2.689146480E+00 2.688836129E+00 2.688547939E+00
 2.688281846E+00 2.688037780E+00 2.687815657E+00 2.687615367E+00 2.687436754E+00
 2.687279642E+00 2.687143843E+00 2.687029124E+00 2.686935235E+00 2.686861901E+00
 2.686808802E+00 2.686775609E+00 2.686761972E+00 2.686767497E+00 2.686791752E+00
 2.686834303E+00 2.686894697E+00 2.686972446E+00 2.687067026E+00 2.687177898E+00
 2.687304522E+00 2.687446324E+00 2.687602717E+00 2.687773100E+00 2.687956850E+00
 2.688153324E+00 2.688361874E+00 2.688581860E+00 2.688812615E+00 2.689053454E+00
 2.689303705E+00 2.689562691E+00 2.689829716E+00 2.690104096E+00 2.690385143E+00
 2.690672168E+00 2.690964486E+00 2.691261414E+00 2.691562271E+00 2.691866381E+00
 2.692173075E+00 2.692481695E+00 2.692791585E+00 2.693102096E+00 2.693412591E+00
 2.693722443E+00 2.694031033E+00 2.694337750E+00 2.694642001E+00 2.694943191E+00
 2.695240748E+00 2.695534103E+00 2.695822708E+00 2.696106018E+00 2.696383500E+00
 2.696654631E+00 2.696918904E+00 2.697175828E+00 2.697424908E+00 2.697665670E+00
 2.697897641E+00 2.698120372E+00 2.698333417E+00 2.698536337E+00 2.698728705E+00
 2.698910097E+00 2.699080103E+00 2.699238313E+00 2.699384354E+00 2.699517891E+00
 2.699638560E+00 2.699745807E+00 2.699838790E+00 2.699916458E+00 2.699977818E+00
 2.700022298E+00 2.700050087E+00 2.700062379E+00 2.700061485E+00 2.700050799E+00
 2.700034606E+00 2.700017704E+00 2.700004883E+00 2.700000000E+00
 3.020043867E+04 3.019675203E+04 3.018569399E+04 3.016726849E+04 3.014148225E+04
 3.010834459E+04 3.006786777E+04 3.002006658E+04 2.996495860E+04 2.990256405E+04
 2.983290595E+04 2.975600994E+04 2.967190435E+04 2.958062029E+04 2.948219145E+04
 2.937665426E+04 2.926404797E+04 2.914441443E+04 2.901779798E+04 2.888424605E+04
 2.874380854E+04 2.859653819E+04 2.844249029E+04 2.828172285E+04 2.811429668E+04
 2.794027511E+04 2.775972440E+04 2.757271340E+04 2.737931378E+04 2.717959974E+04
 2.697364819E+04 2.676153867E+04 2.654335362E+04 2.631917811E+04 2.608910005E+04
 2.585320974E+04 2.561160014E+04 2.536436737E+04 2.511160993E+04 2.485342905E+04
 2.458992853E+04 2.432121535E+04 2.404739866E+04 2.376859050E+04 2.348490575E+04
 2.319646173E+04 2.290337883E+04 2.260577969E+04 2.230378985E+04 2.199753773E+04
 2.168715408E+04 2.137277279E+04 2.105452993E+04 2.073256478E+04 2.040701896E+04
 2.007803704E+04 1.974576628E+04 1.941035632E+04 1.907195980E+04 1.873073192E+04
 1.838683080E+04 1.804041691E+04 1.769165370E+04 1.734070722E+04 1.698774619E+04
 1.663294218E+04 1.627646925E+04 1.591850426E+04 1.555922677E+04 1.519881901E+04
 1.483746594E+04 1.447535533E+04 1.411267741E+04 1.374962527E+04 1.338639473E+04
 1.302318421E+04 1.266019492E+04 1.229763071E+04 1.193569796E+04 1.157460617E+04
 1.121456724E+04 1.085579565E+04 1.049850893E+04 1.014292715E+04 9.789272912E+03
 9.437771972E+03 9.088652243E+03 8.742144682E+03 8.398482728E+03 8.057902754E+03
 7.720643735E+03 7.386947553E+03 7.057058304E+03 6.731223131E+03 6.409691693E+03
 6.092716433E+03 5.780552550E+03 5.473457652E+03 5.171692825E+03 4.875520969E+03
 4.585208301E+03 4.301023116E+03 4.023237162E+03 3.752124374E+03 3.487961413E+03
 3.231028011E+03 2.981605946E+03 2.739980685E+03 2.506439054E+03 2.281271828E+03
 2.064771696E+03 1.857234344E+03 1.658958603E+03 1.470244803E+03 1.291397374E+03
 1.122722145E+03 9.645287672E+02 8.171290232E+02 6.808370332E+02 5.559708869E+02
 4.428496285E+02 3.417966728E+02 2.531371172E+02 1.771986336E+02 1.143129076E+02
 6.481229579E+01 2.903367817E+01 7.315885616E+00 0.000000000E+00
-2.937712425E+00-2.873183339E+00-2.810969325E+00-2.750522336E+00-2.691662202E+00
-2.634229274E+00-2.578096638E+00-2.523113355E+00-2.469156053E+00-2.416120070E+00
-2.363873190E+00-2.312334055E+00-2.261418984E+00-2.210998783E+00-2.161016371E+00
-2.111404213E+00-2.062068536E+00-2.012954496E+00-1.963990605E+00-1.915124540E+00
-1.866308021E+00-1.817478000E+00-1.768615329E+00-1.719654283E+00-1.670597528E+00
-1.621363992E+00-1.571950523E+00-1.522355386E+00-1.472533091E+00-1.422497030E+00
-1.372232562E+00-1.321685765E+00-1.270929465E+00-1.219974891E+00-1.168766275E+00
-1.117330313E+00-1.065726942E+00-1.013967664E+00-9.620559897E-01-9.100387087E-01
-8.579429676E-01-8.058425156E-01-7.537263046E-01-7.016257445E-01-6.496716716E-01
-5.978909355E-01-5.462967755E-01-4.949421329E-01-4.439060981E-01-3.932837653E-01
-3.430913536E-01-2.933894183E-01-2.442811748E-01-1.957769482E-01-1.479710343E-01
-1.009547212E-01-5.470830606E-02-9.338489064E-03 3.505251731E-02 7.842746953E-02
 1.207690360E-01 1.620254960E-01 2.020806635E-01 2.408992532E-01 2.784516154E-01
 3.147149255E-01 3.496159598E-01 3.831285323E-01 4.152259255E-01 4.458280534E-01
 4.749298159E-01 5.025182800E-01 5.286107832E-01 5.530908981E-01 5.759984558E-01
 5.973324759E-01 6.170667503E-01 6.351657918E-01 6.516907525E-01 6.665810551E-01
 6.798777414E-01 6.915646547E-01 7.016634938E-01 7.101600270E-01 7.170962470E-01
 7.224610559E-01 7.262998530E-01 7.285927827E-01 7.293906728E-01 7.286893973E-01
 7.265398906E-01 7.229295658E-01 7.179167005E-01 7.114999659E-01 7.037076549E-01
 6.945750171E-01 6.841227401E-01 6.723930842E-01 6.593798833E-01 6.451307797E-01
 6.296528006E-01 6.130136530E-01 5.951994004E-01 5.762451874E-01 5.561706285E-01
 5.350010292E-01 5.127855618E-01 4.895113850E-01 4.652247528E-01 4.399187092E-01
 4.136355242E-01 3.863806381E-01 3.581800470E-01 3.291522625E-01 2.993464339E-01
 2.685233686E-01 2.360607500E-01 2.012955669E-01 1.639869671E-01 1.246875996E-01
 8.481542858E-02 4.649364184E-02 1.228863641E-02-1.515844561E-02-3.346106588E-02
-4.088293027E-02-3.678409902E-02-2.206291474E-02-4.048712853E-12
-1.017498882E-01-6.428528742E+03-1.285481882E+04-1.927646859E+04-2.569081810E+04
-3.209610686E+04-3.848936614E+04-4.486867685E+04-5.123134714E+04-5.757509510E+04
-6.389793590E+04-7.019705339E+04-7.647023323E+04-8.271518866E+04-8.892967419E+04
-9.511108193E+04-1.012571693E+05-1.073656128E+05-1.134340015E+05-1.194601474E+05
-1.254412283E+05-1.313755856E+05-1.372603749E+05-1.430932841E+05-1.488723312E+05
-1.545946029E+05-1.602581088E+05-1.658601276E+05-1.713987166E+05-1.768715250E+05
-1.822760614E+05-1.876100883E+05-1.928708548E+05-1.980561091E+05-2.031639930E+05
-2.081920448E+05-2.131373064E+05-2.179977935E+05-2.227714218E+05-2.274555639E+05
-2.320477223E+05-2.365455159E+05-2.409474101E+05-2.452498835E+05-2.494511681E+05
-2.535491507E+05-2.575407434E+05-2.614243572E+05-2.651974055E+05-2.688571001E+05
-2.724016885E+05-2.758285540E+05-2.791351705E+05-2.823196590E+05-2.853791283E+05
-2.883113137E+05-2.911143473E+05-2.937852132E+05-2.963223116E+05-2.987223910E+05
-3.009838358E+05-3.031039729E+05-3.050804065E+05-3.069110494E+05-3.085931132E+05
-3.101247143E+05-3.115031227E+05-3.127263025E+05-3.137916308E+05-3.146969837E+05
-3.154397170E+05-3.160177379E+05-3.164286020E+05-3.166699464E+05-3.167393703E+05
-3.166346113E+05-3.163531731E+05-3.158929937E+05-3.152514478E+05-3.144261364E+05
-3.134149805E+05-3.122155763E+05-3.108251319E+05-3.092419849E+05-3.074631876E+05
-3.054866010E+05-3.033100871E+05-3.009309311E+05-2.983471396E+05-2.955559437E+05
-2.925552329E+05-2.893424594E+05-2.859158115E+05-2.822722271E+05-2.784101292E+05
-2.743262688E+05-2.700192968E+05-2.654858316E+05-2.607240347E+05-2.557316495E+05
-2.505059895E+05-2.450452981E+05-2.393461374E+05-2.334075639E+05-2.272258171E+05
-2.207997679E+05-2.141260752E+05-2.072028849E+05-2.000282687E+05-1.925985944E+05
-1.849132660E+05-1.769678686E+05-1.687618786E+05-1.602919846E+05-1.515558748E+05
-1.425519586E+05-1.332763324E+05-1.237286883E+05-1.139047434E+05-1.038032008E+05
-9.342196731E+04-8.275717543E+04-7.180877964E+04-6.057213240E+04-4.904615757E+04
-3.722895038E+04-2.511620425E+04-1.270789666E+04 0.000000000E+00
 6.721044004E-02 6.579199556E-02 6.438184899E-02 6.298162738E-02 6.159139928E-02
 6.021120651E-02 5.884088709E-02 5.748024979E-02 5.612927770E-02 5.478832604E-02
 5.345791282E-02 5.213852092E-02 5.083053006E-02 4.953425745E-02 4.825001521E-02
 4.697800655E-02 4.571824276E-02 4.447071706E-02 4.323568767E-02 4.201379872E-02
 4.080572963E-02 3.961180093E-02 3.843194456E-02 3.726614939E-02 3.611489022E-02
 3.497893099E-02 3.385876241E-02 3.275432954E-02 3.166561399E-02 3.059328348E-02
 2.953829368E-02 2.850098831E-02 2.748115125E-02 2.647899123E-02 2.549538932E-02
 2.453106928E-02 2.358624215E-02 2.266104238E-02 2.175575574E-02 2.087095294E-02
 2.000750940E-02 1.916605477E-02 1.834676731E-02 1.754968336E-02 1.677501065E-02
 1.602349975E-02 1.529607145E-02 1.459334150E-02 1.391561364E-02 1.326317679E-02
 1.263679000E-02 1.203704734E-02 1.146401919E-02 1.091815800E-02 1.040022713E-02
 9.910792727E-03 9.450153630E-03 9.018756384E-03 8.617406399E-03 8.246839756E-03
 7.907406895E-03 7.599300800E-03 7.323084682E-03 7.079626483E-03 6.869600519E-03
 6.693300648E-03 6.551041991E-03 6.443468153E-03 6.371333456E-03 6.335267029E-03
 6.335839053E-03 6.373633712E-03 6.449249458E-03 6.563249600E-03 6.716205292E-03
 6.908926533E-03 7.142229562E-03 7.416842359E-03 7.733534188E-03 8.092848162E-03
 8.495303058E-03 8.941768289E-03 9.433398746E-03 9.970927979E-03 1.055476275E-02
 1.118576634E-02 1.186525905E-02 1.259440729E-02 1.337365584E-02 1.420326827E-02
 1.508392203E-02 1.601705364E-02 1.700376742E-02 1.804433412E-02 1.913923323E-02
 2.028933377E-02 2.149557293E-02 2.275869838E-02 2.407887851E-02 2.545627982E-02
 2.689182793E-02 2.838646006E-02 2.994011503E-02 3.155233829E-02 3.322339687E-02
 3.495401941E-02 3.674473852E-02 3.859589120E-02 4.050759743E-02 4.247936721E-02
 4.451039609E-02 4.660005699E-02 4.874815669E-02 5.095463166E-02 5.321935689E-02
 5.554201545E-02 5.792214827E-02 6.035925872E-02 6.285282789E-02 6.540230023E-02
 6.800706867E-02 7.066637460E-02 7.337921599E-02 7.614449559E-02 7.896107119E-02
 8.182783441E-02 8.474422899E-02 8.771127198E-02 9.072185922E-02 6.575938714E-02
 6.433133610E-02 6.291132037E-02 6.150091054E-02 6.010024413E-02 5.870965013E-02
 5.732924864E-02 5.595890387E-02 5.459844266E-02 5.324786292E-02 5.190750251E-02
 5.057787219E-02 4.925945788E-02 4.795264737E-02 4.665776895E-02 4.537513227E-02
 4.410493100E-02 4.284719174E-02 4.160195134E-02 4.036953389E-02 3.915059212E-02
 3.794575923E-02 3.675528806E-02 3.557913053E-02 3.441738133E-02 3.327060647E-02
 3.213953245E-02 3.102451097E-02 2.992548382E-02 2.884262194E-02 2.777673477E-02
 2.672863742E-02 2.569844722E-02 2.468605535E-02 2.369196892E-02 2.271706932E-02
 2.176186699E-02 2.082653112E-02 1.991127548E-02 1.901650674E-02 1.814296367E-02
 1.729145217E-02 1.646236865E-02 1.565583012E-02 1.487196169E-02 1.411126554E-02
 1.337463394E-02 1.266281723E-02 1.197625519E-02 1.131521759E-02 1.068027911E-02
 1.007217604E-02 9.491143147E-03 8.937479206E-03 8.411891613E-03 7.915013885E-03
 7.447233786E-03 7.008938187E-03 6.600840210E-03 6.223681023E-03 5.877923560E-03
 5.563818148E-03 5.281864277E-03 5.032835193E-03 4.817424689E-03 4.636006981E-03
 4.488934803E-03 4.376802078E-03 4.300324322E-03 4.260128978E-03 4.256794679E-03
 4.290911169E-03 4.363083239E-03 4.473895443E-03 4.623945805E-03 4.814018335E-03
 5.044906484E-03 5.317350579E-03 5.632116890E-03 5.989791571E-03 6.390972875E-03
 6.836552099E-03 7.327620203E-03 7.864875211E-03 8.448846355E-03 9.080491599E-03
 9.761119457E-03 1.049176375E-02 1.127287365E-02 1.210484929E-02 1.298858740E-02
 1.392552570E-02 1.491652217E-02 1.596190304E-02 1.706234637E-02 1.821877627E-02
 1.943212350E-02 2.070298054E-02 2.203147754E-02 2.341810148E-02 2.486390522E-02
 2.636947575E-02 2.793451984E-02 2.955888398E-02 3.124314926E-02 3.298799275E-02
 3.479384309E-02 3.666097619E-02 3.858923060E-02 4.057792282E-02 4.262632899E-02
 4.473410127E-02 4.690114665E-02 4.912738284E-02 5.141257036E-02 5.375629336E-02
 5.615806255E-02 5.861736494E-02 6.113365347E-02 6.370633274E-02 6.633468738E-02
 6.901776566E-02 7.175447424E-02 7.454366877E-02 7.738425919E-02 8.027538481E-02
 8.321660497E-02 8.620894046E-02 8.924520923E-02 6.431765977E-02 6.288006088E-02
 6.145031082E-02 6.002988135E-02 5.861888940E-02 5.721774197E-02 5.582682250E-02
 5.444626340E-02 5.307594113E-02 5.171568293E-02 5.036549776E-02 4.902573161E-02
 4.769690281E-02 4.637950138E-02 4.507391820E-02 4.378049321E-02 4.249954246E-02
 4.123124934E-02 3.997563879E-02 3.873277986E-02 3.750306743E-02 3.628718525E-02
 3.508572662E-02 3.389887172E-02 3.272657936E-02 3.156905672E-02 3.042696033E-02
 2.930097293E-02 2.819131088E-02 2.709792981E-02 2.602121485E-02 2.496207067E-02
 2.392111678E-02 2.289831301E-02 2.189374116E-02 2.090814364E-02 1.994231059E-02
 1.899657762E-02 1.807113048E-02 1.716627558E-02 1.628256968E-02 1.542083833E-02
 1.458171412E-02 1.376544401E-02 1.297215443E-02 1.220215756E-02 1.145621427E-02
 1.073516207E-02 1.003956861E-02 9.369765025E-03 8.726178292E-03 8.109547995E-03
 7.520311442E-03 6.958701933E-03 6.425325434E-03 5.920852221E-03 5.445765193E-03
 5.000456052E-03 4.585543248E-03 4.201737924E-03 3.849583994E-03 3.529444412E-03
 3.241784841E-03 2.987271057E-03 2.766563798E-03 2.580097479E-03 2.428268157E-03
 2.311626985E-03 2.230832620E-03 2.186497410E-03 2.179203226E-03 2.209543190E-03
 2.278127779E-03 2.385565244E-03 2.532485888E-03 2.719651343E-03 2.947842405E-03
 3.217824437E-03 3.530381895E-03 3.886181824E-03 4.285913021E-03 4.730440311E-03
 5.220774594E-03 5.757623036E-03 6.341643474E-03 6.973845469E-03 7.655480870E-03
 8.387475451E-03 9.170333223E-03 1.000461098E-02 1.089139093E-02 1.183202773E-02
 1.282720281E-02 1.387737416E-02 1.498336782E-02 1.614614332E-02 1.736659334E-02
 1.864516186E-02 1.998206377E-02 2.137809540E-02 2.283426494E-02 2.435077901E-02
 2.592732154E-02 2.756413163E-02 2.926192949E-02 3.102127878E-02 3.284255013E-02
 3.472587250E-02 3.667078999E-02 3.867657169E-02 4.074269951E-02 4.286902240E-02
 4.505547885E-02 4.730190782E-02 4.960795311E-02 5.197313938E-02 5.439695981E-02
 5.687887766E-02 5.941831036E-02 6.201458267E-02 6.466680183E-02 6.737388503E-02
 7.013467930E-02 7.294805347E-02 7.581311657E-02 7.872917305E-02 8.169580083E-02
 8.471399754E-02 8.777644968E-02 6.288686390E-02 6.143970218E-02 6.000027583E-02
 5.856997886E-02 5.714884137E-02 5.573722867E-02 5.433559030E-02 5.294431662E-02
 5.156357277E-02 5.019325779E-02 4.883320779E-02 4.748343458E-02 4.614428566E-02
 4.481628511E-02 4.349992866E-02 4.219561247E-02 4.090368454E-02 3.962446449E-02
 3.835813229E-02 3.710472305E-02 3.586434659E-02 3.463745614E-02 3.342474705E-02
 3.222676357E-02 3.104363614E-02 2.987536182E-02 2.872226165E-02 2.758504233E-02
 2.646430735E-02 2.536017741E-02 2.427269386E-02 2.320244218E-02 2.215031641E-02
 2.111671050E-02 2.010156396E-02 1.910522000E-02 1.812851818E-02 1.717207946E-02
 1.623615795E-02 1.532100412E-02 1.442703507E-02 1.355495354E-02 1.270553759E-02
 1.187922485E-02 1.107621407E-02 1.029673304E-02 9.541349848E-03 8.810900554E-03
 8.106063425E-03 7.427272250E-03 6.774892372E-03 6.149558217E-03 5.551870819E-03
 4.982135973E-03 4.440849102E-03 3.928675099E-03 3.446207813E-03 2.993926027E-03
 2.572365358E-03 2.182167502E-03 1.823839418E-03 1.497608763E-03 1.203912998E-03
 9.434159293E-04 7.167922951E-04 5.245904081E-04 3.673251387E-04 2.455792165E-04
 1.599911662E-04 1.111829904E-04 9.976029336E-05 1.263307091E-04 1.915086841E-04
 2.959101970E-04 4.401659936E-04 6.249652332E-04 8.510079962E-04 1.118991580E-03
 1.429604008E-03 1.783447838E-03 2.181232618E-03 2.624094978E-03 3.113131363E-03
 3.649146315E-03 4.232943527E-03 4.865492810E-03 5.547921519E-03 6.281097647E-03
 7.065601796E-03 7.902128748E-03 8.791876909E-03 9.736063573E-03 1.073530662E-02
 1.179023956E-02 1.290177964E-02 1.407090449E-02 1.529842568E-02 1.658469737E-02
 1.793015238E-02 1.933578645E-02 2.080237741E-02 2.232985831E-02 2.391812810E-02
 2.556775289E-02 2.727942605E-02 2.905361138E-02 3.089061586E-02 3.279030129E-02
 3.475203975E-02 3.677520189E-02 3.885952230E-02 4.100493012E-02 4.321132586E-02
 4.547842907E-02 4.780579567E-02 5.019292661E-02 5.263929533E-02 5.514433163E-02
 5.770739035E-02 6.032763871E-02 6.300401976E-02 6.573538045E-02 6.852055602E-02
 7.135857616E-02 7.424875301E-02 7.719042498E-02 8.018314596E-02 8.322780422E-02
 8.631683982E-02 6.146690512E-02 6.001013038E-02 5.856099640E-02 5.712086646E-02
 5.568971824E-02 5.426782482E-02 5.285558549E-02 5.145344312E-02 5.006180430E-02
 4.868086822E-02 4.731055805E-02 4.595072041E-02 4.460137102E-02 4.326285930E-02
 4.193571503E-02 4.062043936E-02 3.931743378E-02 3.802705469E-02 3.674962550E-02
 3.548532441E-02 3.423420048E-02 3.299640878E-02 3.177245736E-02 3.056304361E-02
 2.936865603E-02 2.818939183E-02 2.702530566E-02 2.587683003E-02 2.474469192E-02
 2.362939372E-02 2.253100537E-02 2.144970350E-02 2.038623226E-02 1.934138934E-02
 1.831537659E-02 1.730823273E-02 1.632054451E-02 1.535312557E-02 1.440643166E-02
 1.348071561E-02 1.257631698E-02 1.169378200E-02 1.083388381E-02 9.997255147E-03
 9.184216181E-03 8.395000594E-03 7.630022381E-03 6.890021694E-03 6.175740989E-03
 5.487719524E-03 4.826371972E-03 4.192227693E-03 3.585959924E-03 3.008092724E-03
 2.459089375E-03 1.939514391E-03 1.449677138E-03 9.898174625E-04 5.605089618E-04
 1.624760707E-04-2.038424565E-04-5.387570954E-04-8.417799641E-04-1.111931116E-03
-1.348255219E-03-1.549881688E-03-1.715986683E-03-1.845766214E-03-1.938436285E-03
-1.993246507E-03-2.009486629E-03-1.986486538E-03-1.923617416E-03-1.820294959E-03
-1.675979687E-03-1.490176716E-03-1.262456634E-03-9.924617293E-04-6.799471953E-04
-3.248406454E-04 7.326709839E-05 5.161851766E-04 1.005160764E-03 1.540842804E-03
 2.123990827E-03 2.756089699E-03 3.438636083E-03 4.172588898E-03 4.958538168E-03
 5.797216307E-03 6.689839512E-03 7.637444860E-03 8.640673163E-03 9.700332199E-03
 1.081739757E-02 1.199284944E-02 1.322739613E-02 1.452140443E-02 1.587557743E-02
 1.729094498E-02 1.876796627E-02 2.030650612E-02 2.190681359E-02 2.356960151E-02
 2.529545858E-02 2.708479536E-02 2.893776663E-02 3.085396182E-02 3.283274209E-02
 3.487369970E-02 3.697672323E-02 3.914174767E-02 4.136857437E-02 4.365681150E-02
 4.600597262E-02 4.841554139E-02 5.088496087E-02 5.341360957E-02 5.600071265E-02
 5.864525240E-02 6.134608182E-02 6.410201613E-02 6.691200578E-02 6.977530279E-02
 7.269127942E-02 7.565925430E-02 7.867869111E-02 8.175022374E-02 8.486609214E-02
 6.005803704E-02 5.859157063E-02 5.713266988E-02 5.568266777E-02 5.424152614E-02
 5.280947123E-02 5.138681059E-02 4.997392838E-02 4.857126936E-02 4.717925595E-02
 4.579812010E-02 4.442781168E-02 4.306819031E-02 4.171927705E-02 4.038142368E-02
 3.905516541E-02 3.774100874E-02 3.643936079E-02 3.515058621E-02 3.387501192E-02
 3.261281605E-02 3.136406664E-02 3.012896907E-02 2.890808060E-02 2.770208961E-02
 2.651142563E-02 2.533617241E-02 2.417646025E-02 2.303282160E-02 2.190597137E-02
 2.079630522E-02 1.970389500E-02 1.862908936E-02 1.757271681E-02 1.653541375E-02
 1.551727793E-02 1.451853937E-02 1.353994094E-02 1.258217998E-02 1.164561183E-02
 1.073054327E-02 9.837416460E-03 8.966895972E-03 8.119714608E-03 7.296349689E-03
 6.497093852E-03 5.722295208E-03 4.972577281E-03 4.248701177E-03 3.551311669E-03
 2.881014484E-03 2.238340577E-03 1.623728462E-03 1.037198869E-03 4.791574032E-04
-4.984566955E-05-5.503386340E-04-1.022845329E-03-1.466433601E-03-1.879918327E-03
-2.262285238E-03-2.612719846E-03-2.930289199E-03-3.214002222E-03-3.462901378E-03
-3.676068577E-03-3.852620692E-03-3.991703578E-03-4.092492772E-03-4.154193412E-03
-4.176045221E-03-4.157325252E-03-4.097350888E-03-3.995483945E-03-3.851134705E-03
-3.663766740E-03-3.432913056E-03-3.158178604E-03-2.839265058E-03-2.475986846E-03
-2.068190963E-03-1.615560817E-03-1.118040775E-03-5.759755771E-04 1.071328897E-05
 6.447911801E-04 1.328615820E-03 2.063118973E-03 2.849650681E-03 3.689865640E-03
 4.585035619E-03 5.535866126E-03 6.543021334E-03 7.607386391E-03 8.729946992E-03
 9.911675458E-03 1.115320795E-02 1.245503619E-02 1.381807593E-02 1.524323249E-02
 1.673070362E-02 1.828050167E-02 1.989318270E-02 2.156944621E-02 2.330979419E-02
 2.511457217E-02 2.698367805E-02 2.891656861E-02 3.091273050E-02 3.297197306E-02
 3.509423653E-02 3.727939556E-02 3.952713008E-02 4.183697804E-02 4.420843390E-02
 4.664095518E-02 4.913394067E-02 5.168666552E-02 5.429816545E-02 5.696730687E-02
 5.969289443E-02 6.247381400E-02 6.530924073E-02 6.819851692E-02 7.114100091E-02
 7.413593551E-02 7.718255097E-02 8.028123455E-02 8.342413879E-02 5.866063355E-02
 5.718434525E-02 5.571558323E-02 5.425564424E-02 5.280446271E-02 5.136224744E-02
 4.992926579E-02 4.850581378E-02 4.709226968E-02 4.568908039E-02 4.429668231E-02
 4.291533902E-02 4.154502942E-02 4.018562850E-02 3.883716422E-02 3.749999128E-02
 3.617465020E-02 3.486165255E-02 3.356141122E-02 3.227429928E-02 3.100064726E-02
 2.974063553E-02 2.849435612E-02 2.726206877E-02 2.604437204E-02 2.484193496E-02
 2.365513071E-02 2.248404979E-02 2.132891285E-02 2.019033076E-02 1.906897733E-02
 1.796515636E-02 1.687899581E-02 1.581101825E-02 1.476205285E-02 1.373255536E-02
 1.272263460E-02 1.173274293E-02 1.076365870E-02 9.815938000E-03 8.889919791E-03
 7.985993838E-03 7.104707669E-03 6.246766395E-03 5.412787274E-03 4.603186160E-03
 3.818344640E-03 3.058885028E-03 2.325651598E-03 1.619141748E-03 9.392833717E-04
 2.864473205E-04-3.393712527E-04-9.398890506E-04-1.514898971E-03-2.063163955E-03
-2.583686383E-03-3.075576554E-03-3.537715649E-03-3.968985603E-03-4.368315132E-03
-4.734646375E-03-5.066988005E-03-5.364398560E-03-5.625955440E-03-5.850756210E-03
-6.037918522E-03-6.186577886E-03-6.295891210E-03-6.365036696E-03-6.393218573E-03
-6.379669002E-03-6.323651274E-03-6.224464085E-03-6.081445231E-03-5.893973592E-03
-5.661482737E-03-5.383459192E-03-5.059457407E-03-4.689102655E-03-4.272131202E-03
-3.808448102E-03-3.298066581E-03-2.741167195E-03-2.137990030E-03-1.488448752E-03
-7.929349114E-04-5.170517537E-05 7.384368631E-04 1.581190885E-03 2.478162494E-03
 3.431365800E-03 4.442098158E-03 5.511053713E-03 6.639076514E-03 7.827040686E-03
 9.075549595E-03 1.038530533E-02 1.175731896E-02 1.319227524E-02 1.469027322E-02
 1.625160927E-02 1.787698708E-02 1.956701879E-02 2.132216067E-02 2.314260633E-02
 2.502801819E-02 2.697787291E-02 2.899187031E-02 3.106992848E-02 3.321197325E-02
 3.541776853E-02 3.768689531E-02 4.001886163E-02 4.241314018E-02 4.486914904E-02
 4.738620491E-02 4.996340571E-02 5.259964145E-02 5.529371456E-02 5.804446166E-02
 6.085097659E-02 6.371255773E-02 6.662854306E-02 6.959822617E-02 7.262063637E-02
 7.569474676E-02 7.882080758E-02 8.199093890E-02 5.727508666E-02 5.578883101E-02
 5.431006918E-02 5.284008678E-02 5.137879212E-02 4.992636255E-02 4.848304648E-02
 4.704910541E-02 4.562483521E-02 4.421060931E-02 4.280687543E-02 4.141408236E-02
 4.003252383E-02 3.866221000E-02 3.730303383E-02 3.595503191E-02 3.461856263E-02
 3.329417156E-02 3.198237508E-02 3.068359206E-02 2.939820408E-02 2.812654555E-02
 2.686880198E-02 2.562509475E-02 2.439574078E-02 2.318137011E-02 2.198262328E-02
 2.079982489E-02 1.963309281E-02 1.848274719E-02 1.734944821E-02 1.623380643E-02
 1.513606723E-02 1.405646163E-02 1.299565158E-02 1.195439116E-02 1.093299765E-02
 9.931692436E-03 8.951103013E-03 7.991946778E-03 7.054678881E-03 6.139674093E-03
 5.247414597E-03 4.378547399E-03 3.533782866E-03 2.713818552E-03 1.919113045E-03
 1.149705286E-03 4.057294781E-04-3.128411763E-04-1.008244763E-03-1.680655009E-03
-2.328865519E-03-2.952003116E-03-3.548954157E-03-4.118487152E-03-4.659365126E-03
-5.170422612E-03-5.650608643E-03-6.098915470E-03-6.514351447E-03-6.895940305E-03
-7.242721254E-03-7.553748479E-03-7.828081842E-03-8.064794477E-03-8.262971557E-03
-8.421711702E-03-8.540131621E-03-8.617366791E-03-8.652577378E-03-8.644949973E-03
-8.593700997E-03-8.498080863E-03-8.357377276E-03-8.170916009E-03-7.938072246E-03
-7.658266035E-03-7.330974804E-03-6.955733683E-03-6.532150255E-03-6.059914927E-03
-5.538804749E-03-4.968709127E-03-4.349672212E-03-3.682039060E-03-2.966398636E-03
-2.203403969E-03-1.393356899E-03-5.368316074E-04 3.671788293E-04 1.324695851E-03
 2.338642424E-03 3.411333696E-03 4.544440830E-03 5.738537710E-03 6.994081860E-03
 8.311882655E-03 9.692920161E-03 1.113769156E-02 1.264638633E-02 1.421956529E-02
 1.585792928E-02 1.756202101E-02 1.933223442E-02 2.116852800E-02 2.307047236E-02
 2.503768276E-02 2.707002839E-02 2.916745521E-02 3.132980955E-02 3.355673815E-02
 3.584777009E-02 3.820239365E-02 4.062004673E-02 4.310008084E-02 4.564165869E-02
 4.824370626E-02 5.090503224E-02 5.362443863E-02 5.640093737E-02 5.923377680E-02
 6.212226467E-02 6.506568378E-02 6.806313500E-02 7.111337885E-02 7.421523827E-02
 7.736889413E-02 8.056647755E-02 5.590179608E-02 5.440542941E-02 5.291652093E-02
 5.143635041E-02 4.996482393E-02 4.850209716E-02 4.704838503E-02 4.560392817E-02
 4.416899225E-02 4.274387547E-02 4.132894643E-02 3.992465278E-02 3.853145408E-02
 3.714967237E-02 3.577935121E-02 3.442040424E-02 3.307287868E-02 3.173713746E-02
 3.041373104E-02 2.910318024E-02 2.780591007E-02 2.652231077E-02 2.525272115E-02
 2.399733548E-02 2.275631017E-02 2.153001982E-02 2.031911524E-02 1.912420127E-02
 1.794556701E-02 1.678337794E-02 1.563805206E-02 1.451026894E-02 1.340056373E-02
 1.230917115E-02 1.123645559E-02 1.018315398E-02 9.149898425E-03 8.136955532E-03
 7.144715679E-03 6.173874974E-03 5.225041122E-03 4.298661921E-03 3.395253418E-03
 2.515607941E-03 1.660335767E-03 8.293563656E-04 2.253526606E-05-7.617378252E-04
-1.525545787E-03-2.268001702E-03-2.988087226E-03-3.684655513E-03-4.356346164E-03
-5.001802527E-03-5.619833730E-03-6.209371477E-03-6.769378369E-03-7.298830151E-03
-7.796731089E-03-8.262090322E-03-8.693918898E-03-9.091228184E-03-9.453029824E-03
-9.778337549E-03-1.006616520E-02-1.031553681E-02-1.052548593E-02-1.069506027E-02
-1.082332582E-02-1.090936833E-02-1.095229998E-02-1.095126108E-02-1.090542357E-02
-1.081399507E-02-1.067622207E-02-1.049139046E-02-1.025883569E-02-9.977937105E-03
-9.648129194E-03-9.268899371E-03-8.839795041E-03-8.360424248E-03-7.830463144E-03
-7.249681360E-03-6.617935056E-03-5.935215211E-03-5.201653733E-03-4.417601403E-03
-3.583833997E-03-2.701472090E-03-1.771494222E-03-7.944862006E-04 2.300020096E-04
 1.308837282E-03 2.446591877E-03 3.646016897E-03 4.908424440E-03 6.234343410E-03
 7.624449496E-03 9.079109745E-03 1.059874306E-02 1.218405428E-02 1.383567545E-02
 1.555411441E-02 1.733962233E-02 1.919196826E-02 2.111076739E-02 2.309581877E-02
 2.514706224E-02 2.726440961E-02 2.944759076E-02 3.169617074E-02 3.400965522E-02
 3.638750307E-02 3.882909619E-02 4.133365888E-02 4.390016682E-02 4.652744389E-02
 4.921427140E-02 5.195958415E-02 5.476257206E-02 5.762251093E-02 6.053866193E-02
 6.351013682E-02 6.653576017E-02 6.961412345E-02 7.274397343E-02 7.592548167E-02
 7.915083731E-02 5.454118966E-02 5.303455448E-02 5.153535112E-02 5.004484439E-02
 4.856293688E-02 4.708978282E-02 4.562558097E-02 4.417053847E-02 4.272489770E-02
 4.128892968E-02 3.986293579E-02 3.844728064E-02 3.704241109E-02 3.564879567E-02
 3.426678276E-02 3.289645119E-02 3.153773802E-02 3.019070342E-02 2.885571596E-02
 2.753333076E-02 2.622407264E-02 2.492837295E-02 2.364663071E-02 2.237919003E-02
 2.112625836E-02 1.988803265E-02 1.866494339E-02 1.745765107E-02 1.626672025E-02
 1.509242254E-02 1.393498828E-02 1.279492110E-02 1.167289161E-02 1.056936664E-02
 9.484619701E-03 8.419150594E-03 7.373695814E-03 6.348760951E-03 5.344653065E-03
 4.361927222E-03 3.401323963E-03 2.463609035E-03 1.549212521E-03 6.579615633E-04
-2.105316906E-04-1.059183070E-03-1.889215992E-03-2.699689866E-03-3.489576794E-03
-4.257444110E-03-5.001767302E-03-5.721265965E-03-6.414819278E-03-7.081366775E-03
-7.719880640E-03-8.329352280E-03-8.908797064E-03-9.457204011E-03-9.973560662E-03
-1.045684123E-02-1.090601075E-02-1.132002318E-02-1.169783221E-02-1.203839084E-02
-1.234065390E-02-1.260358654E-02-1.282616505E-02-1.300738317E-02-1.314625451E-02
-1.324181487E-02-1.329312876E-02-1.329929099E-02-1.325943014E-02-1.317271241E-02
-1.303834489E-02-1.285557617E-02-1.262370623E-02-1.234208077E-02-1.201010240E-02
-1.162722786E-02-1.119297328E-02-1.070691702E-02-1.016869776E-02-9.578035921E-03
-8.934709303E-03-8.238585959E-03-7.489629643E-03-6.687940673E-03-5.833782536E-03
-4.927640274E-03-3.970393095E-03-2.963586428E-03-1.908757827E-03-8.067541292E-04
 3.434361018E-04 1.550264728E-03 2.818867434E-03 4.152313422E-03 5.551411441E-03
 7.016148751E-03 8.547006126E-03 1.014470666E-02 1.180985342E-02 1.354290320E-02
 1.534390576E-02 1.721257813E-02 1.914866970E-02 2.115209571E-02 2.322280389E-02
 2.536061333E-02 2.756514675E-02 2.983593188E-02 3.217244980E-02 3.457411125E-02
 3.704019464E-02 3.956973826E-02 4.216159108E-02 4.481452685E-02 4.752741346E-02
 5.029937451E-02 5.312964897E-02 5.601747462E-02 5.896196289E-02 6.196194762E-02
 6.501606460E-02 6.812281809E-02 7.128093886E-02 7.449065230E-02 7.774421078E-02
 5.319372719E-02 5.167665070E-02 5.016698822E-02 4.866599296E-02 4.717355468E-02
 4.568982083E-02 4.421498913E-02 4.274925558E-02 4.129283123E-02 3.984596117E-02
 3.840892140E-02 3.698201756E-02 3.556561163E-02 3.416014889E-02 3.276610511E-02
 3.138385301E-02 3.001350795E-02 2.865503336E-02 2.730850500E-02 2.597429836E-02
 2.465297299E-02 2.334505726E-02 2.205098897E-02 2.077117614E-02 1.950596949E-02
 1.825559483E-02 1.702029483E-02 1.580055159E-02 1.459702423E-02 1.341023614E-02
 1.224046335E-02 1.108801290E-02 9.953452834E-03 8.837423632E-03 7.740350231E-03
 6.662582598E-03 5.604710078E-03 4.567408152E-03 3.551172070E-03 2.556642868E-03
 1.584499172E-03 6.346235121E-04-2.938150339E-04-1.204389958E-03-2.098189241E-03
-2.974361339E-03-3.831625906E-03-4.668385891E-03-5.483135715E-03-6.274648402E-03
-7.041825224E-03-7.783625317E-03-8.499053684E-03-9.187127734E-03-9.846857256E-03
-1.047721846E-02-1.107719089E-02-1.164571169E-02-1.218170332E-02-1.268407331E-02
-1.315171717E-02-1.358351950E-02-1.397836762E-02-1.433514992E-02-1.465276223E-02
-1.493011174E-02-1.516612016E-02-1.535973000E-02-1.550990517E-02-1.561563418E-02
-1.567593603E-02-1.568986174E-02-1.565649786E-02-1.557496995E-02-1.544444599E-02
-1.526413704E-02-1.503330689E-02-1.475126670E-02-1.441738658E-02-1.403109367E-02
-1.359187606E-02-1.309928832E-02-1.255294835E-02-1.195255524E-02-1.129786281E-02
-1.058871334E-02-9.825021877E-03-9.006794685E-03-8.134123028E-03-7.207238537E-03
-6.226558700E-03-5.192757695E-03-4.106968478E-03-2.971161668E-03-1.787377041E-03
-5.564013707E-04 7.246933132E-04 2.066392721E-03 3.473687846E-03 4.948391193E-03
 6.490742147E-03 8.101106102E-03 9.780047709E-03 1.152793013E-02 1.334467306E-02
 1.523004926E-02 1.718394325E-02 1.920631092E-02 2.129704862E-02 2.345585945E-02
 2.568230389E-02 2.797588654E-02 3.033604745E-02 3.276211254E-02 3.525318962E-02
 3.780816450E-02 4.042581594E-02 4.310496036E-02 4.584464850E-02 4.864407664E-02
 5.150245535E-02 5.441889242E-02 5.739222618E-02 6.042108208E-02 6.350399577E-02
 6.663944814E-02 6.982621941E-02 7.306459457E-02 7.634681955E-02 5.185987345E-02
 5.033218995E-02 4.881189405E-02 4.730024049E-02 4.579711391E-02 4.430264847E-02
 4.281703206E-02 4.134045911E-02 3.987313346E-02 3.841527290E-02 3.696712522E-02
 3.552897146E-02 3.410112241E-02 3.268393912E-02 3.127786461E-02 2.988338023E-02
 2.850088090E-02 2.713051933E-02 2.577228830E-02 2.442628217E-02 2.309288488E-02
 2.177266020E-02 2.046613945E-02 1.917376702E-02 1.789596021E-02 1.663307824E-02
 1.538537121E-02 1.415313190E-02 1.293688713E-02 1.173728408E-02 1.055481008E-02
 9.389768396E-03 8.242548539E-03 7.113754675E-03 6.003979365E-03 4.913633145E-03
 3.843194186E-03 2.793453066E-03 1.765193067E-03 7.583551975E-04-2.280727869E-04
-1.197826757E-03-2.152611092E-03-3.091722069E-03-4.013723841E-03-4.916875732E-03
-5.799685482E-03-6.660942796E-03-7.499579534E-03-8.314597664E-03-9.105035535E-03
-9.869928534E-03-1.060829588E-02-1.131912399E-02-1.200137259E-02-1.265395263E-02
-1.327575666E-02-1.386565060E-02-1.442247352E-02-1.494505887E-02-1.543223126E-02
-1.588281055E-02-1.629562136E-02-1.666949316E-02-1.700326743E-02-1.729579692E-02
-1.754595215E-02-1.775262635E-02-1.791473555E-02-1.803122246E-02-1.810106193E-02
-1.812326247E-02-1.809686997E-02-1.802097087E-02-1.789469553E-02-1.771721887E-02
-1.748776948E-02-1.720562437E-02-1.687012038E-02-1.648065304E-02-1.603667881E-02
-1.553772244E-02-1.498337722E-02-1.437331803E-02-1.370728247E-02-1.298510058E-02
-1.220667916E-02-1.137200690E-02-1.048115099E-02-9.534273325E-03-8.531634636E-03
-7.473618417E-03-6.360850635E-03-5.194256335E-03-3.975339034E-03-2.706643157E-03
-1.390714835E-03-2.727786020E-05 1.391837711E-03 2.876040526E-03 4.429518745E-03
 6.052741407E-03 7.745773697E-03 9.508725522E-03 1.134153433E-02 1.324408949E-02
 1.521633844E-02 1.725822830E-02 1.936955535E-02 2.154993123E-02 2.379888751E-02
 2.611589481E-02 2.850032227E-02 3.095134844E-02 3.346790873E-02 3.604879899E-02
 3.869280252E-02 4.139889482E-02 4.416622288E-02 4.699396577E-02 4.988122178E-02
 5.282683669E-02 5.582942164E-02 5.888748733E-02 6.199953768E-02 6.516409795E-02
 6.838000791E-02 7.164753303E-02 7.495886894E-02 5.053998374E-02 4.900162755E-02
 4.747055426E-02 4.594806539E-02 4.443407580E-02 4.292871580E-02 4.143216020E-02
 3.994459120E-02 3.846620955E-02 3.699722855E-02 3.553787391E-02 3.408839710E-02
 3.264908440E-02 3.122025233E-02 2.980226296E-02 2.839555660E-02 2.700061867E-02
 2.561786406E-02 2.424748302E-02 2.288950073E-02 2.154403358E-02 2.021147576E-02
 1.889239500E-02 1.758732496E-02 1.629671668E-02 1.502099712E-02 1.376053670E-02
 1.251561619E-02 1.128658177E-02 1.007399548E-02 8.878483929E-03 7.700511478E-03
 6.540427160E-03 5.398684755E-03 4.275892040E-03 3.172699746E-03 2.089833972E-03
 1.027639772E-03-1.480739287E-05-1.040778301E-03-2.053517377E-03-3.052594631E-03
-4.036477930E-03-5.003326641E-03-5.951608783E-03-6.880116373E-03-7.787801965E-03
-8.673705058E-03-9.536901585E-03-1.037647206E-02-1.119145098E-02-1.198083908E-02
-1.274358479E-02-1.347859303E-02-1.418473039E-02-1.486082569E-02-1.550567577E-02
-1.611807838E-02-1.669679757E-02-1.724060050E-02-1.774824883E-02-1.821850427E-02
-1.865013168E-02-1.904190449E-02-1.939260976E-02-1.970104568E-02-1.996603127E-02
-2.018640951E-02-2.036104802E-02-2.048884374E-02-2.056872755E-02-2.059966618E-02
-2.058066609E-02-2.051077638E-02-2.038909208E-02-2.021475478E-02-1.998696116E-02
-1.970495772E-02-1.936805168E-02-1.897561041E-02-1.852706127E-02-1.802189904E-02
-1.745969087E-02-1.684007945E-02-1.616277730E-02-1.542758829E-02-1.463440439E-02
-1.378320160E-02-1.287405147E-02-1.190711396E-02-1.088263660E-02-9.800956588E-03
-8.662537868E-03-7.467947284E-03-6.218036220E-03-4.914126106E-03-3.558388627E-03
-2.154042181E-03-7.029446040E-04 7.985486442E-04 2.363693604E-03 3.999239626E-03
 5.706442810E-03 7.484815441E-03 9.334132189E-03 1.125439258E-02 1.324557886E-02
 1.530757277E-02 1.744006049E-02 1.964260810E-02 2.191471862E-02 2.425580267E-02
 2.666510603E-02 2.914162694E-02 3.168419048E-02 3.429156476E-02 3.696265458E-02
 3.969655084E-02 4.249239621E-02 4.534927329E-02 4.826603458E-02 5.124128214E-02
 5.427349607E-02 5.736114605E-02 6.050277431E-02 6.369696321E-02 6.694253508E-02
 7.023967903E-02 7.358053710E-02 4.923421800E-02 4.768527162E-02 4.614340932E-02
 4.460996084E-02 4.308493469E-02 4.156850170E-02 4.006083843E-02 3.856211548E-02
 3.707251971E-02 3.559225893E-02 3.412155593E-02 3.266064565E-02 3.120978484E-02
 2.976926529E-02 2.833940976E-02 2.692058313E-02 2.551322312E-02 2.411781787E-02
 2.273479988E-02 2.136439651E-02 2.000666842E-02 1.866175780E-02 1.733007126E-02
 1.601218025E-02 1.470862004E-02 1.341984830E-02 1.214630228E-02 1.088836706E-02
 9.646360947E-03 8.420685729E-03 7.211927571E-03 6.020681027E-03 4.847388197E-03
 3.692493375E-03 2.556717887E-03 1.440820475E-03 3.442621774E-04-7.353634696E-04
-1.802910805E-03-2.858698077E-03-3.901383604E-03-4.929032778E-03-5.939989359E-03
-6.933009346E-03-7.907058598E-03-8.861222548E-03-9.794622908E-03-1.070637794E-02
-1.159555707E-02-1.246119099E-02-1.330223988E-02-1.411760521E-02-1.490613427E-02
-1.566663897E-02-1.639789547E-02-1.709866099E-02-1.776765756E-02-1.840361754E-02
-1.900524303E-02-1.957123673E-02-2.010029862E-02-2.059113023E-02-2.104243427E-02
-2.145292599E-02-2.182133448E-02-2.214640177E-02-2.242689362E-02-2.266160106E-02
-2.284934245E-02-2.298896859E-02-2.307936642E-02-2.311946151E-02-2.310822196E-02
-2.304466114E-02-2.292784099E-02-2.275687257E-02-2.253092399E-02-2.224921533E-02
-2.191102883E-02-2.151570886E-02-2.106265967E-02-2.055135222E-02-1.998133415E-02
-1.935221972E-02-1.866369937E-02-1.791554703E-02-1.710762757E-02-1.623988633E-02
-1.531237631E-02-1.432524748E-02-1.327875038E-02-1.217324877E-02-1.100919392E-02
-9.787099520E-03-8.507644162E-03-7.171675814E-03-5.780332651E-03-4.335508559E-03
-2.840397505E-03-1.298659030E-03 2.908919399E-04 1.941100172E-03 3.661804750E-03
 5.455694640E-03 7.322080179E-03 9.260632946E-03 1.127135038E-02 1.335403293E-02
 1.550829241E-02 1.773366624E-02 2.002960748E-02 2.239542351E-02 2.483018628E-02
 2.733276286E-02 2.990192365E-02 3.253651346E-02 3.523556154E-02 3.799816858E-02
 4.082339527E-02 4.371009847E-02 4.665687398E-02 4.966217524E-02 5.272443082E-02
 5.584214214E-02 5.901390437E-02 6.223828067E-02 6.551401710E-02 6.884122153E-02
 7.221202527E-02 4.794266959E-02 4.638326692E-02 4.483072111E-02 4.328633899E-02
 4.175018510E-02 4.022251484E-02 3.870356349E-02 3.719351310E-02 3.569254118E-02
 3.420084110E-02 3.271862719E-02 3.124613190E-02 2.978360058E-02 2.833129735E-02
 2.688951982E-02 2.545859750E-02 2.403889974E-02 2.263086235E-02 2.123497511E-02
 1.985168552E-02 1.848125708E-02 1.712378894E-02 1.577945328E-02 1.444867164E-02
 1.313201903E-02 1.183003141E-02 1.054317301E-02 9.271892322E-03 8.016594313E-03
 6.777641884E-03 5.555482048E-03 4.350694714E-03 3.163933833E-03 1.995948054E-03
 8.470383149E-04-2.844453419E-04-1.403569291E-03-2.512578917E-03-3.610738141E-03
-4.696064294E-03-5.766679534E-03-6.821253057E-03-7.858749869E-03-8.878281058E-03
-9.879017412E-03-1.086013135E-02-1.182075363E-02-1.275994789E-02-1.367669883E-02
-1.456991795E-02-1.543846847E-02-1.628114763E-02-1.709672085E-02-1.788392064E-02
-1.864145439E-02-1.936801337E-02-2.006225843E-02-2.072284529E-02-2.134841863E-02
-2.193760994E-02-2.248905399E-02-2.300138724E-02-2.347324791E-02-2.390328957E-02
-2.429017991E-02-2.463260343E-02-2.492927046E-02-2.517891849E-02-2.538031569E-02
-2.553226616E-02-2.563361275E-02-2.568324036E-02-2.568007963E-02-2.562310978E-02
-2.551136168E-02-2.534391856E-02-2.511992315E-02-2.483857306E-02-2.449912999E-02
-2.410092005E-02-2.364333026E-02-2.312581472E-02-2.254790789E-02-2.190920333E-02
-2.120937834E-02-2.044818615E-02-1.962546911E-02-1.874114622E-02-1.779524020E-02
-1.678787012E-02-1.571925725E-02-1.458976442E-02-1.339983750E-02-1.215003245E-02
-1.084104113E-02-9.473615629E-03-8.048630170E-03-6.567247574E-03-5.031140298E-03
-3.443277938E-03-1.808062449E-03-1.262007005E-04 1.612395835E-03 3.421328615E-03
 5.304928149E-03 7.262424991E-03 9.293298968E-03 1.139728200E-02 1.357397512E-02
 1.582287241E-02 1.814333854E-02 2.053452431E-02 2.299535226E-02 2.552461252E-02
 2.812110625E-02 3.078379776E-02 3.351173977E-02 3.630396463E-02 3.915932989E-02
 4.207642745E-02 4.505368618E-02 4.808949603E-02 5.118230996E-02 5.433067731E-02
 5.753317095E-02 6.078827343E-02 6.409464745E-02 6.745238220E-02 7.085366711E-02
 4.666549805E-02 4.509572854E-02 4.353262312E-02 4.197742572E-02 4.043020192E-02
 3.889124239E-02 3.736085548E-02 3.583929835E-02 3.432677262E-02 3.282346666E-02
 3.132958067E-02 2.984533576E-02 2.837097415E-02 2.690675251E-02 2.545294450E-02
 2.400985426E-02 2.257781867E-02 2.115721303E-02 1.974847244E-02 1.835208742E-02
 1.696851790E-02 1.559806179E-02 1.424085969E-02 1.289711835E-02 1.156727723E-02
 1.025191461E-02 8.951566274E-03 7.666704012E-03 6.397787477E-03 5.145231945E-03
 3.909449357E-03 2.691116923E-03 1.491092108E-03 3.088006479E-04-8.589413742E-04
-2.017605739E-03-3.167646877E-03-4.307236991E-03-5.434258601E-03-6.547223696E-03
-7.645038582E-03-8.726806970E-03-9.791752529E-03-1.083911490E-02-1.186808942E-02
-1.287779642E-02-1.386727243E-02-1.483546275E-02-1.578124347E-02-1.670342025E-02
-1.760076906E-02-1.847201814E-02-1.931586439E-02-2.013097017E-02-2.091597737E-02
-2.166950296E-02-2.239014476E-02-2.307647550E-02-2.372707803E-02-2.434050830E-02
-2.491533144E-02-2.545011446E-02-2.594342943E-02-2.639386387E-02-2.680002125E-02
-2.716052668E-02-2.747403229E-02-2.773922040E-02-2.795480803E-02-2.811955149E-02
-2.823224922E-02-2.829174577E-02-2.829693512E-02-2.824676365E-02-2.814023325E-02
-2.797640189E-02-2.775439015E-02-2.747337716E-02-2.713260849E-02-2.673139669E-02
-2.626911769E-02-2.574521533E-02-2.515921638E-02-2.451070256E-02-2.379934446E-02
-2.302488534E-02-2.218715200E-02-2.128605113E-02-2.032158254E-02-1.929384014E-02
-1.820301747E-02-1.704943846E-02-1.583350373E-02-1.455578333E-02-1.321698577E-02
-1.181787791E-02-1.035936722E-02-8.842450569E-03-7.268307520E-03-5.638558315E-03
-3.955924770E-03-2.225023232E-03-4.483099043E-04 1.382127078E-03 3.282723238E-03
 5.259315306E-03 7.311013078E-03 9.436987222E-03 1.163682494E-02 1.390997221E-02
 1.625565549E-02 1.867286492E-02 2.116042748E-02 2.371712217E-02 2.634184850E-02
 2.903360530E-02 3.179138996E-02 3.461405554E-02 3.750019210E-02 4.044820629E-02
 4.345644992E-02 4.652332901E-02 4.964733828E-02 5.282700103E-02 5.606080445E-02
 5.934714384E-02 6.268466471E-02 6.607351109E-02 6.950589776E-02 4.540303207E-02
 4.382288117E-02 4.224926142E-02 4.068335775E-02 3.912518641E-02 3.757501927E-02
 3.603318448E-02 3.449999843E-02 3.297574477E-02 3.146065245E-02 2.995492333E-02
 2.845876557E-02 2.697240777E-02 2.549610185E-02 2.403011660E-02 2.257473718E-02
 2.113027559E-02 1.969707684E-02 1.827552343E-02 1.686605147E-02 1.546915161E-02
 1.408529360E-02 1.271480745E-02 1.135787786E-02 1.001475116E-02 8.685888289E-03
 7.371872077E-03 6.073233879E-03 4.790432967E-03 3.523968571E-03 2.274537786E-03
 1.042769711E-03-1.729532850E-04-1.378049943E-03-2.575958473E-03-3.766028298E-03
-4.945994332E-03-6.114019414E-03-7.268827294E-03-8.409496173E-03-9.535306326E-03
-1.064555432E-02-1.173950651E-02-1.281637154E-02-1.387525264E-02-1.491514754E-02
-1.593496843E-02-1.693356030E-02-1.790971101E-02-1.886216092E-02-1.978960700E-02
-2.069072110E-02-2.156412366E-02-2.240840763E-02-2.322213845E-02-2.400385554E-02
-2.475208477E-02-2.546531984E-02-2.614206781E-02-2.678081048E-02-2.738003766E-02
-2.793824284E-02-2.845392895E-02-2.892561296E-02-2.935183171E-02-2.973114810E-02
-3.006215294E-02-3.034347144E-02-3.057376830E-02-3.075175075E-02-3.087617220E-02
-3.094583702E-02-3.095960318E-02-3.091638552E-02-3.081515878E-02-3.065495828E-02
-3.043488557E-02-3.015410534E-02-2.981185147E-02-2.940742787E-02-2.894020573E-02
-2.840962527E-02-2.781521100E-02-2.715654296E-02-2.643329019E-02-2.564519650E-02
-2.479208038E-02-2.387384708E-02-2.289048435E-02-2.184206932E-02-2.072878747E-02
-1.955092019E-02-1.830883461E-02-1.700307304E-02-1.563429038E-02-1.420325448E-02
-1.271092351E-02-1.115832121E-02-9.546610703E-03-7.877054222E-03-6.151261421E-03
-4.371859569E-03-2.543458793E-03-6.698990317E-04 1.255652735E-03 3.251353873E-03
 5.324048345E-03 7.472782056E-03 9.696542732E-03 1.199467889E-02 1.436628411E-02
 1.681023475E-02 1.932531093E-02 2.191035397E-02 2.456430349E-02 2.728611488E-02
 3.007463009E-02 3.292843872E-02 3.584592808E-02 3.882541251E-02 4.186525044E-02
 4.496388220E-02 4.811977183E-02 5.133135147E-02 5.459701676E-02 5.791514702E-02
 6.128444334E-02 6.470504969E-02 6.816912996E-02 4.415567201E-02 4.256509730E-02
 4.098092990E-02 3.940433018E-02 3.783529205E-02 3.627403449E-02 3.472084890E-02
 3.317605633E-02 3.163998554E-02 3.011294358E-02 2.859519039E-02 2.708694482E-02
 2.558842509E-02 2.409986823E-02 2.262153580E-02 2.115370940E-02 1.969668741E-02
 1.825079156E-02 1.681637603E-02 1.539383164E-02 1.398359750E-02 1.258616425E-02
 1.120200888E-02 9.831490474E-03 8.474840416E-03 7.132351587E-03 5.804505175E-03
 4.491864552E-03 3.195026037E-03 1.914760072E-03 6.512944618E-04-5.981882353E-04
-1.840311534E-03-3.076753106E-03-4.305864274E-03-5.525355572E-03-6.733657917E-03
-7.929770673E-03-9.112945055E-03-1.028250271E-02-1.143781677E-02-1.257821394E-02
-1.370287537E-02-1.481087434E-02-1.590119007E-02-1.697271190E-02-1.802426320E-02
-1.905461875E-02-2.006250041E-02-2.104658609E-02-2.200549727E-02-2.293783006E-02
-2.384213153E-02-2.471691768E-02-2.556066983E-02-2.637184964E-02-2.714890013E-02
-2.789024072E-02-2.859428660E-02-2.925944898E-02-2.988413477E-02-3.046676051E-02
-3.100575509E-02-3.149956075E-02-3.194664522E-02-3.234550551E-02-3.269466825E-02
-3.299269947E-02-3.323820975E-02-3.342985597E-02-3.356634577E-02-3.364644330E-02
-3.366897101E-02-3.363281333E-02-3.353691969E-02-3.338030518E-02-3.316205543E-02
-3.288132468E-02-3.253733956E-02-3.212940032E-02-3.165687947E-02-3.111922059E-02
-3.051595140E-02-2.984666053E-02-2.911102208E-02-2.830878961E-02-2.743978363E-02
-2.650391516E-02-2.550117247E-02-2.443162577E-02-2.329546153E-02-2.209292624E-02
-2.082438534E-02-1.949034860E-02-1.809139861E-02-1.662828521E-02-1.510191361E-02
-1.351334427E-02-1.186379138E-02-1.015453305E-02-8.386995327E-03-6.562824614E-03
-4.684624196E-03-2.757089784E-03-7.848256274E-04 1.238590063E-03 3.332479817E-03
 5.504264355E-03 7.752776923E-03 1.007668288E-02 1.247497795E-02 1.494648938E-02
 1.749001136E-02 2.010442017E-02 2.278862184E-02 2.554143918E-02 2.836146172E-02
 3.124706069E-02 3.419651419E-02 3.720813239E-02 4.028029912E-02 4.341141838E-02
 4.659985703E-02 4.984395118E-02 5.314208073E-02 5.649267828E-02 5.989443871E-02
 6.334741899E-02 6.684373532E-02 4.292385901E-02 4.132279951E-02 3.972803815E-02
 3.814070020E-02 3.656077723E-02 3.498847398E-02 3.342403900E-02 3.186774359E-02
 3.031990506E-02 2.878086084E-02 2.725093811E-02 2.573042664E-02 2.421956725E-02
 2.271859090E-02 2.122774416E-02 1.974729852E-02 1.827754894E-02 1.681880845E-02
 1.537141089E-02 1.393572089E-02 1.251213863E-02 1.110110860E-02 9.703121542E-03
 8.318659651E-03 6.948109154E-03 5.591742772E-03 4.249878116E-03 2.923141611E-03
 1.612459961E-03 3.174352013E-04-9.660754022E-04-2.244542619E-03-3.518494732E-03
-4.785591804E-03-6.043766983E-03-7.291720474E-03-8.528593394E-03-9.753752258E-03
-1.096667230E-02-1.216676416E-02-1.335331044E-02-1.452551510E-02-1.568245122E-02
-1.682306038E-02-1.794622711E-02-1.905077480E-02-2.013546432E-02-2.119900153E-02
-2.224004242E-02-2.325718720E-02-2.424898723E-02-2.521394628E-02-2.615054151E-02
-2.705720000E-02-2.793232041E-02-2.877427945E-02-2.958143015E-02-3.035211396E-02
-3.108464909E-02-3.177737166E-02-3.242859956E-02-3.303666845E-02-3.359992776E-02
-3.411674196E-02-3.458550587E-02-3.500464635E-02-3.537262353E-02-3.568794211E-02
-3.594915608E-02-3.615487062E-02-3.630374685E-02-3.639450838E-02-3.642594262E-02
-3.639690456E-02-3.630632005E-02-3.615318631E-02-3.593657604E-02-3.565563688E-02
-3.530959283E-02-3.489774559E-02-3.441947429E-02-3.387423363E-02-3.326155991E-02
-3.258106000E-02-3.183242147E-02-3.101541444E-02-3.012987461E-02-2.917572509E-02
-2.815296618E-02-2.706167857E-02-2.590204768E-02-2.467430478E-02-2.337882777E-02
-2.201609376E-02-2.058664571E-02-1.909121173E-02-1.753061974E-02-1.590590387E-02
-1.421823696E-02-1.246897816E-02-1.065959044E-02-8.791620662E-03-6.866866731E-03
-4.887923594E-03-2.859662387E-03-7.871893271E-04 1.336427600E-03 3.531489949E-03
 5.805126512E-03 8.155678936E-03 1.058155329E-02 1.308158131E-02 1.565459388E-02
 1.829943645E-02 2.101490289E-02 2.379958180E-02 2.665183187E-02 2.956989681E-02
 3.255203810E-02 3.559658085E-02 3.870186567E-02 4.186619275E-02 4.508782812E-02
 4.836509205E-02 5.169641320E-02 5.508020675E-02 5.851507908E-02 6.200100636E-02
 6.553009674E-02 4.170818200E-02 4.009648685E-02 3.849103520E-02 3.689290592E-02
 3.530205167E-02 3.371866567E-02 3.214298964E-02 3.057526634E-02 2.901576111E-02
 2.746478234E-02 2.592267207E-02 2.438977409E-02 2.286640365E-02 2.135282921E-02
 1.984929707E-02 1.835606473E-02 1.687341445E-02 1.540165490E-02 1.394111501E-02
 1.249214342E-02 1.105511677E-02 9.630445760E-03 8.218582922E-03 6.820021839E-03
 5.435238781E-03 4.064613984E-03 2.708631960E-03 1.368065547E-03 4.182795524E-05
-1.275465544E-03-2.589438731E-03-3.899804987E-03-5.203939337E-03-6.499974566E-03
-7.786833880E-03-9.063837637E-03-1.033047166E-02-1.158624120E-02-1.283060090E-02
-1.406290073E-02-1.528229890E-02-1.648782591E-02-1.767846864E-02-1.885311247E-02
-2.001056554E-02-2.114959227E-02-2.226888953E-02-2.336708939E-02-2.444276978E-02
-2.549445258E-02-2.652061051E-02-2.751965905E-02-2.848998811E-02-2.942993817E-02
-3.033782102E-02-3.121191722E-02-3.205048935E-02-3.285178878E-02-3.361404153E-02
-3.433549299E-02-3.501437244E-02-3.564892858E-02-3.623742549E-02-3.677814760E-02
-3.726941168E-02-3.770957004E-02-3.809701433E-02-3.843018553E-02-3.870757851E-02
-3.892774533E-02-3.908929980E-02-3.919092460E-02-3.923137238E-02-3.920946970E-02
-3.912412039E-02-3.897430608E-02-3.875908948E-02-3.847761512E-02-3.812910916E-02
-3.771287976E-02-3.722831726E-02-3.667489559E-02-3.605216548E-02-3.535976073E-02
-3.459739203E-02-3.376485189E-02-3.286200498E-02-3.188879465E-02-3.084524133E-02
-2.973145496E-02-2.854761723E-02-2.729397717E-02-2.597092253E-02-2.457889540E-02
-2.311844742E-02-2.159026307E-02-1.999514406E-02-1.833405694E-02-1.660810478E-02
-1.481861678E-02-1.296707034E-02-1.105512836E-02-9.084501342E-03-7.057067959E-03
-4.975609192E-03-2.845303200E-03-6.713212567E-04 1.554712610E-03 3.853628579E-03
 6.231390858E-03 8.685893301E-03 1.121552569E-02 1.381913215E-02 1.649547944E-02
 1.924314888E-02 2.206049007E-02 2.494571500E-02 2.789703640E-02 3.091271845E-02
 3.399103473E-02 3.713021467E-02 4.032845238E-02 4.358399736E-02 4.689521291E-02
 5.026049694E-02 5.367817057E-02 5.714676908E-02 6.066620357E-02 6.422853580E-02
 4.050934583E-02 3.888680602E-02 3.727048488E-02 3.566143720E-02 3.405957994E-02
 3.246506106E-02 3.087809643E-02 2.929892370E-02 2.772779192E-02 2.616496615E-02
 2.461074498E-02 2.306547059E-02 2.152949852E-02 2.000316635E-02 1.848677198E-02
 1.698058017E-02 1.548486147E-02 1.399991011E-02 1.252604880E-02 1.106362350E-02
 9.613000136E-03 8.174569865E-03 6.748757283E-03 5.336015401E-03 3.936813074E-03
 2.551818459E-03 1.181849405E-03-1.749369731E-04-1.525387578E-03-2.873943970E-03
-4.219590715E-03-5.559754626E-03-6.892806451E-03-8.217824155E-03-9.534236876E-03
-1.084164475E-02-1.213964822E-02-1.342772716E-02-1.470519184E-02-1.597123169E-02
-1.722492976E-02-1.846522742E-02-1.969101671E-02-2.090115585E-02-2.209439235E-02
-2.326940971E-02-2.442483577E-02-2.555922678E-02-2.667107625E-02-2.775882560E-02
-2.882085766E-02-2.985550590E-02-3.086105486E-02-3.183576259E-02-3.277784021E-02
-3.368547073E-02-3.455682134E-02-3.539004175E-02-3.618326959E-02-3.693464185E-02
-3.764230274E-02-3.830440558E-02-3.891912449E-02-3.948466037E-02-3.999924692E-02
-4.046115835E-02-4.086871523E-02-4.122029197E-02-4.151432215E-02-4.174930323E-02
-4.192380102E-02-4.203645672E-02-4.208598856E-02-4.207119551E-02-4.199096091E-02
-4.184425303E-02-4.163012734E-02-4.134772865E-02-4.099628971E-02-4.057513005E-02
-4.008365619E-02-3.952136834E-02-3.888783890E-02-3.818273468E-02-3.740580029E-02
-3.655685737E-02-3.563581001E-02-3.464263461E-02-3.357738110E-02-3.244019858E-02
-3.123127294E-02-2.995089771E-02-2.859946670E-02-2.717740476E-02-2.568528751E-02
-2.412375927E-02-2.249362264E-02-2.079577346E-02-1.903128350E-02-1.720137731E-02
-1.530749324E-02-1.335129774E-02-1.133456812E-02-9.259219364E-03-7.127308778E-03
-4.941781793E-03-2.708323766E-03-4.318465890E-04 1.898704120E-03 4.303929908E-03
 6.787911214E-03 9.348337655E-03 1.198367232E-02 1.469254533E-02 1.747330678E-02
 2.032413775E-02 2.324320242E-02 2.622870211E-02 2.927883949E-02 3.239176865E-02
 3.556560727E-02 3.879853130E-02 4.208882608E-02 4.543481039E-02 4.883478102E-02
 5.228699092E-02 5.578991651E-02 5.934332693E-02 6.293921793E-02 3.932802806E-02
 3.769447936E-02 3.606708600E-02 3.444692260E-02 3.283390697E-02 3.122815633E-02
 2.962984412E-02 2.803916919E-02 2.645636864E-02 2.488169956E-02 2.331543067E-02
 2.175785603E-02 2.020931200E-02 1.867016190E-02 1.714076273E-02 1.562143944E-02
 1.411247949E-02 1.261416858E-02 1.112681432E-02 9.650754001E-03 8.186352043E-03
 6.733995792E-03 5.294083674E-03 3.867027577E-03 2.453501252E-03 1.054372289E-03
-3.325814109E-04-1.715082606E-03-3.097043321E-03-4.476920148E-03-5.852159968E-03
-7.221283585E-03-8.583564812E-03-9.938584840E-03-1.128600953E-02-1.262547744E-02
-1.395651384E-02-1.527847114E-02-1.659053315E-02-1.789176148E-02-1.918117140E-02
-2.045769659E-02-2.172014510E-02-2.296729317E-02-2.419785082E-02-2.541041679E-02
-2.660353699E-02-2.777569059E-02-2.892528589E-02-3.005067198E-02-3.115014184E-02
-3.222193538E-02-3.326423554E-02-3.427520011E-02-3.525293845E-02-3.619553421E-02
-3.710104648E-02-3.796751986E-02-3.879299572E-02-3.957549871E-02-4.031308333E-02
-4.100379973E-02-4.164572908E-02-4.223698341E-02-4.277570893E-02-4.326009945E-02
-4.368840127E-02-4.405891896E-02-4.437002318E-02-4.462015550E-02-4.480783300E-02
-4.493165503E-02-4.499030567E-02-4.498255720E-02-4.490727396E-02-4.476341286E-02
-4.455002487E-02-4.426625817E-02-4.391135611E-02-4.348465420E-02-4.298558081E-02
-4.241366723E-02-4.176851663E-02-4.104983309E-02-4.025740524E-02-3.939109384E-02
-3.845084827E-02-3.743669063E-02-3.634871649E-02-3.518711215E-02-3.395209465E-02
-3.264400920E-02-3.126325149E-02-2.981027751E-02-2.828566268E-02-2.669005888E-02
-2.502424373E-02-2.328908658E-02-2.148561999E-02-1.961499784E-02-1.767860174E-02
-1.567797399E-02-1.361491439E-02-1.149143583E-02-9.309585091E-03-7.071573011E-03
-4.780739465E-03-2.443469230E-03-6.369860769E-05 2.373822776E-03 4.887722150E-03
 7.479983664E-03 1.014819364E-02 1.289058089E-02 1.570534977E-02 1.859061831E-02
 2.154452111E-02 2.456518589E-02 2.765068656E-02 3.079905921E-02 3.400840068E-02
 3.727691378E-02 4.060282494E-02 4.398434590E-02 4.741970493E-02 5.090708913E-02
 5.444483712E-02 5.803254635E-02 6.166219547E-02 3.816464534E-02 3.652010306E-02
 3.488155336E-02 3.325009593E-02 3.162571801E-02 3.000855830E-02 2.839877117E-02
 2.679651789E-02 2.520199204E-02 2.361542548E-02 2.203708158E-02 2.046723694E-02
 1.890618598E-02 1.735425774E-02 1.581181943E-02 1.427924344E-02 1.275687815E-02
 1.124503713E-02 9.744022922E-03 8.254158420E-03 6.775798421E-03 5.309317279E-03
 3.855096902E-03 2.413770868E-03 9.861385603E-04-4.303520476E-04-1.843911425E-03
-3.258092313E-03-4.671006821E-03-6.080254117E-03-7.484526160E-03-8.883164918E-03
-1.027583312E-02-1.166233591E-02-1.304239993E-02-1.441555160E-02-1.578114581E-02
-1.713841208E-02-1.848646928E-02-1.982433324E-02-2.115093804E-02-2.246517572E-02
-2.376582628E-02-2.505155480E-02-2.632100193E-02-2.757271214E-02-2.880513332E-02
-3.001666034E-02-3.120561400E-02-3.237024569E-02-3.350875164E-02-3.461926789E-02
-3.569988082E-02-3.674862762E-02-3.776352061E-02-3.874253043E-02-3.968360292E-02
-4.058467536E-02-4.144367832E-02-4.225853049E-02-4.302717973E-02-4.374757299E-02
-4.441769360E-02-4.503555885E-02-4.559922454E-02-4.610680145E-02-4.655645866E-02
-4.694642814E-02-4.727501605E-02-4.754060701E-02-4.774166892E-02-4.787675902E-02
-4.794452765E-02-4.794372130E-02-4.787318674E-02-4.773187148E-02-4.751882453E-02
-4.723320032E-02-4.687425630E-02-4.644134844E-02-4.593393261E-02-4.535157423E-02
-4.469391668E-02-4.396070639E-02-4.315178236E-02-4.226705704E-02-4.130653070E-02
-4.027028005E-02-3.915846476E-02-3.797130425E-02-3.670908176E-02-3.537218971E-02
-3.396103372E-02-3.247613354E-02-3.091805873E-02-2.928749963E-02-2.758520176E-02
-2.581204514E-02-2.396900241E-02-2.205721478E-02-2.007797362E-02-1.803273124E-02
-1.592322229E-02-1.375139648E-02-1.151940090E-02-9.229512343E-03-6.884164190E-03
-4.487136074E-03-2.045535430E-03 4.388048403E-04 2.985804414E-03 5.610484955E-03
 8.312612584E-03 1.108955789E-02 1.393937487E-02 1.686016352E-02 1.984997099E-02
 2.290678455E-02 2.602855324E-02 2.921328830E-02 3.245910250E-02 3.576412478E-02
 3.912646930E-02 4.254427906E-02 4.601570420E-02 4.953878445E-02 5.311170348E-02
 5.673393861E-02 6.039752427E-02 3.701946694E-02 3.536402304E-02 3.371438208E-02
 3.207161862E-02 3.043575682E-02 2.880699774E-02 2.718554505E-02 2.557156179E-02
 2.396521093E-02 2.236668282E-02 2.077620413E-02 1.919404014E-02 1.762047685E-02
 1.605581356E-02 1.450037645E-02 1.295453130E-02 1.141866195E-02 9.893137793E-03
 8.378298159E-03 6.874466355E-03 5.381973714E-03 3.901163770E-03 2.432638926E-03
 9.771864801E-04-4.679124665E-04-1.911276541E-03-3.356436700E-03-4.801293681E-03
-6.243470510E-03-7.681772246E-03-9.115697836E-03-1.054503997E-02-1.196963504E-02
-1.338924090E-02-1.480347656E-02-1.621175630E-02-1.761331128E-02-1.900728483E-02
-2.039275878E-02-2.176872170E-02-2.313405064E-02-2.448754170E-02-2.582793934E-02
-2.715385351E-02-2.846380317E-02-2.975627518E-02-3.102963742E-02-3.228218010E-02
-3.351213202E-02-3.471764557E-02-3.589680781E-02-3.704765028E-02-3.816814870E-02
-3.925622380E-02-4.030977325E-02-4.132665009E-02-4.230468676E-02-4.324170154E-02
-4.413550562E-02-4.498391454E-02-4.578475215E-02-4.653586716E-02-4.723513740E-02
-4.788048033E-02-4.846986003E-02-4.900130033E-02-4.947289037E-02-4.988278842E-02
-5.022923462E-02-5.051055599E-02-5.072517086E-02-5.087159458E-02-5.094844429E-02
-5.095444174E-02-5.088841753E-02-5.074931162E-02-5.053617341E-02-5.024816620E-02
-4.988456451E-02-4.944474911E-02-4.892820812E-02-4.833454351E-02-4.766344713E-02
-4.691471433E-02-4.608823765E-02-4.518399289E-02-4.420204008E-02-4.314251766E-02
-4.200565935E-02-4.079172791E-02-3.950109328E-02-3.813418855E-02-3.669147015E-02
-3.517350437E-02-3.358090233E-02-3.191436910E-02-3.017466637E-02-2.836266677E-02
-2.647932806E-02-2.452576733E-02-2.250319136E-02-2.041302704E-02-1.825689068E-02
-1.603660483E-02-1.375431225E-02-1.141239893E-02-9.013268674E-03-6.559552847E-03
-4.055789461E-03-1.509484692E-03 1.081468650E-03 3.740190240E-03 6.476902470E-03
 9.289560168E-03 1.217562000E-02 1.513308217E-02 1.815986118E-02 2.125381034E-02
 2.441284761E-02 2.763498714E-02 3.091825238E-02 3.426065556E-02 3.766024118E-02
 4.111506109E-02 4.462310576E-02 4.818226089E-02 5.179061897E-02 5.544761339E-02
 5.914537975E-02 3.589279176E-02 3.422652646E-02 3.256588109E-02 3.091189760E-02
 2.926459691E-02 2.762419041E-02 2.599092304E-02 2.436502005E-02 2.274667495E-02
 2.113606243E-02 1.953337098E-02 1.793882483E-02 1.635268694E-02 1.477525195E-02
 1.320682859E-02 1.164774516E-02 1.009836391E-02 8.559076974E-03 7.030273479E-03
 5.512309071E-03 4.005498214E-03 2.510375866E-03 1.027730871E-03-4.450768814E-04
-1.916943231E-03-3.391712347E-03-4.867264558E-03-6.341234500E-03-7.812482826E-03
-9.280571412E-03-1.074538586E-02-1.220689840E-02-1.366496093E-02-1.511918477E-02
-1.656899874E-02-1.801373613E-02-1.945261335E-02-2.088472180E-02-2.230907889E-02
-2.372462861E-02-2.513020813E-02-2.652453691E-02-2.790626151E-02-2.927396124E-02
-3.062606631E-02-3.196094256E-02-3.327689893E-02-3.457211997E-02-3.584472698E-02
-3.709276926E-02-3.831422108E-02-3.950699821E-02-4.066895693E-02-4.179790509E-02
-4.289160364E-02-4.394779315E-02-4.496418109E-02-4.593845801E-02-4.686831567E-02
-4.775145466E-02-4.858557352E-02-4.936841939E-02-5.009775687E-02-5.077140224E-02
-5.138722601E-02-5.194316159E-02-5.243721573E-02-5.286747314E-02-5.323210733E-02
-5.352938729E-02-5.375768174E-02-5.391546485E-02-5.400132146E-02-5.401394972E-02
-5.395216556E-02-5.381490313E-02-5.360121438E-02-5.331027373E-02-5.294137520E-02
-5.249392821E-02-5.196745703E-02-5.136160218E-02-5.067611023E-02-4.991083219E-02
-4.906571745E-02-4.814081170E-02-4.713624540E-02-4.605223058E-02-4.488907014E-02
-4.364710130E-02-4.232678069E-02-4.092858013E-02-3.945305213E-02-3.790079367E-02
-3.627249314E-02-3.456886449E-02-3.279072035E-02-3.093891778E-02-2.901444474E-02
-2.701835882E-02-2.495185250E-02-2.281630178E-02-2.061321311E-02-1.834433029E-02
-1.601169895E-02-1.361761948E-02-1.116460231E-02-8.655250712E-03-6.092563275E-03
-3.482010347E-03-8.307000328E-04 1.869240421E-03 4.641412520E-03 7.490808927E-03
 1.041439462E-02 1.340969794E-02 1.647452458E-02 1.960669898E-02 2.280412473E-02
 2.606471060E-02 2.938635998E-02 3.276701354E-02 3.620461015E-02 3.969703128E-02
 4.324211260E-02 4.683766164E-02 5.048175356E-02 5.417384171E-02 5.790622316E-02
 3.478488237E-02 3.310792750E-02 3.143637207E-02 2.977124664E-02 2.811259333E-02
 2.646061610E-02 2.481555223E-02 2.317764584E-02 2.154714163E-02 1.992426796E-02
 1.830922205E-02 1.670219824E-02 1.510341838E-02 1.351314411E-02 1.193167516E-02
 1.035933220E-02 8.796450387E-03 7.243393502E-03 5.700553204E-03 4.168304400E-03
 2.647174449E-03 1.137972440E-03-3.616244893E-04-1.860676690E-03-3.363715964E-03
-4.868696629E-03-6.373200547E-03-7.876146115E-03-9.377185350E-03-1.087628171E-02
-1.237346722E-02-1.386865905E-02-1.536157695E-02-1.685173472E-02-1.833846451E-02
-1.982101170E-02-2.129857922E-02-2.277025310E-02-2.423498166E-02-2.569163328E-02
-2.713899518E-02-2.857573886E-02-3.000041497E-02-3.141150779E-02-3.280741007E-02
-3.418636402E-02-3.554656890E-02-3.688613411E-02-3.820305590E-02-3.949527082E-02
-4.076063770E-02-4.199694503E-02-4.320192732E-02-4.437326367E-02-4.550858315E-02
-4.660549754E-02-4.766158212E-02-4.867440028E-02-4.964151693E-02-5.056050466E-02
-5.142894663E-02-5.224447227E-02-5.300473383E-02-5.370744499E-02-5.435037954E-02
-5.493137918E-02-5.544836754E-02-5.589935566E-02-5.628245089E-02-5.659586448E-02
-5.683791611E-02-5.700704016E-02-5.710179034E-02-5.712084270E-02-5.706300006E-02
-5.692719240E-02-5.671247607E-02-5.641803866E-02-5.604319557E-02-5.558738715E-02
-5.505017759E-02-5.443124822E-02-5.373040253E-02-5.294755376E-02-5.208271392E-02
-5.113600062E-02-5.010762170E-02-4.899787794E-02-4.780713435E-02-4.653583363E-02
-4.518450896E-02-4.375369828E-02-4.224404486E-02-4.065621830E-02-3.899096140E-02
-3.724904849E-02-3.543132028E-02-3.353867660E-02-3.157210617E-02-2.953264704E-02
-2.742150165E-02-2.523996370E-02-2.298948310E-02-2.067175561E-02-1.828868055E-02
-1.584240121E-02-1.333542014E-02-1.077047680E-02-8.150322591E-03-5.478436858E-03
-2.761668690E-03-5.373364272E-06 2.806797909E-03 5.693734692E-03 8.656014419E-03
 1.169036340E-02 1.479442713E-02 1.796602962E-02 2.120295557E-02 2.450299008E-02
 2.786396191E-02 3.128369024E-02 3.475993343E-02 3.829042112E-02 4.187292095E-02
 4.550523639E-02 4.918549014E-02 5.291323242E-02 5.668087115E-02 3.369587959E-02
 3.200845437E-02 3.032616552E-02 2.865001760E-02 2.698009270E-02 2.531662087E-02
 2.365984489E-02 2.200999689E-02 2.036732034E-02 1.873207231E-02 1.710450529E-02
 1.548485046E-02 1.387331730E-02 1.227012845E-02 1.067554550E-02 9.089870659E-03
 7.513437750E-03 5.946591783E-03 4.389675084E-03 2.843181804E-03 1.307993915E-03
-2.175678310E-04-1.742425145E-03-3.272284832E-03-4.805380012E-03-6.339169895E-03
-7.872538230E-03-9.405186843E-03-1.093718847E-02-1.246868956E-02-1.399968080E-02
-1.552992194E-02-1.705897996E-02-1.858630149E-02-2.011122978E-02-2.163297073E-02
-2.315063945E-02-2.466329589E-02-2.616987118E-02-2.766915337E-02-2.915984843E-02
-3.064057210E-02-3.210981364E-02-3.356594061E-02-3.500725812E-02-3.643195103E-02
-3.783806756E-02-3.922361978E-02-4.058650054E-02-4.192451164E-02-4.323538929E-02
-4.451679244E-02-4.576631944E-02-4.698151407E-02-4.815987625E-02-4.929886621E-02
-5.039593261E-02-5.144850455E-02-5.245400970E-02-5.340989080E-02-5.431361692E-02
-5.516268520E-02-5.595464409E-02-5.668710006E-02-5.735772751E-02-5.796427718E-02
-5.850459107E-02-5.897660665E-02-5.937836617E-02-5.970802453E-02-5.996385414E-02
-6.014425128E-02-6.024774036E-02-6.027297709E-02-6.021875286E-02-6.008399505E-02
-5.986776606E-02-5.956926844E-02-5.918784027E-02-5.872295312E-02-5.817421431E-02
-5.754134915E-02-5.682421729E-02-5.602279734E-02-5.513717111E-02-5.416753035E-02
-5.311416331E-02-5.197746606E-02-5.075787582E-02-4.945595155E-02-4.807229166E-02
-4.660755020E-02-4.506243504E-02-4.343772829E-02-4.173422037E-02-3.995277477E-02
-3.809426735E-02-3.615966631E-02-3.414994735E-02-3.206619849E-02-2.990958901E-02
-2.768136828E-02-2.538297509E-02-2.301601943E-02-2.058226557E-02-1.808375352E-02
-1.552285903E-02-1.290228050E-02-1.022490879E-02-7.493746132E-03-4.713142870E-03
-1.890909002E-03 9.722376889E-04 3.899070711E-03 6.900880363E-03 9.975559677E-03
 1.312017221E-02 1.633239124E-02 1.960989726E-02 2.295039576E-02 2.635157639E-02
 2.981106800E-02 3.332648374E-02 3.689549630E-02 4.051587962E-02 4.418550447E-02
 4.790259046E-02 5.166665475E-02 5.547009036E-02 3.262605444E-02 3.092827750E-02
 2.923545614E-02 2.754849567E-02 2.586745773E-02 2.419259257E-02 2.252417570E-02
 2.086246090E-02 1.920769071E-02 1.756010913E-02 1.591997518E-02 1.428755809E-02
 1.266311798E-02 1.104689169E-02 9.439111046E-03 7.840037666E-03 6.249976481E-03
 4.669250266E-03 3.098270933E-03 1.537840399E-03-1.301084241E-05-1.562342000E-03
-3.117520099E-03-4.677313846E-03-6.239019177E-03-7.801460217E-03-9.364367031E-03
-1.092786934E-02-1.249219688E-02-1.405745495E-02-1.562351427E-02-1.719001238E-02
-1.875643692E-02-2.032218797E-02-2.188658948E-02-2.344885691E-02-2.500805174E-02
-2.656313449E-02-2.811300523E-02-2.965642587E-02-3.119200894E-02-3.271828056E-02
-3.423366620E-02-3.573645468E-02-3.722481604E-02-3.869685498E-02-4.015052866E-02
-4.158368499E-02-4.299412331E-02-4.437951095E-02-4.573744419E-02-4.706544793E-02
-4.836097597E-02-4.962143234E-02-5.084417168E-02-5.202650860E-02-5.316575182E-02
-5.425918853E-02-5.530410936E-02-5.629782656E-02-5.723768370E-02-5.812105003E-02
-5.894537052E-02-5.970814016E-02-6.040693560E-02-6.103941908E-02-6.160335199E-02
-6.209660078E-02-6.251714413E-02-6.286308337E-02-6.313264651E-02-6.332419401E-02
-6.343622345E-02-6.346737238E-02-6.341642262E-02-6.328230051E-02-6.306407581E-02
-6.276096722E-02-6.237233636E-02-6.189768539E-02-6.133666548E-02-6.068904952E-02
-5.995475243E-02-5.913381651E-02-5.822639771E-02-5.723276596E-02-5.615329521E-02
-5.498846655E-02-5.373881965E-02-5.240501893E-02-5.098773712E-02-4.948775263E-02
-4.790586948E-02-4.624295801E-02-4.449990913E-02-4.267764920E-02-4.077715092E-02
-3.879941181E-02-3.674546489E-02-3.461643112E-02-3.241345343E-02-3.013779896E-02
-2.779087988E-02-2.537419720E-02-2.288944479E-02-2.033857702E-02-1.772380563E-02
-1.504768112E-02-1.231315753E-02-9.523311699E-03-6.681386901E-03-3.792973767E-03
-8.658513166E-04 2.107143505E-03 5.149698893E-03 8.265906133E-03 1.145236169E-02
 1.470637223E-02 1.802555918E-02 2.140747901E-02 2.484962060E-02 2.834947697E-02
 3.190461633E-02 3.551272709E-02 3.917166297E-02 4.287935655E-02 4.663396283E-02
 5.043484407E-02 5.427442476E-02 3.157625684E-02 2.986794459E-02 2.816454324E-02
 2.646689030E-02 2.477494582E-02 2.308888159E-02 2.140896026E-02 1.973546142E-02
 1.806866069E-02 1.640881842E-02 1.475618589E-02 1.311102143E-02 1.147360013E-02
 9.844202439E-03 8.223097164E-03 6.610535557E-03 5.006767460E-03 3.412111441E-03
 1.827272182E-03 2.519698167E-04-1.320643768E-03-2.899618851E-03-4.484663566E-03
-6.072883773E-03-7.662960213E-03-9.254641125E-03-1.084813399E-02-1.244376523E-02
-1.404172707E-02-1.564196837E-02-1.724422823E-02-1.884810742E-02-2.045308643E-02
-2.205853274E-02-2.366371587E-02-2.526781495E-02-2.686989332E-02-2.846885188E-02
-3.006348154E-02-3.165250550E-02-3.323449700E-02-3.480787400E-02-3.637096367E-02
-3.792198066E-02-3.945899315E-02-4.097995749E-02-4.248275398E-02-4.396509695E-02
-4.542462392E-02-4.685889646E-02-4.826535439E-02-4.964137710E-02-5.098427207E-02
-5.229128820E-02-5.355963101E-02-5.478647256E-02-5.596895990E-02-5.710424476E-02
-5.818947916E-02-5.922183751E-02-6.019853183E-02-6.111681831E-02-6.197402617E-02
-6.276754289E-02-6.349485156E-02-6.415352907E-02-6.474125783E-02-6.525583727E-02
-6.569518631E-02-6.605735648E-02-6.634053509E-02-6.654305002E-02-6.666337511E-02
-6.670013235E-02-6.665209605E-02-6.651819308E-02-6.629750162E-02-6.598925685E-02
-6.559284408E-02-6.510779631E-02-6.453380543E-02-6.387069412E-02-6.311843219E-02
-6.227712230E-02-6.134699408E-02-6.032839717E-02-5.922179955E-02-5.802775494E-02
-5.674692647E-02-5.538006273E-02-5.392795699E-02-5.239147910E-02-5.077157047E-02
-4.906917961E-02-4.728531710E-02-4.542099443E-02-4.347728039E-02-4.145522210E-02
-3.935594739E-02-3.718058161E-02-3.493030576E-02-3.260641993E-02-3.021026646E-02
-2.774329742E-02-2.520716560E-02-2.260371210E-02-1.993501599E-02-1.720350967E-02
-1.441199575E-02-1.156357138E-02-8.661428438E-03-5.709459004E-03-2.715073145E-03
 3.164372315E-04 3.403452998E-03 6.562091456E-03 9.791605144E-03 1.308862664E-02
 1.645053509E-02 1.987470473E-02 2.335850142E-02 2.689938413E-02 3.049494513E-02
 3.414295140E-02 3.784126441E-02 4.158770774E-02 4.538030922E-02 4.921837073E-02
 5.309444414E-02 3.054757240E-02 2.882847936E-02 2.711426174E-02 2.540575220E-02
 2.370288182E-02 2.200575258E-02 2.031452761E-02 1.862941878E-02 1.695069921E-02
 1.527866053E-02 1.361358587E-02 1.195574282E-02 1.030539305E-02 8.662811289E-03
 7.028290154E-03 5.402112395E-03 3.784541955E-03 2.176120785E-03 5.771128514E-04
-1.017798515E-03-2.618997602E-03-4.227695613E-03-5.840955102E-03-7.457224318E-03
-9.076184837E-03-1.069808154E-02-1.232335116E-02-1.395231793E-02-1.558504428E-02
-1.722135099E-02-1.886090531E-02-2.050328335E-02-2.214797127E-02-2.379432803E-02
-2.544157781E-02-2.708883500E-02-2.873511709E-02-3.037931952E-02-3.202016450E-02
-3.365625279E-02-3.528610980E-02-3.690809906E-02-3.852042242E-02-4.012118582E-02
-4.170837063E-02-4.327980438E-02-4.483321209E-02-4.636622406E-02-4.787630318E-02
-4.936086232E-02-5.081720877E-02-5.224255472E-02-5.363405379E-02-5.498879628E-02
-5.630383240E-02-5.757617811E-02-5.880282719E-02-5.998078655E-02-6.110706511E-02
-6.217870024E-02-6.319277634E-02-6.414643798E-02-6.503689110E-02-6.586143030E-02
-6.661744569E-02-6.730243236E-02-6.791399928E-02-6.844988285E-02-6.890794898E-02
-6.928620390E-02-6.958279891E-02-6.979603349E-02-6.992436153E-02-6.996639246E-02
-6.992089539E-02-6.978679924E-02-6.956319144E-02-6.924932328E-02-6.884460325E-02
-6.834859543E-02-6.776102710E-02-6.708177016E-02-6.631084775E-02-6.544842104E-02
-6.449478986E-02-6.345037987E-02-6.231575198E-02-6.109154000E-02-5.977852898E-02
-5.837754109E-02-5.688950887E-02-5.531540905E-02-5.365629371E-02-5.191324138E-02
-5.008735359E-02-4.817978024E-02-4.619165204E-02-4.412414101E-02-4.197842820E-02
-3.975569086E-02-3.745719292E-02-3.508421834E-02-3.263808222E-02-3.012024090E-02
-2.753227846E-02-2.487593807E-02-2.215322930E-02-1.936643194E-02-1.651811599E-02
-1.361129162E-02-1.064932485E-02-7.635684532E-03-4.575378288E-03-1.476674473E-03
 1.662205263E-03 4.865014881E-03 8.138620586E-03 1.147979169E-02 1.488535450E-02
 1.835258016E-02 2.187882234E-02 2.546156910E-02 2.909846708E-02 3.278723264E-02
 3.652558440E-02 4.031124874E-02 4.414224835E-02 4.801787646E-02 5.193078335E-02
 2.954074312E-02 2.781086041E-02 2.608568391E-02 2.436609677E-02 2.265208734E-02
 2.094375895E-02 1.924123834E-02 1.754466447E-02 1.585421626E-02 1.417013022E-02
 1.249269781E-02 1.082222262E-02 9.158994910E-03 7.503291257E-03 5.855381864E-03
 4.215535562E-03 2.584226502E-03 9.621073894E-04-6.543502815E-04-2.276220174E-03
-3.906909089E-03-5.543654302E-03-7.184568276E-03-8.829237988E-03-1.047793586E-02
-1.213117120E-02-1.378937504E-02-1.545274060E-02-1.712121564E-02-1.879457380E-02
-2.047247359E-02-2.215446841E-02-2.384000841E-02-2.552843906E-02-2.721897359E-02
-2.891067709E-02-3.060249219E-02-3.229325472E-02-3.398167035E-02-3.566626081E-02
-3.734541412E-02-3.901743359E-02-4.068044857E-02-4.233242165E-02-4.397121363E-02
-4.559454883E-02-4.719999481E-02-4.878502767E-02-5.034700498E-02-5.188313595E-02
-5.339059052E-02-5.486641772E-02-5.630760158E-02-5.771107240E-02-5.907371343E-02
-6.039238344E-02-6.166392766E-02-6.288519064E-02-6.405304721E-02-6.516440133E-02
-6.621621050E-02-6.720550296E-02-6.812937397E-02-6.898503130E-02-6.976977426E-02
-7.048102259E-02-7.111631972E-02-7.167334523E-02-7.214991898E-02-7.254400814E-02
-7.285373365E-02-7.307737199E-02-7.321336134E-02-7.326030209E-02-7.321696068E-02
-7.308226957E-02-7.285532589E-02-7.253539643E-02-7.212191154E-02-7.161446519E-02
-7.101281504E-02-7.031687771E-02-6.952672663E-02-6.864257894E-02-6.766480005E-02
-6.659388954E-02-6.543048400E-02-6.417531997E-02-6.282927468E-02-6.139327587E-02
-5.986836106E-02-5.825565254E-02-5.655629656E-02-5.477150776E-02-5.290251334E-02
-5.095057306E-02-4.891693502E-02-4.680288502E-02-4.460966840E-02-4.233857894E-02
-3.999092821E-02-3.756799606E-02-3.507114377E-02-3.250181071E-02-2.986152185E-02
-2.715198820E-02-2.437511556E-02-2.153299806E-02-1.862806187E-02-1.566319383E-02
-1.264173085E-02-9.567139599E-03-6.443234452E-03-3.276922850E-03-7.526539518E-05
 3.175601592E-03 6.494184494E-03 9.880474486E-03 1.333065091E-02 1.684187210E-02
 2.041154518E-02 2.403716938E-02 2.771628234E-02 3.144644980E-02 3.522533079E-02
 3.905067195E-02 4.292049665E-02 4.683405912E-02 5.078412665E-02 2.855581927E-02
 2.681547280E-02 2.507953788E-02 2.334889493E-02 2.162361896E-02 1.990389707E-02
 1.818989945E-02 1.648176084E-02 1.477961998E-02 1.308363866E-02 1.139402223E-02
 9.711033748E-03 8.034983687E-03 6.366186341E-03 4.704917306E-03 3.051521470E-03
 1.406764749E-03-2.309985868E-04-1.872055928E-03-3.522912012E-03-5.181496570E-03
-6.845499290E-03-8.514292700E-03-1.018811051E-02-1.186754322E-02-1.355316765E-02
-1.524530847E-02-1.694401230E-02-1.864915432E-02-2.036051128E-02-2.207775176E-02
-2.380041850E-02-2.552792749E-02-2.725957720E-02-2.899455405E-02-3.073190844E-02
-3.247052693E-02-3.420915737E-02-3.594643003E-02-3.768083645E-02-3.941067197E-02
-4.113408546E-02-4.284913191E-02-4.455368002E-02-4.624542806E-02-4.792196747E-02
-4.958074322E-02-5.121904652E-02-5.283408735E-02-5.442293408E-02-5.598254486E-02
-5.750983003E-02-5.900159191E-02-6.045459134E-02-6.186554545E-02-6.323115034E-02
-6.454809455E-02-6.581307282E-02-6.702282195E-02-6.817411381E-02-6.926378327E-02
-7.028874511E-02-7.124600357E-02-7.213267388E-02-7.294597493E-02-7.368326089E-02
-7.434201855E-02-7.491987915E-02-7.541462338E-02-7.582418732E-02-7.614666802E-02
-7.638032515E-02-7.652358598E-02-7.657504570E-02-7.653347080E-02-7.639779876E-02
-7.616713669E-02-7.584076595E-02-7.541813693E-02-7.489887037E-02-7.428275082E-02
-7.356973318E-02-7.275993449E-02-7.185362303E-02-7.085122283E-02-6.975330815E-02
-6.856057254E-02-6.727386569E-02-6.589412765E-02-6.442241761E-02-6.285987374E-02
-6.120773380E-02-5.946728595E-02-5.763985072E-02-5.572681201E-02-5.372952767E-02
-5.164940664E-02-4.948781877E-02-4.724614228E-02-4.492578138E-02-4.252807171E-02
-4.005437285E-02-3.750608484E-02-3.488463091E-02-3.219154543E-02-2.942848644E-02
-2.659721227E-02-2.369972075E-02-2.073835870E-02-1.771583703E-02-1.463524736E-02
-1.150010120E-02-8.314096216E-03-5.082107525E-03-1.812490523E-03 1.493829012E-03
 4.859269933E-03 8.291485316E-03 1.178736878E-02 1.534372925E-02 1.895791771E-02
 2.262729242E-02 2.634925907E-02 3.012136352E-02 3.394128758E-02 3.780677602E-02
 4.171584666E-02 4.566769714E-02 4.965517238E-02 2.759265163E-02 2.584222569E-02
 2.409591690E-02 2.235454400E-02 2.061820199E-02 1.888712232E-02 1.716154469E-02
 1.544167901E-02 1.372770184E-02 1.201976489E-02 1.031802861E-02 8.622681655E-03
 6.933959684E-03 5.252141250E-03 3.577556939E-03 1.910880798E-03 2.518009313E-04
-1.407290290E-03-3.076489297E-03-4.755216841E-03-6.440683366E-03-8.131947772E-03
-9.829191052E-03-1.153305423E-02-1.324421974E-02-1.496315621E-02-1.669006174E-02
-1.842493095E-02-2.016762584E-02-2.191790746E-02-2.367543833E-02-2.543975931E-02
-2.721027191E-02-2.898623816E-02-3.076678737E-02-3.255092442E-02-3.433751230E-02
-3.612523575E-02-3.791262196E-02-3.969806697E-02-4.147981959E-02-4.325592058E-02
-4.502425052E-02-4.678258734E-02-4.852851252E-02-5.025943605E-02-5.197265704E-02
-5.366532183E-02-5.533443363E-02-5.697692090E-02-5.858955868E-02-6.016906004E-02
-6.171207345E-02-6.321517439E-02-6.467491251E-02-6.608781744E-02-6.745042414E-02
-6.875928592E-02-7.001099072E-02-7.120219182E-02-7.232960918E-02-7.339005362E-02
-7.438044425E-02-7.529780603E-02-7.613929769E-02-7.690221510E-02-7.758399784E-02
-7.818223788E-02-7.869468600E-02-7.911925551E-02-7.945402702E-02-7.969725012E-02
-7.984734654E-02-7.990291048E-02-7.986271130E-02-7.972569286E-02-7.949097264E-02
-7.915784509E-02-7.872577803E-02-7.819441441E-02-7.756356308E-02-7.683321042E-02
-7.600350814E-02-7.507476971E-02-7.404746701E-02-7.292223958E-02-7.169984106E-02
-7.038121120E-02-6.896736172E-02-6.745945237E-02-6.585875399E-02-6.416659527E-02
-6.238439624E-02-6.051362374E-02-5.855577112E-02-5.651236222E-02-5.438492174E-02
-5.217495330E-02-4.988399589E-02-4.751351348E-02-4.506494376E-02-4.253973942E-02
-3.993932968E-02-3.726518955E-02-3.451885542E-02-3.170188271E-02-2.881597839E-02
-2.586310620E-02-2.284548607E-02-1.976559192E-02-1.662632454E-02-1.343112650E-02
-1.018374194E-02-6.888210276E-03-3.551350550E-03-1.808215749E-04 3.234887062E-03
 6.714035676E-03 1.025683089E-02 1.385947156E-02 1.751903980E-02 2.123282470E-02
 2.499824659E-02 2.881286460E-02 3.267436094E-02 3.658047362E-02 4.052915943E-02
 4.451947434E-02 4.854434936E-02 2.665169915E-02 2.489123152E-02 2.313477005E-02
 2.138301954E-02 1.963598327E-02 1.789385967E-02 1.615689953E-02 1.442535434E-02
 1.269946463E-02 1.097944766E-02 9.265492928E-03 7.557772321E-03 5.856464632E-03
 4.161769003E-03 2.474162223E-03 7.941534585E-04-8.828341442E-04-2.568670097E-03
-4.265631420E-03-5.970884421E-03-7.683003678E-03-9.401980352E-03-1.112844979E-02
-1.286322833E-02-1.460696328E-02-1.635999160E-02-1.812241256E-02-1.989420552E-02
-2.167525833E-02-2.346533496E-02-2.526406719E-02-2.707097160E-02-2.888544147E-02
-3.070672073E-02-3.253389670E-02-3.436590511E-02-3.620154285E-02-3.803945654E-02
-3.987810069E-02-4.171575163E-02-4.355053969E-02-4.538043875E-02-4.720320397E-02
-4.901641815E-02-5.081755401E-02-5.260388011E-02-5.437249671E-02-5.612039184E-02
-5.784440003E-02-5.954123165E-02-6.120752515E-02-6.283977604E-02-6.443446043E-02
-6.598798026E-02-6.749670949E-02-6.895701758E-02-7.036528428E-02-7.171792038E-02
-7.301138246E-02-7.424220840E-02-7.540701187E-02-7.650251052E-02-7.752554210E-02
-7.847306196E-02-7.934217868E-02-8.013013786E-02-8.083434349E-02-8.145235977E-02
-8.198191823E-02-8.242091778E-02-8.276743089E-02-8.301970377E-02-8.317615822E-02
-8.323539184E-02-8.319617968E-02-8.305747352E-02-8.281840152E-02-8.247826978E-02
-8.203655975E-02-8.149293242E-02-8.084721695E-02-8.009942373E-02-7.924973032E-02
-7.829848665E-02-7.724620568E-02-7.609356946E-02-7.484140671E-02-7.349070117E-02
-7.204256654E-02-7.049823872E-02-6.885908833E-02-6.712657448E-02-6.530221925E-02
-6.338763399E-02-6.138444185E-02-5.929432116E-02-5.711892177E-02-5.485993336E-02
-5.251899741E-02-5.009769092E-02-4.759759209E-02-4.502022715E-02-4.236711710E-02
-3.963979471E-02-3.683974214E-02-3.396851354E-02-3.102783220E-02-2.801957667E-02
-2.494577757E-02-2.180877950E-02-1.861133699E-02-1.535666631E-02-1.204852011E-02
-8.690915519E-03-5.288886471E-03-1.850840246E-03 1.621621817E-03 5.149807540E-03
 8.740415570E-03 1.239018705E-02 1.609585825E-02 1.985473611E-02 2.366426299E-02
 2.752199847E-02 3.142558472E-02 3.537266191E-02 3.936107803E-02 4.338982341E-02
 4.745204456E-02 2.573424273E-02 2.396348546E-02 2.219670109E-02 2.043456452E-02
 1.867702238E-02 1.692417573E-02 1.517618187E-02 1.343325268E-02 1.169563876E-02
 9.963597845E-03 8.237377969E-03 6.517202462E-03 4.803251858E-03 3.095778261E-03
 1.395474999E-03-2.995531246E-04-2.000540871E-03-3.713834344E-03-5.437139915E-03
-7.168399884E-03-8.907363776E-03-1.065464691E-02-1.241114351E-02-1.417763598E-02
-1.595462708E-02-1.774237466E-02-1.954097987E-02-2.135042476E-02-2.317058407E-02
-2.500122431E-02-2.684198200E-02-2.869234490E-02-3.055166470E-02-3.241916195E-02
-3.429389809E-02-3.617476024E-02-3.806046309E-02-3.994956327E-02-4.184045657E-02
-4.373133546E-02-4.562019122E-02-4.750485404E-02-4.938298956E-02-5.125203623E-02
-5.310925020E-02-5.495177319E-02-5.677653960E-02-5.858032421E-02-6.035979272E-02
-6.211146461E-02-6.383176339E-02-6.551704130E-02-6.716354372E-02-6.876752077E-02
-7.032516920E-02-7.183269826E-02-7.328633748E-02-7.468236443E-02-7.601711838E-02
-7.728701804E-02-7.848858984E-02-7.961846947E-02-8.067342354E-02-8.165036048E-02
-8.254634106E-02-8.335857547E-02-8.408444484E-02-8.472149712E-02-8.526745427E-02
-8.572021087E-02-8.607783962E-02-8.633859000E-02-8.650088953E-02-8.656334353E-02
-8.652473565E-02-8.638402722E-02-8.614035713E-02-8.579304188E-02-8.534157249E-02
-8.478562363E-02-8.412503959E-02-8.335984675E-02-8.249024108E-02-8.151659783E-02
-8.043946770E-02-7.925955120E-02-7.797774993E-02-7.659507457E-02-7.511271693E-02
-7.353201294E-02-7.185440033E-02-7.008144243E-02-6.821480101E-02-6.625618307E-02
-6.420738209E-02-6.207019299E-02-5.984644989E-02-5.753798802E-02-5.514656148E-02
-5.267392219E-02-5.012176222E-02-4.749173489E-02-4.478547089E-02-4.200449717E-02
-3.915034627E-02-3.622464256E-02-3.322907221E-02-3.016537645E-02-2.703551050E-02
-2.384171441E-02-2.058655629E-02-1.727310235E-02-1.390500096E-02-1.048623612E-02
-7.021019309E-03-3.516304148E-03 2.020958011E-05 3.600196279E-03 7.239272128E-03
 1.093693016E-02 1.468949374E-02 1.849420844E-02 2.234851645E-02 2.624989196E-02
 3.019585223E-02 3.418396931E-02 3.821212537E-02 4.227938127E-02 4.637911642E-02
 2.484145411E-02 2.306028796E-02 2.128298530E-02 1.951024941E-02 1.774204432E-02
 1.597845104E-02 1.421957783E-02 1.246555172E-02 1.071653407E-02 8.972739530E-03
 7.234425849E-03 5.501846227E-03 3.775251684E-03 2.055204693E-03 3.414495175E-04
-1.373534298E-03-3.100928091E-03-4.840383970E-03-6.589159130E-03-8.346484489E-03
-1.011280070E-02-1.188905687E-02-1.367623609E-02-1.547504614E-02-1.728587596E-02
-1.910892411E-02-2.094430048E-02-2.279202148E-02-2.465196933E-02-2.652388591E-02
-2.840739012E-02-3.030196989E-02-3.220695171E-02-3.412149839E-02-3.604462595E-02
-3.797518332E-02-3.991182590E-02-4.185301480E-02-4.379703038E-02-4.574197834E-02
-4.768575301E-02-4.962602544E-02-5.156029056E-02-5.348587269E-02-5.539986465E-02
-5.729917087E-02-5.918058209E-02-6.104068576E-02-6.287592570E-02-6.468264522E-02
-6.645705938E-02-6.819532379E-02-6.989352383E-02-7.154769811E-02-7.315390032E-02
-7.470817699E-02-7.620661856E-02-7.764537448E-02-7.902067329E-02-8.032883700E-02
-8.156631352E-02-8.272967054E-02-8.381562024E-02-8.482103340E-02-8.574293259E-02
-8.657851421E-02-8.732514739E-02-8.798037401E-02-8.854191620E-02-8.900767416E-02
-8.937572860E-02-8.964433888E-02-8.981194370E-02-8.987716021E-02-8.983878353E-02
-8.969578600E-02-8.944731696E-02-8.909270214E-02-8.863144041E-02-8.806321418E-02
-8.738787743E-02-8.660546547E-02-8.571618645E-02-8.472042651E-02-8.361876083E-02
-8.241191322E-02-8.110081184E-02-7.968652435E-02-7.817028211E-02-7.655348693E-02
-7.483767227E-02-7.302448130E-02-7.111567789E-02-6.911310771E-02-6.701868149E-02
-6.483435233E-02-6.256212927E-02-6.020395524E-02-5.776177373E-02-5.523748262E-02
-5.263292814E-02-4.994991752E-02-4.719012083E-02-4.435516416E-02-4.144670375E-02
-3.846637772E-02-3.541579314E-02-3.229667512E-02-2.911091450E-02-2.586062677E-02
-2.254830420E-02-1.917685176E-02-1.574960207E-02-1.227036834E-02-8.743241985E-03
-5.173618709E-03-1.570300488E-03 2.065811619E-03 5.754742180E-03 9.501026174E-03
 1.330132224E-02 1.715260421E-02 2.105218198E-02 2.499742963E-02 2.898586175E-02
 3.301514257E-02 3.708324589E-02 4.118923373E-02 4.532665024E-02 2.397342319E-02
 2.218225362E-02 2.039463326E-02 1.861128682E-02 1.683228681E-02 1.505778546E-02
 1.328790857E-02 1.152276569E-02 9.762476207E-03 8.007183186E-03 6.257059316E-03
 4.512306028E-03 2.773323088E-03 1.040745370E-03-6.889878124E-04-2.428679791E-03
-4.182075900E-03-5.946459605E-03-7.720369748E-03-9.503987023E-03-1.129821432E-02
-1.310411812E-02-1.492257102E-02-1.675415683E-02-1.859925100E-02-2.045809127E-02
-2.233078984E-02-2.421734269E-02-2.611763970E-02-2.803144022E-02-2.995834368E-02
-3.189779950E-02-3.384911407E-02-3.581142605E-02-3.778368420E-02-3.976466300E-02
-4.175296060E-02-4.374696481E-02-4.574484525E-02-4.774456644E-02-4.974390287E-02
-5.174041249E-02-5.373141109E-02-5.571402509E-02-5.768520772E-02-5.964168339E-02
-6.157998861E-02-6.349655367E-02-6.538761818E-02-6.724930274E-02-6.907764448E-02
-7.086858236E-02-7.261803617E-02-7.432186537E-02-7.597595722E-02-7.757621912E-02
-7.911860747E-02-8.059915624E-02-8.201399762E-02-8.335937578E-02-8.463166215E-02
-8.582737928E-02-8.694320091E-02-8.797596818E-02-8.892268842E-02-8.978055486E-02
-9.054693327E-02-9.121937249E-02-9.179560455E-02-9.227354322E-02-9.265128454E-02
-9.292710446E-02-9.309945768E-02-9.316697689E-02-9.312847129E-02-9.298292559E-02
-9.272949929E-02-9.236752639E-02-9.189651303E-02-9.131614323E-02-9.062627675E-02
-8.982694955E-02-8.891837557E-02-8.790094492E-02-8.677523353E-02-8.554200060E-02
-8.420216119E-02-8.275682620E-02-8.120728251E-02-7.955496319E-02-7.780146079E-02
-7.594851942E-02-7.399797769E-02-7.195180542E-02-6.981203024E-02-6.758078438E-02
-6.526018076E-02-6.285234082E-02-6.035937560E-02-5.778335232E-02-5.512630240E-02
-5.239011002E-02-4.957658656E-02-4.668753097E-02-4.372466231E-02-4.068959983E-02
-3.758399561E-02-3.440955879E-02-3.116813024E-02-2.786180897E-02-2.449294172E-02
-2.106413512E-02-1.757841500E-02-1.403944171E-02-1.045146814E-02-6.819231429E-03
-3.150460041E-03 5.475325098E-04 4.288471838E-03 8.084089829E-03 1.193282010E-02
 1.583111813E-02 1.977619597E-02 2.376550955E-02 2.779667238E-02 3.186739851E-02
 3.597566689E-02 4.012051207E-02 4.429567523E-02 2.312942083E-02 2.132890315E-02
 1.953156961E-02 1.773809172E-02 1.594858552E-02 1.416326333E-02 1.238233427E-02
 1.060597916E-02 8.834345264E-03 7.067560002E-03 5.305744470E-03 3.549074994E-03
 1.798165980E-03 5.214316154E-05-1.698575443E-03-3.463726062E-03-5.241855382E-03
-7.030606586E-03-8.829709971E-03-1.063996465E-02-1.246254710E-02-1.429853940E-02
-1.614869630E-02-1.801349156E-02-1.989326241E-02-2.178827719E-02-2.369870349E-02
-2.562455939E-02-2.756570911E-02-2.952188795E-02-3.149270213E-02-3.347759106E-02
-3.547581068E-02-3.748645017E-02-3.950842212E-02-4.154042958E-02-4.358096723E-02
-4.562833637E-02-4.768061553E-02-4.973564245E-02-5.179102514E-02-5.384416553E-02
-5.589224682E-02-5.793219817E-02-5.996075065E-02-6.197446533E-02-6.396968577E-02
-6.594257679E-02-6.788921373E-02-6.980550490E-02-7.168727325E-02-7.353028416E-02
-7.533024711E-02-7.708289278E-02-7.878392394E-02-8.042912932E-02-8.201434251E-02
-8.353549786E-02-8.498864205E-02-8.636995405E-02-8.767575489E-02-8.890253331E-02
-9.004693808E-02-9.110579551E-02-9.207611657E-02-9.295509662E-02-9.374011086E-02
-9.442872630E-02-9.501869375E-02-9.550794805E-02-9.589460649E-02-9.617696733E-02
-9.635350556E-02-9.642287260E-02-9.638389396E-02-9.623556807E-02-9.597706473E-02
-9.560772525E-02-9.512706158E-02-9.453475675E-02-9.383067154E-02-9.301483609E-02
-9.208746203E-02-9.104894307E-02-8.989983552E-02-8.864091411E-02-8.727309997E-02
-8.579750832E-02-8.421544987E-02-8.252840291E-02-8.073800563E-02-7.884604687E-02
-7.685447153E-02-7.476532538E-02-7.258078995E-02-7.030309951E-02-6.793451186E-02
-6.547732283E-02-6.293381298E-02-6.030625003E-02-5.759676807E-02-5.480742283E-02
-5.194023838E-02-4.899711998E-02-4.597982550E-02-4.289007712E-02-3.972956552E-02
-3.650003429E-02-3.320336107E-02-2.984150668E-02-2.641656023E-02-2.293090739E-02
-1.938746772E-02-1.578986197E-02-1.214230987E-02-8.449299720E-03-4.716837319E-03
-9.537186665E-04 2.841958065E-03 6.687728777E-03 1.058524187E-02 1.453085861E-02
 1.852177114E-02 2.255550228E-02 2.662968268E-02 3.074203772E-02 3.489057817E-02
 3.907436075E-02 4.328734708E-02 2.230926063E-02 2.049975104E-02 1.869321971E-02
 1.689021492E-02 1.509079116E-02 1.329514915E-02 1.150351804E-02 9.716124973E-03
 7.933185387E-03 6.154885741E-03 4.381374660E-03 2.612988025E-03 8.500835137E-04
-9.121300250E-04-2.686930661E-03-4.476657932E-03-6.278537684E-03-8.091504621E-03
-9.916061304E-03-1.175337776E-02-1.360471740E-02-1.547107841E-02-1.735314149E-02
-1.925138797E-02-2.116617657E-02-2.309775382E-02-2.504626020E-02-2.701173826E-02
-2.899409628E-02-3.099306587E-02-3.300820643E-02-3.503892899E-02-3.708447895E-02
-3.914389402E-02-4.121600770E-02-4.329945917E-02-4.539266508E-02-4.749380038E-02
-4.960081985E-02-5.171144713E-02-5.382314607E-02-5.593312897E-02-5.803838718E-02
-6.013569568E-02-6.222157441E-02-6.429234292E-02-6.634416240E-02-6.837299901E-02
-7.037466022E-02-7.234489105E-02-7.427930415E-02-7.617347061E-02-7.802293992E-02
-7.982325611E-02-8.157002166E-02-8.325886568E-02-8.488553929E-02-8.644588631E-02
-8.793588641E-02-8.935166951E-02-9.068952649E-02-9.194591738E-02-9.311748806E-02
-9.420106648E-02-9.519367471E-02-9.609251850E-02-9.689499949E-02-9.759870912E-02
-9.820142397E-02-9.870110706E-02-9.909590150E-02-9.938413150E-02-9.956429611E-02
-9.963506804E-02-9.959529104E-02-9.944397849E-02-9.918031096E-02-9.880363632E-02
-9.831347136E-02-9.770949766E-02-9.699157231E-02-9.615971802E-02-9.521413327E-02
-9.415520463E-02-9.298348415E-02-9.169971451E-02-9.030482528E-02-8.879994331E-02
-8.718637283E-02-8.546560243E-02-8.363931181E-02-8.170933674E-02-7.967767488E-02
-7.754647580E-02-7.531802135E-02-7.299464066E-02-7.057875375E-02-6.807281218E-02
-6.547929365E-02-6.280057856E-02-6.003898739E-02-5.719681425E-02-5.427622159E-02
-5.127920334E-02-4.820767120E-02-4.506344387E-02-4.184833121E-02-3.856415411E-02
-3.521266465E-02-3.179562918E-02-2.831501759E-02-2.477323445E-02-2.117317583E-02
-1.751820997E-02-1.381226727E-02-1.005970090E-02-6.265539001E-03-2.438215040E-03
 1.416288370E-03 5.313467909E-03 9.260022176E-03 1.325337993E-02 1.729050580E-02
 2.136890957E-02 2.548626750E-02 2.964037243E-02 3.382929234E-02 3.805207063E-02
 4.230285507E-02 2.151440175E-02 1.969568049E-02 1.787988994E-02 1.606753177E-02
 1.425858308E-02 1.245314091E-02 1.065134946E-02 8.853403728E-03 7.059529030E-03
 5.269936867E-03 3.484874833E-03 1.705016939E-03-7.092291469E-05-1.853817611E-03
-3.652667602E-03-5.465691293E-03-7.290781537E-03-9.127949694E-03-1.097823173E-02
-1.284297656E-02-1.472338411E-02-1.662033339E-02-1.853446534E-02-2.046629293E-02
-2.241622883E-02-2.438456171E-02-2.637143273E-02-2.837684123E-02-3.040066315E-02
-3.244265258E-02-3.450239113E-02-3.657925024E-02-3.867240670E-02-4.078085915E-02
-4.290339247E-02-4.503854640E-02-4.718463430E-02-4.933973624E-02-5.150166600E-02
-5.366798324E-02-5.583600822E-02-5.800279098E-02-6.016511523E-02-6.231953227E-02
-6.446238510E-02-6.658977633E-02-6.869761417E-02-7.078167087E-02-7.283755887E-02
-7.486076364E-02-7.684674739E-02-7.879088570E-02-8.068856106E-02-8.253517900E-02
-8.432619792E-02-8.605716407E-02-8.772372237E-02-8.932165801E-02-9.084690040E-02
-9.229554469E-02-9.366386457E-02-9.494831441E-02-9.614554762E-02-9.725240563E-02
-9.826592873E-02-9.918335078E-02-1.000021049E-01-1.007198115E-01-1.013342790E-01
-1.018435035E-01-1.022456589E-01-1.025390976E-01-1.027223452E-01-1.027940975E-01
-1.027532181E-01-1.025987363E-01-1.023298441E-01-1.019458967E-01-1.014464151E-01
-1.008310790E-01-1.000997381E-01-9.925240670E-02-9.828926830E-02-9.721068429E-02
-9.601720854E-02-9.470954993E-02-9.328862099E-02-9.175553660E-02-9.011159833E-02
-8.835830227E-02-8.649732020E-02-8.453053028E-02-8.245997409E-02-8.028788837E-02
-7.801659641E-02-7.564856080E-02-7.318633122E-02-7.063253319E-02-6.798975073E-02
-6.526054706E-02-6.244748826E-02-5.955302345E-02-5.657944032E-02-5.352892528E-02
-5.040354375E-02-4.720530865E-02-4.393612860E-02-4.059772117E-02-3.719173072E-02
-3.371993605E-02-3.018442670E-02-2.658756471E-02-2.293198925E-02-1.922074183E-02
-1.545746855E-02-1.164650379E-02-7.792686502E-03-3.903215818E-03 1.307631864E-05
 3.963030937E-03 7.959004201E-03 1.200042267E-02 1.608399348E-02 2.020724068E-02
 2.436792284E-02 2.856387281E-02 3.279316097E-02 3.705478941E-02 4.134312600E-02
 2.074667352E-02 1.891851400E-02 1.709323112E-02 1.527131656E-02 1.345273455E-02
 1.163755061E-02 9.825857984E-03 8.017770586E-03 6.213423537E-03 4.412979004E-03
 2.616852071E-03 8.254471953E-04-9.662422615E-04-2.771990661E-03-4.593935515E-03
-6.429374004E-03-8.277450609E-03-1.013889496E-02-1.201508109E-02-1.390742135E-02
-1.581702444E-02-1.774467977E-02-1.969100547E-02-2.165653360E-02-2.364170549E-02
-2.564683845E-02-2.767211399E-02-2.971756298E-02-3.178304227E-02-3.386823973E-02
-3.597269464E-02-3.809578942E-02-4.023668681E-02-4.239430261E-02-4.456733159E-02
-4.675424857E-02-4.895326230E-02-5.116231030E-02-5.337907783E-02-5.560097355E-02
-5.782511967E-02-6.004838742E-02-6.226738048E-02-6.447843083E-02-6.667763595E-02
-6.886089978E-02-7.102391780E-02-7.316220895E-02-7.527119081E-02-7.734617017E-02
-7.938236947E-02-8.137503494E-02-8.331938135E-02-8.521068373E-02-8.704428852E-02
-8.881565574E-02-9.052035612E-02-9.215413132E-02-9.371287459E-02-9.519266523E-02
-9.658977331E-02-9.790066652E-02-9.912200912E-02-1.002506718E-01-1.012837227E-01
-1.022184330E-01-1.030522692E-01-1.037828866E-01-1.044081309E-01-1.049260315E-01
-1.053347965E-01-1.056328085E-01-1.058186205E-01-1.058909531E-01-1.058486905E-01
-1.056908787E-01-1.054167224E-01-1.050255857E-01-1.045169928E-01-1.038906218E-01
-1.031463134E-01-1.022840721E-01-1.013040729E-01-1.002066470E-01-9.899232113E-02
-9.766178660E-02-9.621593795E-02-9.465585775E-02-9.298282135E-02-9.119830898E-02
-8.930400353E-02-8.730177800E-02-8.519373401E-02-8.298210854E-02-8.066931197E-02
-7.825790082E-02-7.575056217E-02-7.315000671E-02-7.045897770E-02-6.768027161E-02
-6.481660725E-02-6.187057753E-02-5.884468541E-02-5.574132146E-02-5.256279912E-02
-4.931122773E-02-4.598845139E-02-4.259618631E-02-3.913623748E-02-3.561055892E-02
-3.202116195E-02-2.837017410E-02-2.465997981E-02-2.089344207E-02-1.707410634E-02
-1.320624107E-02-9.294570700E-03-5.344989767E-03-1.366613113E-03 2.638094471E-03
 6.684098854E-03 1.077374006E-02 1.490394494E-02 1.907217371E-02 2.327620025E-02
 2.751387593E-02 3.178330475E-02 3.608350560E-02 4.040910379E-02 2.000693934E-02
 1.816951045E-02 1.633476476E-02 1.450321180E-02 1.267486951E-02 1.084982409E-02
 9.028157811E-03 7.209955740E-03 5.395300805E-03 3.584337912E-03 1.777683359E-03
-2.584830749E-05-1.836940929E-03-3.665209952E-03-5.509046621E-03-7.366383684E-03
-9.237361501E-03-1.112320021E-02-1.302543053E-02-1.494540927E-02-1.688415548E-02
-1.884244923E-02-2.082094885E-02-2.282020553E-02-2.484065284E-02-2.688260708E-02
-2.894626604E-02-3.103168007E-02-3.313873422E-02-3.526712952E-02-3.741635631E-02
-3.958570110E-02-4.177426896E-02-4.398096258E-02-4.620441133E-02-4.844296109E-02
-5.069470817E-02-5.295747980E-02-5.522879477E-02-5.750588798E-02-5.978571550E-02
-6.206493211E-02-6.433992436E-02-6.660682953E-02-6.886152138E-02-7.109965025E-02
-7.331669762E-02-7.550798507E-02-7.766869062E-02-7.979393642E-02-8.187879263E-02
-8.391829806E-02-8.590756928E-02-8.784175081E-02-8.971610052E-02-9.152599560E-02
-9.326697986E-02-9.493473514E-02-9.652515655E-02-9.803431877E-02-9.945850160E-02
-1.007941940E-01-1.020380880E-01-1.031870890E-01-1.042383013E-01-1.051890346E-01
-1.060367916E-01-1.067792695E-01-1.074143528E-01-1.079401049E-01-1.083547672E-01
-1.086567536E-01-1.088446450E-01-1.089171868E-01-1.088732848E-01-1.087120024E-01
-1.084325590E-01-1.080343278E-01-1.075168359E-01-1.068797638E-01-1.061229459E-01
-1.052463742E-01-1.042502082E-01-1.031347682E-01-1.019005351E-01-1.005481801E-01
-9.907856574E-02-9.749273926E-02-9.579195182E-02-9.397764836E-02-9.205148977E-02
-9.001536724E-02-8.787136197E-02-8.562174110E-02-8.326897037E-02-8.081569748E-02
-7.826466121E-02-7.561869356E-02-7.288074089E-02-7.005372921E-02-6.714052025E-02
-6.414392610E-02-6.106669107E-02-5.791147419E-02-5.468066234E-02-5.137635626E-02
-4.800052197E-02-4.455517010E-02-4.104227312E-02-3.746369185E-02-3.382125911E-02
-3.011695751E-02-2.635313524E-02-2.253260957E-02-1.865870972E-02-1.473543354E-02
-1.076742314E-02-6.759971539E-03-2.721479303E-03 1.340442775E-03 5.437330282E-03
 9.575263582E-03 1.375214841E-02 1.796527875E-02 2.221245339E-02 2.649160509E-02
 3.080090266E-02 3.513935476E-02 3.950180855E-02 1.929485010E-02 1.744864532E-02
 1.560486933E-02 1.376400538E-02 1.192610080E-02 1.009127366E-02 8.259646419E-03
 6.431326572E-03 4.606396172E-03 2.785102567E-03 9.678468721E-04-8.497923405E-04
-2.682049729E-03-4.531885778E-03-6.396675094E-03-8.275555815E-03-1.016936634E-02
-1.207962970E-02-1.400790938E-02-1.595546658E-02-1.792325146E-02-1.991204866E-02
-2.192255558E-02-2.395536761E-02-2.601095384E-02-2.808963832E-02-3.019159863E-02
-3.231686707E-02-3.446532782E-02-3.663668374E-02-3.883043293E-02-4.104584733E-02
-4.328194262E-02-4.553748876E-02-4.781103624E-02-5.010087950E-02-5.240498687E-02
-5.472101521E-02-5.704634309E-02-5.937803413E-02-6.171283101E-02-6.404719408E-02
-6.637729150E-02-6.869901356E-02-7.100802614E-02-7.329976167E-02-7.556945674E-02
-7.781221539E-02-8.002304262E-02-8.219684770E-02-8.432853978E-02-8.641304201E-02
-8.844530448E-02-9.042041080E-02-9.233353049E-02-9.417999380E-02-9.595529357E-02
-9.765512723E-02-9.927536521E-02-1.008121041E-01-1.022616470E-01-1.036205106E-01
-1.048854271E-01-1.060533361E-01-1.071213875E-01-1.080869291E-01-1.089475058E-01
-1.097008543E-01-1.103448952E-01-1.108777278E-01-1.112976260E-01-1.116030338E-01
-1.117925592E-01-1.118649723E-01-1.118192005E-01-1.116543258E-01-1.113695837E-01
-1.109643569E-01-1.104381785E-01-1.097907345E-01-1.090218567E-01-1.081315266E-01
-1.071198809E-01-1.059872284E-01-1.047340221E-01-1.033609057E-01-1.018687018E-01
-1.002584181E-01-9.853125450E-02-9.668863113E-02-9.473218198E-02-9.266377359E-02
-9.048545911E-02-8.819952754E-02-8.580848881E-02-8.331500324E-02-8.072188227E-02
-7.803211607E-02-7.524874195E-02-7.237481023E-02-6.941338574E-02-6.636753973E-02
-6.324026288E-02-6.003425335E-02-5.675195617E-02-5.339572901E-02-4.996790715E-02
-4.647061726E-02-4.290575840E-02-3.927510034E-02-3.558048620E-02-3.182397173E-02
-2.800784004E-02-2.413469006E-02-2.020763257E-02-1.623047513E-02-1.220775563E-02
-8.144528848E-03-4.048024773E-03 7.237979656E-05 4.220707810E-03 8.406847811E-03
 1.263024468E-02 1.688806441E-02 2.117813619E-02 2.549843996E-02 2.984714937E-02
 3.422324134E-02 3.862183649E-02 1.861003385E-02 1.675552286E-02 1.490320849E-02
 1.305352063E-02 1.120650698E-02 9.362291980E-03 7.521012388E-03 5.682785529E-03
 3.847747820E-03 2.016423269E-03 1.880266310E-04-1.646941890E-03-3.500093874E-03
-5.370403792E-03-7.255607289E-03-9.155816945E-03-1.107236593E-02-1.300695709E-02
-1.496112494E-02-1.693604413E-02-1.893263882E-02-2.095172215E-02-2.299402017E-02
-2.506014294E-02-2.715057668E-02-2.926567731E-02-3.140565116E-02-3.357052813E-02
-3.576015226E-02-3.797418248E-02-4.021209030E-02-4.247312291E-02-4.475627374E-02
-4.706026008E-02-4.938349242E-02-5.172409173E-02-5.407992168E-02-5.644853515E-02
-5.882711855E-02-6.121253704E-02-6.360135763E-02-6.598981179E-02-6.837383817E-02
-7.074911297E-02-7.311104739E-02-7.545485549E-02-7.777557411E-02-8.006808577E-02
-8.232718884E-02-8.454765301E-02-8.672421359E-02-8.885166626E-02-9.092488880E-02
-9.293884303E-02-9.488867495E-02-9.676966884E-02-9.857730898E-02-1.003072761E-01
-1.019554737E-01-1.035180167E-01-1.049912384E-01-1.063716948E-01-1.076561600E-01
-1.088416155E-01-1.099252538E-01-1.109044635E-01-1.117768321E-01-1.125401338E-01
-1.131923219E-01-1.137315293E-01-1.141560613E-01-1.144643894E-01-1.146551476E-01
-1.147271298E-01-1.146792849E-01-1.145107140E-01-1.142206692E-01-1.138085464E-01
-1.132738893E-01-1.126163876E-01-1.118358719E-01-1.109323258E-01-1.099058734E-01
-1.087567925E-01-1.074855223E-01-1.060926752E-01-1.045790307E-01-1.029455556E-01
-1.011934092E-01-9.932395947E-02-9.733881793E-02-9.523977990E-02-9.302889219E-02
-9.070844572E-02-8.828092757E-02-8.574902050E-02-8.311564181E-02-8.038382224E-02
-7.755669077E-02-7.463747150E-02-7.162948142E-02-6.853596863E-02-6.535993216E-02
-6.210420136E-02-5.877160133E-02-5.536483786E-02-5.188631083E-02-4.833812269E-02
-4.472221098E-02-4.104051160E-02-3.729496942E-02-3.348754637E-02-2.962038821E-02
-2.569598288E-02-2.171729565E-02-1.768790749E-02-1.361215147E-02-9.494989205E-03
-5.342623014E-03-1.164454489E-03 3.036009335E-03 7.270379660E-03 1.154002117E-02
 1.584218880E-02 2.017465781E-02 2.453545012E-02 2.892282091E-02 3.333583785E-02
 3.776996581E-02 1.795284456E-02 1.609030440E-02 1.422977785E-02 1.237165235E-02
 1.051595924E-02 8.662802104E-03 6.812299584E-03 4.964558941E-03 3.119804411E-03
 1.278661666E-03-5.619668769E-04-2.416275726E-03-4.289532305E-03-6.179335276E-03
-8.084527983E-03-1.000591377E-02-1.194512544E-02-1.390390266E-02-1.588369501E-02
-1.788563153E-02-1.991067234E-02-2.195968053E-02-2.403340679E-02-2.613247775E-02
-2.825739519E-02-3.040852183E-02-3.258606246E-02-3.479005770E-02-3.702036433E-02
-3.927662251E-02-4.155823559E-02-4.386437110E-02-4.619396058E-02-4.854566106E-02
-5.091782211E-02-5.330846569E-02-5.571525782E-02-5.813553867E-02-6.056636294E-02
-6.300443267E-02-6.544607313E-02-6.788730732E-02-7.032386065E-02-7.275115525E-02
-7.516438753E-02-7.755854031E-02-7.992842601E-02-8.226875529E-02-8.457414329E-02
-8.683918053E-02-8.905849971E-02-9.122677200E-02-9.333878554E-02-9.538947321E-02
-9.737390418E-02-9.928737409E-02-1.011253574E-01-1.028835548E-01-1.045578898E-01
-1.061445078E-01-1.076397919E-01-1.090403362E-01-1.103429564E-01-1.115446813E-01
-1.126427424E-01-1.136345720E-01-1.145177917E-01-1.152902083E-01-1.159498104E-01
-1.164947595E-01-1.169233877E-01-1.172341910E-01-1.174258280E-01-1.174971145E-01
-1.174470208E-01-1.172746672E-01-1.169793235E-01-1.165604029E-01-1.160174620E-01
-1.153501975E-01-1.145584458E-01-1.136421880E-01-1.126015472E-01-1.114367810E-01
-1.101483140E-01-1.087367263E-01-1.072027623E-01-1.055473372E-01-1.037715658E-01
-1.018767881E-01-9.986452638E-02-9.773654843E-02-9.549487144E-02-9.314173574E-02
-9.067960499E-02-8.811121805E-02-8.543948039E-02-8.266747535E-02-7.979846660E-02
-7.683589492E-02-7.378314986E-02-7.064347049E-02-6.742006395E-02-6.411620419E-02
-6.073496040E-02-5.727907876E-02-5.375100750E-02-5.015304916E-02-4.648738983E-02
-4.275602589E-02-3.896086185E-02-3.510384495E-02-3.118707968E-02-2.721293264E-02
-2.318418106E-02-1.910420419E-02-1.497715590E-02-1.080790595E-02-6.602063612E-03
-2.368365586E-03 1.885228857E-03 6.167880157E-03 1.048315258E-02 1.482894629E-02
 1.920304876E-02 2.360363451E-02 2.802910979E-02 3.247858263E-02 3.694777101E-02
 1.732400771E-02 1.545366885E-02 1.358518196E-02 1.171889503E-02 9.854828103E-03
 7.993068893E-03 6.133712225E-03 4.276861667E-03 2.422915317E-03 5.718156228E-04
-1.283417604E-03-3.156853508E-03-5.049080891E-03-6.957632345E-03-8.882375581E-03
-1.082463998E-02-1.278625357E-02-1.476893144E-02-1.677402666E-02-1.880262711E-02
-2.085571080E-02-2.293417707E-02-2.503882150E-02-2.717031513E-02-2.932918372E-02
-3.151579438E-02-3.373035172E-02-3.597288875E-02-3.824323682E-02-4.054101391E-02
-4.286560921E-02-4.521614751E-02-4.759145629E-02-4.999006787E-02-5.241022682E-02
-5.484985305E-02-5.730650771E-02-5.977738200E-02-6.225927679E-02-6.474865396E-02
-6.724168500E-02-6.973417690E-02-7.222159822E-02-7.469917024E-02-7.716185436E-02
-7.960440844E-02-8.202145456E-02-8.440749454E-02-8.675700165E-02-8.906443202E-02
-9.132428266E-02-9.353115596E-02-9.567976854E-02-9.776500270E-02-9.978193876E-02
-1.017258341E-01-1.035922014E-01-1.053767608E-01-1.070754698E-01-1.086845244E-01
-1.102003345E-01-1.116195495E-01-1.129390291E-01-1.141558431E-01-1.152672629E-01
-1.162707559E-01-1.171639768E-01-1.179447630E-01-1.186111290E-01-1.191612614E-01
-1.195935139E-01-1.199064051E-01-1.200986145E-01-1.201689787E-01-1.201164882E-01
-1.199402832E-01-1.196396525E-01-1.192140295E-01-1.186629856E-01-1.179862325E-01
-1.171836178E-01-1.162551226E-01-1.152008704E-01-1.140211153E-01-1.127162647E-01
-1.112868712E-01-1.097336403E-01-1.080574554E-01-1.062593923E-01-1.043407140E-01
-1.023028991E-01-1.001476666E-01-9.787696808E-02-9.549298611E-02-9.299819793E-02
-9.039528288E-02-8.768716425E-02-8.487701998E-02-8.196826379E-02-7.896429292E-02
-7.586848874E-02-7.268437909E-02-6.941556582E-02-6.606544097E-02-6.263711286E-02
-5.913348583E-02-5.555733257E-02-5.191116695E-02-4.819723507E-02-4.441761092E-02
-4.057426975E-02-3.666915304E-02-3.270428214E-02-2.868192315E-02-2.460473705E-02
-2.047593130E-02-1.629943456E-02-1.207996064E-02-7.822889155E-03-3.536123035E-03
 7.705052627E-04 5.100920594E-03 9.461022570E-03 1.384977540E-02 1.826497402E-02
 2.270484277E-02 2.716782384E-02 3.165300090E-02 3.615636285E-02 1.672432054E-02
 1.484638359E-02 1.297015304E-02 1.109594865E-02 9.223784069E-03 7.353729842E-03
 5.485848998E-03 3.620262267E-03 1.757591648E-03-1.037099991E-04-1.975577500E-03
-3.867410917E-03-5.777546698E-03-7.704262138E-03-9.648175781E-03-1.161098067E-02
-1.359459442E-02-1.560067327E-02-1.763052143E-02-1.968524746E-02-2.176586672E-02
-2.387329178E-02-2.600831947E-02-2.817162823E-02-3.036376900E-02-3.258514406E-02
-3.483597955E-02-3.711629845E-02-3.942590729E-02-4.176439152E-02-4.413108732E-02
-4.652505379E-02-4.894506441E-02-5.138957735E-02-5.385669338E-02-5.634415610E-02
-5.884937478E-02-6.136939710E-02-6.390087863E-02-6.644008780E-02-6.898289978E-02
-7.152487870E-02-7.406132984E-02-7.658723016E-02-7.909731707E-02-8.158616682E-02
-8.404818501E-02-8.647771782E-02-8.886907711E-02-9.121660195E-02-9.351470977E-02
-9.575791725E-02-9.794090332E-02-1.000585303E-01-1.021058608E-01-1.040781950E-01
-1.059710384E-01-1.077801660E-01-1.095015740E-01-1.111314946E-01-1.126664015E-01
-1.141029762E-01-1.154381220E-01-1.166689487E-01-1.177927635E-01-1.188070633E-01
-1.197095306E-01-1.204980268E-01-1.211705878E-01-1.217254179E-01-1.221608892E-01
-1.224755379E-01-1.226680613E-01-1.227373143E-01-1.226823069E-01-1.225022001E-01
-1.221963031E-01-1.217640704E-01-1.212050940E-01-1.205191029E-01-1.197059632E-01
-1.187656681E-01-1.176983384E-01-1.165042369E-01-1.151837581E-01-1.137374337E-01
-1.121659425E-01-1.104701310E-01-1.086510300E-01-1.067098438E-01-1.046479995E-01
-1.024671495E-01-1.001691657E-01-9.775621431E-02-9.523067850E-02-9.259522936E-02
-8.985284795E-02-8.700676991E-02-8.406027185E-02-8.101676441E-02-7.787996698E-02
-7.465364408E-02-7.134141881E-02-6.794674505E-02-6.447301658E-02-6.092345334E-02
-5.730097016E-02-5.360822028E-02-4.984761568E-02-4.602133508E-02-4.213138198E-02
-3.817970616E-02-3.416831915E-02-3.009941676E-02-2.597552062E-02-2.179966221E-02
-1.757560518E-02-1.330796921E-02-9.002058298E-03-4.664815524E-03-3.062596040E-04
 4.071425450E-03 8.475821358E-03 1.290691134E-02 1.736243744E-02 2.184065134E-02
 2.634008488E-02 3.085989046E-02 3.539639109E-02 1.615449004E-02 1.426922091E-02
 1.238549446E-02 1.050360799E-02 8.623583212E-03 6.745486791E-03 4.869373690E-03
 2.995443517E-03 1.124195775E-03-7.483604200E-04-2.637282190E-03-4.546542155E-03
-6.473708850E-03-8.418063160E-03-1.038077218E-02-1.236374633E-02-1.436890586E-02
-1.639783320E-02-1.845181173E-02-2.053198686E-02-2.263941739E-02-2.477505601E-02
-2.693973484E-02-2.913415149E-02-3.135885055E-02-3.361421514E-02-3.590046080E-02
-3.821761794E-02-4.056550188E-02-4.294367392E-02-4.535141244E-02-4.778770768E-02
-5.025124755E-02-5.274037731E-02-5.525309179E-02-5.778702317E-02-6.033939979E-02
-6.290704366E-02-6.548641634E-02-6.807361170E-02-7.066433499E-02-7.325392915E-02
-7.583738997E-02-7.840948414E-02-8.096479292E-02-8.349766217E-02-8.600234495E-02
-8.847303421E-02-9.090389960E-02-9.328918733E-02-9.562322078E-02-9.790048962E-02
-1.001156376E-01-1.022635145E-01-1.043392056E-01-1.063380193E-01-1.082555242E-01
-1.100875079E-01-1.118300283E-01-1.134793665E-01-1.150320288E-01-1.164847514E-01
-1.178344763E-01-1.190783429E-01-1.202136877E-01-1.212380342E-01-1.221490845E-01
-1.229447168E-01-1.236229793E-01-1.241820916E-01-1.246204383E-01-1.249365681E-01
-1.251291925E-01-1.251971826E-01-1.251395668E-01-1.249555269E-01-1.246443950E-01
-1.242056471E-01-1.236389024E-01-1.229439121E-01-1.221205621E-01-1.211688676E-01
-1.200889601E-01-1.188811074E-01-1.175457023E-01-1.160832601E-01-1.144944424E-01
-1.127800764E-01-1.109411291E-01-1.089787647E-01-1.068943523E-01-1.046894559E-01
-1.023659165E-01-9.992578773E-02-9.737142971E-02-9.470554413E-02-9.193105904E-02
-8.905102290E-02-8.606878060E-02-8.298804104E-02-7.981257118E-02-7.654609434E-02
-7.319236988E-02-6.975517902E-02-6.623810679E-02-6.264452275E-02-5.897755577E-02
-5.524004049E-02-5.143450713E-02-4.756324202E-02-4.362834695E-02-3.963181093E-02
-3.557561347E-02-3.146188510E-02-2.729309191E-02-2.307218654E-02-1.880276650E-02
-1.448921652E-02-1.013666062E-02-5.751320135E-03-1.342813310E-03 3.081834915E-03
 7.529736023E-03 1.200200258E-02 1.649666031E-02 2.101206392E-02 2.554687287E-02
 3.010031279E-02 3.466901865E-02 1.561481734E-02 1.372259365E-02 1.183174313E-02
 9.942529987E-03 8.054975379E-03 6.169136671E-03 4.285086025E-03 2.403196477E-03
 5.232545886E-04-1.362260236E-03-3.267601143E-03-5.193156557E-03-7.136575549E-03
-9.097989238E-03-1.107898956E-02-1.308161898E-02-1.510775628E-02-1.715891317E-02
-1.923636243E-02-2.134127810E-02-2.347475126E-02-2.563776971E-02-2.783119840E-02
-3.005576243E-02-3.231203243E-02-3.460041007E-02-3.692110624E-02-3.927411239E-02
-4.165918908E-02-4.407585545E-02-4.652336551E-02-4.900066809E-02-5.150636103E-02
-5.403867531E-02-5.659547981E-02-5.917425191E-02-6.177205877E-02-6.438557315E-02
-6.701105067E-02-6.964432514E-02-7.228088130E-02-7.491587998E-02-7.754414982E-02
-8.016023631E-02-8.275843665E-02-8.533295202E-02-8.787790367E-02-9.038731951E-02
-9.285529566E-02-9.527596823E-02-9.764361562E-02-9.995267727E-02-1.021977999E-01
-1.043738448E-01-1.064759071E-01-1.084993450E-01-1.104397512E-01-1.122929866E-01
-1.140551306E-01-1.157225223E-01-1.172917181E-01-1.187594833E-01-1.201227925E-01
-1.213788204E-01-1.225249246E-01-1.235586447E-01-1.244776955E-01-1.252799637E-01
-1.259635077E-01-1.265265515E-01-1.269674868E-01-1.272848712E-01-1.274774266E-01
-1.275440379E-01-1.274837505E-01-1.272957673E-01-1.269794440E-01-1.265342832E-01
-1.259599312E-01-1.252561698E-01-1.244229101E-01-1.234601865E-01-1.223681636E-01
-1.211471174E-01-1.197974374E-01-1.183196422E-01-1.167143918E-01-1.149824635E-01
-1.131248009E-01-1.111425260E-01-1.090369228E-01-1.068095219E-01-1.044620519E-01
-1.019965397E-01-9.941535378E-02-9.672103874E-02-9.391633967E-02-9.100444283E-02
-8.798884545E-02-8.487315898E-02-8.166110219E-02-7.835662102E-02-7.496367770E-02
-7.148616265E-02-6.792785587E-02-6.429232824E-02-6.058286715E-02-5.680247552E-02
-5.295386391E-02-4.903945345E-02-4.506141929E-02-4.102180557E-02-3.692265342E-02
-3.276610851E-02-2.855453540E-02-2.429067408E-02-1.997788246E-02-1.562037249E-02
-1.122322610E-02-6.792356702E-03-2.336745194E-03 2.133936132E-03 6.624241282E-03
 1.113643088E-02 1.566906911E-02 2.022058763E-02 2.478974825E-02 2.937583676E-02
 3.397578570E-02 1.510558957E-02 1.320674643E-02 1.130913259E-02 9.412981452E-03
 7.518305688E-03 5.625140630E-03 3.733578579E-03 1.844198093E-03-4.446723421E-05
-1.944206710E-03-3.865258622E-03-5.806150659E-03-7.765182761E-03-9.743119057E-03
-1.174185009E-02-1.376348639E-02-1.580985894E-02-1.788244771E-02-1.998255095E-02
-2.211137923E-02-2.427004801E-02-2.645956006E-02-2.868079289E-02-3.093448671E-02
-3.322123157E-02-3.554144495E-02-3.789534181E-02-4.028291233E-02-4.270390371E-02
-4.515778983E-02-4.764373562E-02-5.016058410E-02-5.270684905E-02-5.528068921E-02
-5.787986104E-02-6.050168302E-02-6.314305260E-02-6.580045755E-02-6.846995004E-02
-7.114718535E-02-7.382743955E-02-7.650560792E-02-7.917629899E-02-8.183389937E-02
-8.447257427E-02-8.708633173E-02-8.966907403E-02-9.221477061E-02-9.471741931E-02
-9.717108995E-02-9.957003939E-02-1.019086699E-01-1.041816367E-01-1.063838142E-01
-1.085103463E-01-1.105566165E-01-1.125182796E-01-1.143912275E-01-1.161716128E-01
-1.178557967E-01-1.194403814E-01-1.209221739E-01-1.222981747E-01-1.235655736E-01
-1.247217471E-01-1.257642438E-01-1.266907847E-01-1.274992582E-01-1.281877218E-01
-1.287544016E-01-1.291976897E-01-1.295161473E-01-1.297085034E-01-1.297736540E-01
-1.297106606E-01-1.295187467E-01-1.291972921E-01-1.287458297E-01-1.281640358E-01
-1.274517269E-01-1.266088488E-01-1.256354640E-01-1.245317620E-01-1.232980435E-01
-1.219347120E-01-1.204422949E-01-1.188214303E-01-1.170728895E-01-1.151975924E-01
-1.131965879E-01-1.110711340E-01-1.088226678E-01-1.064528938E-01-1.039638220E-01
-1.013575967E-01-9.863663693E-02-9.580385337E-02-9.286240001E-02-8.981559906E-02
-8.666709577E-02-8.342078413E-02-8.008065638E-02-7.665079199E-02-7.313524318E-02
-6.953792510E-02-6.586257707E-02-6.211269757E-02-5.829147706E-02-5.440177391E-02
-5.044616719E-02-4.642700286E-02-4.234642719E-02-3.820644246E-02-3.400907370E-02
-2.975658063E-02-2.545164965E-02-2.109757410E-02-1.669843912E-02-1.225918973E-02
-7.785502195E-03-3.285594760E-03 1.229733524E-03 5.761275643E-03 1.031217958E-02
 1.488162794E-02 1.946812021E-02 2.407050631E-02 2.868812291E-02 3.331819519E-02
 1.462734673E-02 1.272218715E-02 1.081812239E-02 8.915360646E-03 7.013910482E-03
 5.113795734E-03 3.215163349E-03 1.318600627E-03-5.792059086E-04-2.493287421E-03
-4.429092292E-03-6.384385373E-03-8.358348047E-03-1.035223191E-02-1.236811666E-02
-1.440810996E-02-1.647397140E-02-1.856715648E-02-2.068899733E-02-2.284075062E-02
-2.502357306E-02-2.723850186E-02-2.948644056E-02-3.176814228E-02-3.408419650E-02
-3.643501127E-02-3.882078989E-02-4.124151215E-02-4.369690804E-02-4.618641720E-02
-4.870916006E-02-5.126391880E-02-5.384910623E-02-5.646272739E-02-5.910237618E-02
-6.176524438E-02-6.444810213E-02-6.714725630E-02-6.985855526E-02-7.257745096E-02
-7.529900607E-02-7.801792983E-02-8.072864688E-02-8.342530864E-02-8.610188984E-02
-8.875229336E-02-9.137035186E-02-9.394988694E-02-9.648476802E-02-9.896908334E-02
-1.013970346E-01-1.037630493E-01-1.060617836E-01-1.082881462E-01-1.104373068E-01
-1.125047136E-01-1.144860587E-01-1.163772924E-01-1.181746006E-01-1.198744081E-01
-1.214733334E-01-1.229682144E-01-1.243560783E-01-1.256341321E-01-1.267997552E-01
-1.278504964E-01-1.287840757E-01-1.295983773E-01-1.302914520E-01-1.308615183E-01
-1.313069658E-01-1.316263542E-01-1.318184161E-01-1.318820562E-01-1.318163504E-01
-1.316205424E-01-1.312940388E-01-1.308364034E-01-1.302473483E-01-1.295267256E-01
-1.286745153E-01-1.276908295E-01-1.265758828E-01-1.253300000E-01-1.239536129E-01
-1.224472577E-01-1.208115780E-01-1.190473407E-01-1.171554116E-01-1.151368268E-01
-1.129927821E-01-1.107246983E-01-1.083342318E-01-1.058231487E-01-1.031935747E-01
-1.004480315E-01-9.758924890E-02-9.462023826E-02-9.154442132E-02-8.836544653E-02
-8.508722121E-02-8.171382525E-02-7.824939880E-02-7.469810453E-02-7.106404092E-02
-6.735112481E-02-6.356302192E-02-5.970313866E-02-5.577457511E-02-5.178005887E-02
-4.772195524E-02-4.360240598E-02-3.942346997E-02-3.518725097E-02-3.089602069E-02
-2.655237636E-02-2.215944218E-02-1.772109517E-02-1.324211423E-02-8.728046048E-03
-4.186411256E-03 3.717763457E-04 4.943175908E-03 9.531446181E-03 1.413634852E-02
 1.875645934E-02 2.339072026E-02 2.803852933E-02 3.269741003E-02 1.418054985E-02
 1.226942181E-02 1.035925091E-02 8.450222207E-03 6.542341664E-03 4.635637857E-03
 2.730362480E-03 8.266956015E-04-1.081183347E-03-3.008868632E-03-4.958322008E-03
-6.927147885E-03-8.915286243E-03-1.092437531E-02-1.295662529E-02-1.501412372E-02
-1.709858267E-02-1.921145810E-02-2.135410701E-02-2.352780523E-02-2.573372361E-02
-2.797291576E-02-3.024631090E-02-3.255469193E-02-3.489867189E-02-3.727866912E-02
-3.969487991E-02-4.214725545E-02-4.463547896E-02-4.715893773E-02-4.971669684E-02
-5.230747319E-02-5.492959418E-02-5.758096658E-02-6.025906815E-02-6.296092924E-02
-6.568310487E-02-6.842169947E-02-7.117241170E-02-7.393052705E-02-7.669090334E-02
-7.944804645E-02-8.219619114E-02-8.492932696E-02-8.764129520E-02-9.032582664E-02
-9.297661554E-02-9.558744621E-02-9.815218888E-02-1.006648312E-01-1.031195425E-01
-1.055108098E-01-1.078332871E-01-1.100819465E-01-1.122519863E-01-1.143389025E-01
-1.163384399E-01-1.182465993E-01-1.200596087E-01-1.217739240E-01-1.233862125E-01
-1.248933184E-01-1.262922841E-01-1.275803265E-01-1.287548274E-01-1.298133287E-01
-1.307535394E-01-1.315733330E-01-1.322707472E-01-1.328439890E-01-1.332914375E-01
-1.336116475E-01-1.338033516E-01-1.338654611E-01-1.337970648E-01-1.335974266E-01
-1.332659807E-01-1.328023233E-01-1.322062037E-01-1.314775157E-01-1.306162835E-01
-1.296226597E-01-1.284968987E-01-1.272393598E-01-1.258505080E-01-1.243308961E-01
-1.226811833E-01-1.209021052E-01-1.189945302E-01-1.169594679E-01-1.147981092E-01
-1.125117936E-01-1.101019689E-01-1.075704866E-01-1.049194414E-01-1.021511267E-01
-9.926825617E-02-9.627384086E-02-9.317123065E-02-8.996408803E-02-8.665629256E-02
-8.325194613E-02-7.975530259E-02-7.617063620E-02-7.250217301E-02-6.875404919E-02
-6.493017604E-02-6.103408828E-02-5.706894450E-02-5.303759214E-02-4.894259969E-02
-4.478627732E-02-4.057074599E-02-3.629807577E-02-3.197045438E-02-2.759037041E-02
-2.316081452E-02-1.868550447E-02-1.416908020E-02-9.617016795E-03-5.036255125E-03
-4.375028715E-04 4.172084044E-03 8.796112310E-03 1.343484838E-02 1.808699436E-02
 2.275159020E-02 2.742809697E-02 3.211433051E-02 1.376535100E-02 1.184867922E-02
 9.932823321E-03 8.017942869E-03 6.104038794E-03 4.191155252E-03 2.279693427E-03
 3.690840112E-04-1.549536628E-03-3.489977418E-03-5.452038700E-03-7.433596653E-03
-9.435186728E-03-1.145873344E-02-1.350651696E-02-1.558058308E-02-1.768261011E-02
-1.981407593E-02-2.197637738E-02-2.417082512E-02-2.639862089E-02-2.866084104E-02
-3.095842337E-02-3.329214950E-02-3.566262511E-02-3.807026005E-02-4.051524954E-02
-4.299754275E-02-4.551680672E-02-4.807238996E-02-5.066328886E-02-5.328812408E-02
-5.594511664E-02-5.863206494E-02-6.134632778E-02-6.408479898E-02-6.684388839E-02
-6.961954211E-02-7.240725510E-02-7.520206933E-02-7.799865006E-02-8.079136761E-02
-8.357430271E-02-8.634127468E-02-8.908597487E-02-9.180202736E-02-9.448305898E-02
-9.712275982E-02-9.971491692E-02-1.022535463E-01-1.047328743E-01-1.071473257E-01
-1.094915970E-01-1.117607253E-01-1.139499506E-01-1.160548232E-01-1.180711349E-01
-1.199949212E-01-1.218224664E-01-1.235502480E-01-1.251749587E-01-1.266934713E-01
-1.281028236E-01-1.294002331E-01-1.305830769E-01-1.316488842E-01-1.325953500E-01
-1.334203286E-01-1.341218383E-01-1.346980689E-01-1.351473861E-01-1.354683348E-01
-1.356596446E-01-1.357202310E-01-1.356491946E-01-1.354458194E-01-1.351095666E-01
-1.346400663E-01-1.340371094E-01-1.333006320E-01-1.324307101E-01-1.314275348E-01
-1.302914088E-01-1.290227401E-01-1.276220209E-01-1.260898372E-01-1.244268392E-01
-1.226337810E-01-1.207115369E-01-1.186611240E-01-1.164836205E-01-1.141802607E-01
-1.117526009E-01-1.092023279E-01-1.065314178E-01-1.037421705E-01-1.008371959E-01
-9.781946761E-02-9.469224322E-02-9.145912817E-02-8.812404004E-02-8.469109687E-02
-8.116460975E-02-7.754903386E-02-7.384876234E-02-7.006797996E-02-6.621067650E-02
-6.228060994E-02-5.828120660E-02-5.421549612E-02-5.008613657E-02-4.589548262E-02
-4.164567808E-02-3.733878737E-02-3.297696102E-02-2.856262541E-02-2.409868707E-02
-1.958875029E-02-1.503733067E-02-1.044982971E-02-5.832772145E-03-1.196339543E-03
 3.449635176E-03 8.107649960E-03 1.277840734E-02 1.746084721E-02 2.215410691E-02
 2.685771166E-02 3.156976231E-02 1.338181745E-02 1.146003741E-02 9.538942747E-03
 7.618666924E-03 5.699201397E-03 3.780610306E-03 1.863460979E-03-5.380880552E-05
-1.983386945E-03-3.935707049E-03-5.909365274E-03-7.902821952E-03-9.917079686E-03
-1.195426738E-02-1.401669353E-02-1.610635584E-02-1.822491046E-02-2.037385856E-02
-2.255462807E-02-2.476855544E-02-2.701686667E-02-2.930066364E-02-3.162090753E-02
-3.397839915E-02-3.637375833E-02-3.880739674E-02-4.127948891E-02-4.378994491E-02
-4.633837980E-02-4.892408638E-02-5.154601201E-02-5.420272240E-02-5.689236231E-02
-5.961261998E-02-6.236070703E-02-6.513335600E-02-6.792682313E-02-7.073689891E-02
-7.355891531E-02-7.638775895E-02-7.921793182E-02-8.204360245E-02-8.485864028E-02
-8.765673705E-02-9.043151099E-02-9.317649600E-02-9.588521439E-02-9.855130499E-02
-1.011685570E-01-1.037309658E-01-1.062327176E-01-1.086683095E-01-1.110325237E-01
-1.133203623E-01-1.155271408E-01-1.176484672E-01-1.196801815E-01-1.216183577E-01
-1.234593114E-01-1.251995582E-01-1.268357961E-01-1.283649163E-01-1.297839638E-01
-1.310901403E-01-1.322808114E-01-1.333534911E-01-1.343058513E-01-1.351357223E-01
-1.358410993E-01-1.364201499E-01-1.368712204E-01-1.371928447E-01-1.373837462E-01
-1.374428423E-01-1.373692442E-01-1.371622555E-01-1.368213643E-01-1.363462370E-01
-1.357367040E-01-1.349927510E-01-1.341145041E-01-1.331022011E-01-1.319561974E-01
-1.306769457E-01-1.292649826E-01-1.277209057E-01-1.260453999E-01-1.242392466E-01
-1.223033428E-01-1.202385673E-01-1.180460360E-01-1.157270094E-01-1.132828730E-01
-1.107153135E-01-1.080262305E-01-1.052178586E-01-1.022926972E-01-9.925362027E-02
-9.610386396E-02-9.284696432E-02-8.948684380E-02-8.602774011E-02-8.247398809E-02
-7.882999741E-02-7.510026344E-02-7.128922046E-02-6.740106961E-02-6.343970000E-02
-5.940864626E-02-5.531105311E-02-5.114968288E-02-4.692697298E-02-4.264513335E-02
-3.830627414E-02-3.391255454E-02-2.946636478E-02-2.497053194E-02-2.042854156E-02
-1.584477264E-02-1.122453268E-02-6.574074027E-03-1.902995660E-03 2.777307188E-03
 7.467388064E-03 1.216826482E-02 1.687918912E-02 2.159938876E-02 2.632844259E-02
 3.106471955E-02 1.303030063E-02 1.110382200E-02 9.177909772E-03 7.252673376E-03
 5.328098010E-03 3.404282990E-03 1.481851675E-03-4.420158337E-04-2.382150040E-03
-4.345349784E-03-6.329621466E-03-8.334097373E-03-1.036014942E-02-1.241005145E-02
-1.448611494E-02-1.659029417E-02-1.872423762E-02-2.088947221E-02-2.308745233E-02
-2.531953634E-02-2.758697005E-02-2.989087339E-02-3.223222249E-02-3.461182846E-02
-3.703031512E-02-3.948809278E-02-4.198533004E-02-4.452192311E-02-4.709746419E-02
-4.971120773E-02-5.236203197E-02-5.504840499E-02-5.776835607E-02-6.051945608E-02
-6.329881117E-02-6.610304579E-02-6.892828403E-02-7.177014452E-02-7.462376796E-02
-7.748387138E-02-8.034480264E-02-8.320059281E-02-8.604499896E-02-8.887159353E-02
-9.167384098E-02-9.444514807E-02-9.717900709E-02-9.986906836E-02-1.025090889E-01
-1.050930337E-01-1.076151442E-01-1.100699518E-01-1.124522260E-01-1.147570540E-01
-1.169798352E-01-1.191161622E-01-1.211619440E-01-1.231132975E-01-1.249665714E-01
-1.267182977E-01-1.283651884E-01-1.299041358E-01-1.313321897E-01-1.326465392E-01
-1.338445256E-01-1.349236437E-01-1.358815391E-01-1.367160133E-01-1.374250321E-01
-1.380067387E-01-1.384594585E-01-1.387817093E-01-1.389722067E-01-1.390298682E-01
-1.389538146E-01-1.387433674E-01-1.383980427E-01-1.379175418E-01-1.373017399E-01
-1.365506703E-01-1.356645078E-01-1.346435460E-01-1.334881939E-01-1.321989530E-01
-1.307763883E-01-1.292211492E-01-1.275339601E-01-1.257156294E-01-1.237669394E-01
-1.216888992E-01-1.194825279E-01-1.171490615E-01-1.146898612E-01-1.121065414E-01
-1.094009155E-01-1.065751156E-01-1.036315839E-01-1.005730811E-01-9.740284384E-02
-9.412444659E-02-9.074168729E-02-8.725872044E-02-8.368000623E-02-8.001011362E-02
-7.625361360E-02-7.241500500E-02-6.849859746E-02-6.450841204E-02-6.044812136E-02
-5.632102128E-02-5.213002429E-02-4.787768984E-02-4.356630790E-02-3.919802278E-02
-3.477498795E-02-3.029955032E-02-2.577445518E-02-2.120307094E-02-1.658963655E-02
-1.193935263E-02-7.258293282E-03-2.555499056E-03 2.156829445E-03 6.876919817E-03
 1.160592102E-02 1.634340451E-02 2.108868877E-02 2.584140500E-02 3.060017979E-02
 1.271119207E-02 1.078044959E-02 8.850163887E-03 6.920420146E-03 4.991203498E-03
 3.062670434E-03 1.135282796E-03-7.953205558E-04-2.745126595E-03-4.718140139E-03
-6.712108565E-03-8.726733416E-03-1.076367791E-02-1.282531428E-02-1.491393920E-02
-1.703147172E-02-1.917956534E-02-2.135977632E-02-2.357358677E-02-2.582237875E-02
-2.810741860E-02-3.042984294E-02-3.279063946E-02-3.519062589E-02-3.763042660E-02
-4.011044597E-02-4.263084002E-02-4.519148324E-02-4.779193440E-02-5.043140130E-02
-5.310870535E-02-5.582224964E-02-5.856998859E-02-6.134940365E-02-6.415747994E-02
-6.699068609E-02-6.984497587E-02-7.271580957E-02-7.559820020E-02-7.848674839E-02
-8.137566340E-02-8.425880930E-02-8.712979577E-02-8.998208426E-02-9.280907065E-02
-9.560413700E-02-9.836072423E-02-1.010723933E-01-1.037328669E-01-1.063361662E-01
-1.088765989E-01-1.113486778E-01-1.137472301E-01-1.160674102E-01-1.183046180E-01
-1.204545214E-01-1.225130865E-01-1.244764247E-01-1.263409364E-01-1.281031622E-01
-1.297598293E-01-1.313078266E-01-1.327441934E-01-1.340661077E-01-1.352708881E-01
-1.363559991E-01-1.373190570E-01-1.381578342E-01-1.388702637E-01-1.394544606E-01
-1.399087273E-01-1.402315638E-01-1.404216756E-01-1.404779790E-01-1.403996030E-01
-1.401858864E-01-1.398363726E-01-1.393507991E-01-1.387290830E-01-1.379713053E-01
-1.370776925E-01-1.360485978E-01-1.348844813E-01-1.335858827E-01-1.321534308E-01
-1.305878258E-01-1.288897953E-01-1.270601332E-01-1.250997067E-01-1.230094595E-01
-1.207904387E-01-1.184438280E-01-1.159709426E-01-1.133733181E-01-1.106526917E-01
-1.078111029E-01-1.048510197E-01-1.017751377E-01-9.858649921E-02-9.528864552E-02
-9.188546718E-02-8.838111986E-02-8.478001932E-02-8.108675108E-02-7.730595558E-02
-7.344223026E-02-6.950002565E-02-6.548353015E-02-6.139658219E-02-5.724262331E-02
-5.302468639E-02-4.874542526E-02-4.440718963E-02-4.001214521E-02-3.556243172E-02
-3.106035139E-02-2.650857827E-02-2.191038596E-02-1.726989769E-02-1.259222080E-02
-7.883317922E-03-3.151730386E-03 1.590034350E-03 6.337842533E-03 1.109278416E-02
 1.585472465E-02 2.062307994E-02 2.539753472E-02 3.017695959E-02 1.242480284E-02
 1.049022358E-02 8.556008135E-03 6.622219214E-03 4.688846251E-03 2.756117650E-03
 8.241651333E-04-1.113090098E-03-3.071588016E-03-5.053342390E-03-7.056065531E-03
-9.079919861E-03-1.112679805E-02-1.319913682E-02-1.529920818E-02-1.742890263E-02
-1.958988254E-02-2.178372796E-02-2.401194174E-02-2.627592510E-02-2.857696263E-02
-3.091620761E-02-3.329466157E-02-3.571315269E-02-3.817231060E-02-4.067253698E-02
-4.321397479E-02-4.579647454E-02-4.841955969E-02-5.108239137E-02-5.378373375E-02
-5.652192129E-02-5.929482643E-02-6.209983258E-02-6.493381244E-02-6.779311969E-02
-7.067359444E-02-7.357057971E-02-7.647895010E-02-7.939313792E-02-8.230718276E-02
-8.521481523E-02-8.810956625E-02-9.098484241E-02-9.383396236E-02-9.665021685E-02
-9.942698473E-02-1.021578298E-01-1.048365397E-01-1.074571363E-01-1.100138878E-01
-1.125013344E-01-1.149144015E-01-1.172482884E-01-1.194984119E-01-1.216605053E-01
-1.237305405E-01-1.257046845E-01-1.275793611E-01-1.293510940E-01-1.310166482E-01
-1.325728992E-01-1.340168669E-01-1.353457164E-01-1.365567411E-01-1.376473764E-01
-1.386152042E-01-1.394579639E-01-1.401735566E-01-1.407600684E-01-1.412157762E-01
-1.415391605E-01-1.417289158E-01-1.417839562E-01-1.417034173E-01-1.414866549E-01
-1.411332380E-01-1.406429386E-01-1.400157166E-01-1.392516979E-01-1.383511667E-01
-1.373145260E-01-1.361422814E-01-1.348350390E-01-1.333934965E-01-1.318183179E-01
-1.301103314E-01-1.282703161E-01-1.262991804E-01-1.241978657E-01-1.219673955E-01
-1.196089115E-01-1.171236519E-01-1.145131349E-01-1.117791214E-01-1.089235042E-01
-1.059486106E-01-1.028571708E-01-9.965221811E-02-9.633717033E-02-9.291583319E-02
-8.939234752E-02-8.577114544E-02-8.205686954E-02-7.825425748E-02-7.436802358E-02
-7.040273893E-02-6.636271579E-02-6.225191439E-02-5.807388607E-02-5.383175765E-02
-4.952826056E-02-4.516580354E-02-4.074658828E-02-3.627276286E-02-3.174660785E-02
-2.717074686E-02-2.254837596E-02-1.788351667E-02-1.318118686E-02-8.447269463E-03
-3.689874469E-03 1.078497256E-03 5.851523106E-03 1.063005930E-02 1.541421674E-02
 2.020351339E-02 2.499768685E-02 2.979583307E-02 1.217161847E-02 1.023359044E-02
 8.295849934E-03 6.358440601E-03 4.421360100E-03 2.484917145E-03 5.488159885E-04
-1.394794938E-03-3.361023825E-03-5.350476601E-03-7.360988118E-03-9.393094370E-03
-1.144886606E-02-1.353078101E-02-1.564108525E-02-1.778165095E-02-1.995415491E-02
-2.216020054E-02-2.440131016E-02-2.667890219E-02-2.899427677E-02-3.134859966E-02
-3.374288119E-02-3.617795375E-02-3.865444541E-02-4.117275121E-02-4.373300150E-02
-4.633502712E-02-4.897832401E-02-5.166201644E-02-5.438482040E-02-5.714500707E-02
-5.994037000E-02-6.276820018E-02-6.562526805E-02-6.850781698E-02-7.141157028E-02
-7.433174678E-02-7.726308988E-02-8.019990974E-02-8.313614632E-02-8.606544695E-02
-8.898124936E-02-9.187684733E-02-9.474545520E-02-9.758031183E-02-1.003748071E-01
-1.031225355E-01-1.058172765E-01-1.084530186E-01-1.110240615E-01-1.135250565E-01
-1.159509482E-01-1.182969238E-01-1.205584443E-01-1.227313225E-01-1.248115470E-01
-1.267953120E-01-1.286790415E-01-1.304592897E-01-1.321328262E-01-1.336964913E-01
-1.351473161E-01-1.364824379E-01-1.376991229E-01-1.387947783E-01-1.397669520E-01
-1.406133466E-01-1.413318342E-01-1.419204696E-01-1.423775030E-01-1.427013960E-01
-1.428908314E-01-1.429447199E-01-1.428622030E-01-1.426426521E-01-1.422856607E-01
-1.417910330E-01-1.411587690E-01-1.403890436E-01-1.394821866E-01-1.384386511E-01
-1.372590012E-01-1.359439126E-01-1.344940681E-01-1.329102302E-01-1.311932296E-01
-1.293439102E-01-1.273631625E-01-1.252519182E-01-1.230111560E-01-1.206420757E-01
-1.181458812E-01-1.155239610E-01-1.127780496E-01-1.099100744E-01-1.069222479E-01
-1.038171564E-01-1.005977772E-01-9.726749698E-02-9.383010128E-02-9.028974192E-02
-8.665087854E-02-8.291818861E-02-7.909645815E-02-7.519046508E-02-7.120485887E-02
-6.714404687E-02-6.301209907E-02-5.881267982E-02-5.454902125E-02-5.022394288E-02
-4.583991884E-02-4.139919002E-02-3.690391605E-02-3.235636118E-02-2.775910675E-02
-2.311528200E-02-1.842881876E-02-1.370465078E-02-8.948599110E-03-4.168413558E-03
 6.235894100E-04 5.419184071E-03 1.021884884E-02 1.502288032E-02 1.983089847E-02
 2.464269117E-02 2.945755814E-02 1.195215547E-02 1.001105598E-02 8.070177823E-03
 6.129548774E-03 4.189178050E-03 2.249457005E-03 3.096202511E-04-1.639901163E-03
-3.612904864E-03-5.609042582E-03-7.626373546E-03-9.665732498E-03-1.172932506E-02
-1.381965275E-02-1.593893633E-02-1.808903636E-02-2.027164486E-02-2.248838545E-02
-2.474079777E-02-2.703031595E-02-2.935825457E-02-3.172579150E-02-3.413394623E-02
-3.658355686E-02-3.907525245E-02-4.160942334E-02-4.418618796E-02-4.680535732E-02
-4.946639821E-02-5.216839519E-02-5.491001321E-02-5.768946185E-02-6.050446454E-02
-6.335223398E-02-6.622945505E-02-6.913227815E-02-7.205632523E-02-7.499670693E-02
-7.794805585E-02-8.090457442E-02-8.386010081E-02-8.680818432E-02-8.974217028E-02
-9.265528145E-02-9.554070124E-02-9.839166575E-02-1.012015461E-01-1.039638970E-01
-1.066724709E-01-1.093212774E-01-1.119046807E-01-1.144173927E-01-1.168543623E-01
-1.192107947E-01-1.214822366E-01-1.236645200E-01-1.257536371E-01-1.277457954E-01
-1.296374643E-01-1.314252084E-01-1.331057619E-01-1.346759798E-01-1.361328836E-01
-1.374735695E-01-1.386952911E-01-1.397954228E-01-1.407714799E-01-1.416211315E-01
-1.423422174E-01-1.429327620E-01-1.433909921E-01-1.437153504E-01-1.439045070E-01
-1.439573691E-01-1.438730833E-01-1.436510342E-01-1.432908384E-01-1.427923308E-01
-1.421555483E-01-1.413807096E-01-1.404681906E-01-1.394184969E-01-1.382322347E-01
-1.369101230E-01-1.354528951E-01-1.338613754E-01-1.321364064E-01-1.302788343E-01
-1.282895704E-01-1.261695976E-01-1.239198381E-01-1.215414540E-01-1.190356980E-01
-1.164039216E-01-1.136477101E-01-1.107689358E-01-1.077697899E-01-1.046528209E-01
-1.014209740E-01-9.807759898E-02-9.462644033E-02-9.107161497E-02-8.741756478E-02
-8.366897664E-02-7.983067732E-02-7.590751182E-02-7.190421524E-02-6.782529205E-02
-6.367491457E-02-5.945684782E-02-5.517441714E-02-5.083052105E-02-4.642769311E-02
-4.196821046E-02-3.745424470E-02-3.288804771E-02-2.827216543E-02-2.360967048E-02
-1.890441785E-02-1.416126547E-02-9.385983998E-03-4.586031034E-03 2.265441981E-04
 5.041940591E-03 9.860162695E-03 1.468163380E-02 1.950607177E-02 2.433331086E-02
 2.916283112E-02 1.176649468E-02 9.822764586E-03 7.879190403E-03 5.935784886E-03
 3.992569848E-03 2.050017076E-03 1.068981035E-04-1.847934586E-03-3.826731601E-03
-5.828538760E-03-7.851694514E-03-9.897268143E-03-1.196756554E-02-1.406510041E-02
-1.619207114E-02-1.835033182E-02-2.054158890E-02-2.276748260E-02-2.502956671E-02
-2.732928849E-02-2.966797444E-02-3.204681238E-02-3.446682913E-02-3.692886687E-02
-3.943355463E-02-4.198127787E-02-4.457214434E-02-4.720594784E-02-4.988213064E-02
-5.259974465E-02-5.535741350E-02-5.815329680E-02-6.098505921E-02-6.384984491E-02
-6.674426026E-02-6.966436876E-02-7.260569823E-02-7.556326130E-02-7.853159453E-02
-8.150480974E-02-8.447666218E-02-8.744062742E-02-9.038998752E-02-9.331791662E-02
-9.621756276E-02-9.908213093E-02-1.019049577E-01-1.046795797E-01-1.073997818E-01
-1.100596341E-01-1.126535244E-01-1.151761557E-01-1.176225014E-01-1.199878046E-01
-1.222676505E-01-1.244579070E-01-1.265545929E-01-1.285539367E-01-1.304524050E-01
-1.322465707E-01-1.339331474E-01-1.355090227E-01-1.369711678E-01-1.383166673E-01
-1.395427580E-01-1.406467784E-01-1.416262153E-01-1.424787065E-01-1.432020625E-01
-1.437942799E-01-1.442535630E-01-1.445783356E-01-1.447672571E-01-1.448192305E-01
-1.447334064E-01-1.445091819E-01-1.441461932E-01-1.436443029E-01-1.430035806E-01
-1.422242847E-01-1.413068408E-01-1.402517830E-01-1.390597721E-01-1.377315631E-01
-1.362679547E-01-1.346697706E-01-1.329379133E-01-1.310732252E-01-1.290766396E-01
-1.269491573E-01-1.246917376E-01-1.223054345E-01-1.197914590E-01-1.171511865E-01
-1.143861943E-01-1.114983131E-01-1.084896746E-01-1.053627629E-01-1.021204588E-01
-9.876605924E-02-9.530327447E-02-9.173620509E-02-8.806929219E-02-8.430723832E-02
-8.045490479E-02-7.651719071E-02-7.249890156E-02-6.840462273E-02-6.423861236E-02
-6.000472104E-02-5.570635347E-02-5.134647605E-02-4.692767442E-02-4.245225875E-02
-3.792241297E-02-3.334038063E-02-2.870867918E-02-2.403033438E-02-1.930913690E-02
-1.454987846E-02-9.758287120E-03-4.941589191E-03-1.115458021E-04 4.720792154E-03
 9.554913102E-03 1.439131581E-02 1.922980817E-02 2.407026583E-02 2.891232380E-02
 1.161422978E-02 9.668372967E-03 7.722612653E-03 5.776947219E-03 3.831408941E-03
 1.886544384E-03-5.929611311E-05-2.018662239E-03-4.002225448E-03-6.008667399E-03
-8.036613831E-03-1.008731226E-02-1.216314121E-02-1.426661983E-02-1.639992851E-02
-1.856491871E-02-2.076330995E-02-2.299675627E-02-2.526682329E-02-2.757496899E-02
-2.992252949E-02-3.231070032E-02-3.474051378E-02-3.721281473E-02-3.972823130E-02
-4.228714405E-02-4.488965097E-02-4.753553072E-02-5.022420427E-02-5.295469555E-02
-5.572559325E-02-5.853501420E-02-6.138057223E-02-6.425935307E-02-6.716789803E-02
-7.010219957E-02-7.305771071E-02-7.602936848E-02-7.901163451E-02-8.199854810E-02
-8.498379575E-02-8.796078920E-02-9.092275258E-02-9.386281051E-02-9.677407472E-02
-9.964972836E-02-1.024831011E-01-1.052677367E-01-1.079974426E-01-1.106663177E-01
-1.132687612E-01-1.157994757E-01-1.182534694E-01-1.206260501E-01-1.229128171E-01
-1.251096357E-01-1.272125696E-01-1.292178436E-01-1.311219072E-01-1.329213844E-01
-1.346129790E-01-1.361935552E-01-1.376600620E-01-1.390095859E-01-1.402393275E-01
-1.413466009E-01-1.423288732E-01-1.431837513E-01-1.439090181E-01-1.445026471E-01
-1.449628214E-01-1.452879494E-01-1.454766801E-01-1.455279127E-01-1.454408009E-01
-1.452147523E-01-1.448494202E-01-1.443446906E-01-1.437006593E-01-1.429176254E-01
-1.419960392E-01-1.409364900E-01-1.397396767E-01-1.384063714E-01-1.369374194E-01
-1.353336729E-01-1.335960757E-01-1.317254964E-01-1.297228365E-01-1.275890764E-01
-1.253252414E-01-1.229324009E-01-1.204117235E-01-1.177645380E-01-1.149923823E-01
-1.120970467E-01-1.090806234E-01-1.059455569E-01-1.026946854E-01-9.933126613E-02
-9.585898001E-02-9.228191085E-02-8.860449581E-02-8.483144816E-02-8.096765492E-02
-7.701805599E-02-7.298751101E-02-6.888066960E-02-6.470185948E-02-6.045500185E-02
-5.614356744E-02-5.177057980E-02-4.733866880E-02-4.285017292E-02-3.830728741E-02
-3.371224993E-02-2.906755565E-02-2.437619259E-02-1.964189916E-02-1.486941136E-02
-1.006442132E-02-5.233982980E-03-3.895936644E-04 4.456777159E-03 9.304077882E-03
 1.415284680E-02 1.900297464E-02 2.385437170E-02 2.870680155E-02 1.149523458E-02
 9.547768544E-03 7.600353310E-03 5.652975609E-03 3.705676793E-03 1.759052839E-03
-1.889165959E-04-2.151859519E-03-4.139132131E-03-6.149186139E-03-8.180884055E-03
-1.023560244E-02-1.231577001E-02-1.442390689E-02-1.656217946E-02-1.873243843E-02
-2.093641388E-02-2.317577041E-02-2.545208289E-02-2.776681787E-02-3.012131919E-02
-3.251678862E-02-3.495426306E-02-3.743458978E-02-3.995839666E-02-4.252606084E-02
-4.513767298E-02-4.779299988E-02-5.049144562E-02-5.323201177E-02-5.601325882E-02
-5.883326913E-02-6.168961558E-02-6.457933710E-02-6.749892342E-02-7.044431104E-02
-7.341089345E-02-7.639354742E-02-7.938667430E-02-8.238425477E-02-8.537992013E-02
-8.836703267E-02-9.133877475E-02-9.428823855E-02-9.720851462E-02-1.000927768E-01
-1.029343539E-01-1.057267926E-01-1.084639035E-01-1.111397915E-01-1.137488717E-01
-1.162858709E-01-1.187458257E-01-1.211240721E-01-1.234162268E-01-1.256181611E-01
-1.277259594E-01-1.297358803E-01-1.316443628E-01-1.334480143E-01-1.351435647E-01
-1.367278388E-01-1.381977874E-01-1.395504927E-01-1.407831279E-01-1.418929846E-01
-1.428775070E-01-1.437342818E-01-1.444610707E-01-1.450558263E-01-1.455167140E-01
-1.458421295E-01-1.460307130E-01-1.460813608E-01-1.459932293E-01-1.457657337E-01
-1.453985415E-01-1.448915586E-01-1.442449026E-01-1.434588978E-01-1.425340301E-01
-1.414709144E-01-1.402702787E-01-1.389329562E-01-1.374597730E-01-1.358516215E-01
-1.341094557E-01-1.322342024E-01-1.302267799E-01-1.280881455E-01-1.258193080E-01
-1.234213377E-01-1.208953992E-01-1.182428016E-01-1.154650510E-01-1.125639043E-01
-1.095414210E-01-1.064000138E-01-1.031424894E-01-9.977207550E-02-9.629242824E-02
-9.270761441E-02-8.902206423E-02-8.524049597E-02-8.136781380E-02-7.740898697E-02
-7.336891541E-02-6.925229755E-02-6.506351489E-02-6.080654357E-02-5.648490642E-02
-5.210167250E-02-4.765950763E-02-4.316077495E-02-3.860768138E-02-3.400246252E-02
-2.934759815E-02-2.464604866E-02-1.990151312E-02-1.511868392E-02-1.030322446E-02
-5.462069253E-03-6.065004510E-04 4.250893206E-03 9.108543965E-03 1.396700830E-02
 1.882625124E-02 2.368621131E-02 2.854675433E-02 1.140995509E-02 9.461360172E-03
 7.512787040E-03 5.564215327E-03 3.615695093E-03 1.667841682E-03-2.816659615E-04
-2.247146294E-03-4.237056986E-03-6.249697787E-03-8.284092390E-03-1.034170476E-02
-1.242499628E-02-1.453648605E-02-1.667833051E-02-1.885238062E-02-2.106037419E-02
-2.330398334E-02-2.558478949E-02-2.790426526E-02-3.026375990E-02-3.266447948E-02
-3.510746398E-02-3.759356204E-02-4.012340096E-02-4.269735486E-02-4.531550857E-02
-4.797761986E-02-5.068308021E-02-5.343087462E-02-5.621954274E-02-5.904714192E-02
-6.191121576E-02-6.480876968E-02-6.773625634E-02-7.068957253E-02-7.366406937E-02
-7.665458060E-02-7.965546486E-02-8.266066144E-02-8.566376318E-02-8.865809865E-02
-9.163682157E-02-9.459300183E-02-9.751971442E-02-1.004101241E-01-1.032575561E-01
-1.060555582E-01-1.087979452E-01-1.114788300E-01-1.140926417E-01-1.166341276E-01
-1.190983462E-01-1.214806515E-01-1.237766711E-01-1.259822796E-01-1.280935690E-01
-1.301068226E-01-1.320184868E-01-1.338251494E-01-1.355235313E-01-1.371104730E-01
-1.385829240E-01-1.399379304E-01-1.411726584E-01-1.422843930E-01-1.432705484E-01
-1.441287013E-01-1.448565960E-01-1.454521718E-01-1.459135808E-01-1.462392072E-01
-1.464276859E-01-1.464779111E-01-1.463890413E-01-1.461604972E-01-1.457919553E-01
-1.452833345E-01-1.446347748E-01-1.438466166E-01-1.429193712E-01-1.418536601E-01
-1.406502572E-01-1.393100023E-01-1.378337614E-01-1.362224509E-01-1.344770082E-01
-1.325983759E-01-1.305875004E-01-1.284453454E-01-1.261729100E-01-1.237712559E-01
-1.212415423E-01-1.185850675E-01-1.158033189E-01-1.128980294E-01-1.098712321E-01
-1.067253125E-01-1.034630508E-01-1.000876507E-01-9.660274904E-02-9.301239955E-02
-8.932102700E-02-8.553335363E-02-8.165429717E-02-7.768884931E-02-7.364194020E-02
-6.951830459E-02-6.532236373E-02-6.105813430E-02-5.672917764E-02-5.233859656E-02
-4.788908353E-02-4.338301957E-02-3.882261980E-02-3.421011813E-02-2.954798313E-02
-2.483915515E-02-2.008730482E-02-1.529709247E-02-1.047415971E-02-5.625362684E-03
-7.618252160E-04 4.103474059E-03 8.968549250E-03 1.383396204E-02 1.869973534E-02
 2.356582849E-02 2.843218098E-02 1.135887720E-02 9.409596355E-03 7.460321398E-03
 5.511028416E-03 3.561773869E-03 1.613177104E-03-3.372774893E-04-2.304276812E-03
-4.295764868E-03-6.309958047E-03-8.345974203E-03-1.040532843E-02-1.249050067E-02
-1.460400885E-02-1.674800357E-02-1.892433630E-02-2.113474961E-02-2.338092014E-02
-2.566443326E-02-2.798676528E-02-3.034926871E-02-3.275315221E-02-3.519945760E-02
-3.768903436E-02-4.022250938E-02-4.280025494E-02-4.542235229E-02-4.808855375E-02
-5.079824314E-02-5.355039540E-02-5.634353752E-02-5.917571168E-02-6.204444377E-02
-6.494671883E-02-6.787896691E-02-7.083706063E-02-7.381632546E-02-7.681156889E-02
-7.981712351E-02-8.282690350E-02-8.583447819E-02-8.883315547E-02-9.181607134E-02
-9.477628176E-02-9.770685191E-02-1.006009407E-01-1.034518719E-01-1.062531955E-01
-1.089987323E-01-1.116826036E-01-1.142992480E-01-1.168434237E-01-1.193101997E-01
-1.216949396E-01-1.239932785E-01-1.262010958E-01-1.283144887E-01-1.303297451E-01
-1.322433173E-01-1.340517974E-01-1.357519031E-01-1.373404674E-01-1.388144282E-01
-1.401708275E-01-1.414068230E-01-1.425196923E-01-1.435068410E-01-1.443658297E-01
-1.450943979E-01-1.456904737E-01-1.461521996E-01-1.464779547E-01-1.466663709E-01
-1.467163412E-01-1.466270240E-01-1.463978446E-01-1.460284848E-01-1.455188712E-01
-1.448691574E-01-1.440796924E-01-1.431509963E-01-1.420837242E-01-1.408786500E-01
-1.395366206E-01-1.380585321E-01-1.364453097E-01-1.346978921E-01-1.328172267E-01
-1.308042683E-01-1.286599852E-01-1.263853764E-01-1.239814991E-01-1.214495054E-01
-1.187906850E-01-1.160065155E-01-1.130987180E-01-1.100693122E-01-1.069206689E-01
-1.036555534E-01-1.002771560E-01-9.678910172E-02-9.319543582E-02-8.950057886E-02
-8.570925441E-02-8.182638731E-02-7.785698171E-02-7.380598516E-02-6.967815362E-02
-6.547793176E-02-6.120936034E-02-5.687602368E-02-5.248104474E-02-4.802713203E-02
-4.351667739E-02-3.895190098E-02-3.433503589E-02-2.966854406E-02-2.495535391E-02
-2.019911906E-02-1.540448040E-02-1.057706615E-02-5.723688045E-03-8.553733351E-04
 4.014684549E-03 8.884230895E-03 1.375382670E-02 1.862353106E-02 2.349331597E-02
 2.836316529E-02 1.134201477E-02 9.392483485E-03 7.442952296E-03 5.493396086E-03
 3.543873576E-03 1.595003861E-03-3.557937353E-04-2.323312805E-03-4.315330165E-03
-6.330041380E-03-8.366597977E-03-1.042653257E-02-1.251233134E-02-1.462651181E-02
-1.677122269E-02-1.894831567E-02-2.115953491E-02-2.340655858E-02-2.569097334E-02
-2.801425674E-02-3.037776239E-02-3.278269982E-02-3.523011146E-02-3.772084709E-02
-4.025553349E-02-4.283454233E-02-4.545795371E-02-4.812551813E-02-5.083661689E-02
-5.359022159E-02-5.638485501E-02-5.921855427E-02-6.208883934E-02-6.499268848E-02
-6.792652415E-02-7.088621086E-02-7.386706553E-02-7.686388683E-02-7.987099864E-02
-8.288230679E-02-8.589137279E-02-8.889149770E-02-9.187581169E-02-9.483736620E-02
-9.776922327E-02-1.006645400E-01-1.035166398E-01-1.063190735E-01-1.090656639E-01
-1.117505353E-01-1.143681294E-01-1.169132076E-01-1.193808419E-01-1.217663988E-01
-1.240655162E-01-1.262740762E-01-1.283881774E-01-1.304041078E-01-1.323183199E-01
-1.341274080E-01-1.358280904E-01-1.374171964E-01-1.388916613E-01-1.402485281E-01
-1.414849497E-01-1.425981985E-01-1.435856801E-01-1.444449515E-01-1.451737465E-01
-1.457699896E-01-1.462318222E-01-1.465576211E-01-1.467460175E-01-1.467959031E-01
-1.467064353E-01-1.464770429E-01-1.461074098E-01-1.455974650E-01-1.449473645E-01
-1.441574623E-01-1.432282820E-01-1.421604897E-01-1.409548562E-01-1.396122324E-01
-1.381335210E-01-1.365196523E-01-1.347715708E-01-1.328902270E-01-1.308765761E-01
-1.287315865E-01-1.264562569E-01-1.240516430E-01-1.215188941E-01-1.188592970E-01
-1.160743255E-01-1.131656970E-01-1.101354266E-01-1.069858803E-01-1.037198187E-01
-1.003404274E-01-9.685132764E-02-9.325656172E-02-8.956054879E-02-8.576801273E-02
-8.188388053E-02-7.791316036E-02-7.386080543E-02-6.973157866E-02-6.552993248E-02
-6.125991566E-02-5.692512018E-02-5.252867575E-02-4.807329623E-02-4.356137719E-02
-3.899514059E-02-3.437681933E-02-2.970887325E-02-2.499422683E-02-2.023652810E-02
-1.544041146E-02-1.061150068E-02-5.756593134E-03-8.866836604E-04 3.984965729E-03
 8.856007877E-03 1.372700288E-02 1.859802212E-02 2.346904184E-02 2.834006073E-02
 1.135913976E-02 9.409814810E-03 7.460495354E-03 5.511157483E-03 3.561857625E-03
 1.613214489E-03-3.372840309E-04-2.304309212E-03-4.295806480E-03-6.310002327E-03
-8.346019281E-03-1.040537369E-02-1.249054588E-02-1.460405393E-02-1.674804847E-02
-1.892438098E-02-2.113479402E-02-2.338096424E-02-2.566447699E-02-2.798680856E-02
-3.034931147E-02-3.275319437E-02-3.519949907E-02-3.768907503E-02-4.022254914E-02
-4.280029368E-02-4.542238989E-02-4.808859007E-02-5.079827806E-02-5.355042879E-02
-5.634356924E-02-5.917574161E-02-6.204447178E-02-6.494674482E-02-6.787899078E-02
-7.083708231E-02-7.381634492E-02-7.681158611E-02-7.981713851E-02-8.282691631E-02
-8.583448887E-02-8.883316410E-02-9.181607799E-02-9.477628652E-02-9.770685488E-02
-1.006009419E-01-1.034518716E-01-1.062531936E-01-1.089987288E-01-1.116825986E-01
-1.142992415E-01-1.168434157E-01-1.193101903E-01-1.216949292E-01-1.239932674E-01
-1.262010849E-01-1.283144788E-01-1.303297369E-01-1.322433115E-01-1.340517946E-01
-1.357519035E-01-1.373404707E-01-1.388144329E-01-1.401708316E-01-1.414068249E-01
-1.425196919E-01-1.435068401E-01-1.443658296E-01-1.450943989E-01-1.456904735E-01
-1.461521997E-01-1.464779547E-01-1.466663709E-01-1.467163412E-01-1.466270239E-01
-1.463978446E-01-1.460284847E-01-1.455188711E-01-1.448691573E-01-1.440796923E-01
-1.431509962E-01-1.420837241E-01-1.408786498E-01-1.395366204E-01-1.380585320E-01
-1.364453095E-01-1.346978919E-01-1.328172265E-01-1.308042680E-01-1.286599848E-01
-1.263853759E-01-1.239814985E-01-1.214495047E-01-1.187906843E-01-1.160065147E-01
-1.130987172E-01-1.100693113E-01-1.069206679E-01-1.036555523E-01-1.002771549E-01
-9.678910059E-02-9.319543463E-02-8.950057762E-02-8.570925312E-02-8.182638597E-02
-7.785698033E-02-7.380598375E-02-6.967815217E-02-6.547793028E-02-6.120935883E-02
-5.687602216E-02-5.248104321E-02-4.802713049E-02-4.351667585E-02-3.895189945E-02
-3.433503438E-02-2.966854259E-02-2.495535249E-02-2.019911772E-02-1.540447920E-02
-1.057706515E-02-5.723687402E-03-8.553733067E-04 4.014683736E-03 8.884229235E-03
 1.375382423E-02 1.862352781E-02 2.349331197E-02 2.836316056E-02 1.141016389E-02
 9.461527494E-03 7.512914844E-03 5.564306067E-03 3.615751318E-03 1.667865776E-03
-2.816694526E-04-2.247164313E-03-4.237078678E-03-6.249719136E-03-8.284112329E-03
-1.034172293E-02-1.242501253E-02-1.453650031E-02-1.667834269E-02-1.885239067E-02
-2.106038205E-02-2.330398897E-02-2.558479284E-02-2.790426629E-02-3.026375859E-02
-3.266447580E-02-3.510745793E-02-3.759355362E-02-4.012339018E-02-4.269734177E-02
-4.531549322E-02-4.797760235E-02-5.068306067E-02-5.343085321E-02-5.621951965E-02
-5.904711739E-02-6.191119008E-02-6.480874318E-02-6.773622943E-02-7.068954566E-02
-7.366404309E-02-7.665455546E-02-7.965544140E-02-8.266064009E-02-8.566374432E-02
-8.865808263E-02-9.163680866E-02-9.459299227E-02-9.751970836E-02-1.004101216E-01
-1.032575572E-01-1.060555626E-01-1.087979526E-01-1.114788398E-01-1.140926529E-01
-1.166341387E-01-1.190983560E-01-1.214806588E-01-1.237766757E-01-1.259822817E-01
-1.280935696E-01-1.301068224E-01-1.320184860E-01-1.338251476E-01-1.355235281E-01
-1.371104705E-01-1.385829259E-01-1.399379350E-01-1.411726611E-01-1.422843907E-01
-1.432705480E-01-1.441287032E-01-1.448565977E-01-1.454521723E-01-1.459135808E-01
-1.462392072E-01-1.464276859E-01-1.464779111E-01-1.463890412E-01-1.461604970E-01
-1.457919549E-01-1.452833344E-01-1.446347745E-01-1.438466165E-01-1.429193709E-01
-1.418536595E-01-1.406502567E-01-1.393100019E-01-1.378337610E-01-1.362224506E-01
-1.344770080E-01-1.325983757E-01-1.305875002E-01-1.284453452E-01-1.261729097E-01
-1.237712556E-01-1.212415420E-01-1.185850672E-01-1.158033185E-01-1.128980288E-01
-1.098712315E-01-1.067253118E-01-1.034630499E-01-1.000876497E-01-9.660274796E-02
-9.301239838E-02-8.932102573E-02-8.553335226E-02-8.165429572E-02-7.768884776E-02
-7.364193857E-02-6.951830287E-02-6.532236193E-02-6.105813242E-02-5.672917570E-02
-5.233859455E-02-4.788908147E-02-4.338301747E-02-3.882261767E-02-3.421011599E-02
-2.954798100E-02-2.483915305E-02-2.008730281E-02-1.529709063E-02-1.047415816E-02
-5.625361644E-03-7.618250913E-04 4.103472909E-03 8.968546786E-03 1.383395829E-02
 1.869973031E-02 2.356582221E-02 2.843217346E-02 1.149513435E-02 9.547674675E-03
 7.600269728E-03 5.652906851E-03 3.705627318E-03 1.759027582E-03-1.889146915E-04
-2.151838486E-03-4.139102616E-03-6.149152875E-03-8.180848509E-03-1.023556518E-02
-1.231573131E-02-1.442386693E-02-1.656213840E-02-1.873239646E-02-2.093637123E-02
-2.317572737E-02-2.545203977E-02-2.776677501E-02-3.012127694E-02-3.251674736E-02
-3.495422318E-02-3.743455167E-02-3.995836071E-02-4.252602745E-02-4.513764251E-02
-4.779297268E-02-5.049142199E-02-5.323199199E-02-5.601324311E-02-5.883325769E-02
-6.168960855E-02-6.457933458E-02-6.749892539E-02-7.044431741E-02-7.341090401E-02
-7.639356179E-02-7.938669187E-02-8.238427465E-02-8.537994121E-02-8.836705381E-02
-9.133879484E-02-9.428825662E-02-9.720852988E-02-1.000927887E-01-1.029343622E-01
-1.057267976E-01-1.084639057E-01-1.111397919E-01-1.137488710E-01-1.162858699E-01
-1.187458250E-01-1.211240713E-01-1.234162257E-01-1.256181600E-01-1.277259595E-01
-1.297358835E-01-1.316443699E-01-1.334480215E-01-1.351435652E-01-1.367278340E-01
-1.381977850E-01-1.395504945E-01-1.407831308E-01-1.418929829E-01-1.428775072E-01
-1.437342837E-01-1.444610717E-01-1.450558266E-01-1.455167142E-01-1.458421297E-01
-1.460307131E-01-1.460813608E-01-1.459932292E-01-1.457657334E-01-1.453985414E-01
-1.448915586E-01-1.442449023E-01-1.434588976E-01-1.425340297E-01-1.414709139E-01
-1.402702785E-01-1.389329557E-01-1.374597719E-01-1.358516203E-01-1.341094546E-01
-1.322342014E-01-1.302267788E-01-1.280881446E-01-1.258193074E-01-1.234213374E-01
-1.208953991E-01-1.182428015E-01-1.154650510E-01-1.125639043E-01-1.095414210E-01
-1.064000138E-01-1.031424892E-01-9.977207527E-02-9.629242792E-02-9.270761399E-02
-8.902206373E-02-8.524049539E-02-8.136781312E-02-7.740898619E-02-7.336891452E-02
-6.925229656E-02-6.506351380E-02-6.080654238E-02-5.648490513E-02-5.210167113E-02
-4.765950618E-02-4.316077343E-02-3.860767979E-02-3.400246088E-02-2.934759649E-02
-2.464604701E-02-1.990151152E-02-1.511868243E-02-1.030322319E-02-5.462068409E-03
-6.065003814E-04 4.250892168E-03 9.108541732E-03 1.396700484E-02 1.882624652E-02
 2.368620530E-02 2.854674700E-02 1.161391385E-02 9.668108985E-03 7.722401730E-03
 5.776790066E-03 3.831305619E-03 1.886494970E-03-5.929528079E-05-2.018631295E-03
-4.002185740E-03-6.008627352E-03-8.036575603E-03-1.008727661E-02-1.216310851E-02
-1.426659033E-02-1.639990244E-02-1.856489626E-02-2.076329132E-02-2.299674163E-02
-2.526681279E-02-2.757496277E-02-2.992252767E-02-3.231070296E-02-3.474052091E-02
-3.721282632E-02-3.972824724E-02-4.228716413E-02-4.488967487E-02-4.753555794E-02
-5.022423414E-02-5.295472729E-02-5.572562608E-02-5.853504733E-02-6.138060487E-02
-6.425938445E-02-6.716792738E-02-7.010222618E-02-7.305773392E-02-7.602938781E-02
-7.901164964E-02-8.199855895E-02-8.498380237E-02-8.796079180E-02-9.092275161E-02
-9.386280660E-02-9.677406857E-02-9.964972082E-02-1.024830931E-01-1.052677293E-01
-1.079974370E-01-1.106663150E-01-1.132687615E-01-1.157994789E-01-1.182534758E-01
-1.206260597E-01-1.229128279E-01-1.251096419E-01-1.272125670E-01-1.292178369E-01
-1.311219051E-01-1.329213850E-01-1.346129819E-01-1.361935597E-01-1.376600581E-01
-1.390095879E-01-1.402393271E-01-1.413466027E-01-1.423288737E-01-1.431837514E-01
-1.439090184E-01-1.445026474E-01-1.449628214E-01-1.452879494E-01-1.454766802E-01
-1.455279127E-01-1.454408010E-01-1.452147525E-01-1.448494205E-01-1.443446906E-01
-1.437006597E-01-1.429176242E-01-1.419960379E-01-1.409364896E-01-1.397396768E-01
-1.384063708E-01-1.369374187E-01-1.353336723E-01-1.335960750E-01-1.317254952E-01
-1.297228346E-01-1.275890744E-01-1.253252395E-01-1.229323989E-01-1.204117215E-01
-1.177645362E-01-1.149923809E-01-1.120970457E-01-1.090806229E-01-1.059455567E-01
-1.026946854E-01-9.933126629E-02-9.585898027E-02-9.228191116E-02-8.860449614E-02
-8.483144847E-02-8.096765517E-02-7.701805616E-02-7.298751109E-02-6.888066958E-02
-6.470185938E-02-6.045500166E-02-5.614356718E-02-5.177057948E-02-4.733866842E-02
-4.285017248E-02-3.830728691E-02-3.371224939E-02-2.906755507E-02-2.437619199E-02
-1.964189858E-02-1.486941083E-02-1.006442088E-02-5.233982709E-03-3.895937095E-04
 4.456776617E-03 9.304076715E-03 1.415284490E-02 1.900297192E-02 2.385436806E-02
 2.870679691E-02 1.176630150E-02 9.822618972E-03 7.879087421E-03 5.935718273E-03
 3.992532904E-03 2.050002687E-03 1.068979300E-04-1.847931514E-03-3.826732218E-03
-5.828544374E-03-7.851704788E-03-9.897282731E-03-1.196758419E-02-1.406512289E-02
-1.619209720E-02-1.835036112E-02-2.054162103E-02-2.276751708E-02-2.502960301E-02
-2.732932606E-02-2.966801274E-02-3.204685085E-02-3.446686723E-02-3.692890404E-02
-3.943359030E-02-4.198131149E-02-4.457217538E-02-4.720597578E-02-4.988215500E-02
-5.259976503E-02-5.535742965E-02-5.815330858E-02-6.098506656E-02-6.384984780E-02
-6.674425876E-02-6.966436314E-02-7.260568893E-02-7.556324895E-02-7.853157989E-02
-8.150479372E-02-8.447664583E-02-8.744061222E-02-9.038997539E-02-9.331790918E-02
-9.621756105E-02-9.908213518E-02-1.019049673E-01-1.046795933E-01-1.073997977E-01
-1.100596505E-01-1.126535383E-01-1.151761614E-01-1.176224958E-01-1.199877936E-01
-1.222676460E-01-1.244579090E-01-1.265545918E-01-1.285539381E-01-1.304524132E-01
-1.322465672E-01-1.339331446E-01-1.355090289E-01-1.369711650E-01-1.383166703E-01
-1.395427572E-01-1.406467795E-01-1.416262158E-01-1.424787069E-01-1.432020627E-01
-1.437942804E-01-1.442535632E-01-1.445783357E-01-1.447672572E-01-1.448192305E-01
-1.447334065E-01-1.445091823E-01-1.441461935E-01-1.436443024E-01-1.430035803E-01
-1.422242839E-01-1.413068396E-01-1.402517812E-01-1.390597698E-01-1.377315626E-01
-1.362679553E-01-1.346697704E-01-1.329379125E-01-1.310732239E-01-1.290766385E-01
-1.269491564E-01-1.246917363E-01-1.223054325E-01-1.197914563E-01-1.171511835E-01
-1.143861911E-01-1.114983099E-01-1.084896716E-01-1.053627602E-01-1.021204565E-01
-9.876605741E-02-9.530327316E-02-9.173620428E-02-8.806929185E-02-8.430723833E-02
-8.045490508E-02-7.651719120E-02-7.249890219E-02-6.840462346E-02-6.423861314E-02
-6.000472183E-02-5.570635425E-02-5.134647680E-02-4.692767513E-02-4.245225941E-02
-3.792241360E-02-3.334038123E-02-2.870867976E-02-2.403033495E-02-1.930913747E-02
-1.454987902E-02-9.758287643E-03-4.941589585E-03-1.115459049E-04 4.720792372E-03
 9.554913491E-03 1.439131620E-02 1.922980841E-02 2.407026578E-02 2.891232334E-02
 1.195226374E-02 1.001116568E-02 8.070281836E-03 6.129639017E-03 4.189246987E-03
 2.249497268E-03 3.096264969E-04-1.639923101E-03-3.612939170E-03-5.609080852E-03
-7.626413102E-03-9.665772257E-03-1.172936441E-02-1.381969123E-02-1.593897352E-02
-1.808907185E-02-2.027167824E-02-2.248841633E-02-2.474082575E-02-2.703034072E-02
-2.935827586E-02-3.172580911E-02-3.413396003E-02-3.658356676E-02-3.907525838E-02
-4.160942525E-02-4.418618584E-02-4.680535123E-02-4.946638833E-02-5.216838183E-02
-5.490999681E-02-5.768944295E-02-6.050444378E-02-6.335221210E-02-6.622943301E-02
-6.913225751E-02-7.205630786E-02-7.499669455E-02-7.794804983E-02-8.090457568E-02
-8.386010974E-02-8.680820057E-02-8.974219215E-02-9.265530628E-02-9.554072609E-02
-9.839168746E-02-1.012015610E-01-1.039639009E-01-1.066724625E-01-1.093212616E-01
-1.119046689E-01-1.144173909E-01-1.168543644E-01-1.192107923E-01-1.214822390E-01
-1.236645318E-01-1.257536374E-01-1.277457865E-01-1.296374705E-01-1.314252128E-01
-1.331057572E-01-1.346759840E-01-1.361328817E-01-1.374735706E-01-1.386952914E-01
-1.397954231E-01-1.407714797E-01-1.416211316E-01-1.423422174E-01-1.429327620E-01
-1.433909924E-01-1.437153505E-01-1.439045071E-01-1.439573692E-01-1.438730833E-01
-1.436510343E-01-1.432908383E-01-1.427923300E-01-1.421555480E-01-1.413807089E-01
-1.404681892E-01-1.394184967E-01-1.382322326E-01-1.369101199E-01-1.354528923E-01
-1.338613750E-01-1.321364075E-01-1.302788347E-01-1.282895697E-01-1.261695961E-01
-1.239198362E-01-1.215414526E-01-1.190356972E-01-1.164039204E-01-1.136477082E-01
-1.107689328E-01-1.077697860E-01-1.046528166E-01-1.014209695E-01-9.807759445E-02
-9.462643598E-02-9.107161102E-02-8.741756135E-02-8.366897380E-02-7.983067508E-02
-7.590751018E-02-7.190421420E-02-6.782529157E-02-6.367491457E-02-5.945684820E-02
-5.517441783E-02-5.083052198E-02-4.642769423E-02-4.196821173E-02-3.745424606E-02
-3.288804916E-02-2.827216692E-02-2.360967201E-02-1.890441939E-02-1.416126698E-02
-9.385985370E-03-4.586031991E-03 2.265441508E-04 5.041941690E-03 9.860164793E-03
 1.468163670E-02 1.950607529E-02 2.433331483E-02 2.916283538E-02 1.217190487E-02
 1.023383321E-02 8.296047029E-03 6.358590563E-03 4.421462657E-03 2.484972793E-03
 5.488274767E-04-1.394814143E-03-3.361051579E-03-5.350503358E-03-7.361012041E-03
-9.393115111E-03-1.144888350E-02-1.353079512E-02-1.564109601E-02-1.778165835E-02
-1.995415892E-02-2.216020115E-02-2.440130736E-02-2.667889602E-02-2.899426727E-02
-3.134858697E-02-3.374286552E-02-3.617793540E-02-3.865442474E-02-4.117272861E-02
-4.373297743E-02-4.633500215E-02-4.897829908E-02-5.166199293E-02-5.438479989E-02
-5.714499110E-02-5.994035994E-02-6.276819720E-02-6.562527306E-02-6.850783059E-02
-7.141159235E-02-7.433177576E-02-7.726312301E-02-8.019994374E-02-8.313617756E-02
-8.606547136E-02-8.898126306E-02-9.187684785E-02-9.474544272E-02-9.758029109E-02
-1.003747873E-01-1.031225246E-01-1.058172749E-01-1.084530195E-01-1.110240615E-01
-1.135250632E-01-1.159509632E-01-1.182969276E-01-1.205584327E-01-1.227313207E-01
-1.248115575E-01-1.267953117E-01-1.286790370E-01-1.304592956E-01-1.321328236E-01
-1.336964916E-01-1.351473172E-01-1.364824369E-01-1.376991220E-01-1.387947772E-01
-1.397669515E-01-1.406133470E-01-1.413318351E-01-1.419204699E-01-1.423775032E-01
-1.427013962E-01-1.428908316E-01-1.429447201E-01-1.428622031E-01-1.426426517E-01
-1.422856597E-01-1.417910324E-01-1.411587688E-01-1.403890441E-01-1.394821857E-01
-1.384386498E-01-1.372590030E-01-1.359439115E-01-1.344940636E-01-1.329102258E-01
-1.311932264E-01-1.293439100E-01-1.273631644E-01-1.252519196E-01-1.230111557E-01
-1.206420740E-01-1.181458788E-01-1.155239588E-01-1.127780481E-01-1.099100737E-01
-1.069222470E-01-1.038171546E-01-1.005977743E-01-9.726749278E-02-9.383009603E-02
-9.028973615E-02-8.665087261E-02-8.291818272E-02-7.909645251E-02-7.519045989E-02
-7.120485426E-02-6.714404292E-02-6.301209581E-02-5.881267726E-02-5.454901939E-02
-5.022394170E-02-4.583991829E-02-4.139919003E-02-3.690391654E-02-3.235636206E-02
-2.775910796E-02-2.311528347E-02-1.842882043E-02-1.370465254E-02-8.948600785E-03
-4.168414723E-03 6.235895119E-04 5.419185862E-03 1.021885227E-02 1.502288527E-02
 1.983090480E-02 2.464269872E-02 2.945756676E-02 1.242502794E-02 1.049039865E-02
 8.556137145E-03 6.622307519E-03 4.688899927E-03 2.756143449E-03 8.241708402E-04
-1.113093952E-03-3.071590985E-03-5.053341733E-03-7.056061610E-03-9.079913029E-03
-1.112678845E-02-1.319912454E-02-1.529919329E-02-1.742888529E-02-1.958986293E-02
-2.178370635E-02-2.401191839E-02-2.627590030E-02-2.857693674E-02-3.091618113E-02
-3.329463537E-02-3.571312790E-02-3.817228849E-02-4.067251879E-02-4.321396174E-02
-4.579646773E-02-4.841956018E-02-5.108240010E-02-5.378375136E-02-5.652194766E-02
-5.929486025E-02-6.209987153E-02-6.493385345E-02-6.779315919E-02-7.067362833E-02
-7.357060347E-02-7.647896046E-02-7.939313380E-02-8.230716530E-02-8.521478914E-02
-8.810953969E-02-9.098482233E-02-9.383395244E-02-9.665021535E-02-9.942698642E-02
-1.021578352E-01-1.048365526E-01-1.074571543E-01-1.100138937E-01-1.125013228E-01
-1.149143927E-01-1.172482961E-01-1.194984209E-01-1.216605011E-01-1.237305379E-01
-1.257046918E-01-1.275793577E-01-1.293510927E-01-1.310166502E-01-1.325729001E-01
-1.340168681E-01-1.353457159E-01-1.365567399E-01-1.376473757E-01-1.386152046E-01
-1.394579635E-01-1.401735571E-01-1.407600689E-01-1.412157764E-01-1.415391608E-01
-1.417289160E-01-1.417839563E-01-1.417034174E-01-1.414866549E-01-1.411332374E-01
-1.406429383E-01-1.400157168E-01-1.392516991E-01-1.383511680E-01-1.373145250E-01
-1.361422796E-01-1.348350403E-01-1.333934964E-01-1.318183136E-01-1.301103251E-01
-1.282703103E-01-1.262991769E-01-1.241978656E-01-1.219673982E-01-1.196089141E-01
-1.171236524E-01-1.145131332E-01-1.117791184E-01-1.089235010E-01-1.059486081E-01
-1.028571694E-01-9.965221765E-02-9.633716978E-02-9.291583179E-02-8.939234488E-02
-8.577114132E-02-8.205686400E-02-7.825425089E-02-7.436801649E-02-7.040273170E-02
-6.636270862E-02-6.225190750E-02-5.807387965E-02-5.383175185E-02-4.952825546E-02
-4.516579920E-02-4.074658472E-02-3.627276010E-02-3.174660586E-02-2.717074561E-02
-2.254837540E-02-1.788351671E-02-1.318118739E-02-8.447270301E-03-3.689875204E-03
 1.078497411E-03 5.851524750E-03 1.063006268E-02 1.541422195E-02 2.020352047E-02
 2.499769579E-02 2.979584380E-02 1.271122796E-02 1.078045934E-02 8.850154210E-03
 6.920398880E-03 4.991178271E-03 3.062648929E-03 1.135272866E-03-7.953143296E-04
-2.745110073E-03-4.718119272E-03-6.712085578E-03-8.726708937E-03-1.076365221E-02
-1.282528759E-02-1.491391180E-02-1.703144410E-02-1.917953828E-02-2.135975074E-02
-2.357356364E-02-2.582235907E-02-2.810740336E-02-3.042983311E-02-3.279063600E-02
-3.519062972E-02-3.763043856E-02-4.011046658E-02-4.263086914E-02-4.519151981E-02
-4.779197656E-02-5.043144650E-02-5.310875042E-02-5.582229080E-02-5.857002151E-02
-6.134942416E-02-6.415748570E-02-6.699067688E-02-6.984495341E-02-7.271577836E-02
-7.559816784E-02-7.848672120E-02-8.137564505E-02-8.425880122E-02-8.712979535E-02
-8.998208926E-02-9.280908251E-02-9.560415630E-02-9.836074558E-02-1.010724012E-01
-1.037328556E-01-1.063361510E-01-1.088765992E-01-1.113486902E-01-1.137472359E-01
-1.160674046E-01-1.183046176E-01-1.204545294E-01-1.225130829E-01-1.244764218E-01
-1.263409391E-01-1.281031632E-01-1.297598282E-01-1.313078283E-01-1.327441954E-01
-1.340661082E-01-1.352708870E-01-1.363559991E-01-1.373190587E-01-1.381578341E-01
-1.388702640E-01-1.394544611E-01-1.399087276E-01-1.402315641E-01-1.404216758E-01
-1.404779792E-01-1.403996031E-01-1.401858866E-01-1.398363725E-01-1.393507978E-01
-1.387290826E-01-1.379713044E-01-1.370776932E-01-1.360485996E-01-1.348844801E-01
-1.335858794E-01-1.321534305E-01-1.305878278E-01-1.288897930E-01-1.270601256E-01
-1.250996989E-01-1.230094526E-01-1.207904348E-01-1.184438282E-01-1.159709464E-01
-1.133733222E-01-1.106526936E-01-1.078111018E-01-1.048510164E-01-1.017751336E-01
-9.858649551E-02-9.528864293E-02-9.188546600E-02-8.838111972E-02-8.478001922E-02
-8.108675018E-02-7.730595337E-02-7.344222647E-02-6.950002026E-02-6.548352336E-02
-6.139657441E-02-5.724261504E-02-5.302467796E-02-4.874541688E-02-4.440718153E-02
-4.001213758E-02-3.556242471E-02-3.106034511E-02-2.650857282E-02-2.191038139E-02
-1.726989408E-02-1.259221821E-02-7.883316427E-03-3.151729979E-03 1.590034023E-03
 6.337842271E-03 1.109278472E-02 1.585472660E-02 2.062308368E-02 2.539754054E-02
 3.017696766E-02 1.303015441E-02 1.110368061E-02 9.177779297E-03 7.252560516E-03
 5.328008636E-03 3.404222297E-03 1.481824517E-03-4.420095787E-04-2.382126331E-03
-4.345321764E-03-6.329593509E-03-8.334070813E-03-1.036012516E-02-1.241003033E-02
-1.448609778E-02-1.659028179E-02-1.872423087E-02-2.088947186E-02-2.308745913E-02
-2.531955095E-02-2.758699285E-02-2.989090417E-02-3.223226040E-02-3.461187201E-02
-3.703036225E-02-3.948814088E-02-4.198537588E-02-4.452196285E-02-4.709749367E-02
-4.971122360E-02-5.236203271E-02-5.504839090E-02-5.776832910E-02-6.051942058E-02
-6.329877415E-02-6.610301341E-02-6.892825927E-02-7.177012963E-02-7.462376273E-02
-7.748387272E-02-8.034481179E-02-8.320061089E-02-8.604502417E-02-8.887161900E-02
-9.167385150E-02-9.444513718E-02-9.717898618E-02-9.986905952E-02-1.025090985E-01
-1.050930470E-01-1.076151468E-01-1.100699453E-01-1.124522271E-01-1.147570630E-01
-1.169798322E-01-1.191161569E-01-1.211619451E-01-1.231132999E-01-1.249665731E-01
-1.267182969E-01-1.283651885E-01-1.299041396E-01-1.313321923E-01-1.326465381E-01
-1.338445243E-01-1.349236446E-01-1.358815413E-01-1.367160140E-01-1.374250327E-01
-1.380067391E-01-1.384594589E-01-1.387817096E-01-1.389722070E-01-1.390298685E-01
-1.389538147E-01-1.387433674E-01-1.383980428E-01-1.379175426E-01-1.373017403E-01
-1.365506710E-01-1.356645069E-01-1.346435454E-01-1.334881962E-01-1.321989516E-01
-1.307763830E-01-1.292211473E-01-1.275339651E-01-1.257156296E-01-1.237669321E-01
-1.216888892E-01-1.194825190E-01-1.171490537E-01-1.146898568E-01-1.121065419E-01
-1.094009203E-01-1.065751213E-01-1.036315875E-01-1.005730813E-01-9.740284088E-02
-9.412444193E-02-9.074168239E-02-8.725871642E-02-8.368000371E-02-8.001011272E-02
-7.625361385E-02-7.241500539E-02-6.849859712E-02-6.450841040E-02-6.044811809E-02
-5.632101629E-02-5.213001771E-02-4.787768192E-02-4.356629902E-02-3.919801338E-02
-3.477497836E-02-3.029954078E-02-2.577444594E-02-2.120306227E-02-1.658962875E-02
-1.193934610E-02-7.258288635E-03-2.555497280E-03 2.156827587E-03 6.876915198E-03
 1.160591499E-02 1.634339822E-02 2.108868320E-02 2.584140094E-02 3.060017780E-02
 1.338156265E-02 1.145981433E-02 9.538755067E-03 7.618517993E-03 5.699092821E-03
 3.780541681E-03 1.863430023E-03-5.380875111E-05-1.983372880E-03-3.935692917E-03
-5.909355645E-03-7.902817973E-03-9.917082062E-03-1.195427672E-02-1.401671034E-02
-1.610638030E-02-1.822494232E-02-2.037389708E-02-2.255467207E-02-2.476860324E-02
-2.701691612E-02-2.930071211E-02-3.162095178E-02-3.397843547E-02-3.637378312E-02
-3.880740751E-02-4.127948476E-02-4.378992646E-02-4.633834907E-02-4.892404754E-02
-5.154597148E-02-5.420268614E-02-5.689233313E-02-5.961259970E-02-6.236069665E-02
-6.513335351E-02-6.792682675E-02-7.073691214E-02-7.355893848E-02-7.638778921E-02
-7.921796182E-02-8.204361640E-02-8.485863081E-02-8.765671175E-02-9.043149162E-02
-9.317649752E-02-9.588523120E-02-9.855131838E-02-1.011685559E-01-1.037309575E-01
-1.062327198E-01-1.086683203E-01-1.110325221E-01-1.133203544E-01-1.155271394E-01
-1.176484711E-01-1.196801837E-01-1.216183569E-01-1.234593120E-01-1.251995572E-01
-1.268357996E-01-1.283649205E-01-1.297839629E-01-1.310901385E-01-1.322808098E-01
-1.333534904E-01-1.343058525E-01-1.351357233E-01-1.358410998E-01-1.364201501E-01
-1.368712209E-01-1.371928451E-01-1.373837465E-01-1.374428426E-01-1.373692445E-01
-1.371622557E-01-1.368213643E-01-1.363462362E-01-1.357367026E-01-1.349927524E-01
-1.341145041E-01-1.331021995E-01-1.319561977E-01-1.306769490E-01-1.292649808E-01
-1.277208986E-01-1.260453965E-01-1.242392525E-01-1.223033459E-01-1.202385623E-01
-1.180460248E-01-1.157269979E-01-1.132828628E-01-1.107153048E-01-1.080262257E-01
-1.052178593E-01-1.022927032E-01-9.925362772E-02-9.610386961E-02-9.284696628E-02
-8.948684182E-02-8.602773541E-02-8.247398230E-02-7.882999194E-02-7.510025933E-02
-7.128921817E-02-6.740106908E-02-6.343970066E-02-5.940864714E-02-5.531105334E-02
-5.114968186E-02-4.692697033E-02-4.264512891E-02-3.830626796E-02-3.391254680E-02
-2.946635576E-02-2.497052203E-02-2.042853123E-02-1.584476243E-02-1.122452335E-02
-6.574066912E-03-1.902993184E-03 2.777302736E-03 7.467377377E-03 1.216824949E-02
 1.687917063E-02 2.159936848E-02 2.632842181E-02 3.106469930E-02 1.376512054E-02
 1.184850006E-02 9.932693268E-03 8.017857568E-03 6.103991510E-03 4.191136748E-03
 2.279691931E-03 3.690855278E-04-1.549543673E-03-3.489994465E-03-5.452064158E-03
-7.433629346E-03-9.435225718E-03-1.145877766E-02-1.350656500E-02-1.558063316E-02
-1.768266002E-02-1.981412304E-02-2.197641858E-02-2.417085701E-02-2.639864060E-02
-2.866084679E-02-3.095841472E-02-3.329212729E-02-3.566259137E-02-3.807021866E-02
-4.051520639E-02-4.299750357E-02-4.551677437E-02-4.807236579E-02-5.066327408E-02
-5.328811785E-02-5.594511601E-02-5.863207101E-02-6.134634446E-02-6.408482595E-02
-6.684392285E-02-6.961957649E-02-7.240727312E-02-7.520206257E-02-7.799862275E-02
-8.079133834E-02-8.357429231E-02-8.634128773E-02-8.908599692E-02-9.180203918E-02
-9.448305345E-02-9.712274922E-02-9.971492027E-02-1.022535595E-01-1.047328748E-01
-1.071473156E-01-1.094915921E-01-1.117607288E-01-1.139499549E-01-1.160548248E-01
-1.180711330E-01-1.199949221E-01-1.218224650E-01-1.235502497E-01-1.251749634E-01
-1.266934707E-01-1.281028225E-01-1.294002329E-01-1.305830759E-01-1.316488834E-01
-1.325953507E-01-1.334203296E-01-1.341218390E-01-1.346980695E-01-1.351473866E-01
-1.354683352E-01-1.356596450E-01-1.357202313E-01-1.356491949E-01-1.354458196E-01
-1.351095667E-01-1.346400669E-01-1.340371106E-01-1.333006330E-01-1.324307100E-01
-1.314275332E-01-1.302914098E-01-1.290227424E-01-1.276220253E-01-1.260898351E-01
-1.244268308E-01-1.226337761E-01-1.207115419E-01-1.186611307E-01-1.164836190E-01
-1.141802500E-01-1.117525872E-01-1.092023154E-01-1.065314061E-01-1.037421608E-01
-1.008371906E-01-9.781946875E-02-9.469225032E-02-9.145913737E-02-8.812404780E-02
-8.469110095E-02-8.116460939E-02-7.754902977E-02-7.384875615E-02-7.006797332E-02
-6.621067074E-02-6.228060594E-02-5.828120465E-02-5.421549600E-02-5.008613765E-02
-4.589548395E-02-4.164567884E-02-3.733878694E-02-3.297695896E-02-2.856262150E-02
-2.409868130E-02-1.958874282E-02-1.503732191E-02-1.044982055E-02-5.832764606E-03
-1.196337571E-03 3.449627776E-03 8.107633305E-03 1.277838273E-02 1.746081601E-02
 2.215407054E-02 2.685767163E-02 3.156971987E-02 1.418051590E-02 1.226943597E-02
 1.035930366E-02 8.450300860E-03 6.542431519E-03 4.635722301E-03 2.730423877E-03
 8.267174015E-04-1.081204543E-03-3.008911262E-03-4.958371351E-03-6.927198564E-03
-8.915335309E-03-1.092442000E-02-1.295666265E-02-1.501415086E-02-1.709859739E-02
-1.921145916E-02-2.135409430E-02-2.352777974E-02-2.573368739E-02-2.797287239E-02
-3.024626573E-02-3.255465039E-02-3.489863699E-02-3.727864208E-02-3.969486157E-02
-4.214724584E-02-4.463547560E-02-4.715893850E-02-4.971670517E-02-5.230749250E-02
-5.492962383E-02-5.758100436E-02-6.025910637E-02-6.296095158E-02-6.568310191E-02
-6.842167248E-02-7.117237470E-02-7.393050355E-02-7.669090594E-02-7.944807049E-02
-8.219621587E-02-8.492933495E-02-8.764128427E-02-9.032581379E-02-9.297662037E-02
-9.558746234E-02-9.815219209E-02-1.006648199E-01-1.031195336E-01-1.055108108E-01
-1.078332939E-01-1.100819499E-01-1.122519847E-01-1.143389019E-01-1.163384407E-01
-1.182465986E-01-1.200596086E-01-1.217739284E-01-1.233862120E-01-1.248933185E-01
-1.262922864E-01-1.275803296E-01-1.287548300E-01-1.298133297E-01-1.307535402E-01
-1.315733339E-01-1.322707480E-01-1.328439896E-01-1.332914380E-01-1.336116480E-01
-1.338033521E-01-1.338654615E-01-1.337970652E-01-1.335974270E-01-1.332659809E-01
-1.328023233E-01-1.322062028E-01-1.314775142E-01-1.306162858E-01-1.296226606E-01
-1.284968977E-01-1.272393624E-01-1.258505113E-01-1.243309011E-01-1.226811807E-01
-1.209020957E-01-1.189945234E-01-1.169594711E-01-1.147981198E-01-1.125117967E-01
-1.101019607E-01-1.075704716E-01-1.049194262E-01-1.021511133E-01-9.926824304E-02
-9.627383004E-02-9.317122506E-02-8.996408964E-02-8.665630076E-02-8.325195704E-02
-7.975531251E-02-7.617064258E-02-7.250217474E-02-6.875404641E-02-6.493017009E-02
-6.103408094E-02-5.706893732E-02-5.303758634E-02-4.894259597E-02-4.478627578E-02
-4.057074630E-02-3.629807723E-02-3.197045607E-02-2.759037149E-02-2.316081433E-02
-1.868550249E-02-1.416907620E-02-9.617011117E-03-5.036249692E-03-4.375023825E-04
 4.172074861E-03 8.796092441E-03 1.343481809E-02 1.808695433E-02 2.275154144E-02
 2.742804074E-02 3.211426803E-02 1.462762404E-02 1.272247673E-02 1.081840802E-02
 8.915624103E-03 7.014135480E-03 5.113968534E-03 3.215273995E-03 1.318644210E-03
-5.792198859E-04-2.493322609E-03-4.429124777E-03-6.384407747E-03-8.358358052E-03
-1.035222864E-02-1.236810022E-02-1.440808152E-02-1.647393301E-02-1.856711144E-02
-2.068895044E-02-2.284070701E-02-2.502353584E-02-2.723847236E-02-2.948641932E-02
-3.176812952E-02-3.408419074E-02-3.643500944E-02-3.882079193E-02-4.124152245E-02
-4.369692930E-02-4.618644881E-02-4.870920037E-02-5.126396017E-02-5.384913278E-02
-5.646272886E-02-5.910235147E-02-6.176520300E-02-6.444806686E-02-6.714724514E-02
-6.985857233E-02-7.257748276E-02-7.529903017E-02-7.801793164E-02-8.072863029E-02
-8.342529405E-02-8.610189655E-02-8.875231269E-02-9.137035836E-02-9.394987526E-02
-9.648475476E-02-9.896908062E-02-1.013970421E-01-1.037630556E-01-1.060617848E-01
-1.082881429E-01-1.104373073E-01-1.125047142E-01-1.144860592E-01-1.163772914E-01
-1.181746044E-01-1.198744078E-01-1.214733344E-01-1.229682173E-01-1.243560816E-01
-1.256341339E-01-1.267997563E-01-1.278504976E-01-1.287840769E-01-1.295983780E-01
-1.302914524E-01-1.308615188E-01-1.313069664E-01-1.316263548E-01-1.318184167E-01
-1.318820567E-01-1.318163507E-01-1.316205427E-01-1.312940389E-01-1.308364029E-01
-1.302473479E-01-1.295267254E-01-1.286745167E-01-1.276908295E-01-1.265758822E-01
-1.253299988E-01-1.239536134E-01-1.224472610E-01-1.208115833E-01-1.190473378E-01
-1.171554014E-01-1.151368179E-01-1.129927827E-01-1.107247106E-01-1.083342397E-01
-1.058231444E-01-1.031935604E-01-1.004480139E-01-9.758923277E-02-9.462022376E-02
-9.154440677E-02-8.836543474E-02-8.508721547E-02-8.171382743E-02-7.824940805E-02
-7.469811707E-02-7.106405297E-02-6.735113361E-02-6.356302605E-02-5.970313782E-02
-5.577457007E-02-5.178005139E-02-4.772194705E-02-4.360239855E-02-3.942346434E-02
-3.518724763E-02-3.089601960E-02-2.655237704E-02-2.215944377E-02-1.772109657E-02
-1.324211441E-02-8.728044349E-03-4.186408719E-03 3.717754727E-04 4.943167334E-03
 9.531428051E-03 1.413631975E-02 1.875641923E-02 2.339066857E-02 2.803846640E-02
 3.269733656E-02 1.510609873E-02 1.320720169E-02 1.130952120E-02 9.413292586E-03
 7.518534436E-03 5.625288663E-03 3.733655764E-03 1.844222724E-03-4.446881896E-05
-1.944204818E-03-3.865242012E-03-5.806120627E-03-7.765142688E-03-9.743072538E-03
-1.174180162E-02-1.376344079E-02-1.580981943E-02-1.788241578E-02-1.998252715E-02
-2.211136358E-02-2.427003974E-02-2.645955667E-02-2.868079184E-02-3.093449002E-02
-3.322124357E-02-3.554146766E-02-3.789537492E-02-4.028295455E-02-4.270394757E-02
-4.515782019E-02-4.764374167E-02-5.016056310E-02-5.270680676E-02-5.528064495E-02
-5.787983580E-02-6.050168735E-02-6.314308274E-02-6.580049329E-02-6.846997043E-02
-7.114717958E-02-7.382741767E-02-7.650559229E-02-7.917630787E-02-8.183392203E-02
-8.447258439E-02-8.708632044E-02-8.966905652E-02-9.221476320E-02-9.471742560E-02
-9.717109965E-02-9.957004339E-02-1.019086672E-01-1.041816341E-01-1.063838154E-01
-1.085103464E-01-1.105566182E-01-1.125182784E-01-1.143912307E-01-1.161716125E-01
-1.178557983E-01-1.194403835E-01-1.209221745E-01-1.222981733E-01-1.235655728E-01
-1.247217475E-01-1.257642448E-01-1.266907855E-01-1.274992589E-01-1.281877227E-01
-1.287544024E-01-1.291976904E-01-1.295161479E-01-1.297085040E-01-1.297736546E-01
-1.297106610E-01-1.295187468E-01-1.291972925E-01-1.287458307E-01-1.281640375E-01
-1.274517284E-01-1.266088476E-01-1.256354669E-01-1.245317639E-01-1.232980407E-01
-1.219347103E-01-1.204422939E-01-1.188214341E-01-1.170728950E-01-1.151975890E-01
-1.131965770E-01-1.110711228E-01-1.088226648E-01-1.064529056E-01-1.039638348E-01
-1.013575979E-01-9.863662535E-02-9.580383457E-02-9.286238091E-02-8.981558232E-02
-8.666707975E-02-8.342076817E-02-8.008064379E-02-7.665078627E-02-7.313524598E-02
-6.953793536E-02-6.586259110E-02-6.211271166E-02-5.829148832E-02-5.440178059E-02
-5.044616866E-02-4.642699937E-02-4.234642018E-02-3.820643380E-02-3.400906503E-02
-2.975657331E-02-2.545164451E-02-2.109757134E-02-1.669843834E-02-1.225918991E-02
-7.785501956E-03-3.285593935E-03 1.229732136E-03 5.761269237E-03 1.031216636E-02
 1.488160622E-02 1.946808836E-02 2.407046296E-02 2.868806709E-02 3.331812637E-02
 1.561526421E-02 1.372292417E-02 1.183196105E-02 9.942647288E-03 8.055011663E-03
 6.169117187E-03 4.285039661E-03 2.403153399E-03 5.232415309E-04-1.362234875E-03
-3.267556866E-03-5.193109867E-03-7.136533585E-03-9.097954595E-03-1.107896310E-02
-1.308160063E-02-1.510774535E-02-1.715890801E-02-1.923636014E-02-2.134127759E-02
-2.347475584E-02-2.563778316E-02-2.783122230E-02-3.005579680E-02-3.231207611E-02
-3.460045588E-02-3.692113987E-02-3.927412290E-02-4.165917259E-02-4.407581483E-02
-4.652331563E-02-4.900063063E-02-5.150635064E-02-5.403869562E-02-5.659551885E-02
-5.917428765E-02-6.177207289E-02-6.438555965E-02-6.701102438E-02-6.964430937E-02
-7.228089254E-02-7.491590593E-02-7.754416371E-02-8.016022614E-02-8.275841558E-02
-8.533293949E-02-8.787790665E-02-9.038733086E-02-9.285530337E-02-9.527596886E-02
-9.764361072E-02-9.995267691E-02-1.021978010E-01-1.043738446E-01-1.064759095E-01
-1.084993443E-01-1.104397537E-01-1.122929860E-01-1.140551326E-01-1.157225231E-01
-1.172917172E-01-1.187594827E-01-1.201227947E-01-1.213788222E-01-1.225249255E-01
-1.235586459E-01-1.244776962E-01-1.252799646E-01-1.259635085E-01-1.265265522E-01
-1.269674876E-01-1.272848719E-01-1.274774273E-01-1.275440385E-01-1.274837511E-01
-1.272957680E-01-1.269794446E-01-1.265342835E-01-1.259599315E-01-1.252561677E-01
-1.244229074E-01-1.234601885E-01-1.223681653E-01-1.211471180E-01-1.197974348E-01
-1.183196435E-01-1.167143916E-01-1.149824685E-01-1.131248065E-01-1.111425220E-01
-1.090369114E-01-1.068095084E-01-1.044620451E-01-1.019965497E-01-9.941537157E-02
-9.672104616E-02-9.391633231E-02-9.100442501E-02-8.798882395E-02-8.487313917E-02
-8.166108485E-02-7.835660325E-02-7.496366043E-02-7.148614952E-02-6.792785036E-02
-6.429233171E-02-6.058287837E-02-5.680249096E-02-5.295387995E-02-4.903946712E-02
-4.506142860E-02-4.102180958E-02-3.692265202E-02-3.276610260E-02-2.855452689E-02
-2.429066486E-02-1.997787416E-02-1.562036620E-02-1.122322207E-02-6.792354379E-03
-2.336744329E-03 2.133934250E-03 6.624236081E-03 1.113642175E-02 1.566905480E-02
 2.022056641E-02 2.478971826E-02 2.937579615E-02 3.397573304E-02 1.615452988E-02
 1.426915431E-02 1.238534782E-02 1.050341449E-02 8.623375367E-03 6.745294457E-03
 4.869221753E-03 2.995348546E-03 1.124162878E-03-7.483445546E-04-2.637253548E-03
-4.546519512E-03-6.473694561E-03-8.418055636E-03-1.038076885E-02-1.236374446E-02
-1.436890604E-02-1.639783907E-02-1.845182645E-02-2.053201189E-02-2.263945293E-02
-2.477510089E-02-2.693978218E-02-2.913418791E-02-3.135886524E-02-3.361420343E-02
-3.590042350E-02-3.821756566E-02-4.056545494E-02-4.294364942E-02-4.535141879E-02
-4.778774156E-02-5.025129108E-02-5.274040960E-02-5.525309783E-02-5.778700253E-02
-6.033937023E-02-6.290702863E-02-6.548643004E-02-6.807364077E-02-7.066435260E-02
-7.325392074E-02-7.583736642E-02-7.840946647E-02-8.096479128E-02-8.349767346E-02
-8.600235659E-02-8.847303844E-02-9.090389562E-02-9.328918253E-02-9.562322217E-02
-9.790049031E-02-1.001156372E-01-1.022635167E-01-1.043392059E-01-1.063380212E-01
-1.082555231E-01-1.100875102E-01-1.118300282E-01-1.134793659E-01-1.150320310E-01
-1.164847543E-01-1.178344771E-01-1.190783440E-01-1.202136887E-01-1.212380350E-01
-1.221490853E-01-1.229447175E-01-1.236229801E-01-1.241820925E-01-1.246204392E-01
-1.249365689E-01-1.251291932E-01-1.251971833E-01-1.251395677E-01-1.249555278E-01
-1.246443952E-01-1.242056468E-01-1.236389012E-01-1.229439132E-01-1.221205655E-01
-1.211688673E-01-1.200889634E-01-1.188811092E-01-1.175457014E-01-1.160832589E-01
-1.144944464E-01-1.127800774E-01-1.109411359E-01-1.089787701E-01-1.068943477E-01
-1.046894443E-01-1.023659013E-01-9.992577774E-02-9.737143696E-02-9.470556472E-02
-9.193107256E-02-8.905102126E-02-8.606876585E-02-8.298801862E-02-7.981254823E-02
-7.654607433E-02-7.319235176E-02-6.975515962E-02-6.623808841E-02-6.264450934E-02
-5.897755063E-02-5.524004464E-02-5.143451927E-02-4.756325880E-02-4.362836485E-02
-3.963182695E-02-3.557562540E-02-3.146189170E-02-2.729309282E-02-2.307218235E-02
-1.880275908E-02-1.448920813E-02-1.013665320E-02-5.751315114E-03-1.342812179E-03
 3.081830837E-03 7.529727937E-03 1.200199189E-02 1.649664744E-02 2.101204811E-02
 2.554685262E-02 3.010028618E-02 3.466898384E-02 1.672390978E-02 1.484595942E-02
 1.296974716E-02 1.109559242E-02 9.223495926E-03 7.353515905E-03 5.485706512E-03
 3.620182020E-03 1.757560383E-03-1.037097343E-04-1.975570313E-03-3.867407317E-03
-5.777545390E-03-7.704263601E-03-9.648183130E-03-1.161099668E-02-1.359462064E-02
-1.560070999E-02-1.763056740E-02-1.968529607E-02-2.176590551E-02-2.387331033E-02
-2.600831248E-02-2.817159516E-02-3.036371699E-02-3.258509065E-02-3.483594292E-02
-3.711628993E-02-3.942592971E-02-4.176443465E-02-4.413113125E-02-4.652508011E-02
-4.894506169E-02-5.138955051E-02-5.385666170E-02-5.634414253E-02-5.884939094E-02
-6.136942897E-02-6.390089974E-02-6.644008162E-02-6.898287493E-02-7.152485627E-02
-7.406132300E-02-7.658723949E-02-7.909733114E-02-8.158617519E-02-8.404818505E-02
-8.647771115E-02-8.886907471E-02-9.121660423E-02-9.351470964E-02-9.575791725E-02
-9.794090454E-02-1.000585318E-01-1.021058623E-01-1.040781933E-01-1.059710411E-01
-1.077801658E-01-1.095015745E-01-1.111314983E-01-1.126664018E-01-1.141029759E-01
-1.154381228E-01-1.166689496E-01-1.177927648E-01-1.188070643E-01-1.197095318E-01
-1.204980282E-01-1.211705887E-01-1.217254187E-01-1.221608900E-01-1.224755388E-01
-1.226680621E-01-1.227373151E-01-1.226823079E-01-1.225022009E-01-1.221963037E-01
-1.217640709E-01-1.212050946E-01-1.205191050E-01-1.197059622E-01-1.187656631E-01
-1.176983409E-01-1.165042410E-01-1.151837606E-01-1.137374298E-01-1.121659414E-01
-1.104701348E-01-1.086510319E-01-1.067098527E-01-1.046480046E-01-1.024671444E-01
-1.001691539E-01-9.775619780E-02-9.523066583E-02-9.259523276E-02-8.985286865E-02
-8.700678937E-02-8.406027702E-02-8.101675422E-02-7.787994605E-02-7.465361897E-02
-7.134139547E-02-6.794672501E-02-6.447299726E-02-6.092343242E-02-5.730095089E-02
-5.360820682E-02-4.984761101E-02-4.602133991E-02-4.213139501E-02-3.817972425E-02
-3.416833884E-02-3.009943500E-02-2.597553498E-02-2.179967117E-02-1.757560832E-02
-1.330796726E-02-9.002053374E-03-4.664810972E-03-3.062596153E-04 4.071418001E-03
 8.475807300E-03 1.290689274E-02 1.736241630E-02 2.184062910E-02 2.634006215E-02
 3.085986670E-02 3.539636491E-02 1.732345930E-02 1.545320862E-02 1.358481469E-02
 1.171861903E-02 9.854633801E-03 7.992942188E-03 6.133637861E-03 4.276824147E-03
 2.422900731E-03 5.718128919E-04-1.283420278E-03-3.156862694E-03-5.049098585E-03
-6.957659888E-03-8.882413434E-03-1.082468694E-02-1.278630329E-02-1.476897233E-02
-1.677404875E-02-1.880262462E-02-2.085568229E-02-2.293412718E-02-2.503876432E-02
-2.717026875E-02-2.932916139E-02-3.151580262E-02-3.373038746E-02-3.597293669E-02
-3.824327793E-02-4.054103258E-02-4.286559799E-02-4.521611565E-02-4.759142355E-02
-4.999005627E-02-5.241024536E-02-5.484988736E-02-5.730653200E-02-5.977737836E-02
-6.225925170E-02-6.474862743E-02-6.724167276E-02-6.973418255E-02-7.222161310E-02
-7.469918268E-02-7.716185855E-02-7.960440345E-02-8.202144761E-02-8.440749523E-02
-8.675700390E-02-8.906443115E-02-9.132428348E-02-9.353115614E-02-9.567977129E-02
-9.776500376E-02-9.978193629E-02-1.017258372E-01-1.035922015E-01-1.053767620E-01
-1.070754726E-01-1.086845233E-01-1.102003366E-01-1.116195517E-01-1.129390308E-01
-1.141558441E-01-1.152672637E-01-1.162707569E-01-1.171639777E-01-1.179447639E-01
-1.186111300E-01-1.191612623E-01-1.195935147E-01-1.199064060E-01-1.200986154E-01
-1.201689795E-01-1.201164891E-01-1.199402840E-01-1.196396535E-01-1.192140302E-01
-1.186629873E-01-1.179862332E-01-1.171836165E-01-1.162551252E-01-1.152008709E-01
-1.140211193E-01-1.127162660E-01-1.112868720E-01-1.097336357E-01-1.080574558E-01
-1.062593936E-01-1.043407166E-01-1.023029100E-01-1.001476713E-01-9.787696239E-02
-9.549297434E-02-9.299818048E-02-9.039526775E-02-8.768716303E-02-8.487703908E-02
-8.196828903E-02-7.896430533E-02-7.586848441E-02-7.268436167E-02-6.941554026E-02
-6.606541455E-02-6.263708980E-02-5.913346556E-02-5.555731155E-02-5.191114465E-02
-4.819721521E-02-4.441759761E-02-4.057426560E-02-3.666915853E-02-3.270429606E-02
-2.868194251E-02-2.460475834E-02-2.047595124E-02-1.629945042E-02-1.207997066E-02
-7.822893052E-03-3.536122928E-03 7.705040164E-04 5.100912564E-03 9.461005676E-03
 1.384975010E-02 1.826494219E-02 2.270480691E-02 2.716778639E-02 3.165296373E-02
 3.615632697E-02 1.795246802E-02 1.609002613E-02 1.422958399E-02 1.237152603E-02
 1.051588271E-02 8.662761260E-03 6.812288620E-03 4.964572537E-03 3.119830491E-03
 1.278680852E-03-5.619736269E-04-2.416306894E-03-4.289577576E-03-6.179385005E-03
-8.084570542E-03-1.000593912E-02-1.194512726E-02-1.390387877E-02-1.588364830E-02
-1.788557282E-02-1.991061861E-02-2.195964618E-02-2.403340059E-02-2.613250151E-02
-2.825744016E-02-3.040857074E-02-3.258609842E-02-3.479006782E-02-3.702034546E-02
-3.927658685E-02-4.155820272E-02-4.386436178E-02-4.619398135E-02-4.854569743E-02
-5.091784921E-02-5.330846474E-02-5.571523333E-02-5.813550887E-02-6.056634544E-02
-6.300443363E-02-6.544608717E-02-6.788732258E-02-7.032386911E-02-7.275115486E-02
-7.516437927E-02-7.755853527E-02-7.992842873E-02-8.226875645E-02-8.457414208E-02
-8.683918234E-02-8.905849913E-02-9.122677608E-02-9.333878623E-02-9.538946989E-02
-9.737390781E-02-9.928737471E-02-1.011253587E-01-1.028835562E-01-1.045578898E-01
-1.061445109E-01-1.076397922E-01-1.090403369E-01-1.103429577E-01-1.115446829E-01
-1.126427436E-01-1.136345729E-01-1.145177926E-01-1.152902093E-01-1.159498114E-01
-1.164947605E-01-1.169233887E-01-1.172341920E-01-1.174258289E-01-1.174971154E-01
-1.174470218E-01-1.172746680E-01-1.169793245E-01-1.165604038E-01-1.160174617E-01
-1.153501964E-01-1.145584482E-01-1.136421905E-01-1.126015406E-01-1.114367838E-01
-1.101483199E-01-1.087367300E-01-1.072027607E-01-1.055473336E-01-1.037715693E-01
-1.018767877E-01-9.986453026E-02-9.773656134E-02-9.549487559E-02-9.314172956E-02
-9.067959339E-02-8.811119985E-02-8.543946284E-02-8.266746937E-02-7.979848280E-02
-7.683592391E-02-7.378316922E-02-7.064347291E-02-6.742005131E-02-6.411618066E-02
-6.073493217E-02-5.727905222E-02-5.375098486E-02-5.015302826E-02-4.648736698E-02
-4.275600243E-02-3.896084168E-02-3.510383192E-02-3.118707607E-02-2.721293883E-02
-2.318419586E-02-1.910422452E-02-1.497717768E-02-1.080792500E-02-6.602076194E-03
-2.368369836E-03 1.885230131E-03 6.167879766E-03 1.048314412E-02 1.482892632E-02
 1.920301674E-02 2.360359189E-02 2.802905936E-02 3.247852775E-02 3.694771452E-02
 1.860987369E-02 1.675541948E-02 1.490315417E-02 1.305351603E-02 1.120655218E-02
 9.362380243E-03 7.521130232E-03 5.682911826E-03 3.847856745E-03 2.016489323E-03
 1.880349630E-04-1.646970196E-03-3.500120904E-03-5.370410457E-03-7.255588483E-03
-9.155774182E-03-1.107230746E-02-1.300689817E-02-1.496108046E-02-1.693602448E-02
-1.893264880E-02-2.095175869E-02-2.299407029E-02-2.506018991E-02-2.715060591E-02
-2.926567869E-02-3.140562575E-02-3.357048978E-02-3.576012000E-02-3.797417560E-02
-4.021211310E-02-4.247316100E-02-4.475630329E-02-4.706026189E-02-4.938346920E-02
-5.172405964E-02-5.407989938E-02-5.644853097E-02-5.882713020E-02-6.121255370E-02
-6.360136995E-02-6.598981583E-02-6.837383267E-02-7.074910403E-02-7.311104611E-02
-7.545485928E-02-7.777557371E-02-8.006808490E-02-8.232719139E-02-8.454765193E-02
-8.672421899E-02-8.885166650E-02-9.092488456E-02-9.293884712E-02-9.488867612E-02
-9.676966987E-02-9.857730953E-02-1.003072782E-01-1.019554748E-01-1.035180170E-01
-1.049912401E-01-1.063716965E-01-1.076561609E-01-1.088416165E-01-1.099252548E-01
-1.109044652E-01-1.117768339E-01-1.125401349E-01-1.131923230E-01-1.137315303E-01
-1.141560624E-01-1.144643904E-01-1.146551486E-01-1.147271307E-01-1.146792859E-01
-1.145107148E-01-1.142206697E-01-1.138085475E-01-1.132738890E-01-1.126163870E-01
-1.118358737E-01-1.109323235E-01-1.099058730E-01-1.087567934E-01-1.074855274E-01
-1.060926768E-01-1.045790339E-01-1.029455508E-01-1.011934073E-01-9.932396572E-02
-9.733881702E-02-9.523978563E-02-9.302890690E-02-9.070844926E-02-8.828092096E-02
-8.574900916E-02-8.311562299E-02-8.038380248E-02-7.755668034E-02-7.463748354E-02
-7.162951134E-02-6.853599456E-02-6.535994208E-02-6.210419469E-02-5.877158165E-02
-5.536480976E-02-5.188628149E-02-4.833809678E-02-4.472218857E-02-4.104048960E-02
-3.729494492E-02-3.348752199E-02-2.962036796E-02-2.569597034E-02-2.171729285E-02
-1.768791463E-02-1.361216678E-02-9.495008026E-03-5.342638283E-03-1.164458704E-03
 3.036018252E-03 7.270395325E-03 1.154003511E-02 1.584219356E-02 2.017464790E-02
 2.453542289E-02 2.892277695E-02 3.333577989E-02 3.776989714E-02 1.929486614E-02
 1.744873641E-02 1.560503309E-02 1.376423280E-02 1.192637193E-02 1.009156059E-02
 8.259917749E-03 6.431545843E-03 4.606535428E-03 2.785160955E-03 9.678525628E-04
-8.497916706E-04-2.682021906E-03-4.531832685E-03-6.396613518E-03-8.275502935E-03
-1.016933445E-02-1.207962578E-02-1.400793412E-02-1.595551230E-02-1.792330334E-02
-1.991209159E-02-2.192257711E-02-2.395536063E-02-2.601092301E-02-2.808959820E-02
-3.019156756E-02-3.231686270E-02-3.446535245E-02-3.663672326E-02-3.883046462E-02
-4.104585188E-02-4.328192116E-02-4.553745535E-02-4.781100980E-02-5.010087009E-02
-5.240499480E-02-5.472103190E-02-5.704635838E-02-5.937804232E-02-6.171283043E-02
-6.404718478E-02-6.637728386E-02-6.869901569E-02-7.100802972E-02-7.329975981E-02
-7.556945677E-02-7.781221804E-02-8.002304119E-02-8.219685433E-02-8.432853947E-02
-8.641303679E-02-8.844530901E-02-9.042041256E-02-9.233353106E-02-9.417999398E-02
-9.595529740E-02-9.765512632E-02-9.927536773E-02-1.008121059E-01-1.022616483E-01
-1.036205122E-01-1.048854288E-01-1.060533375E-01-1.071213884E-01-1.080869297E-01
-1.089475067E-01-1.097008555E-01-1.103448963E-01-1.108777290E-01-1.112976271E-01
-1.116030348E-01-1.117925602E-01-1.118649732E-01-1.118192016E-01-1.116543268E-01
-1.113695839E-01-1.109643573E-01-1.104381798E-01-1.097907370E-01-1.090218581E-01
-1.081315272E-01-1.071198858E-01-1.059872212E-01-1.047340255E-01-1.033609128E-01
-1.018687050E-01-1.002584193E-01-9.853124781E-02-9.668863122E-02-9.473218924E-02
-9.266377244E-02-9.048546714E-02-8.819954389E-02-8.580849171E-02-8.331499628E-02
-8.072187124E-02-7.803209675E-02-7.524872031E-02-7.237479598E-02-6.941339284E-02
-6.636756863E-02-6.324029502E-02-6.003427105E-02-5.675195626E-02-5.339571431E-02
-4.996788148E-02-4.647058664E-02-4.290572924E-02-3.927507525E-02-3.558046356E-02
-3.182394811E-02-2.800781400E-02-2.413466502E-02-2.020761276E-02-1.623046405E-02
-1.220775491E-02-8.144536965E-03-4.048034861E-03 7.237991414E-05 4.220725576E-03
 8.406880903E-03 1.263028610E-02 1.688810560E-02 2.117816853E-02 2.549845605E-02
 2.984714404E-02 3.422321242E-02 3.862178470E-02 2.000728855E-02 1.816993439E-02
 1.633523557E-02 1.450369094E-02 1.267530378E-02 1.085015925E-02 9.028365120E-03
 7.210036325E-03 5.395283215E-03 3.584271770E-03 1.777626674E-03-2.585141320E-05
-1.836900528E-03-3.665168252E-03-5.509028071E-03-7.366394603E-03-9.237398438E-03
-1.112325159E-02-1.302548160E-02-1.494544667E-02-1.688416887E-02-1.884243460E-02
-2.082091364E-02-2.282016441E-02-2.484062338E-02-2.688260520E-02-2.894629234E-02
-3.103172077E-02-3.313876777E-02-3.526713674E-02-3.741633692E-02-3.958566728E-02
-4.177423908E-02-4.398094813E-02-4.620441477E-02-4.844297654E-02-5.069472525E-02
-5.295749150E-02-5.522879863E-02-5.750588245E-02-5.978570495E-02-6.206492794E-02
-6.433992870E-02-6.660683150E-02-6.886151850E-02-7.109965149E-02-7.331669943E-02
-7.550798335E-02-7.766869833E-02-7.979393542E-02-8.187878642E-02-8.391830297E-02
-8.590757164E-02-8.784175072E-02-8.971610071E-02-9.152599991E-02-9.326697854E-02
-9.493473863E-02-9.652515649E-02-9.803431985E-02-9.945850309E-02-1.007941948E-01
-1.020380893E-01-1.031870901E-01-1.042383026E-01-1.051890356E-01-1.060367926E-01
-1.067792707E-01-1.074143539E-01-1.079401062E-01-1.083547684E-01-1.086567547E-01
-1.088446461E-01-1.089171878E-01-1.088732859E-01-1.087120036E-01-1.084325598E-01
-1.080343281E-01-1.075168369E-01-1.068797655E-01-1.061229459E-01-1.052463768E-01
-1.042502081E-01-1.031347644E-01-1.019005362E-01-1.005481863E-01-9.907856891E-02
-9.749274443E-02-9.579194978E-02-9.397764199E-02-9.205149335E-02-9.001537282E-02
-8.787136057E-02-8.562175185E-02-8.326898816E-02-8.081569974E-02-7.826465397E-02
-7.561868289E-02-7.288072124E-02-7.005370611E-02-6.714050304E-02-6.414392806E-02
-6.106671743E-02-5.791151072E-02-5.468068751E-02-5.137636376E-02-4.800051330E-02
-4.455514844E-02-4.104224314E-02-3.746366042E-02-3.382123093E-02-3.011693302E-02
-2.635311169E-02-2.253258380E-02-1.865868249E-02-1.473540932E-02-1.076740687E-02
-6.759965993E-03-2.721481006E-03 1.340445786E-03 5.437349607E-03 9.575303963E-03
 1.375220812E-02 1.796535152E-02 2.221253021E-02 2.649167612E-02 3.080095861E-02
 3.513938785E-02 3.950181385E-02 2.074736633E-02 1.891916308E-02 1.709376793E-02
 1.527168619E-02 1.345291437E-02 1.163754941E-02 9.825715159E-03 8.017545522E-03
 6.213188731E-03 4.412800619E-03 2.616760652E-03 8.254300750E-04-9.662354020E-04
-2.772006732E-03-4.593978682E-03-6.429427882E-03-8.277499129E-03-1.013892590E-02
-1.201508629E-02-1.390739996E-02-1.581698573E-02-1.774463825E-02-1.969097790E-02
-2.165653413E-02-2.364173330E-02-2.564688017E-02-2.767214917E-02-2.971757278E-02
-3.178302517E-02-3.386820624E-02-3.597266203E-02-3.809577031E-02-4.023668544E-02
-4.239431556E-02-4.456734937E-02-4.675426318E-02-4.895327004E-02-5.116230975E-02
-5.337906814E-02-5.560096373E-02-5.782511983E-02-6.004839281E-02-6.226738024E-02
-6.447842769E-02-6.667763854E-02-6.886090012E-02-7.102391594E-02-7.316221761E-02
-7.527118902E-02-7.734616296E-02-7.938237470E-02-8.137503796E-02-8.331938061E-02
-8.521068408E-02-8.704429184E-02-8.881565580E-02-9.052035828E-02-9.215413196E-02
-9.371287653E-02-9.519266700E-02-9.658977499E-02-9.790066833E-02-9.912201061E-02
-1.002506731E-01-1.012837246E-01-1.022184352E-01-1.030522705E-01-1.037828877E-01
-1.044081321E-01-1.049260328E-01-1.053347978E-01-1.056328097E-01-1.058186217E-01
-1.058909541E-01-1.058486916E-01-1.056908799E-01-1.054167240E-01-1.050255870E-01
-1.045169933E-01-1.038906209E-01-1.031463119E-01-1.022840738E-01-1.013040714E-01
-1.002066524E-01-9.899231373E-02-9.766179096E-02-9.621594635E-02-9.465586003E-02
-9.298282561E-02-9.119830305E-02-8.930399913E-02-8.730178513E-02-8.519373639E-02
-8.298210747E-02-8.066932576E-02-7.825791981E-02-7.575056378E-02-7.314999925E-02
-7.045896737E-02-6.768025178E-02-6.481658309E-02-6.187055798E-02-5.884468233E-02
-5.574134391E-02-5.256283733E-02-4.931125987E-02-4.598846689E-02-4.259618451E-02
-3.913622093E-02-3.561053156E-02-3.202112993E-02-2.837014336E-02-2.465995280E-02
-2.089341737E-02-1.707408105E-02-1.320621398E-02-9.294546389E-03-5.344975022E-03
-1.366610466E-03 2.638092750E-03 6.684105848E-03 1.077376697E-02 1.490399841E-02
 1.907225410E-02 2.327630197E-02 2.751398973E-02 3.178341948E-02 3.608360978E-02
 4.040918823E-02 2.151494510E-02 1.969597781E-02 1.787993415E-02 1.606734800E-02
 1.425822778E-02 1.245269672E-02 1.065091721E-02 8.853063172E-03 7.059318744E-03
 5.269853883E-03 3.484880169E-03 1.705049374E-03-7.092110831E-05-1.853854757E-03
-3.652710726E-03-5.465716089E-03-7.290779205E-03-9.127922468E-03-1.097819023E-02
-1.284293510E-02-1.472335862E-02-1.662033623E-02-1.853449455E-02-2.046633557E-02
-2.241626548E-02-2.438457397E-02-2.637141805E-02-2.837680859E-02-3.040062847E-02
-3.244262934E-02-3.450238490E-02-3.657925968E-02-3.867242412E-02-4.078087582E-02
-4.290340337E-02-4.503855012E-02-4.718462903E-02-4.933972465E-02-5.150165890E-02
-5.366798683E-02-5.583601316E-02-5.800278862E-02-6.016511283E-02-6.231953614E-02
-6.446238378E-02-6.658977469E-02-6.869762371E-02-7.078166822E-02-7.283755068E-02
-7.486076912E-02-7.684675120E-02-7.879088437E-02-8.068856158E-02-8.253518115E-02
-8.432620018E-02-8.605716328E-02-8.772372550E-02-8.932165909E-02-9.084690150E-02
-9.229554591E-02-9.366386527E-02-9.494831603E-02-9.614554878E-02-9.725240655E-02
-9.826592913E-02-9.918335189E-02-1.000021061E-01-1.007198128E-01-1.013342804E-01
-1.018435047E-01-1.022456602E-01-1.025390989E-01-1.027223464E-01-1.027940985E-01
-1.027532192E-01-1.025987375E-01-1.023298460E-01-1.019458988E-01-1.014464165E-01
-1.008310788E-01-1.000997386E-01-9.925240884E-02-9.828927021E-02-9.721068804E-02
-9.601720193E-02-9.470955106E-02-9.328862843E-02-9.175554165E-02-9.011160388E-02
-8.835830393E-02-8.649731173E-02-8.453052851E-02-8.245998384E-02-8.028788816E-02
-7.801659663E-02-7.564857771E-02-7.318635114E-02-7.063253421E-02-6.798974312E-02
-6.526053707E-02-6.244746844E-02-5.955299852E-02-5.657941872E-02-5.352891750E-02
-5.040356134E-02-4.720534658E-02-4.393616714E-02-4.059774492E-02-3.719173651E-02
-3.371992567E-02-3.018440341E-02-2.658753387E-02-2.293195729E-02-1.922071254E-02
-1.545744193E-02-1.164647810E-02-7.792662365E-03-3.903199553E-03 1.307593453E-05
 3.963016261E-03 7.958987374E-03 1.200041749E-02 1.608401203E-02 2.020729157E-02
 2.436800973E-02 2.856399268E-02 3.279330477E-02 3.705494475E-02 4.134328108E-02
 2.230906566E-02 2.049930384E-02 1.869259744E-02 1.688953949E-02 1.509018340E-02
 1.329469330E-02 1.150325576E-02 9.716052582E-03 7.933261020E-03 6.155037995E-03
 4.381523658E-03 2.613079899E-03 8.501061631E-04-9.121418681E-04-2.686927249E-03
-4.476628340E-03-6.278494335E-03-8.091463501E-03-9.916037936E-03-1.175338279E-02
-1.360474793E-02-1.547112191E-02-1.735317948E-02-1.925140260E-02-2.116616437E-02
-2.309772242E-02-2.504622410E-02-2.701171143E-02-2.899408533E-02-3.099307118E-02
-3.300822244E-02-3.503894687E-02-3.708449261E-02-3.914390129E-02-4.121600731E-02
-4.329944960E-02-4.539265359E-02-4.749379761E-02-4.960082566E-02-5.171145020E-02
-5.382314198E-02-5.593312806E-02-5.803839197E-02-6.013569281E-02-6.222157351E-02
-6.429235328E-02-6.634415883E-02-6.837298986E-02-7.037466586E-02-7.234489575E-02
-7.427930242E-02-7.617347123E-02-7.802294099E-02-7.982326058E-02-8.157001931E-02
-8.325887000E-02-8.488553888E-02-8.644588808E-02-8.793588852E-02-8.935167124E-02
-9.068952835E-02-9.194591887E-02-9.311748945E-02-9.420106849E-02-9.519367589E-02
-9.609251944E-02-9.689500089E-02-9.759871063E-02-9.820142521E-02-9.870110826E-02
-9.909590296E-02-9.938413286E-02-9.956429738E-02-9.963506912E-02-9.959529213E-02
-9.944397961E-02-9.918031251E-02-9.880363822E-02-9.831347336E-02-9.770949961E-02
-9.699157551E-02-9.615971917E-02-9.521413565E-02-9.415520316E-02-9.298348779E-02
-9.169970696E-02-9.030483071E-02-8.879995305E-02-8.718637451E-02-8.546560903E-02
-8.363930933E-02-8.170932789E-02-7.967767683E-02-7.754648693E-02-7.531801947E-02
-7.299464298E-02-7.057877367E-02-6.807283271E-02-6.547929411E-02-6.280057085E-02
-6.003897773E-02-5.719679461E-02-5.427619607E-02-5.127917987E-02-4.820765925E-02
-4.506345628E-02-4.184836735E-02-3.856419741E-02-3.521269629E-02-3.179564318E-02
-2.831501432E-02-2.477321644E-02-2.117314786E-02-1.751817837E-02-1.381223660E-02
-1.005967279E-02-6.265515088E-03-2.438202346E-03 1.416279111E-03 5.313436700E-03
 9.259977506E-03 1.325333414E-02 1.729047306E-02 2.136890331E-02 2.548629848E-02
 2.964044723E-02 3.382941205E-02 3.805222887E-02 4.230304129E-02 2.312851737E-02
 2.132803174E-02 1.953083727E-02 1.773758819E-02 1.594834795E-02 1.416327877E-02
 1.238254710E-02 1.060629375E-02 8.834660806E-03 7.067803827E-03 5.305882738E-03
 3.549115649E-03 1.798153647E-03 5.213749553E-05-1.698548046E-03-3.463688140E-03
-5.241833512E-03-7.030613223E-03-8.829741673E-03-1.064000899E-02-1.246258637E-02
-1.429855632E-02-1.614868658E-02-1.801346167E-02-1.989322547E-02-2.178824729E-02
-2.369868810E-02-2.562456031E-02-2.756572271E-02-2.952190620E-02-3.149271800E-02
-3.347760117E-02-3.547581432E-02-3.748644533E-02-3.950841006E-02-4.154042006E-02
-4.358096880E-02-4.562834309E-02-4.768061607E-02-4.973563736E-02-5.179102609E-02
-5.384417063E-02-5.589224262E-02-5.793219856E-02-5.996076177E-02-6.197446079E-02
-6.396967570E-02-6.594258251E-02-6.788921941E-02-6.980550299E-02-7.168727394E-02
-7.353028423E-02-7.533025285E-02-7.708289049E-02-7.878392728E-02-8.042913021E-02
-8.201434427E-02-8.353549940E-02-8.498864313E-02-8.636995462E-02-8.767575676E-02
-8.890253462E-02-9.004693919E-02-9.110579731E-02-9.207611906E-02-9.295509819E-02
-9.374011224E-02-9.442872751E-02-9.501869497E-02-9.550794942E-02-9.589460802E-02
-9.617696873E-02-9.635350688E-02-9.642287371E-02-9.638389509E-02-9.623556921E-02
-9.597706589E-02-9.560772613E-02-9.512706262E-02-9.453475851E-02-9.383067285E-02
-9.301483458E-02-9.208746396E-02-9.104894216E-02-8.989984223E-02-8.864090497E-02
-8.727310123E-02-8.579751694E-02-8.421545674E-02-8.252840735E-02-8.073801105E-02
-7.884603987E-02-7.685446423E-02-7.476533205E-02-7.258080039E-02-7.030309627E-02
-6.793451677E-02-6.547734557E-02-6.293383385E-02-6.030624999E-02-5.759676030E-02
-5.480741348E-02-5.194021911E-02-4.899709407E-02-4.597980040E-02-4.289006164E-02
-3.972957281E-02-3.650006735E-02-3.320340673E-02-2.984154558E-02-2.641658289E-02
-2.293091206E-02-1.938745608E-02-1.578983810E-02-1.214227992E-02-8.449269429E-03
-4.716813175E-03-9.537124586E-04 2.841936193E-03 6.687681500E-03 1.058517379E-02
 1.453077636E-02 1.852168624E-02 2.255542948E-02 2.662963707E-02 3.074203228E-02
 3.489062241E-02 3.907445905E-02 4.328749907E-02 2.397263515E-02 2.218178381E-02
 2.039449731E-02 1.861145919E-02 1.683268537E-02 1.505828563E-02 1.328839193E-02
 1.152314265E-02 9.762697261E-03 8.007243222E-03 6.257000501E-03 4.512201941E-03
 2.773240519E-03 1.040717476E-03-6.889788817E-04-2.428682495E-03-4.182105448E-03
-5.946504238E-03-7.720410382E-03-9.504006256E-03-1.129820709E-02-1.310408991E-02
-1.492253373E-02-1.675412433E-02-1.859923153E-02-2.045808776E-02-2.233080024E-02
-2.421736039E-02-2.611765717E-02-2.803145292E-02-2.995835055E-02-3.189779935E-02
-3.384910494E-02-3.581141344E-02-3.778367843E-02-3.976466786E-02-4.175296673E-02
-4.374696278E-02-4.574484009E-02-4.774456932E-02-4.974390742E-02-5.174040718E-02
-5.373141314E-02-5.571403687E-02-5.768520220E-02-5.964167247E-02-6.157999432E-02
-6.349656035E-02-6.538761620E-02-6.724930349E-02-6.907764394E-02-7.086858769E-02
-7.261803587E-02-7.432186545E-02-7.597596092E-02-7.757621911E-02-7.911860889E-02
-8.059915827E-02-8.201399935E-02-8.335937765E-02-8.463166349E-02-8.582738036E-02
-8.694320201E-02-8.797596842E-02-8.892268973E-02-8.978055612E-02-9.054693441E-02
-9.121937366E-02-9.179560602E-02-9.227354473E-02-9.265128606E-02-9.292710589E-02
-9.309945904E-02-9.316697802E-02-9.312847246E-02-9.298292681E-02-9.272950023E-02
-9.236752654E-02-9.189651318E-02-9.131614362E-02-9.062627567E-02-8.982694831E-02
-8.891837843E-02-8.790094727E-02-8.677523506E-02-8.554200117E-02-8.420215338E-02
-8.275683270E-02-8.120729360E-02-7.955496519E-02-7.780146824E-02-7.594852136E-02
-7.399796780E-02-7.195180101E-02-6.981204098E-02-6.758079176E-02-6.526017654E-02
-6.285234870E-02-6.035940088E-02-5.778337325E-02-5.512630192E-02-5.239010224E-02
-4.957657753E-02-4.668751223E-02-4.372463623E-02-4.068957339E-02-3.758397725E-02
-3.440956130E-02-3.116815928E-02-2.786185518E-02-2.449298707E-02-2.106416642E-02
-1.757842808E-02-1.403943697E-02-1.045144877E-02-6.819204566E-03-3.150439606E-03
 5.475263489E-04 4.288431798E-03 8.084021687E-03 1.193273006E-02 1.583100973E-02
 1.977607222E-02 2.376537985E-02 2.779655112E-02 3.186730229E-02 3.597561118E-02
 4.012050925E-02 4.429573313E-02 2.484149382E-02 2.306066985E-02 2.128359720E-02
 1.951094178E-02 1.774268353E-02 1.597893360E-02 1.421984385E-02 1.246559067E-02
 1.071639685E-02 8.972516465E-03 7.234207054E-03 5.501697052E-03 3.775195323E-03
 2.055211998E-03 3.414596483E-04-1.373558526E-03-3.100966439E-03-4.840406308E-03
-6.589154910E-03-8.346458109E-03-1.011276340E-02-1.188902218E-02-1.367621294E-02
-1.547503827E-02-1.728588266E-02-1.910894042E-02-2.094431890E-02-2.279203646E-02
-2.465197879E-02-2.652388952E-02-2.840738580E-02-3.030195784E-02-3.220694036E-02
-3.412149716E-02-3.604463290E-02-3.797518758E-02-3.991182166E-02-4.185301059E-02
-4.379703507E-02-4.574198151E-02-4.768574677E-02-4.962602939E-02-5.156030286E-02
-5.348586618E-02-5.539985294E-02-5.729917650E-02-5.918058974E-02-6.104068378E-02
-6.287592628E-02-6.468264478E-02-6.645706317E-02-6.819532634E-02-6.989352099E-02
-7.154770345E-02-7.315389950E-02-7.470817902E-02-7.620662043E-02-7.764537558E-02
-7.902067374E-02-8.032883907E-02-8.156631503E-02-8.272967207E-02-8.381562259E-02
-8.482103476E-02-8.574293340E-02-8.657851528E-02-8.732514874E-02-8.798037548E-02
-8.854191785E-02-8.900767566E-02-8.937573005E-02-8.964434034E-02-8.981194511E-02
-8.987716135E-02-8.983878475E-02-8.969578737E-02-8.944731793E-02-8.909270228E-02
-8.863144092E-02-8.806321453E-02-8.738787732E-02-8.660546775E-02-8.571618837E-02
-8.472042912E-02-8.361875860E-02-8.241192138E-02-8.110080050E-02-7.968652590E-02
-7.817029175E-02-7.655349551E-02-7.483767513E-02-7.302448954E-02-7.111567482E-02
-6.911309698E-02-6.701868077E-02-6.483436578E-02-6.256213282E-02-6.020395086E-02
-5.776178488E-02-5.523751013E-02-5.263294889E-02-4.994991666E-02-4.719011309E-02
-4.435515543E-02-4.144668570E-02-3.846635171E-02-3.541576567E-02-3.229665440E-02
-2.911091269E-02-2.586065147E-02-2.254834967E-02-1.917690206E-02-1.574964112E-02
-1.227038891E-02-8.743242268E-03-5.173603664E-03-1.570289986E-03 2.065788849E-03
 5.754680290E-03 9.500931648E-03 1.330120256E-02 1.715246564E-02 2.105202840E-02
 2.499726288E-02 2.898568517E-02 3.301496885E-02 3.708309197E-02 4.118911781E-02
 4.532658638E-02 2.573508413E-02 2.396435732E-02 2.219747387E-02 2.043511947E-02
 1.867729391E-02 1.692415665E-02 1.517593939E-02 1.343289566E-02 1.169528122E-02
 9.963334240E-03 8.237262211E-03 6.517224203E-03 4.803346711E-03 3.095871149E-03
 1.395516672E-03-2.995584587E-04-2.000544018E-03-3.713813281E-03-5.437103249E-03
-7.168363130E-03-8.907337248E-03-1.065463490E-02-1.241114629E-02-1.417765010E-02
-1.595464572E-02-1.774239153E-02-1.954099175E-02-2.135043135E-02-2.317058422E-02
-2.500121578E-02-2.684196876E-02-2.869233653E-02-3.055166758E-02-3.241916966E-02
-3.429389977E-02-3.617475437E-02-3.806046060E-02-3.994956946E-02-4.184045783E-02
-4.373132852E-02-4.562019717E-02-4.750486668E-02-4.938298207E-02-5.125202380E-02
-5.310925568E-02-5.495178178E-02-5.677653769E-02-5.858032423E-02-6.035979282E-02
-6.211146670E-02-6.383176862E-02-6.551703713E-02-6.716354844E-02-6.876752170E-02
-7.032517037E-02-7.183269970E-02-7.328633921E-02-7.468236610E-02-7.601712022E-02
-7.728701918E-02-7.848859061E-02-7.961847042E-02-8.067342503E-02-8.165036313E-02
-8.254634266E-02-8.335857701E-02-8.408444652E-02-8.472149875E-02-8.526745585E-02
-8.572021225E-02-8.607784100E-02-8.633859148E-02-8.650089098E-02-8.656334467E-02
-8.652473692E-02-8.638402878E-02-8.614035833E-02-8.579304269E-02-8.534157417E-02
-8.478562563E-02-8.412504170E-02-8.335985007E-02-8.249024007E-02-8.151660047E-02
-8.043946706E-02-7.925955673E-02-7.797774699E-02-7.659506659E-02-7.511272438E-02
-7.353202529E-02-7.185440355E-02-7.008144914E-02-6.821480727E-02-6.625617522E-02
-6.420737234E-02-6.207019700E-02-5.984646475E-02-5.753798827E-02-5.514655793E-02
-5.267393680E-02-5.012179163E-02-4.749175526E-02-4.478546972E-02-4.200448949E-02
-3.915033782E-02-3.622462532E-02-3.322904654E-02-3.016534821E-02-2.703548773E-02
-2.384170880E-02-2.058657685E-02-1.727314633E-02-1.390505412E-02-1.048627998E-02
-7.021041613E-03-3.516304868E-03 2.020760976E-05 3.600160786E-03 7.239192080E-03
 1.093680965E-02 1.468934089E-02 1.849403176E-02 2.234832336E-02 2.624968751E-02
 3.019563829E-02 3.418374633E-02 3.821189886E-02 4.227916762E-02 4.637893262E-02
 2.665257837E-02 2.489181772E-02 2.313500829E-02 2.138291020E-02 1.963561380E-02
 1.789335823E-02 1.615640377E-02 1.442498523E-02 1.269930181E-02 1.097949294E-02
 9.265677294E-03 7.557999688E-03 5.856647692E-03 4.161859866E-03 2.474174666E-03
 7.941421771E-04-8.828209125E-04-2.568636551E-03-4.265601271E-03-5.970868187E-03
-7.683002543E-03-9.401991667E-03-1.112846790E-02-1.286324665E-02-1.460697748E-02
-1.636000060E-02-1.812241624E-02-1.989420176E-02-2.167524659E-02-2.346532231E-02
-2.526406304E-02-2.707097755E-02-2.888544856E-02-3.070671967E-02-3.253389001E-02
-3.436590477E-02-3.620155007E-02-3.803945565E-02-3.987809337E-02-4.171575956E-02
-4.355055250E-02-4.538043031E-02-4.720319088E-02-4.901642342E-02-5.081756349E-02
-5.260387843E-02-5.437249587E-02-5.612039256E-02-5.784440050E-02-5.954123876E-02
-6.120752163E-02-6.283977764E-02-6.443446458E-02-6.598797918E-02-6.749671159E-02
-6.895701969E-02-7.036528556E-02-7.171792072E-02-7.301138472E-02-7.424221009E-02
-7.540701339E-02-7.650251219E-02-7.752554230E-02-7.847306345E-02-7.934218019E-02
-8.013013936E-02-8.083434494E-02-8.145236115E-02-8.198191953E-02-8.242091907E-02
-8.276743224E-02-8.301970527E-02-8.317615970E-02-8.323539299E-02-8.319618100E-02
-8.305747528E-02-8.281840306E-02-8.247827161E-02-8.203656234E-02-8.149293521E-02
-8.084721928E-02-8.009942456E-02-7.924972808E-02-7.829849003E-02-7.724620823E-02
-7.609356872E-02-7.484141455E-02-7.349068794E-02-7.204256857E-02-7.049824913E-02
-6.885909855E-02-6.712657602E-02-6.530222869E-02-6.338763573E-02-6.138443091E-02
-5.929431390E-02-5.711893090E-02-5.485994796E-02-5.251899502E-02-5.009768901E-02
-4.759761021E-02-4.502025812E-02-4.236713692E-02-3.963979329E-02-3.683973453E-02
-3.396850534E-02-3.102781588E-02-2.801955157E-02-2.494574874E-02-2.180875483E-02
-1.861132831E-02-1.535668383E-02-1.204856277E-02-8.690967976E-03-5.288924456E-03
-1.850850606E-03 1.621619029E-03 5.149778337E-03 8.740337835E-03 1.239005492E-02
 1.609567945E-02 1.985452224E-02 2.366402504E-02 2.752174537E-02 3.142532323E-02
 3.537239528E-02 3.936080621E-02 4.338954678E-02 4.745177048E-02 2.759281661E-02
 2.584199923E-02 2.409540352E-02 2.235389162E-02 2.061757116E-02 1.888665761E-02
 1.716134667E-02 1.544175661E-02 1.372798013E-02 1.202012807E-02 1.031835564E-02
 8.622882237E-03 6.934014272E-03 5.252092941E-03 3.577473846E-03 1.910823121E-03
 2.517922902E-04-1.407274526E-03-3.076482181E-03-4.755224552E-03-6.440700325E-03
-8.131967027E-03-9.829207431E-03-1.153306554E-02-1.324422620E-02-1.496315672E-02
-1.669005389E-02-1.842491750E-02-2.016761543E-02-2.191790776E-02-2.367544617E-02
-2.543976467E-02-2.721026834E-02-2.898623154E-02-3.076678935E-02-3.255093206E-02
-3.433750924E-02-3.612522844E-02-3.791263181E-02-3.969807976E-02-4.147981023E-02
-4.325590690E-02-4.502425553E-02-4.678259765E-02-4.852851126E-02-5.025943424E-02
-5.197265828E-02-5.366532078E-02-5.533444099E-02-5.697692022E-02-5.858955623E-02
-6.016906636E-02-6.171207214E-02-6.321517631E-02-6.467491409E-02-6.608781890E-02
-6.745042570E-02-6.875928773E-02-7.001099176E-02-7.120219253E-02-7.232961044E-02
-7.339005598E-02-7.438044572E-02-7.529780677E-02-7.613929863E-02-7.690221625E-02
-7.758399897E-02-7.818223907E-02-7.869468720E-02-7.911925681E-02-7.945402839E-02
-7.969725163E-02-7.984734803E-02-7.990291163E-02-7.986271267E-02-7.972569478E-02
-7.949097446E-02-7.915784746E-02-7.872578049E-02-7.819441615E-02-7.756356390E-02
-7.683320943E-02-7.600350813E-02-7.507477193E-02-7.404747021E-02-7.292223646E-02
-7.169985000E-02-7.038120458E-02-6.896735378E-02-6.745946061E-02-6.585876735E-02
-6.416660012E-02-6.238440105E-02-6.051363328E-02-5.855576729E-02-5.651235009E-02
-5.438491800E-02-5.217496676E-02-4.988400816E-02-4.751350892E-02-4.506494407E-02
-4.253976095E-02-3.993936183E-02-3.726520868E-02-3.451885379E-02-3.170187515E-02
-2.881597040E-02-2.586309088E-02-2.284546169E-02-1.976556252E-02-1.662629821E-02
-1.343111645E-02-1.018375936E-02-6.888250728E-03-3.551387173E-03-1.808242601E-04
 3.234907498E-03 6.714041764E-03 1.025679049E-02 1.385936586E-02 1.751886471E-02
 2.123259065E-02 2.499797133E-02 2.881256270E-02 3.267404361E-02 3.658014941E-02
 4.052883379E-02 4.451914844E-02 4.854402244E-02 2.855514263E-02 2.681467223E-02
 2.507877707E-02 2.334834498E-02 2.162339707E-02 1.990401502E-02 1.819027554E-02
 1.648226100E-02 1.478009309E-02 1.308395650E-02 1.139413293E-02 9.710966676E-03
 8.034812790E-03 6.365996859E-03 4.704773900E-03 3.051446695E-03 1.406745116E-03
-2.309981204E-04-1.872065644E-03-3.522930815E-03-5.181515132E-03-6.845513151E-03
-8.514301487E-03-1.018811436E-02-1.186754007E-02-1.355315643E-02-1.524529496E-02
-1.694400552E-02-1.864915844E-02-2.036051976E-02-2.207775468E-02-2.380041289E-02
-2.552792183E-02-2.725958146E-02-2.899456142E-02-3.073190336E-02-3.247052006E-02
-3.420916898E-02-3.594644261E-02-3.768082621E-02-3.941065777E-02-4.113409016E-02
-4.284914297E-02-4.455367940E-02-4.624542531E-02-4.792196920E-02-4.958074123E-02
-5.121905235E-02-5.283409022E-02-5.442292900E-02-5.598255099E-02-5.750983077E-02
-5.900159219E-02-6.045459318E-02-6.186554757E-02-6.323115180E-02-6.454809479E-02
-6.581307524E-02-6.702282373E-02-6.817411492E-02-6.926378422E-02-7.028874609E-02
-7.124600624E-02-7.213267530E-02-7.294597605E-02-7.368326214E-02-7.434201974E-02
-7.491988049E-02-7.541462470E-02-7.582418877E-02-7.614666943E-02-7.638032666E-02
-7.652358748E-02-7.657504684E-02-7.653347220E-02-7.639780077E-02-7.616713862E-02
-7.584076822E-02-7.541813840E-02-7.489887069E-02-7.428275069E-02-7.356973316E-02
-7.275993780E-02-7.185362255E-02-7.085122636E-02-6.975330772E-02-6.856057534E-02
-6.727387148E-02-6.589411284E-02-6.442242027E-02-6.285988468E-02-6.120774555E-02
-5.946728687E-02-5.763985970E-02-5.572681845E-02-5.372951906E-02-5.164939496E-02
-4.948781941E-02-4.724615867E-02-4.492578984E-02-4.252806556E-02-4.005437584E-02
-3.750610959E-02-3.488466384E-02-3.219156373E-02-2.942848461E-02-2.659720476E-02
-2.369971295E-02-2.073834432E-02-1.771581317E-02-1.463521717E-02-1.150007456E-02
-8.314089436E-03-5.082126826E-03-1.812509799E-03 1.493852045E-03 4.859335538E-03
 8.291556441E-03 1.178740353E-02 1.534369658E-02 1.895780033E-02 2.262708702E-02
 2.634897765E-02 3.012102924E-02 3.394092075E-02 3.780639160E-02 4.171545528E-02
 4.566730649E-02 4.965478621E-02 2.953985367E-02 2.781024300E-02 2.608544872E-02
 2.436626220E-02 2.265256469E-02 2.094439699E-02 1.924185923E-02 1.754510614E-02
 1.585439569E-02 1.417006110E-02 1.249245515E-02 1.082191029E-02 9.158710413E-03
 7.503090836E-03 5.855278069E-03 4.215508311E-03 2.584238062E-03 9.621192954E-04
-6.543576319E-04-2.276235755E-03-3.906920828E-03-5.543660821E-03-7.184569128E-03
-8.829230896E-03-1.047792253E-02-1.213115925E-02-1.378937262E-02-1.545274753E-02
-1.712122355E-02-1.879457404E-02-2.047246659E-02-2.215446443E-02-2.384001469E-02
-2.552844546E-02-2.721896671E-02-2.891067111E-02-3.060250540E-02-3.229326690E-02
-3.398165927E-02-3.566624615E-02-3.734541847E-02-3.901744532E-02-4.068044876E-02
-4.233241809E-02-4.397121573E-02-4.559454690E-02-4.719999837E-02-4.878503364E-02
-5.034699901E-02-5.188313948E-02-5.339059488E-02-5.486641567E-02-5.630760404E-02
-5.771107407E-02-5.907371466E-02-6.039238484E-02-6.166392941E-02-6.288519173E-02
-6.405304813E-02-6.516440292E-02-6.621621264E-02-6.720550316E-02-6.812937562E-02
-6.898503296E-02-6.976977592E-02-7.048102423E-02-7.111632124E-02-7.167334683E-02
-7.214992048E-02-7.254400973E-02-7.285373510E-02-7.307737350E-02-7.321336285E-02
-7.326030322E-02-7.321696210E-02-7.308227160E-02-7.285532776E-02-7.253539828E-02
-7.212191207E-02-7.161446522E-02-7.101281566E-02-7.031687948E-02-6.952672966E-02
-6.864257650E-02-6.766480382E-02-6.659389249E-02-6.543048097E-02-6.417533107E-02
-6.282926449E-02-6.139326821E-02-5.986836991E-02-5.825566657E-02-5.655630323E-02
-5.477151041E-02-5.290252454E-02-5.095057411E-02-4.891692324E-02-4.680287518E-02
-4.460967410E-02-4.233859675E-02-3.999093249E-02-3.756798912E-02-3.507114977E-02
-3.250183840E-02-2.986155516E-02-2.715200552E-02-2.437511350E-02-2.153299058E-02
-1.862805421E-02-1.566317988E-02-1.264170648E-02-9.567109343E-03-6.443213592E-03
-3.276923771E-03-7.526491109E-05 3.175647252E-03 6.494289724E-03 9.880619716E-03
 1.333078986E-02 1.684195543E-02 2.041153954E-02 2.403705805E-02 2.771606213E-02
 3.144613283E-02 3.522494267E-02 3.905024159E-02 4.292004393E-02 4.683359783E-02
 5.078366580E-02 3.054733876E-02 2.882869986E-02 2.711484320E-02 2.540652878E-02
 2.370365182E-02 2.200632377E-02 2.031478718E-02 1.862936337E-02 1.695040104E-02
 1.527823627E-02 1.361316012E-02 1.195540459E-02 1.030518199E-02 8.662725512E-03
 7.028298012E-03 5.402167613E-03 3.784600708E-03 2.176156989E-03 5.771213728E-04
-1.017804637E-03-2.619002035E-03-4.227693061E-03-5.840944599E-03-7.457210346E-03
-9.076175815E-03-1.069808334E-02-1.232335981E-02-1.395232428E-02-1.558504191E-02
-1.722134334E-02-1.886090347E-02-2.050329126E-02-2.214797606E-02-2.379431963E-02
-2.544157316E-02-2.708884963E-02-2.873512871E-02-3.037930763E-02-3.202014943E-02
-3.365625676E-02-3.528612210E-02-3.690810022E-02-3.852041823E-02-4.012118804E-02
-4.170836949E-02-4.327980571E-02-4.483322037E-02-4.636621953E-02-4.787630211E-02
-4.936086945E-02-5.081720692E-02-5.224255626E-02-5.363405536E-02-5.498879826E-02
-5.630383395E-02-5.757617826E-02-5.880282974E-02-5.998078829E-02-6.110706581E-02
-6.217870121E-02-6.319277843E-02-6.414643951E-02-6.503689187E-02-6.586143134E-02
-6.661744718E-02-6.730243400E-02-6.791400095E-02-6.844988458E-02-6.890795057E-02
-6.928620557E-02-6.958280038E-02-6.979603499E-02-6.992436303E-02-6.996639359E-02
-6.992089684E-02-6.978680124E-02-6.956319313E-02-6.924932463E-02-6.884460328E-02
-6.834859629E-02-6.776102954E-02-6.708177252E-02-6.631084835E-02-6.544841931E-02
-6.449479212E-02-6.345038381E-02-6.231574817E-02-6.109154691E-02-5.977853146E-02
-5.837752512E-02-5.688951224E-02-5.531542025E-02-5.365630687E-02-5.191324263E-02
-5.008736076E-02-4.817979036E-02-4.619164726E-02-4.412412773E-02-4.197842133E-02
-3.975570160E-02-3.745721057E-02-3.508421879E-02-3.263807533E-02-3.012025017E-02
-2.753230874E-02-2.487597135E-02-2.215324549E-02-1.936642965E-02-1.651810868E-02
-1.361128368E-02-1.064930953E-02-7.635659291E-03-4.575355428E-03-1.476668997E-03
 1.662210046E-03 4.865059386E-03 8.138733834E-03 1.147997699E-02 1.488558519E-02
 1.835280151E-02 2.187897255E-02 2.546160961E-02 2.909838012E-02 3.278701468E-02
 3.652524647E-02 4.031081719E-02 4.414175861E-02 4.801735624E-02 5.193024968E-02
 3.157695383E-02 2.986885398E-02 2.816546343E-02 2.646759616E-02 2.477529583E-02
 2.308885465E-02 2.140862272E-02 1.973493777E-02 1.806809692E-02 1.640833441E-02
 1.475584879E-02 1.311085030E-02 1.147357485E-02 9.844276697E-03 8.223213614E-03
 6.610647520E-03 5.006849329E-03 3.412157287E-03 1.827288588E-03 2.519703089E-04
-1.320640826E-03-2.899607439E-03-4.484650629E-03-6.072878602E-03-7.662965491E-03
-9.254650355E-03-1.084813813E-02-1.244376055E-02-1.404171955E-02-1.564196892E-02
-1.724423726E-02-1.884811019E-02-2.045307680E-02-2.205852977E-02-2.366373178E-02
-2.526782586E-02-2.686988066E-02-2.846883644E-02-3.006348511E-02-3.165251828E-02
-3.323449921E-02-3.480786931E-02-3.637096559E-02-3.792198064E-02-3.945899241E-02
-4.097996658E-02-4.248275302E-02-4.396509198E-02-4.542463135E-02-4.685889687E-02
-4.826535369E-02-4.964137961E-02-5.098427374E-02-5.229128929E-02-5.355963223E-02
-5.478647424E-02-5.596896110E-02-5.710424592E-02-5.818948066E-02-5.922183883E-02
-6.019853235E-02-6.111682090E-02-6.197402735E-02-6.276754368E-02-6.349485263E-02
-6.415353027E-02-6.474125926E-02-6.525583889E-02-6.569518787E-02-6.605735814E-02
-6.634053657E-02-6.654305150E-02-6.666337660E-02-6.670013346E-02-6.665209752E-02
-6.651819500E-02-6.629750310E-02-6.598925780E-02-6.559284415E-02-6.510779818E-02
-6.453380844E-02-6.387069543E-02-6.311843142E-02-6.227712375E-02-6.134699376E-02
-6.032840158E-02-5.922179959E-02-5.802775425E-02-5.674693823E-02-5.538004920E-02
-5.392794985E-02-5.239148840E-02-5.077158483E-02-4.906918812E-02-4.728531784E-02
-4.542100552E-02-4.347728623E-02-4.145521263E-02-3.935593405E-02-3.718057864E-02
-3.493032073E-02-3.260643573E-02-3.021026355E-02-2.774329126E-02-2.520717828E-02
-2.260374456E-02-1.993504875E-02-1.720352457E-02-1.441199348E-02-1.156356412E-02
-8.661418283E-03-5.709441192E-03-2.715056675E-03 3.164342733E-04 3.403439339E-03
 6.562102816E-03 9.791684208E-03 1.308879801E-02 1.645079605E-02 1.987502295E-02
 2.335881459E-02 2.689961747E-02 3.049505045E-02 3.414290722E-02 3.784106659E-02
 4.158736568E-02 4.537984820E-02 4.921782923E-02 5.309385757E-02 3.262713428E-02
 3.092911299E-02 2.923590608E-02 2.754851123E-02 2.586709659E-02 2.419198316E-02
 2.252347997E-02 2.086182689E-02 1.920721298E-02 1.755982926E-02 1.591988845E-02
 1.428762418E-02 1.266327363E-02 1.104707267E-02 9.439271553E-03 7.840155166E-03
 6.250047821E-03 4.669280463E-03 3.098270049E-03 1.537827952E-03-1.301286385E-05
-1.562334145E-03-3.117518281E-03-4.677321322E-03-6.239027945E-03-7.801461836E-03
-9.364360537E-03-1.092786270E-02-1.249219988E-02-1.405746457E-02-1.562351480E-02
-1.719000186E-02-1.875643588E-02-2.032220502E-02-2.188659959E-02-2.344884352E-02
-2.500803598E-02-2.656313766E-02-2.811301839E-02-2.965642919E-02-3.119200390E-02
-3.271828174E-02-3.423366731E-02-3.573645222E-02-3.722482399E-02-3.869685803E-02
-4.015052150E-02-4.158369042E-02-4.299412767E-02-4.437950805E-02-4.573744666E-02
-4.706544938E-02-4.836097774E-02-4.962143387E-02-5.084417175E-02-5.202651123E-02
-5.316575341E-02-5.425918898E-02-5.530411056E-02-5.629782879E-02-5.723768393E-02
-5.812105181E-02-5.894537209E-02-5.970814144E-02-6.040693671E-02-6.103942006E-02
-6.160335312E-02-6.209660209E-02-6.251714555E-02-6.286308497E-02-6.313264797E-02
-6.332419548E-02-6.343622493E-02-6.346737348E-02-6.341642410E-02-6.328230234E-02
-6.306407711E-02-6.276096803E-02-6.237233698E-02-6.189768783E-02-6.133666750E-02
-6.068904970E-02-5.995475226E-02-5.913382007E-02-5.822639531E-02-5.723277004E-02
-5.615329869E-02-5.498846151E-02-5.373883029E-02-5.240501730E-02-5.098772042E-02
-4.948775672E-02-4.790588070E-02-4.624297233E-02-4.449991140E-02-4.267765375E-02
-4.077716319E-02-3.879941168E-02-3.674545222E-02-3.461641892E-02-3.241345504E-02
-3.013781682E-02-2.779089223E-02-2.537419134E-02-2.288943991E-02-2.033859311E-02
-1.772383970E-02-1.504771281E-02-1.231317122E-02-9.523309512E-03-6.681377882E-03
-3.792961131E-03-8.658461706E-04 2.107123305E-03 5.149656789E-03 8.265867456E-03
 1.145236977E-02 1.470647440E-02 1.802577887E-02 2.140780923E-02 2.485002477E-02
 2.834988721E-02 3.190494709E-02 3.551291484E-02 3.917167971E-02 4.287919685E-02
 4.663363448E-02 5.043437144E-02 5.427384031E-02 3.369643452E-02 3.200852248E-02
 3.032579636E-02 2.864933681E-02 2.697927345E-02 2.531583590E-02 2.365921580E-02
 2.200958850E-02 2.036714595E-02 1.873210220E-02 1.710467734E-02 1.548508789E-02
 1.387355543E-02 1.227032616E-02 1.067568614E-02 9.089953224E-03 7.513463939E-03
 5.946569819E-03 4.389629704E-03 2.843145648E-03 1.307982470E-03-2.175673584E-04
-1.742430586E-03-3.272291831E-03-4.805379274E-03-6.339162247E-03-7.872533116E-03
-9.405192214E-03-1.093719812E-02-1.246868780E-02-1.399966974E-02-1.552992298E-02
-1.705899800E-02-1.858631071E-02-2.011121569E-02-2.163295467E-02-2.315064220E-02
-2.466330935E-02-2.616987564E-02-2.766914816E-02-2.915984858E-02-3.064057418E-02
-3.210981015E-02-3.356594622E-02-3.500726466E-02-3.643194362E-02-3.783806852E-02
-3.922362744E-02-4.058649812E-02-4.192451266E-02-4.323539127E-02-4.451679409E-02
-4.576632051E-02-4.698151509E-02-4.815987785E-02-4.929886755E-02-5.039593392E-02
-5.144850566E-02-5.245401069E-02-5.340989245E-02-5.431361843E-02-5.516268605E-02
-5.595464528E-02-5.668710169E-02-5.735772900E-02-5.796427830E-02-5.850459218E-02
-5.897660774E-02-5.937836744E-02-5.970802603E-02-5.996385557E-02-6.014425273E-02
-6.024774182E-02-6.027297817E-02-6.021875435E-02-6.008399678E-02-5.986776722E-02
-5.956926936E-02-5.918784176E-02-5.872295550E-02-5.817421495E-02-5.754134912E-02
-5.682421842E-02-5.602279994E-02-5.513716845E-02-5.416753256E-02-5.311416795E-02
-5.197746210E-02-5.075787896E-02-4.945596230E-02-4.807227513E-02-4.660754375E-02
-4.506244462E-02-4.343774268E-02-4.173423058E-02-3.995277418E-02-3.809427684E-02
-3.615967609E-02-3.414994133E-02-3.206618402E-02-2.990957900E-02-2.768137478E-02
-2.538299426E-02-2.301602739E-02-2.058225725E-02-1.808375031E-02-1.552287835E-02
-1.290231549E-02-1.022493889E-02-7.493757965E-03-4.713138759E-03-1.890901780E-03
 9.722286667E-04 3.899033532E-03 6.900813396E-03 9.975475893E-03 1.312010330E-02
 1.633238712E-02 1.961001153E-02 2.295065347E-02 2.635196808E-02 2.981155397E-02
 3.332699301E-02 3.689593518E-02 4.051616538E-02 4.418559966E-02 4.790248672E-02
 5.166635949E-02 5.546961994E-02 3.478451249E-02 3.310719415E-02 3.143543981E-02
 2.977031259E-02 2.811180573E-02 2.646006305E-02 2.481526666E-02 2.317761204E-02
 2.154730413E-02 1.992454407E-02 1.830953093E-02 1.670247973E-02 1.510363922E-02
 1.351329469E-02 1.193175257E-02 1.035933473E-02 8.796389388E-03 7.243306352E-03
 5.700484821E-03 4.168279065E-03 2.647179856E-03 1.137979892E-03-3.616259193E-04
-1.860675339E-03-3.363708711E-03-4.868693478E-03-6.373207903E-03-7.876155167E-03
-9.377181339E-03-1.087627050E-02-1.237347042E-02-1.386867791E-02-1.536158524E-02
-1.685171996E-02-1.833844819E-02-1.982101403E-02-2.129859290E-02-2.277025867E-02
-2.423497647E-02-2.569163224E-02-2.713899808E-02-2.857573533E-02-3.000041786E-02
-3.141151695E-02-3.280740490E-02-3.418636016E-02-3.554657743E-02-3.688613413E-02
-3.820305420E-02-3.949527374E-02-4.076063901E-02-4.199694656E-02-4.320192878E-02
-4.437326367E-02-4.550858578E-02-4.660549891E-02-4.766158256E-02-4.867440161E-02
-4.964151870E-02-5.056050491E-02-5.142894908E-02-5.224447323E-02-5.300473455E-02
-5.370744635E-02-5.435038117E-02-5.493138062E-02-5.544836888E-02-5.589935674E-02
-5.628245206E-02-5.659586587E-02-5.683791749E-02-5.700704159E-02-5.710179177E-02
-5.712084376E-02-5.706300155E-02-5.692719401E-02-5.671247716E-02-5.641803982E-02
-5.604319765E-02-5.558738879E-02-5.505017755E-02-5.443124914E-02-5.373040437E-02
-5.294755431E-02-5.208271330E-02-5.113600022E-02-5.010762680E-02-4.899787872E-02
-4.780713031E-02-4.653584699E-02-4.518450289E-02-4.375368123E-02-4.224404960E-02
-4.065622936E-02-3.899097655E-02-3.724905221E-02-3.543132206E-02-3.353868920E-02
-3.157211072E-02-2.953263645E-02-2.742148663E-02-2.523995685E-02-2.298949419E-02
-2.067177450E-02-1.828868382E-02-1.584239100E-02-1.333541900E-02-1.077049920E-02
-8.150357446E-03-5.478462236E-03-2.761674340E-03-5.375423716E-06 2.806774908E-03
 5.693683883E-03 8.655932339E-03 1.169025002E-02 1.479429985E-02 1.796592595E-02
 2.120293146E-02 2.450310583E-02 2.786424709E-02 3.128413469E-02 3.476049520E-02
 3.829102796E-02 4.187347302E-02 4.550563349E-02 4.918568073E-02 5.291320265E-02
 5.668062422E-02 3.589175029E-02 3.422545580E-02 3.256493087E-02 3.091118701E-02
 2.926417978E-02 2.762406703E-02 2.599104861E-02 2.436531303E-02 2.274704217E-02
 2.113642582E-02 1.953367917E-02 1.793905492E-02 1.635283263E-02 1.477530569E-02
 1.320678737E-02 1.164763280E-02 1.009823479E-02 8.558988215E-03 7.030251744E-03
 5.512332001E-03 4.005524387E-03 2.510381623E-03 1.027725401E-03-4.450761450E-04
-1.916942120E-03-3.391720140E-03-4.867272237E-03-6.341228508E-03-7.812471866E-03
-9.280576795E-03-1.074540542E-02-1.220690572E-02-1.366494553E-02-1.511916819E-02
-1.656900065E-02-1.801374996E-02-1.945262002E-02-2.088471681E-02-2.230907661E-02
-2.372463207E-02-2.513020538E-02-2.652453721E-02-2.790627189E-02-2.927396004E-02
-3.062605905E-02-3.196094966E-02-3.327690312E-02-3.457211635E-02-3.584472925E-02
-3.709277077E-02-3.831422276E-02-3.950699933E-02-4.066895774E-02-4.179790659E-02
-4.289160513E-02-4.394779450E-02-4.496418183E-02-4.593845897E-02-4.686831775E-02
-4.775145491E-02-4.858557539E-02-4.936842071E-02-5.009775768E-02-5.077140322E-02
-5.138722730E-02-5.194316313E-02-5.243721728E-02-5.286747434E-02-5.323210848E-02
-5.352938858E-02-5.375768308E-02-5.391546626E-02-5.400132286E-02-5.401395076E-02
-5.395216705E-02-5.381490465E-02-5.360121546E-02-5.331027510E-02-5.294137737E-02
-5.249392898E-02-5.196745735E-02-5.136160455E-02-5.067611165E-02-4.991083156E-02
-4.906571998E-02-4.814080919E-02-4.713624970E-02-4.605223464E-02-4.488906375E-02
-4.364710878E-02-4.232678870E-02-4.092856098E-02-3.945304650E-02-3.790080339E-02
-3.627250728E-02-3.456887623E-02-3.279071922E-02-3.093892458E-02-2.901445710E-02
-2.701835705E-02-2.495183870E-02-2.281628721E-02-2.061321021E-02-1.834434516E-02
-1.601171599E-02-1.361761800E-02-1.116459091E-02-8.655252837E-03-6.092588186E-03
-3.482037200E-03-8.307067620E-04 1.869238327E-03 4.641384718E-03 7.490747346E-03
 1.041430226E-02 1.340957173E-02 1.647436469E-02 1.960652670E-02 2.280398261E-02
 2.606465971E-02 2.938646724E-02 3.276731571E-02 3.620509803E-02 3.969766145E-02
 4.324281254E-02 4.683832803E-02 5.048227357E-02 5.417414362E-02 5.790628310E-02
 3.701835088E-02 3.536315082E-02 3.371381595E-02 3.207138185E-02 3.043581838E-02
 2.880728285E-02 2.718595337E-02 2.557199991E-02 2.396560912E-02 2.236700148E-02
 2.077642994E-02 1.919416385E-02 1.762048658E-02 1.605571210E-02 1.450020797E-02
 1.295436859E-02 1.141857085E-02 9.893135979E-03 8.378346206E-03 6.874508101E-03
 5.381977363E-03 3.901141710E-03 2.432622972E-03 9.771868540E-04-4.679138001E-04
-1.911281172E-03-3.356430234E-03-4.801283765E-03-6.243477965E-03-7.681792354E-03
-9.115704202E-03-1.054502396E-02-1.196961822E-02-1.338924238E-02-1.480349045E-02
-1.621176401E-02-1.761330669E-02-1.900728138E-02-2.039276248E-02-2.176872023E-02
-2.313404865E-02-2.448755149E-02-2.582794245E-02-2.715384462E-02-2.846380633E-02
-2.975628309E-02-3.102963443E-02-3.228218045E-02-3.351213462E-02-3.471764678E-02
-3.589680917E-02-3.704765163E-02-3.816814863E-02-3.925622640E-02-4.030977439E-02
-4.132665065E-02-4.230468801E-02-4.324170275E-02-4.413550678E-02-4.498391599E-02
-4.578475312E-02-4.653586839E-02-4.723513873E-02-4.788048131E-02-4.846986096E-02
-4.900130167E-02-4.947289197E-02-4.988278975E-02-5.022923585E-02-5.051055721E-02
-5.072517216E-02-5.087159596E-02-5.094844567E-02-5.095444276E-02-5.088841903E-02
-5.074931305E-02-5.053617454E-02-5.024816772E-02-4.988456646E-02-4.944474932E-02
-4.892820916E-02-4.833454621E-02-4.766344773E-02-4.691471385E-02-4.608824110E-02
-4.518398971E-02-4.420204225E-02-4.314252291E-02-4.200565587E-02-4.079172663E-02
-3.950110799E-02-3.813417814E-02-3.669145311E-02-3.517350969E-02-3.358091310E-02
-3.191438476E-02-3.017467175E-02-2.836266609E-02-2.647933940E-02-2.452577589E-02
-2.250318379E-02-2.041301122E-02-1.825687750E-02-1.603660640E-02-1.375432970E-02
-1.141241225E-02-9.013262442E-03-6.559543050E-03-4.055796907E-03-1.509497436E-03
 1.081481724E-03 3.740214630E-03 6.476897224E-03 9.289504017E-03 1.217552010E-02
 1.513294856E-02 1.815969124E-02 2.125360396E-02 2.441262920E-02 2.763480355E-02
 3.091816889E-02 3.426074531E-02 3.766055010E-02 4.111558271E-02 4.462379602E-02
 4.818304759E-02 5.179139837E-02 5.544826331E-02 5.914580783E-02 3.816391700E-02
 3.651973358E-02 3.488152486E-02 3.325034633E-02 3.162614636E-02 3.000905893E-02
 2.839925697E-02 2.679693126E-02 2.520230699E-02 2.361563181E-02 2.203716401E-02
 2.046718229E-02 1.890601445E-02 1.735403717E-02 1.581163886E-02 1.427916963E-02
 1.275690860E-02 1.124511172E-02 9.744071570E-03 8.254148692E-03 6.775753977E-03
 5.309287418E-03 3.855103970E-03 2.413789156E-03 9.861410425E-04-4.303523921E-04
-1.843906018E-03-3.258100907E-03-4.671026850E-03-6.080259627E-03-7.484509583E-03
-8.883147841E-03-1.027583419E-02-1.166234982E-02-1.304240863E-02-1.441554760E-02
-1.578114131E-02-1.713841564E-02-1.848646927E-02-1.982432947E-02-2.115094579E-02
-2.246518260E-02-2.376581790E-02-2.505155279E-02-2.632101129E-02-2.757271175E-02
-2.880513066E-02-3.001666339E-02-3.120561516E-02-3.237024734E-02-3.350875284E-02
-3.461926849E-02-3.569988222E-02-3.674862923E-02-3.776352192E-02-3.874253088E-02
-3.968360395E-02-4.058467730E-02-4.144367836E-02-4.225853281E-02-4.302718054E-02
-4.374757380E-02-4.441769509E-02-4.503556013E-02-4.559922538E-02-4.610680252E-02
-4.655646014E-02-4.694642955E-02-4.727501740E-02-4.754060820E-02-4.774167018E-02
-4.787676037E-02-4.794452899E-02-4.794372229E-02-4.787318823E-02-4.773187283E-02
-4.751882573E-02-4.723320193E-02-4.687425792E-02-4.644134844E-02-4.593393426E-02
-4.535157613E-02-4.469391681E-02-4.396070682E-02-4.315178453E-02-4.226705497E-02
-4.130653022E-02-4.027028559E-02-3.915846636E-02-3.797129753E-02-3.670909330E-02
-3.537219381E-02-3.396101242E-02-3.247612880E-02-3.091806847E-02-2.928751330E-02
-2.758521484E-02-2.581204432E-02-2.396900601E-02-2.205722802E-02-2.007797630E-02
-1.803271929E-02-1.592320544E-02-1.375138569E-02-1.151940728E-02-9.229530444E-03
-6.884171497E-03-4.487128832E-03-2.045533463E-03 4.388093578E-04 2.985844723E-03
 5.610554690E-03 8.312664639E-03 1.108954599E-02 1.393928958E-02 1.686002534E-02
 1.984979634E-02 2.290657128E-02 2.602830047E-02 2.921302291E-02 3.245887501E-02
 3.576400380E-02 3.912653369E-02 4.254458488E-02 4.601624966E-02 4.953952608E-02
 5.311256935E-02 5.673482252E-02 6.039831470E-02 3.932788873E-02 3.769466635E-02
 3.606751044E-02 3.444746905E-02 3.283447302E-02 3.122866646E-02 2.963025565E-02
 2.803946679E-02 2.645653784E-02 2.488171966E-02 2.331529597E-02 2.175761279E-02
 2.020905181E-02 1.866998492E-02 1.714072392E-02 1.562150908E-02 1.411257627E-02
 1.261421269E-02 1.112678115E-02 9.650685306E-03 8.186316023E-03 6.734019187E-03
 5.294125062E-03 3.867033482E-03 2.453480098E-03 1.054364265E-03-3.325824015E-04
-1.715096502E-03-3.097047975E-03-4.476903550E-03-5.852142601E-03-7.221284201E-03
-8.583578688E-03-9.938594475E-03-1.128600627E-02-1.262547203E-02-1.395651686E-02
-1.527847254E-02-1.659052834E-02-1.789176643E-02-1.918118111E-02-2.045769101E-02
-2.172013868E-02-2.296730165E-02-2.419785473E-02-2.541041251E-02-2.660353893E-02
-2.777569244E-02-2.892528710E-02-3.005067320E-02-3.115014307E-02-3.222193523E-02
-3.326423809E-02-3.427520107E-02-3.525293912E-02-3.619553521E-02-3.710104743E-02
-3.796752163E-02-3.879299597E-02-3.957550062E-02-4.031308436E-02-4.100380035E-02
-4.164573029E-02-4.223698488E-02-4.277570994E-02-4.326010039E-02-4.368840247E-02
-4.405892033E-02-4.437002462E-02-4.462015667E-02-4.480783423E-02-4.493165635E-02
-4.499030698E-02-4.498255816E-02-4.490727544E-02-4.476341415E-02-4.455002618E-02
-4.426625979E-02-4.391135739E-02-4.348465426E-02-4.298558281E-02-4.241366804E-02
-4.176851687E-02-4.104983426E-02-4.025740571E-02-3.939109457E-02-3.845084551E-02
-3.743669508E-02-3.634872111E-02-3.518710527E-02-3.395209750E-02-3.264402368E-02
-3.126323704E-02-2.981026083E-02-2.828566848E-02-2.669006926E-02-2.502425958E-02
-2.328909371E-02-2.148561744E-02-1.961500676E-02-1.767861319E-02-1.567797033E-02
-1.361489931E-02-1.149141878E-02-9.309578169E-03-7.071583829E-03-4.780754290E-03
-2.443471963E-03-6.370030551E-05 2.373825353E-03 4.887765984E-03 7.480087447E-03
 1.014831679E-02 1.289065584E-02 1.570532854E-02 1.859050315E-02 2.154434469E-02
 2.456497039E-02 2.765043030E-02 3.079876024E-02 3.400808767E-02 3.727664040E-02
 4.060266249E-02 4.398437824E-02 4.741999828E-02 5.090764865E-02 5.444562063E-02
 5.803347839E-02 6.166318970E-02 4.050974574E-02 3.888737350E-02 3.727111918E-02
 3.566204162E-02 3.406009349E-02 3.246545684E-02 3.087836127E-02 2.929903571E-02
 2.772772888E-02 2.616474307E-02 2.461043701E-02 2.306519006E-02 2.152934824E-02
 2.000317561E-02 1.848688159E-02 1.698068971E-02 1.548488868E-02 1.399984607E-02
 1.252595804E-02 1.106359107E-02 9.613048105E-03 8.174633038E-03 6.748757757E-03
 5.335966680E-03 3.936791056E-03 2.551846534E-03 1.181873248E-03-1.749372913E-04
-1.525377486E-03-2.873927713E-03-4.219590546E-03-5.559768361E-03-6.892816960E-03
-8.217821759E-03-9.534230720E-03-1.084164684E-02-1.213965084E-02-1.342772218E-02
-1.470519382E-02-1.597124293E-02-1.722492835E-02-1.846521816E-02-1.969102191E-02
-2.090116378E-02-2.209438881E-02-2.326940923E-02-2.442483886E-02-2.555922767E-02
-2.667107778E-02-2.775882684E-02-2.882085806E-02-2.985550721E-02-3.086105659E-02
-3.183576383E-02-3.277784050E-02-3.368547174E-02-3.455682287E-02-3.539004246E-02
-3.618327095E-02-3.693464294E-02-3.764230384E-02-3.830440642E-02-3.891912540E-02
-3.948466169E-02-3.999924819E-02-4.046115941E-02-4.086871619E-02-4.122029321E-02
-4.151432360E-02-4.174930440E-02-4.192380222E-02-4.203645801E-02-4.208598984E-02
-4.207119644E-02-4.199096239E-02-4.184425428E-02-4.163012876E-02-4.134773020E-02
-4.099629072E-02-4.057513042E-02-4.008365814E-02-3.952136850E-02-3.888783993E-02
-3.818273584E-02-3.740579963E-02-3.655686053E-02-3.563580637E-02-3.464263680E-02
-3.357738683E-02-3.244019602E-02-3.123126770E-02-2.995091241E-02-2.859946627E-02
-2.717738186E-02-2.568528370E-02-2.412376894E-02-2.249363569E-02-2.079578763E-02
-1.903128365E-02-1.720137778E-02-1.530750573E-02-1.335130445E-02-1.133455902E-02
-9.259201817E-03-7.127292985E-03-4.941780762E-03-2.708334017E-03-4.318497105E-04
 1.898701115E-03 4.303917513E-03 6.787925877E-03 9.348430633E-03 1.198384084E-02
 1.469271805E-02 1.747340034E-02 2.032410475E-02 2.324305676E-02 2.622848747E-02
 2.927858332E-02 3.239146974E-02 3.556526233E-02 3.879817024E-02 4.208850523E-02
 4.543460323E-02 4.883477563E-02 5.228726296E-02 5.579047996E-02 5.934413945E-02
 6.294021846E-02 4.170887133E-02 4.009717407E-02 3.849165255E-02 3.689340604E-02
 3.530241806E-02 3.371887962E-02 3.214302279E-02 3.057510485E-02 2.901545017E-02
 2.746442521E-02 2.592239556E-02 2.438967096E-02 2.286646844E-02 2.135297380E-02
 1.984940617E-02 1.835606316E-02 1.687331565E-02 1.540154827E-02 1.394109680E-02
 1.249222176E-02 1.105519708E-02 9.630431273E-03 8.218503507E-03 6.819992140E-03
 5.435305618E-03 4.064693885E-03 2.708647456E-03 1.368043400E-03 4.182304806E-05
-1.275464190E-03-2.589450237E-03-3.899816151E-03-5.203937976E-03-6.499967831E-03
-7.786834791E-03-9.063841219E-03-1.033046730E-02-1.158624040E-02-1.283061208E-02
-1.406290376E-02-1.528228868E-02-1.648782609E-02-1.767847856E-02-1.885311168E-02
-2.001056199E-02-2.114959526E-02-2.226889076E-02-2.336709067E-02-2.444277087E-02
-2.549445366E-02-2.652061028E-02-2.751966154E-02-2.848998896E-02-2.942993892E-02
-3.033782173E-02-3.121191806E-02-3.205049126E-02-3.285178864E-02-3.361404373E-02
-3.433549371E-02-3.501437329E-02-3.564892983E-02-3.623742636E-02-3.677814855E-02
-3.726941302E-02-3.770957129E-02-3.809701522E-02-3.843018664E-02-3.870757992E-02
-3.892774649E-02-3.908930097E-02-3.919092585E-02-3.923137362E-02-3.920947061E-02
-3.912412185E-02-3.897430731E-02-3.875909100E-02-3.847761652E-02-3.812911002E-02
-3.771288062E-02-3.722831873E-02-3.667489574E-02-3.605216756E-02-3.535976148E-02
-3.459739120E-02-3.376485508E-02-3.286200192E-02-3.188879420E-02-3.084524713E-02
-2.973145739E-02-2.854760882E-02-2.729398467E-02-2.597093518E-02-2.457887732E-02
-2.311843141E-02-2.159026928E-02-1.999515401E-02-1.833407269E-02-1.660811360E-02
-1.481861319E-02-1.296707614E-02-1.105514124E-02-9.084502048E-03-7.057054260E-03
-4.975590547E-03-2.845293844E-03-6.713216613E-04 1.554725841E-03 3.853646398E-03
 6.231380283E-03 8.685872135E-03 1.121556240E-02 1.381928206E-02 1.649571285E-02
 1.924336711E-02 2.206059820E-02 2.494566804E-02 2.789685966E-02 3.091246562E-02
 3.399073802E-02 3.712987342E-02 4.032806176E-02 4.358358796E-02 4.689484331E-02
 5.026024248E-02 5.367812256E-02 5.714701115E-02 6.066675874E-02 6.422937623E-02
 4.292457843E-02 4.132340639E-02 3.972851131E-02 3.814102177E-02 3.656091957E-02
 3.498840692E-02 3.342377155E-02 3.186735389E-02 3.031952112E-02 2.878061541E-02
 2.725089781E-02 2.573054833E-02 2.421973703E-02 2.271868523E-02 2.122770384E-02
 1.974716474E-02 1.827743592E-02 1.681881515E-02 1.537152261E-02 1.393581074E-02
 1.251210001E-02 1.110099754E-02 9.703092635E-03 8.318772802E-03 6.948245798E-03
 5.591771731E-03 4.249811746E-03 2.923080765E-03 1.612449344E-03 3.174396753E-04
-9.660812026E-04-2.244543194E-03-3.518488118E-03-4.785591250E-03-6.043771137E-03
-7.291717281E-03-8.528590211E-03-9.753761867E-03-1.096667925E-02-1.216675511E-02
-1.335330556E-02-1.452552468E-02-1.568245480E-02-1.682305545E-02-1.794622855E-02
-1.905077723E-02-2.013546508E-02-2.119900292E-02-2.224004367E-02-2.325718738E-02
-2.424898844E-02-2.521394811E-02-2.615054263E-02-2.705720025E-02-2.793232137E-02
-2.877428053E-02-2.958143155E-02-3.035211418E-02-3.108465101E-02-3.177737245E-02
-3.242860016E-02-3.303666974E-02-3.359992882E-02-3.411674271E-02-3.458550706E-02
-3.500464771E-02-3.537262445E-02-3.568794312E-02-3.594915742E-02-3.615487178E-02
-3.630374801E-02-3.639450961E-02-3.642594382E-02-3.639690544E-02-3.630632149E-02
-3.615318751E-02-3.593657764E-02-3.565563808E-02-3.530959366E-02-3.489774696E-02
-3.441947514E-02-3.387423412E-02-3.326156220E-02-3.258106039E-02-3.183242129E-02
-3.101541628E-02-3.012987366E-02-2.917572217E-02-2.815297071E-02-2.706168371E-02
-2.590204114E-02-2.467430272E-02-2.337884433E-02-2.201608860E-02-2.058662183E-02
-1.909120887E-02-1.753062926E-02-1.590591623E-02-1.421825193E-02-1.246897972E-02
-1.065958832E-02-8.791631272E-03-6.866876478E-03-4.887917447E-03-2.859647171E-03
-7.871840835E-04 1.336426057E-03 3.531513677E-03 5.805175749E-03 8.155706975E-03
 1.058152827E-02 1.308155703E-02 1.565466291E-02 1.829964950E-02 2.101520028E-02
 2.379984143E-02 2.665195079E-02 2.956983388E-02 3.255182978E-02 3.559628986E-02
 3.870152855E-02 4.186580944E-02 4.508739214E-02 4.836463417E-02 5.169599386E-02
 5.507990290E-02 5.851498402E-02 6.200120952E-02 6.553063958E-02 4.415625594E-02
 4.256552951E-02 4.098118801E-02 3.940437866E-02 3.783510950E-02 3.627366296E-02
 3.472039802E-02 3.317567246E-02 3.163979536E-02 3.011297517E-02 2.859536420E-02
 2.708712594E-02 2.558849052E-02 2.409978218E-02 2.262137045E-02 2.115360118E-02
 1.969672875E-02 1.825093691E-02 1.681646609E-02 1.539376070E-02 1.398345587E-02
 1.258614527E-02 1.120217497E-02 9.831682781E-03 8.474878059E-03 7.132238038E-03
 5.804383694E-03 4.491832517E-03 3.195057149E-03 1.914786104E-03 6.512962997E-04
-5.981873304E-04-1.840309813E-03-3.076756580E-03-4.305862582E-03-5.525350690E-03
-6.733664957E-03-7.929780629E-03-9.112939140E-03-1.028249395E-02-1.143782371E-02
-1.257822174E-02-1.370287131E-02-1.481087292E-02-1.590119340E-02-1.697271265E-02
-1.802426455E-02-1.905461972E-02-2.006250134E-02-2.104658577E-02-2.200549970E-02
-2.293783088E-02-2.384213233E-02-2.471691811E-02-2.556067062E-02-2.637185138E-02
-2.714890041E-02-2.789024200E-02-2.859428778E-02-2.925944987E-02-2.988413535E-02
-3.046676157E-02-3.100575635E-02-3.149956150E-02-3.194664619E-02-3.234550688E-02
-3.269466925E-02-3.299270042E-02-3.323821101E-02-3.342985710E-02-3.356634691E-02
-3.364644449E-02-3.366897218E-02-3.363281417E-02-3.353692111E-02-3.338030636E-02
-3.316205706E-02-3.288132573E-02-3.253734042E-02-3.212940195E-02-3.165687984E-02
-3.111922153E-02-3.051595308E-02-2.984666078E-02-2.911102267E-02-2.830878994E-02
-2.743978565E-02-2.650391105E-02-2.550117475E-02-2.443163187E-02-2.329546016E-02
-2.209291810E-02-2.082439718E-02-1.949035801E-02-1.809137743E-02-1.662827015E-02
-1.510192016E-02-1.351335378E-02-1.186380683E-02-1.015454339E-02-8.386991743E-03
-6.562827552E-03-4.684635988E-03-2.757091663E-03-7.848224471E-04 1.238572704E-03
 3.332452371E-03 5.504269612E-03 7.752838466E-03 1.007676270E-02 1.247500310E-02
 1.494644714E-02 1.748999161E-02 2.010453141E-02 2.278890258E-02 2.554179875E-02
 2.836175861E-02 3.124718686E-02 3.419643348E-02 3.720789204E-02 4.027997000E-02
 4.341104096E-02 4.659943190E-02 4.984347017E-02 5.314157433E-02 5.649220837E-02
 5.989408372E-02 6.334727512E-02 6.684389121E-02 4.540341033E-02 4.382305334E-02
 4.224919412E-02 4.068305262E-02 3.912472140E-02 3.757453192E-02 3.603283081E-02
 3.449988266E-02 3.297585104E-02 3.146086833E-02 2.995509899E-02 2.845878917E-02
 2.697227263E-02 2.549591192E-02 2.403002511E-02 2.257482093E-02 2.113045195E-02
 1.969715692E-02 1.827541349E-02 1.686588226E-02 1.546915198E-02 1.408551824E-02
 1.271505360E-02 1.135791948E-02 1.001458825E-02 8.685705506E-03 7.371816227E-03
 6.073290363E-03 4.790500025E-03 3.523984412E-03 2.274523352E-03 1.042763629E-03
-1.729533521E-04-1.378049772E-03-2.575953945E-03-3.766032352E-03-4.946005890E-03
-6.114017720E-03-7.268816309E-03-8.409498506E-03-9.535316548E-03-1.064555313E-02
-1.173950211E-02-1.281637430E-02-1.387525418E-02-1.491514831E-02-1.593496967E-02
-1.693356151E-02-1.790971097E-02-1.886216205E-02-1.978960891E-02-2.069072210E-02
-2.156412396E-02-2.240840844E-02-2.322213926E-02-2.400385730E-02-2.475208447E-02
-2.546532195E-02-2.614206850E-02-2.678081128E-02-2.738003849E-02-2.793824367E-02
-2.845393018E-02-2.892561383E-02-2.935183254E-02-2.973114937E-02-3.006215402E-02
-3.034347237E-02-3.057376947E-02-3.075175185E-02-3.087617331E-02-3.094583818E-02
-3.095960431E-02-3.091638633E-02-3.081516018E-02-3.065495942E-02-3.043488719E-02
-3.015410629E-02-2.981185238E-02-2.940742953E-02-2.894020582E-02-2.840962664E-02
-2.781521185E-02-2.715654339E-02-2.643329108E-02-2.564519566E-02-2.479208384E-02
-2.387384328E-02-2.289048407E-02-2.184207527E-02-2.072879072E-02-1.955091119E-02
-1.830883703E-02-1.700309002E-02-1.563428069E-02-1.420323026E-02-1.271092160E-02
-1.115833053E-02-9.546622403E-03-7.877069593E-03-6.151264804E-03-4.371857275E-03
-2.543464568E-03-6.699016925E-04 1.255642147E-03 3.251309303E-03 5.323980555E-03
 7.472738240E-03 9.696575097E-03 1.199478312E-02 1.436638483E-02 1.681024554E-02
 1.932525203E-02 2.191034766E-02 2.456446627E-02 2.728646633E-02 3.007504933E-02
 3.292876877E-02 3.584605819E-02 3.882531237E-02 4.186497765E-02 4.496351496E-02
 4.811935420E-02 5.133088474E-02 5.459649109E-02 5.791459202E-02 6.128392237E-02
 6.470464577E-02 6.816892623E-02 4.666556501E-02 4.509552858E-02 4.353219796E-02
 4.197688606E-02 4.042970725E-02 3.889094757E-02 3.736082655E-02 3.583947596E-02
 3.432701668E-02 3.282361994E-02 3.132955188E-02 2.984515201E-02 2.837077003E-02
 2.690668976E-02 2.545307587E-02 2.401005628E-02 2.257787833E-02 2.115705912E-02
 1.974828035E-02 1.835211653E-02 1.696880571E-02 1.559835934E-02 1.424090069E-02
 1.289690413E-02 1.156703259E-02 1.025183263E-02 8.951645336E-03 7.666813799E-03
 6.397823805E-03 5.145203509E-03 3.909426057E-03 2.691119735E-03 1.491092150E-03
 3.087969012E-04-8.589426015E-04-2.017615027E-03-3.167649165E-03-4.307225927E-03
-5.434255721E-03-6.547234121E-03-7.645041787E-03-8.726801422E-03-9.791753285E-03
-1.083911787E-02-1.186808986E-02-1.287779776E-02-1.386727332E-02-1.483546351E-02
-1.578124303E-02-1.670342261E-02-1.760076987E-02-1.847201896E-02-1.931586462E-02
-2.013097090E-02-2.091597866E-02-2.166950399E-02-2.239014494E-02-2.307647742E-02
-2.372707862E-02-2.434050892E-02-2.491533257E-02-2.545011522E-02-2.594343038E-02
-2.639386492E-02-2.680002211E-02-2.716052775E-02-2.747403339E-02-2.773922137E-02
-2.795480911E-02-2.811955257E-02-2.823225031E-02-2.829174690E-02-2.829693621E-02
-2.824676443E-02-2.814023462E-02-2.797640300E-02-2.775439174E-02-2.747337805E-02
-2.713260947E-02-2.673139824E-02-2.626911766E-02-2.574521698E-02-2.515921667E-02
-2.451070364E-02-2.379934517E-02-2.302488420E-02-2.218715496E-02-2.128604890E-02
-2.032157971E-02-1.929384476E-02-1.820302311E-02-1.704943294E-02-1.583349759E-02
-1.455579860E-02-1.321699112E-02-1.181785428E-02-1.035935335E-02-8.842457299E-03
-7.268316674E-03-5.638573267E-03-3.955936098E-03-2.225023632E-03-4.483096671E-04
 1.382133664E-03 3.282718635E-03 5.259261465E-03 7.310909911E-03 9.436881728E-03
 1.163678665E-02 1.391004667E-02 1.625580142E-02 1.867297435E-02 2.116041530E-02
 2.371705027E-02 2.634186527E-02 2.903382820E-02 3.179181391E-02 3.461453148E-02
 3.750055132E-02 4.044833723E-02 4.345632887E-02 4.652302343E-02 4.964693295E-02
 5.282654326E-02 5.606029634E-02 5.934657377E-02 6.268406143E-02 6.607294198E-02
 6.950543384E-02 4.794232749E-02 4.638273583E-02 4.483013298E-02 4.328586911E-02
 4.174997223E-02 4.022257766E-02 3.870380317E-02 3.719376815E-02 3.569265621E-02
 3.420075262E-02 3.271839899E-02 3.124592664E-02 2.978357812E-02 2.833147865E-02
 2.688973945E-02 2.545862647E-02 2.403869877E-02 2.263065363E-02 2.123504213E-02
 1.985204013E-02 1.848160309E-02 1.712382490E-02 1.577918595E-02 1.444836466E-02
 1.313190870E-02 1.183013010E-02 1.054332631E-02 9.271954945E-03 8.016555860E-03
 6.777597204E-03 5.555484151E-03 4.350699096E-03 3.163914149E-03 1.995941235E-03
 8.470472702E-04-2.844453094E-04-1.403563702E-03-2.512572736E-03-3.610746283E-03
-4.696071763E-03-5.766675009E-03-6.821250650E-03-7.858753274E-03-8.878281861E-03
-9.879018285E-03-1.086013241E-02-1.182075476E-02-1.275994764E-02-1.367669986E-02
-1.456991993E-02-1.543846931E-02-1.628114799E-02-1.709672144E-02-1.788392129E-02
-1.864145617E-02-1.936801326E-02-2.006225964E-02-2.072284654E-02-2.134841930E-02
-2.193761043E-02-2.248905509E-02-2.300138811E-02-2.347324863E-02-2.390329069E-02
-2.429018090E-02-2.463260428E-02-2.492927152E-02-2.517891955E-02-2.538031670E-02
-2.553226718E-02-2.563361380E-02-2.568324145E-02-2.568008069E-02-2.562311053E-02
-2.551136303E-02-2.534391962E-02-2.511992469E-02-2.483857392E-02-2.449913105E-02
-2.410092143E-02-2.364333024E-02-2.312581641E-02-2.254790803E-02-2.190920520E-02
-2.120937887E-02-2.044818552E-02-1.962547076E-02-1.874114674E-02-1.779523578E-02
-1.678787259E-02-1.571926368E-02-1.458976438E-02-1.339982776E-02-1.215003976E-02
-1.084105709E-02-9.473601871E-03-8.048606199E-03-6.567246314E-03-5.031149356E-03
-3.443289668E-03-1.808073630E-03-1.262034301E-04 1.612393902E-03 3.421340910E-03
 5.304946141E-03 7.262392763E-03 9.293184952E-03 1.139712406E-02 1.357384981E-02
 1.582286121E-02 1.814346423E-02 2.053470590E-02 2.299545684E-02 2.552457259E-02
 2.812102749E-02 3.078384754E-02 3.351203030E-02 3.630446178E-02 3.915985922E-02
 4.207681194E-02 4.505381503E-02 4.808935271E-02 5.118197127E-02 5.433023390E-02
 5.753267312E-02 6.078772401E-02 6.409403352E-02 6.745173370E-02 7.085304065E-02
 4.923358807E-02 4.768467185E-02 4.614299719E-02 4.460984636E-02 4.308508792E-02
 4.156878955E-02 4.006108489E-02 3.856217806E-02 3.707236789E-02 3.559199366E-02
 3.412136338E-02 3.266067374E-02 3.121001547E-02 2.976949197E-02 2.833939832E-02
 2.692033397E-02 2.551300536E-02 2.411793157E-02 2.273522396E-02 2.136478760E-02
 2.000669505E-02 1.866143576E-02 1.732970151E-02 1.601203949E-02 1.470873537E-02
 1.342004536E-02 1.214639657E-02 1.088832374E-02 9.646292548E-03 8.420681683E-03
 7.211940517E-03 6.020650340E-03 4.847363350E-03 3.692522187E-03 2.556747143E-03
 1.440813183E-03 3.442543175E-04-7.353658322E-04-1.802918339E-03-2.858696644E-03
-3.901378577E-03-4.929035108E-03-5.939991457E-03-6.933009658E-03-7.907059881E-03
-8.861223399E-03-9.794623507E-03-1.070637738E-02-1.159555938E-02-1.246119183E-02
-1.330224066E-02-1.411760529E-02-1.490613497E-02-1.566663987E-02-1.639789701E-02
-1.709866054E-02-1.776765960E-02-1.840361822E-02-1.900524373E-02-1.957123727E-02
-2.010029953E-02-2.059113127E-02-2.104243490E-02-2.145292701E-02-2.182133557E-02
-2.214640250E-02-2.242689462E-02-2.266160220E-02-2.284934340E-02-2.298896957E-02
-2.307936745E-02-2.311946258E-02-2.310822297E-02-2.304466186E-02-2.292784232E-02
-2.275687360E-02-2.253092548E-02-2.224921619E-02-2.191102995E-02-2.151571008E-02
-2.106265978E-02-2.055135362E-02-1.998133442E-02-1.935222172E-02-1.866369981E-02
-1.791554722E-02-1.710762775E-02-1.623988938E-02-1.531237195E-02-1.432524757E-02
-1.327875649E-02-1.217325287E-02-1.100918536E-02-9.787097072E-03-8.507661688E-03
-7.171676774E-03-5.780307300E-03-4.335495436E-03-2.840403515E-03-1.298665905E-03
 2.908965517E-04 1.941114205E-03 3.661804202E-03 5.455697044E-03 7.322113388E-03
 9.260644349E-03 1.127126492E-02 1.335385191E-02 1.550809069E-02 1.773354191E-02
 2.002964210E-02 2.239560402E-02 2.483039359E-02 2.733284898E-02 2.990185470E-02
 3.253643569E-02 3.523565412E-02 3.799853302E-02 4.082396534E-02 4.371067768E-02
 4.665727998E-02 4.966229928E-02 5.272426400E-02 5.584177007E-02 5.901342291E-02
 6.223774274E-02 6.551342670E-02 6.884056661E-02 7.221132415E-02 5.053938855E-02
 4.900130723E-02 4.747054705E-02 4.594830150E-02 4.443439481E-02 4.292893447E-02
 4.143215876E-02 3.994437622E-02 3.846591764E-02 3.699706253E-02 3.553796075E-02
 3.408867375E-02 3.264930589E-02 3.122019164E-02 2.980196642E-02 2.839533863E-02
 2.700078732E-02 2.561835938E-02 2.424791548E-02 2.288951393E-02 2.154365538E-02
 2.021104287E-02 1.889222184E-02 1.758745396E-02 1.629695728E-02 1.502112791E-02
 1.376049433E-02 1.251552325E-02 1.128656534E-02 1.007401856E-02 8.878450501E-03
 7.700461566E-03 6.540459190E-03 5.398754387E-03 4.275892425E-03 3.172654726E-03
 2.089822865E-03 1.027651361E-03-1.480584171E-05-1.040775813E-03-2.053517405E-03
-3.052597737E-03-4.036478260E-03-5.003327634E-03-5.951609673E-03-6.880117403E-03
-7.787801486E-03-8.673705990E-03-9.536903601E-03-1.037647272E-02-1.119145137E-02
-1.198083943E-02-1.274358534E-02-1.347859457E-02-1.418473105E-02-1.486082582E-02
-1.550567769E-02-1.611807882E-02-1.669679815E-02-1.724060130E-02-1.774824958E-02
-1.821850536E-02-1.865013232E-02-1.904190535E-02-1.939261090E-02-1.970104640E-02
-1.996603219E-02-2.018641067E-02-2.036104892E-02-2.048884468E-02-2.056872854E-02
-2.059966721E-02-2.058066707E-02-2.051077707E-02-2.038909339E-02-2.021475577E-02
-1.998696258E-02-1.970495859E-02-1.936805282E-02-1.897561150E-02-1.852706167E-02
-1.802189992E-02-1.745969141E-02-1.684008099E-02-1.616277772E-02-1.542758904E-02
-1.463440339E-02-1.378320526E-02-1.287404836E-02-1.190711153E-02-1.088264139E-02
-9.800962764E-03-8.662533911E-03-7.467938552E-03-6.218048158E-03-4.914139708E-03
-3.558371976E-03-2.154022866E-03-7.029430024E-04 7.985570512E-04 2.363723149E-03
 3.999287721E-03 5.706466339E-03 7.484806582E-03 9.334154599E-03 1.125444193E-02
 1.324555623E-02 1.530741506E-02 1.743981490E-02 1.964237881E-02 2.191461717E-02
 2.425589719E-02 2.666533963E-02 2.914184732E-02 3.168424654E-02 3.429146846E-02
 3.696258670E-02 3.969669566E-02 4.249283957E-02 4.534991518E-02 4.826666002E-02
 5.124170603E-02 5.427361276E-02 5.736095459E-02 6.050236858E-02 6.369644368E-02
 6.694195721E-02 7.023904876E-02 7.357983717E-02 5.185965755E-02 5.033229138E-02
 4.881220048E-02 4.730057093E-02 4.579728725E-02 4.430257495E-02 4.281675798E-02
 4.134015392E-02 3.987300731E-02 3.841542404E-02 3.696744213E-02 3.552917536E-02
 3.410100510E-02 3.268359782E-02 3.127765626E-02 2.988361154E-02 2.850144839E-02
 2.713098913E-02 2.577228412E-02 2.442584649E-02 2.309238853E-02 2.177245279E-02
 2.046627915E-02 1.917405049E-02 1.789613174E-02 1.663304307E-02 1.538525430E-02
 1.415309684E-02 1.293691947E-02 1.173725664E-02 1.055473388E-02 9.389785477E-03
 8.242656068E-03 7.113788711E-03 6.003904644E-03 4.913584536E-03 3.843224062E-03
 2.793480763E-03 1.765185798E-03 7.583488890E-04-2.280736756E-04-1.197827526E-03
-2.152611574E-03-3.091723255E-03-4.013724655E-03-4.916876132E-03-5.799684803E-03
-6.660945040E-03-7.499580401E-03-8.314598386E-03-9.105035547E-03-9.869929157E-03
-1.060829650E-02-1.131912573E-02-1.200137215E-02-1.265395379E-02-1.327575797E-02
-1.386565107E-02-1.442247398E-02-1.494505987E-02-1.543223193E-02-1.588281148E-02
-1.629562208E-02-1.666949389E-02-1.700326856E-02-1.729579767E-02-1.754595298E-02
-1.775262749E-02-1.791473641E-02-1.803122336E-02-1.810106290E-02-1.812326347E-02
-1.809687091E-02-1.802097152E-02-1.789469681E-02-1.771721982E-02-1.748777084E-02
-1.720562527E-02-1.687012152E-02-1.648065404E-02-1.603667964E-02-1.553772290E-02
-1.498337811E-02-1.437331895E-02-1.370728307E-02-1.298510133E-02-1.220667783E-02
-1.137200979E-02-1.048115017E-02-9.534268965E-03-8.531637478E-03-7.473625223E-03
-6.360852049E-03-5.194246482E-03-3.975341546E-03-2.706659112E-03-1.390713656E-03
-2.728103495E-05 1.391830991E-03 2.876065877E-03 4.429572154E-03 6.052822565E-03
 7.745844566E-03 9.508733592E-03 1.134152910E-02 1.324414353E-02 1.521638406E-02
 1.725814341E-02 1.936931693E-02 2.154963100E-02 2.379865049E-02 2.611583781E-02
 2.850048483E-02 3.095162876E-02 3.346812807E-02 3.604881638E-02 3.869268318E-02
 4.139884635E-02 4.416642884E-02 4.699449175E-02 4.988193364E-02 5.282750465E-02
 5.582985997E-02 5.888759429E-02 6.199932055E-02 6.516365837E-02 6.837945035E-02
 7.164691435E-02 7.495819956E-02 5.319393967E-02 5.167700559E-02 5.016730838E-02
 4.866610565E-02 4.717340469E-02 4.568949514E-02 4.421468622E-02 4.274918181E-02
 4.129304941E-02 3.984631025E-02 3.840909561E-02 3.698183810E-02 3.556522982E-02
 3.415996044E-02 3.276640606E-02 3.138449282E-02 3.001401084E-02 2.865500804E-02
 2.730801065E-02 2.597373826E-02 2.465272960E-02 2.334520474E-02 2.205131428E-02
 2.077139202E-02 1.950594787E-02 1.825545580E-02 1.702023538E-02 1.580058998E-02
 1.459701052E-02 1.341013784E-02 1.224045038E-02 1.108814528E-02 9.953539538E-03
 8.837343174E-03 7.740248287E-03 6.662603867E-03 5.604777346E-03 4.567410270E-03
 3.551144543E-03 2.556639882E-03 1.584503109E-03 6.346233038E-04-2.938158836E-04
-1.204390661E-03-2.098189908E-03-2.974360719E-03-3.831626784E-03-4.668387938E-03
-5.483136184E-03-6.274648821E-03-7.041825352E-03-7.783625792E-03-8.499054729E-03
-9.187129006E-03-9.846856681E-03-1.047722045E-02-1.107719157E-02-1.164571225E-02
-1.218170373E-02-1.268407425E-02-1.315171790E-02-1.358352019E-02-1.397836848E-02
-1.433515063E-02-1.465276330E-02-1.493011253E-02-1.516612094E-02-1.535973110E-02
-1.550990601E-02-1.561563504E-02-1.567593696E-02-1.568986271E-02-1.565649876E-02
-1.557497056E-02-1.544444724E-02-1.526413795E-02-1.503330817E-02-1.475126762E-02
-1.441738768E-02-1.403109456E-02-1.359187725E-02-1.309928849E-02-1.255294959E-02
-1.195255567E-02-1.129786400E-02-1.058871395E-02-9.825021025E-03-9.006796270E-03
-8.134125101E-03-7.207233857E-03-6.226559348E-03-5.192764133E-03-4.106973562E-03
-2.971155330E-03-1.787372729E-03-5.564037545E-04 7.246881719E-04 2.066339949E-03
 3.473628200E-03 4.948408958E-03 6.490817062E-03 8.101209622E-03 9.780170773E-03
 1.152799247E-02 1.334465888E-02 1.523006977E-02 1.718402431E-02 1.920632229E-02
 2.129687910E-02 2.345554170E-02 2.568196428E-02 2.797566374E-02 3.033605378E-02
 3.276234571E-02 3.525350661E-02 3.780836798E-02 4.042578966E-02 4.310482467E-02
 4.584462930E-02 4.864435204E-02 5.150306634E-02 5.441967175E-02 5.739293295E-02
 6.042153155E-02 6.350409081E-02 6.663920440E-02 6.982574574E-02 7.306399908E-02
 7.634616079E-02 5.454159196E-02 5.303483579E-02 5.153539017E-02 5.004461756E-02
 4.856256989E-02 4.708949809E-02 4.562557064E-02 4.417082355E-02 4.272526864E-02
 4.128906269E-02 3.986269047E-02 3.844686391E-02 3.704225272E-02 3.564917234E-02
 3.426749437E-02 3.289698279E-02 3.153768797E-02 3.019014933E-02 2.885509187E-02
 2.753304973E-02 2.622422502E-02 2.492873873E-02 2.364689391E-02 2.237918829E-02
 2.112610021E-02 1.988794386E-02 1.866498263E-02 1.745765663E-02 1.626660863E-02
 1.509236935E-02 1.393512506E-02 1.279506930E-02 1.167283736E-02 1.056921155E-02
 9.484597609E-03 8.419249926E-03 7.373735781E-03 6.348717684E-03 5.344631448E-03
 4.361937836E-03 3.401326938E-03 2.463608724E-03 1.549212573E-03 6.579614380E-04
-2.105321893E-04-1.059182967E-03-1.889217900E-03-2.699690782E-03-3.489577390E-03
-4.257444128E-03-5.001767763E-03-5.721266391E-03-6.414820961E-03-7.081367043E-03
-7.719880727E-03-8.329354216E-03-8.908797406E-03-9.457204537E-03-9.973561172E-03
-1.045684202E-02-1.090601162E-02-1.132002374E-02-1.169783314E-02-1.203839164E-02
-1.234065483E-02-1.260358735E-02-1.282616578E-02-1.300738422E-02-1.314625532E-02
-1.324181570E-02-1.329312966E-02-1.329929192E-02-1.325943100E-02-1.317271298E-02
-1.303834611E-02-1.285557704E-02-1.262370744E-02-1.234208172E-02-1.201010343E-02
-1.162722865E-02-1.119297463E-02-1.070691701E-02-1.016869927E-02-9.578036109E-03
-8.934711117E-03-8.238586556E-03-7.489629630E-03-6.687940764E-03-5.833786379E-03
-4.927636594E-03-3.970391233E-03-2.963591544E-03-1.908763508E-03-8.067550527E-04
 3.434341567E-04 1.550284228E-03 2.818892291E-03 4.152240462E-03 5.551272514E-03
 7.016109468E-03 8.547086455E-03 1.014483014E-02 1.181001178E-02 1.354303955E-02
 1.534393339E-02 1.721256002E-02 1.914873301E-02 2.115218309E-02 2.322274862E-02
 2.536034665E-02 2.756475873E-02 2.983557183E-02 3.217226375E-02 3.457419515E-02
 3.704049623E-02 3.957007893E-02 4.216176393E-02 4.481445610E-02 4.752726991E-02
 5.029939452E-02 5.313000140E-02 5.601817173E-02 5.896280667E-02 6.196268951E-02
 6.501652208E-02 6.812289906E-02 7.128066767E-02 7.449014631E-02 7.774357359E-02
 5.590203550E-02 5.440538122E-02 5.291622013E-02 5.143595525E-02 4.996457275E-02
 4.850215922E-02 4.704873394E-02 4.560430859E-02 4.416907329E-02 4.274356234E-02
 4.132850157E-02 3.992453440E-02 3.853191158E-02 3.715045461E-02 3.577990710E-02
 3.442032607E-02 3.307226387E-02 3.173644915E-02 3.041341085E-02 2.910333472E-02
 2.780631470E-02 2.652262363E-02 2.525274537E-02 2.399716219E-02 2.275618824E-02
 2.153005318E-02 2.031914277E-02 1.912408757E-02 1.794546903E-02 1.678349671E-02
 1.563825931E-02 1.451027167E-02 1.340037203E-02 1.230907704E-02 1.123656131E-02
 1.018325306E-02 9.149862340E-03 8.136900401E-03 7.144722568E-03 6.173887926E-03
 5.225040851E-03 4.298663835E-03 3.395254066E-03 2.515607962E-03 1.660331977E-03
 8.293555309E-04 2.253499838E-05-7.617381268E-04-1.525546267E-03-2.268001642E-03
-2.988087679E-03-3.684656234E-03-4.356347778E-03-5.001801809E-03-5.619834879E-03
-6.209372842E-03-6.769378684E-03-7.298830590E-03-7.796731866E-03-8.262090992E-03
-8.693919852E-03-9.091228704E-03-9.453030689E-03-9.778338423E-03-1.006616594E-02
-1.031553761E-02-1.052548664E-02-1.069506125E-02-1.082332660E-02-1.090936914E-02
-1.095230085E-02-1.095126198E-02-1.090542439E-02-1.081399560E-02-1.067622326E-02
-1.049139128E-02-1.025883682E-02-9.977938069E-03-9.648130108E-03-9.268900095E-03
-8.839796407E-03-8.360424134E-03-7.830464771E-03-7.249681514E-03-6.617936928E-03
-5.935215807E-03-5.201654424E-03-4.417600288E-03-3.583837748E-03-2.701470606E-03
-1.771491315E-03-7.944874246E-04 2.300038017E-04 1.308832506E-03 2.446568288E-03
 3.646031625E-03 4.908495641E-03 6.234313019E-03 7.624252631E-03 9.078959993E-03
 1.059878634E-02 1.218419674E-02 1.383585093E-02 1.555431556E-02 1.733973516E-02
 1.919195535E-02 2.111077557E-02 2.309592441E-02 2.514712303E-02 2.726426025E-02
 2.944722608E-02 3.169572735E-02 3.400929618E-02 3.638737575E-02 3.882926629E-02
 4.133402227E-02 4.390051619E-02 4.652757332E-02 4.921415880E-02 5.195944225E-02
 5.476264107E-02 5.762294715E-02 6.053944509E-02 6.351104169E-02 6.653653355E-02
 6.961458579E-02 7.274403857E-02 7.592518619E-02 7.915028936E-02 5.727494820E-02
 5.578846501E-02 5.430966109E-02 5.283988366E-02 5.137893300E-02 4.992676956E-02
 4.848342221E-02 4.704912460E-02 4.562445407E-02 4.421014417E-02 4.280680656E-02
 4.141462480E-02 4.003337500E-02 3.866278576E-02 3.730292434E-02 3.595435554E-02
 3.461780992E-02 3.329381075E-02 3.198252891E-02 3.068403367E-02 2.939856842E-02
 2.812660153E-02 2.686861837E-02 2.562493718E-02 2.439576060E-02 2.318141976E-02
 2.198251899E-02 2.079968326E-02 1.963317269E-02 1.848300045E-02 1.734953118E-02
 1.623360811E-02 1.513588846E-02 1.405653584E-02 1.299581008E-02 1.195439521E-02
 1.093291141E-02 9.931676370E-03 8.951128766E-03 7.991950203E-03 7.054679972E-03
 6.139676724E-03 5.247416483E-03 4.378543534E-03 3.533775707E-03 2.713822311E-03
 1.919114626E-03 1.149704583E-03 4.057283698E-04-3.128416149E-04-1.008245257E-03
-1.680656168E-03-2.328866298E-03-2.952002519E-03-3.548956182E-03-4.118487858E-03
-4.659365558E-03-5.170422998E-03-5.650609542E-03-6.098916072E-03-6.514352347E-03
-6.895940840E-03-7.242721995E-03-7.553749400E-03-7.828082445E-03-8.064795255E-03
-8.262972285E-03-8.421712612E-03-8.540132379E-03-8.617367572E-03-8.652578206E-03
-8.644950839E-03-8.593701772E-03-8.498081352E-03-8.357378418E-03-8.170916783E-03
-7.938073306E-03-7.658267012E-03-7.330975584E-03-6.955734365E-03-6.532151574E-03
-6.059914764E-03-5.538806202E-03-4.968709417E-03-4.349673687E-03-3.682039688E-03
-2.966399570E-03-2.203402765E-03-1.393358702E-03-5.368330445E-04 3.671756930E-04
 1.324700763E-03 2.338661594E-03 3.411340428E-03 4.544400589E-03 5.738517500E-03
 6.994176470E-03 8.311939442E-03 9.692729855E-03 1.113741782E-02 1.264632755E-02
 1.421970291E-02 1.585812177E-02 1.756225577E-02 1.933244344E-02 2.116858717E-02
 2.307044073E-02 2.503774220E-02 2.707015612E-02 2.916745187E-02 3.132954819E-02
 3.355628348E-02 3.584728991E-02 3.820205867E-02 4.061999802E-02 4.310033949E-02
 4.564207361E-02 4.824404844E-02 5.090510870E-02 5.362428917E-02 5.640080707E-02
 5.923390427E-02 6.212279031E-02 6.506655212E-02 6.806409741E-02 7.111418000E-02
 7.421570285E-02 7.736894667E-02 8.056614344E-02 5.866019682E-02 5.718394949E-02
 5.571544177E-02 5.425586730E-02 5.280491982E-02 5.136260382E-02 4.992921449E-02
 4.850536611E-02 4.709179302E-02 4.568907008E-02 4.429731288E-02 4.291625692E-02
 4.154562067E-02 4.018548469E-02 3.883642547E-02 3.749917401E-02 3.617424740E-02
 3.486180304E-02 3.356188777E-02 3.227471640E-02 3.100074044E-02 2.974044715E-02
 2.849416201E-02 2.726206711E-02 2.604444152E-02 2.484185069E-02 2.365495177E-02
 2.248407408E-02 2.132919012E-02 2.019050557E-02 1.906881146E-02 1.796489839E-02
 1.687899645E-02 1.581121513E-02 1.476213010E-02 1.373246116E-02 1.272257460E-02
 1.173277002E-02 1.076367420E-02 9.815936997E-03 8.889925047E-03 7.985996102E-03
 7.104707873E-03 6.246753479E-03 5.412785769E-03 4.603195454E-03 3.818344873E-03
 3.058883090E-03 2.325648463E-03 1.619140228E-03 9.392822657E-04 2.864473369E-04
-3.393716213E-04-9.398894988E-04-1.514900660E-03-2.063164248E-03-2.583686882E-03
-3.075576965E-03-3.537716493E-03-3.968986250E-03-4.368315819E-03-4.734646968E-03
-5.066988638E-03-5.364399502E-03-5.625955988E-03-5.850756949E-03-6.037919295E-03
-6.186578733E-03-6.295891938E-03-6.365037449E-03-6.393219365E-03-6.379669834E-03
-6.323652004E-03-6.224464529E-03-6.081446328E-03-5.893974314E-03-5.661483716E-03
-5.383460184E-03-5.059458065E-03-4.689103314E-03-4.272132448E-03-3.808447952E-03
-3.298067556E-03-2.741167757E-03-2.137990967E-03-1.488449471E-03-7.929359011E-04
-5.170582788E-05 7.384382622E-04 1.581191056E-03 2.478146574E-03 3.431366191E-03
 4.442132762E-03 5.511084948E-03 6.639042539E-03 7.826975722E-03 9.075616480E-03
 1.038544738E-02 1.175722134E-02 1.319192578E-02 1.469004918E-02 1.625168485E-02
 1.787719689E-02 1.956726475E-02 2.132244177E-02 2.314278003E-02 2.502801608E-02
 2.697786155E-02 2.899198828E-02 3.107004431E-02 3.321187204E-02 3.541738886E-02
 3.768636504E-02 4.001836586E-02 4.241285265E-02 4.486919416E-02 4.738654952E-02
 4.996385927E-02 5.259996035E-02 5.529373207E-02 5.804428243E-02 6.085086804E-02
 6.371275260E-02 6.662916264E-02 6.959917813E-02 7.262165259E-02 7.569557244E-02
 7.882127386E-02 8.199096802E-02 6.005764735E-02 5.859151146E-02 5.713297638E-02
 5.568316466E-02 5.424184914E-02 5.280934245E-02 5.138629948E-02 4.997344982E-02
 4.857132619E-02 4.717997706E-02 4.579910215E-02 4.442841409E-02 4.306800935E-02
 4.171847522E-02 4.038054168E-02 3.905471935E-02 3.774115332E-02 3.643987008E-02
 3.515105695E-02 3.387514732E-02 3.261262897E-02 3.136383679E-02 3.012893862E-02
 2.890816546E-02 2.770203419E-02 2.651122020E-02 2.533613086E-02 2.417673333E-02
 2.303308809E-02 2.190587710E-02 2.079598996E-02 1.970378923E-02 1.862928676E-02
 1.757288489E-02 1.653534861E-02 1.551716519E-02 1.451854556E-02 1.353997686E-02
 1.258218096E-02 1.164561595E-02 1.073054798E-02 9.837420485E-03 8.966887539E-03
 8.119698908E-03 7.296361039E-03 6.497101642E-03 5.722294027E-03 4.972573126E-03
 4.248696767E-03 3.551308834E-03 2.881014751E-03 2.238342727E-03 1.623724647E-03
 1.037198600E-03 4.791577542E-04-4.984619958E-05-5.503392751E-04-1.022845865E-03
-1.466434329E-03-1.879919060E-03-2.262285771E-03-2.612720531E-03-2.930289803E-03
-3.214003148E-03-3.462901910E-03-3.676069257E-03-3.852621524E-03-3.991704365E-03
-4.092493463E-03-4.154194135E-03-4.176045976E-03-4.157326050E-03-4.097351568E-03
-3.995484333E-03-3.851135765E-03-3.663767396E-03-3.432913949E-03-3.158179615E-03
-2.839265621E-03-2.475987470E-03-2.068192077E-03-1.615560984E-03-1.118041346E-03
-5.759763505E-04 1.071266454E-05 6.447912081E-04 1.328614968E-03 2.063115464E-03
 2.849651059E-03 3.689873820E-03 4.585010591E-03 5.535847907E-03 6.543061112E-03
 7.607446011E-03 8.729941269E-03 9.911579155E-03 1.115320459E-02 1.245522112E-02
 1.381812747E-02 1.524289959E-02 1.673030516E-02 1.828043540E-02 1.989337955E-02
 2.156970687E-02 2.331010422E-02 2.511485935E-02 2.698378082E-02 2.891652746E-02
 3.091277397E-02 3.297213287E-02 3.509429867E-02 3.727917169E-02 3.952663771E-02
 4.183639098E-02 4.420794531E-02 4.664073771E-02 4.913408939E-02 5.168708949E-02
 5.429864264E-02 5.696758661E-02 5.969285088E-02 6.247361390E-02 6.530916407E-02
 6.819878755E-02 7.114171779E-02 7.413696905E-02 7.718361733E-02 8.028207920E-02
 8.342460643E-02 6.146692538E-02 6.001051984E-02 5.856152165E-02 5.712114294E-02
 5.568950696E-02 5.426725488E-02 5.285511530E-02 5.145357511E-02 5.006261764E-02
 4.868191153E-02 4.731116741E-02 4.595049967E-02 4.460050545E-02 4.326191243E-02
 4.193522448E-02 4.062057548E-02 3.931797348E-02 3.802757947E-02 3.674980772E-02
 3.548514497E-02 3.423393693E-02 3.299634308E-02 3.177255135E-02 3.056302339E-02
 2.936843816E-02 2.818928049E-02 2.702554615E-02 2.587717650E-02 2.474470080E-02
 2.362905694E-02 2.253077888E-02 2.144985349E-02 2.038648203E-02 1.934139502E-02
 1.831522885E-02 1.730819175E-02 1.632059295E-02 1.535313821E-02 1.440643112E-02
 1.348072415E-02 1.257632087E-02 1.169378187E-02 1.083386085E-02 9.997252854E-03
 9.184236067E-03 8.395002026E-03 7.630019012E-03 6.890013748E-03 6.175736367E-03
 5.487716204E-03 4.826377435E-03 4.192227876E-03 3.585952483E-03 3.008097190E-03
 2.459090746E-03 1.939512887E-03 1.449675876E-03 9.898170150E-04 5.605083924E-04
 1.624755415E-04-2.038430628E-04-5.387577739E-04-8.417806006E-04-1.111931907E-03
-1.348255777E-03-1.549882319E-03-1.715987499E-03-1.845766927E-03-1.938436938E-03
-1.993247196E-03-2.009487340E-03-1.986487293E-03-1.923618051E-03-1.820295353E-03
-1.675980643E-03-1.490177339E-03-1.262457389E-03-9.924626121E-04-6.799478139E-04
-3.248412252E-04 7.326647653E-05 5.161841267E-04 1.005159864E-03 1.540842859E-03
 2.123989686E-03 2.756092076E-03 3.438635811E-03 4.172584601E-03 4.958531785E-03
 5.797232208E-03 6.689817402E-03 7.637402338E-03 8.640704092E-03 9.700414645E-03
 1.081743306E-02 1.199275642E-02 1.322731332E-02 1.452156004E-02 1.587576983E-02
 1.729074045E-02 1.876746139E-02 2.030622329E-02 2.190692725E-02 2.356987848E-02
 2.529577368E-02 2.708515716E-02 2.893801014E-02 3.085398181E-02 3.283270805E-02
 3.487381513E-02 3.697689109E-02 3.914171568E-02 4.136821482E-02 4.365621986E-02
 4.600535007E-02 4.841508391E-02 5.088483442E-02 5.341386556E-02 5.600120573E-02
 5.864573652E-02 6.134630778E-02 6.410191383E-02 6.691179505E-02 6.977526805E-02
 7.269163355E-02 7.566007093E-02 7.867980340E-02 8.175133131E-02 8.486696499E-02
 6.288734597E-02 6.144023162E-02 6.000049294E-02 5.856968260E-02 5.714821968E-02
 5.573677887E-02 5.433580543E-02 5.294522276E-02 5.156467326E-02 5.019386911E-02
 4.883294451E-02 4.748250496E-02 4.614327436E-02 4.481574945E-02 4.350005407E-02
 4.219617989E-02 4.090426300E-02 3.962469750E-02 3.835796725E-02 3.710442920E-02
 3.586424016E-02 3.463755098E-02 3.342476472E-02 3.222654944E-02 3.104345768E-02
 2.987554459E-02 2.872266609E-02 2.758517371E-02 2.646399411E-02 2.535983796E-02
 2.427274668E-02 2.320274108E-02 2.215042885E-02 2.111656569E-02 2.010145461E-02
 1.910525733E-02 1.812855546E-02 1.717207732E-02 1.623616658E-02 1.532101029E-02
 1.442704114E-02 1.355493960E-02 1.270551316E-02 1.187924374E-02 1.107622929E-02
 1.029673142E-02 9.541343485E-03 8.810891006E-03 8.106057842E-03 7.427270969E-03
 6.774901923E-03 6.149549311E-03 5.551864811E-03 4.982145569E-03 4.440848480E-03
 3.928672815E-03 3.446205871E-03 2.993926098E-03 2.572364939E-03 2.182167489E-03
 1.823838350E-03 1.497608101E-03 1.203912527E-03 9.434154613E-04 7.167915232E-04
 5.245896573E-04 3.673245869E-04 2.455785825E-04 1.599904931E-04 1.111823337E-04
 9.975964290E-05 1.263300736E-04 1.915079595E-04 2.959094109E-04 4.401655517E-04
 6.249644687E-04 8.510074964E-04 1.118991397E-03 1.429602974E-03 1.783447187E-03
 2.181232951E-03 2.624093695E-03 3.113128887E-03 3.649148537E-03 4.232941050E-03
 4.865497312E-03 5.547921756E-03 6.281094392E-03 7.065587784E-03 7.902147443E-03
 8.791873094E-03 9.736002212E-03 1.073531226E-02 1.179033249E-02 1.290186075E-02
 1.407085138E-02 1.529828126E-02 1.658475509E-02 1.793042691E-02 1.933579019E-02
 2.080188421E-02 2.232934775E-02 2.391806471E-02 2.556801048E-02 2.727975431E-02
 2.905399541E-02 3.089098513E-02 3.279045923E-02 3.475199737E-02 3.677521990E-02
 3.885970097E-02 4.100506223E-02 4.321116717E-02 4.547793330E-02 4.780512340E-02
 5.019229140E-02 5.263889304E-02 5.514431306E-02 5.770775102E-02 6.032818784E-02
 6.300449362E-02 6.573554168E-02 6.852040079E-02 7.135836565E-02 7.424876974E-02
 7.719086972E-02 8.018406297E-02 8.322898393E-02 8.631800601E-02 6.431821740E-02
 6.288019316E-02 6.144992782E-02 6.002921471E-02 5.861846985E-02 5.721804607E-02
 5.582782197E-02 5.444741866E-02 5.307655155E-02 5.171537542E-02 5.036450346E-02
 4.902465515E-02 4.769632027E-02 4.637961335E-02 4.507451100E-02 4.378112551E-02
 4.249983030E-02 4.123110508E-02 3.997531819E-02 3.873262836E-02 3.750315479E-02
 3.628724060E-02 3.508553065E-02 3.389863325E-02 3.272668426E-02 3.156949031E-02
 3.042722018E-02 2.930073169E-02 2.819088298E-02 2.709784551E-02 2.602151464E-02
 2.496230469E-02 2.392102372E-02 2.289813668E-02 2.189373569E-02 2.090820702E-02
 1.994231733E-02 1.899657964E-02 1.807114182E-02 1.716628140E-02 1.628256865E-02
 1.542080454E-02 1.458171085E-02 1.376547507E-02 1.297215794E-02 1.220215321E-02
 1.145620254E-02 1.073515360E-02 1.003956201E-02 9.369771292E-03 8.726186219E-03
 8.109529826E-03 7.520314926E-03 6.958713104E-03 6.425322034E-03 5.920849168E-03
 5.445762956E-03 5.000456559E-03 4.585543139E-03 4.201737884E-03 3.849582359E-03
 3.529443651E-03 3.241784878E-03 2.987270543E-03 2.766562653E-03 2.580096460E-03
 2.428268135E-03 2.311626340E-03 2.230831829E-03 2.186496773E-03 2.179202643E-03
 2.209542777E-03 2.278126707E-03 2.385563590E-03 2.532486372E-03 2.719650378E-03
 2.947842055E-03 3.217825380E-03 3.530380418E-03 3.886181078E-03 4.285914025E-03
 4.730439930E-03 5.220769560E-03 5.757627966E-03 6.341639820E-03 6.973850285E-03
 7.655481615E-03 8.387473339E-03 9.170315011E-03 1.000462427E-02 1.089141159E-02
 1.183195899E-02 1.282716797E-02 1.387746101E-02 1.498348872E-02 1.614615001E-02
 1.736642838E-02 1.864509761E-02 1.998233013E-02 2.137830695E-02 2.283392033E-02
 2.435012116E-02 2.592699447E-02 2.756428806E-02 2.926227351E-02 3.102166195E-02
 3.284299250E-02 3.472619320E-02 3.667084433E-02 3.867651620E-02 4.074279814E-02
 4.286923284E-02 4.505552854E-02 4.730160113E-02 4.960733205E-02 5.197240845E-02
 5.439633603E-02 5.687855415E-02 5.941841113E-02 6.201504155E-02 6.466739214E-02
 6.737433113E-02 7.013476812E-02 7.294785254E-02 7.581291699E-02 7.872925143E-02
 8.169634255E-02 8.471500409E-02 8.777772346E-02 6.575946585E-02 6.433089004E-02
 6.291063696E-02 6.150052613E-02 6.010061721E-02 5.871071195E-02 5.733044003E-02
 5.595952034E-02 5.459811244E-02 5.324682613E-02 5.190636917E-02 5.057723556E-02
 4.925953944E-02 4.795324914E-02 4.665844883E-02 4.537548439E-02 4.410482535E-02
 4.284685514E-02 4.160174519E-02 4.036959541E-02 3.915068269E-02 3.794560592E-02
 3.675500895E-02 3.557913567E-02 3.441779643E-02 3.327098532E-02 3.213941770E-02
 3.102404479E-02 2.992523846E-02 2.884285529E-02 2.777707214E-02 2.672865059E-02
 2.569824011E-02 2.468597465E-02 2.369203514E-02 2.271710120E-02 2.176186300E-02
 2.082654467E-02 1.991128258E-02 1.901651435E-02 1.814294451E-02 1.729141902E-02
 1.646239403E-02 1.565585441E-02 1.487195955E-02 1.411125764E-02 1.337461888E-02
 1.266280928E-02 1.197625058E-02 1.131523376E-02 1.068027668E-02 1.007215687E-02
 9.491159590E-03 8.937486863E-03 8.411886540E-03 7.915010070E-03 7.447232569E-03
 7.008938886E-03 6.600840807E-03 6.223680084E-03 5.877921689E-03 5.563817206E-03
 5.281865012E-03 5.032834113E-03 4.817423191E-03 4.636005742E-03 4.488935357E-03
 4.376801296E-03 4.300323415E-03 4.260128370E-03 4.256794166E-03 4.290911011E-03
 4.363081737E-03 4.473892829E-03 4.623947272E-03 4.814017234E-03 5.044906059E-03
 5.317352801E-03 5.632115107E-03 5.989790726E-03 6.390973914E-03 6.836553231E-03
 7.327611942E-03 7.864881787E-03 8.448842971E-03 9.080494835E-03 9.761122440E-03
 1.049176289E-02 1.127285595E-02 1.210484771E-02 1.298862499E-02 1.392546671E-02
 1.491644472E-02 1.596196496E-02 1.706249197E-02 1.821884857E-02 1.943199298E-02
 2.070281514E-02 2.203163819E-02 2.341844657E-02 2.486381521E-02 2.636881620E-02
 2.793391764E-02 2.955883225E-02 3.124346448E-02 3.298838615E-02 3.479430056E-02
 3.666142788E-02 3.858945214E-02 4.057789190E-02 4.262632052E-02 4.473428310E-02
 4.690134053E-02 4.912730605E-02 5.141210776E-02 5.375556857E-02 5.615730031E-02
 5.861678037E-02 6.113343312E-02 6.370655849E-02 6.633523013E-02 6.901837516E-02
 7.175486987E-02 7.454367847E-02 7.738402742E-02 8.027521483E-02 8.321675930E-02
 8.620957758E-02 8.924633526E-02 6.720985809E-02 6.579123921E-02 6.438147503E-02
 6.298211284E-02 6.159260436E-02 6.021250535E-02 5.884152403E-02 5.747984999E-02
 5.612812990E-02 5.478708432E-02 5.345721190E-02 5.213859685E-02 5.083117993E-02
 4.953501509E-02 4.825043779E-02 4.697792252E-02 4.571786961E-02 4.447045101E-02
 4.323573498E-02 4.201393360E-02 4.080561602E-02 3.961146963E-02 3.843184373E-02
 3.726653967E-02 3.611539212E-02 3.497896388E-02 3.385827699E-02 3.275391811E-02
 3.166574203E-02 3.059369869E-02 2.953844802E-02 2.850078945E-02 2.748097483E-02
 2.647903126E-02 2.549546071E-02 2.453106762E-02 2.358624838E-02 2.266105657E-02
 2.175576303E-02 2.087095091E-02 2.000746301E-02 1.916604916E-02 1.834681143E-02
 1.754968941E-02 1.677500572E-02 1.602348588E-02 1.529605782E-02 1.459333150E-02
 1.391561500E-02 1.326319576E-02 1.263676777E-02 1.203703545E-02 1.146404362E-02
 1.091815810E-02 1.040022174E-02 9.910788457E-03 9.450154663E-03 9.018757064E-03
 8.617408040E-03 8.246837780E-03 7.907405504E-03 7.599299754E-03 7.323086175E-03
 7.079624684E-03 6.869598736E-03 6.693299308E-03 6.551043081E-03 6.443467158E-03
 6.371332455E-03 6.335266459E-03 6.335838612E-03 6.373633820E-03 6.449247494E-03
 6.563246022E-03 6.716207730E-03 6.908925372E-03 7.142228858E-03 7.416845902E-03
 7.733532228E-03 8.092847177E-03 8.495303640E-03 8.941771160E-03 9.433386928E-03
 9.970933833E-03 1.055476128E-02 1.118576692E-02 1.186526735E-02 1.259440816E-02
 1.337364227E-02 1.420324705E-02 1.508396647E-02 1.601702376E-02 1.700365841E-02
 1.804435453E-02 1.913938664E-02 2.028946936E-02 2.149551509E-02 2.275846909E-02
 2.407887828E-02 2.545666676E-02 2.689202074E-02 2.838594152E-02 2.993930575E-02
 3.155198558E-02 3.322360424E-02 3.495442972E-02 3.674518702E-02 3.859641737E-02
 4.050800177E-02 4.247946374E-02 4.451031951E-02 4.660012981E-02 4.874840140E-02
 5.095476910E-02 5.321912760E-02 5.554139537E-02 5.792133100E-02 6.035847929E-02
 6.285229913E-02 6.540219893E-02 6.800742544E-02 7.066700271E-02 7.337984369E-02
 7.614483642E-02 7.896099591E-02 8.182756335E-02 8.474407975E-02 8.771149539E-02
 9.072260980E-02
 1.029999912E+00 1.036657706E+00 1.043017775E+00 1.049256124E+00 1.055381313E+00
 1.061404365E+00 1.067334183E+00 1.073181397E+00 1.078955765E+00 1.084667289E+00
 1.090326276E+00 1.095942874E+00 1.101526385E+00 1.107087190E+00 1.112635623E+00
 1.118181381E+00 1.123734424E+00 1.129304874E+00 1.134902684E+00 1.140537952E+00
 1.146220621E+00 1.151960804E+00 1.157768599E+00 1.163654008E+00 1.169626619E+00
 1.175696392E+00 1.181874122E+00 1.188169632E+00 1.194592459E+00 1.201152736E+00
 1.207860688E+00 1.214726359E+00 1.221759672E+00 1.228970533E+00 1.236368971E+00
 1.243964864E+00 1.251768821E+00 1.259790601E+00 1.268039630E+00 1.276526684E+00
 1.285261640E+00 1.294253925E+00 1.303514054E+00 1.313052230E+00 1.322878422E+00
 1.333002311E+00 1.343433566E+00 1.354182817E+00 1.365260225E+00 1.376675506E+00
 1.388438586E+00 1.400559460E+00 1.413048359E+00 1.425915061E+00 1.439169746E+00
 1.452822368E+00 1.466882718E+00 1.481361633E+00 1.496268799E+00 1.511613290E+00
 1.527406158E+00 1.543656995E+00 1.560376210E+00 1.577573846E+00 1.595258552E+00
 1.613441662E+00 1.632133190E+00 1.651342255E+00 1.671080340E+00 1.691356838E+00
 1.712180520E+00 1.733562837E+00 1.755513748E+00 1.778042369E+00 1.801159532E+00
 1.824874973E+00 1.849198344E+00 1.874140428E+00 1.899711033E+00 1.925919499E+00
 1.952776127E+00 1.980291574E+00 2.008475652E+00 2.037337688E+00 2.066887895E+00
 2.097136989E+00 2.128094591E+00 2.159770086E+00 2.192174449E+00 2.225317339E+00
 2.259208446E+00 2.293858546E+00 2.329276620E+00 2.365473962E+00 2.402459299E+00
 2.440243475E+00 2.478835681E+00 2.518247147E+00 2.558487006E+00 2.599565769E+00
 2.641492761E+00 2.684278215E+00 2.727933139E+00 2.772466653E+00 2.817888855E+00
 2.864209212E+00 2.911438454E+00 2.959586792E+00 3.008663917E+00 3.058680033E+00
 3.109644399E+00 3.161567580E+00 3.214458841E+00 3.268331466E+00 3.323205748E+00
 3.379097237E+00 3.435988723E+00 3.493805022E+00 3.552419100E+00 3.611695842E+00
 3.671564974E+00 3.732104843E+00 3.793619034E+00 3.856698492E+00 3.922257159E+00
 3.991546638E+00 4.066133527E+00 4.147841599E+00 4.238627381E+00
  300    5
 2.300000246E+00-1.507801915E-08 2.299971528E+00 8.904224480E-03 2.299885595E+00
 1.781272012E-02 2.299742526E+00 2.672975478E-02 2.299541978E+00 3.565961699E-02
 2.299283247E+00 4.460658025E-02 2.298965332E+00 5.357489063E-02 2.298587574E+00
 6.256884686E-02 2.298149375E+00 7.159280762E-02 2.297649689E+00 8.065111902E-02
 2.297087226E+00 8.974812892E-02 2.296460558E+00 9.888820389E-02 2.295768071E+00
 1.080757224E-01 2.295007969E+00 1.173150739E-01 2.294178304E+00 1.266106695E-01
 2.293277023E+00 1.359669606E-01 2.292302071E+00 1.453884860E-01 2.291250890E+00
 1.548797068E-01 2.290120358E+00 1.644449487E-01 2.288907221E+00 1.740885379E-01
 2.287608255E+00 1.838148832E-01 2.286220434E+00 1.936285841E-01 2.284740463E+00
 2.035342514E-01 2.283164341E+00 2.135362749E-01 2.281486801E+00 2.236384496E-01
 2.279703632E+00 2.338451780E-01 2.277810713E+00 2.441610586E-01 2.275801739E+00
 2.545894867E-01 2.273670870E+00 2.651341335E-01 2.271412285E+00 2.757987326E-01
 2.269019312E+00 2.865864822E-01 2.266485365E+00 2.975006564E-01 2.263803192E+00
 3.085440527E-01 2.260964991E+00 3.197190089E-01 2.257962781E+00 3.310276598E-01
 2.254786994E+00 3.424706567E-01 2.251428609E+00 3.540489033E-01 2.247878343E+00
 3.657628813E-01 2.244125311E+00 3.776112372E-01 2.240157960E+00 3.895914480E-01
 2.235965844E+00 4.017016321E-01 2.231537341E+00 4.139381255E-01 2.226859336E+00
 4.262947869E-01 2.221918915E+00 4.387647027E-01 2.216702612E+00 4.513391412E-01
 2.211197058E+00 4.640081716E-01 2.205388129E+00 4.767593025E-01 2.199261566E+00
 4.895779746E-01 2.192803285E+00 5.024477324E-01 2.185998553E+00 5.153485803E-01
 2.178833351E+00 5.282586808E-01 2.171294226E+00 5.411538402E-01 2.163368247E+00
 5.540070320E-01 2.155042943E+00 5.667877488E-01 2.146306865E+00 5.794624852E-01
 2.137150169E+00 5.919954711E-01 2.127564662E+00 6.043483839E-01 2.117544374E+00
 6.164812742E-01 2.107085157E+00 6.283512308E-01 2.096185054E+00 6.399127021E-01
 2.084845377E+00 6.511201504E-01 2.073070664E+00 6.619281812E-01 2.060868104E+00
 6.722897197E-01 2.048248603E+00 6.821596817E-01 2.035226088E+00 6.914930426E-01
 2.021818074E+00 7.002476629E-01 2.008045222E+00 7.083836384E-01 1.993931315E+00
 7.158645026E-01 1.979503096E+00 7.226584811E-01 1.964789490E+00 7.287358783E-01
 1.949821987E+00 7.340744290E-01 1.934633643E+00 7.386558587E-01 1.919258837E+00
 7.424674930E-01 1.903732742E+00 7.455015415E-01 1.888090891E+00 7.477543986E-01
 1.872368824E+00 7.492287191E-01 1.856601563E+00 7.499320318E-01 1.840823272E+00
 7.498751104E-01 1.825066949E+00 7.490727990E-01 1.809364078E+00 7.475440913E-01
 1.793744447E+00 7.453105256E-01 1.778236123E+00 7.423948904E-01 1.762864943E+00
 7.388240664E-01 1.747654913E+00 7.346245789E-01 1.732627754E+00 7.298253196E-01
 1.717803062E+00 7.244558094E-01 1.703198432E+00 7.185455156E-01 1.688829529E+00
 7.121236561E-01 1.674710071E+00 7.052194077E-01 1.660851891E+00 6.978617114E-01
 1.647264818E+00 6.900797114E-01 1.633957130E+00 6.819013477E-01 1.620936140E+00
 6.733521510E-01 1.608207137E+00 6.644584998E-01 1.595774360E+00 6.552450305E-01
 1.583640961E+00 6.457351222E-01 1.571808802E+00 6.359515505E-01 1.560279024E+00
 6.259154324E-01 1.549051773E+00 6.156470428E-01 1.538126383E+00 6.051656086E-01
 1.527501737E+00 5.944888359E-01 1.517176029E+00 5.836335434E-01 1.507146766E+00
 5.726157723E-01 1.497411370E+00 5.614499726E-01 1.487966552E+00 5.501501341E-01
 1.478808807E+00 5.387291347E-01 1.469934326E+00 5.271989952E-01 1.461339728E+00
 5.155700640E-01 1.453020312E+00 5.038533648E-01 1.444971644E+00 4.920585732E-01
 1.437189602E+00 4.801941553E-01 1.429669745E+00 4.682682035E-01 1.422407735E+00
 4.562880169E-01 1.415398876E+00 4.442606413E-01 1.408638325E+00 4.321926570E-01
 1.402121741E+00 4.200896358E-01 1.395844746E+00 4.079567342E-01 1.389803415E+00
 3.957983267E-01 1.383992878E+00 3.836192028E-01 1.378409403E+00 3.714228734E-01
 1.373047881E+00 3.592135810E-01 1.367904445E+00 3.469943056E-01 1.362975992E+00
 3.347672906E-01 1.358258255E+00 3.225353637E-01 1.353747079E+00 3.103010134E-01
 1.349439535E+00 2.980657856E-01 1.345331788E+00 2.858316043E-01 1.341419334E+00
 2.736005290E-01 1.337700375E+00 2.613730297E-01 1.334172418E+00 2.491499079E-01
 1.330831703E+00 2.369324440E-01 1.327674952E+00 2.247215226E-01 1.324699724E+00
 2.125175529E-01 1.321902930E+00 2.003211034E-01 1.319283546E+00 1.881319046E-01
 1.316839372E+00 1.759501041E-01 1.314567179E+00 1.637760794E-01 1.312465533E+00
 1.516095547E-01 1.310532794E+00 1.394502927E-01 1.308766601E+00 1.272981789E-01
 1.307165489E+00 1.151528078E-01 1.305728737E+00 1.030136013E-01 1.304454643E+00
 9.088015646E-02 1.303342235E+00 7.875189505E-02 1.302391036E+00 6.662816259E-02
 1.301599978E+00 5.450837476E-02 1.300967354E+00 4.239195052E-02 1.300493046E+00
 3.027811931E-02 1.300177422E+00 1.816611506E-02 1.300020098E+00 6.055231842E-03
 1.300020098E+00-6.055261996E-03 1.300177422E+00-1.816614520E-02 1.300493047E+00
-3.027814941E-02 1.300967356E+00-4.239198057E-02 1.301599980E+00-5.450840474E-02
 1.302391038E+00-6.662819249E-02 1.303342238E+00-7.875192486E-02 1.304454646E+00
-9.088018615E-02 1.305728741E+00-1.030136309E-01 1.307165493E+00-1.151528372E-01
 1.308766605E+00-1.272982082E-01 1.310532798E+00-1.394503217E-01 1.312465538E+00
-1.516095836E-01 1.314567184E+00-1.637761080E-01 1.316839378E+00-1.759501325E-01
 1.319283552E+00-1.881319327E-01 1.321902936E+00-2.003211313E-01 1.324699730E+00
-2.125175805E-01 1.327674959E+00-2.247215500E-01 1.330831710E+00-2.369324710E-01
 1.334172425E+00-2.491499346E-01 1.337700383E+00-2.613730560E-01 1.341419342E+00
-2.736005550E-01 1.345331797E+00-2.858316300E-01 1.349439544E+00-2.980658109E-01
 1.353747088E+00-3.103010383E-01 1.358258264E+00-3.225353881E-01 1.362976001E+00
-3.347673146E-01 1.367904454E+00-3.469943291E-01 1.373047891E+00-3.592136041E-01
 1.378409413E+00-3.714228960E-01 1.383992888E+00-3.836192249E-01 1.389803426E+00
-3.957983483E-01 1.395844756E+00-4.079567553E-01 1.402121751E+00-4.200896564E-01
 1.408638336E+00-4.321926771E-01 1.415398887E+00-4.442606607E-01 1.422407746E+00
-4.562880357E-01 1.429669756E+00-4.682682218E-01 1.437189613E+00-4.801941730E-01
 1.444971655E+00-4.920585903E-01 1.453020323E+00-5.038533813E-01 1.461339739E+00
-5.155700799E-01 1.469934337E+00-5.271990104E-01 1.478808819E+00-5.387291493E-01
 1.487966564E+00-5.501501480E-01 1.497411381E+00-5.614499859E-01 1.507146778E+00
-5.726157849E-01 1.517176040E+00-5.836335554E-01 1.527501748E+00-5.944888472E-01
 1.538126394E+00-6.051656193E-01 1.549051784E+00-6.156470528E-01 1.560279034E+00
-6.259154418E-01 1.571808813E+00-6.359515592E-01 1.583640971E+00-6.457351303E-01
 1.595774370E+00-6.552450379E-01 1.608207146E+00-6.644585066E-01 1.620936150E+00
-6.733521572E-01 1.633957139E+00-6.819013533E-01 1.647264826E+00-6.900797163E-01
 1.660851899E+00-6.978617158E-01 1.674710078E+00-7.052194116E-01 1.688829536E+00
-7.121236594E-01 1.703198439E+00-7.185455184E-01 1.717803068E+00-7.244558117E-01
 1.732627759E+00-7.298253215E-01 1.747654918E+00-7.346245804E-01 1.762864947E+00
-7.388240676E-01 1.778236127E+00-7.423948912E-01 1.793744450E+00-7.453105262E-01
 1.809364080E+00-7.475440916E-01 1.825066951E+00-7.490727991E-01 1.840823273E+00
-7.498751104E-01 1.856601564E+00-7.499320318E-01 1.872368824E+00-7.492287191E-01
 1.888090890E+00-7.477543987E-01 1.903732741E+00-7.455015416E-01 1.919258836E+00
-7.424674934E-01 1.934633641E+00-7.386558594E-01 1.949821984E+00-7.340744299E-01
 1.964789487E+00-7.287358796E-01 1.979503091E+00-7.226584829E-01 1.993931311E+00
-7.158645049E-01 2.008045217E+00-7.083836412E-01 2.021818068E+00-7.002476663E-01
 2.035226082E+00-6.914930467E-01 2.048248596E+00-6.821596865E-01 2.060868097E+00
-6.722897253E-01 2.073070657E+00-6.619281875E-01 2.084845369E+00-6.511201575E-01
 2.096185046E+00-6.399127099E-01 2.107085149E+00-6.283512395E-01 2.117544366E+00
-6.164812837E-01 2.127564654E+00-6.043483942E-01 2.137150160E+00-5.919954823E-01
 2.146306857E+00-5.794624972E-01 2.155042935E+00-5.667877616E-01 2.163368238E+00
-5.540070455E-01 2.171294217E+00-5.411538546E-01 2.178833342E+00-5.282586959E-01
 2.185998544E+00-5.153485962E-01 2.192803276E+00-5.024477490E-01 2.199261557E+00
-4.895779919E-01 2.205388121E+00-4.767593205E-01 2.211197050E+00-4.640081903E-01
 2.216702604E+00-4.513391605E-01 2.221918907E+00-4.387647226E-01 2.226859328E+00
-4.262948074E-01 2.231537333E+00-4.139381466E-01 2.235965836E+00-4.017016537E-01
 2.240157952E+00-3.895914701E-01 2.244125303E+00-3.776112599E-01 2.247878336E+00
-3.657629044E-01 2.251428602E+00-3.540489269E-01 2.254786988E+00-3.424706807E-01
 2.257962774E+00-3.310276842E-01 2.260964984E+00-3.197190337E-01 2.263803186E+00
-3.085440779E-01 2.266485359E+00-2.975006820E-01 2.269019306E+00-2.865865080E-01
 2.271412279E+00-2.757987588E-01 2.273670865E+00-2.651341600E-01 2.275801733E+00
-2.545895134E-01 2.277810708E+00-2.441610857E-01 2.279703628E+00-2.338452053E-01
 2.281486797E+00-2.236384772E-01 2.283164336E+00-2.135363027E-01 2.284740459E+00
-2.035342794E-01 2.286220430E+00-1.936286123E-01 2.287608251E+00-1.838149117E-01
 2.288907217E+00-1.740885665E-01 2.290120355E+00-1.644449775E-01 2.291250886E+00
-1.548797357E-01 2.292302068E+00-1.453885150E-01 2.293277020E+00-1.359669898E-01
 2.294178302E+00-1.266106989E-01 2.295007967E+00-1.173151034E-01 2.295768069E+00
-1.080757519E-01 2.296460556E+00-9.888823354E-02 2.297087224E+00-8.974815866E-02
 2.297649687E+00-8.065114884E-02 2.298149374E+00-7.159283751E-02 2.298587573E+00
-6.256887681E-02 2.298965331E+00-5.357492064E-02 2.299283246E+00-4.460661030E-02
 2.299541978E+00-3.565964708E-02 2.299742526E+00-2.672978490E-02 2.299885595E+00
-1.781275027E-02 2.299971528E+00-8.904254643E-03 2.300000246E+00-1.507801925E-08
 1.250016289E+00-7.874919721E-01 2.349988251E+00-7.874919721E-01 2.349988251E+00
 7.874919682E-01 1.250016289E+00 7.874919682E-01 1.250016289E+00-7.874919721E-01
 
    3.02052091E-02 abs(PSI-AXIS) --> [T M**2]    -1.46797316E-01
    1.04229525E+00 R OF MAGAXE --> [M]       1.87613144E+00
   -1.07746428E-09 Z OF MAGAXE --> [M]      -1.93943570E-09
   -8.37667730E-09 Z0 --> [M]      -1.50780191E-08
    1.80000000E+00 R0 [M] USED FOR CONVERTING TO MKSA
    1.50000000E+00 B0 [T] USED FOR CONVERTING TO MKSA
    1.00000000E+00 SIGN OF B0 IN EXPERIMENT (CHEASE ASSUMES 1.0) 
    2.23563379E-01 TOTAL CURRENT --> [A]     4.80346428E+05
    1.00000000E+00 SIGN OF IP IN EXPERIMENT (CHEASE ASSUMES 1.0) 
    1.50000024E+00 b/a
    1.02999991E+00 Q_ZERO, USING SIGNS OF IP AND B0, WOULD GIVE:     1.02999991E+00
    4.23862738E+00 Q_EDGE, USING SIGNS OF IP AND B0, WOULD GIVE:     4.23862738E+00
    1.26004919E+00 POLOIDAL BETA
    1.37051351E-02 BETA_EXP=<P>*2*MU0/B0**2
    1.06209633E+00 LI
    1.68671069E-02 PRESSURE ON AXIS --> [Pa]     3.02004387E+04  --> [10**19 M**-3 KEV]:     1.88517095E+01
    1.35020847E-02 BETA
    1.77778101E-02 BETA* (SQRT(<P**2>))
    3.60693018E-02 BETA-AXIS=2p0/(T0/Rmag)^2;      with Rmag->Rgeo(LCFS):    3.32013995E-02
   -3.02052091E-02 PSI-AXIS --> [T M**2]    -1.46797316E-01
   -1.89784926E-01 2*PI*PSI-AXIS -->        -9.22354740E-01
   -3.02052091E-02 IP_SIGN*PSI-AXIS --> [T M**2]    -1.46797316E-01
   -1.89784926E-01 IP_SIGN*2*PI*PSI-AXIS -->        -9.22354740E-01
    3.60000144E+00 ASPECT RATIO ; a/R=     2.77777667E-01
    2.29758896E+00 VOLUME ->     1.33995388E+01
    3.63155981E-01 AREA   ->     1.17662538E+00
    1.39634091E+01 SURFACE   ->     4.52414455E+01
    2.20442137E+00 LENGTH ->     3.96795846E+00
    7.22233388E-01 RMIN -> RMIN [m]     1.30002010E+00
    1.27777791E+00 RMAX -> RMAX [m]     2.30000025E+00
   -4.16628907E-01 ZMIN -> ZMIN [m]    -7.49932032E-01
    4.16628907E-01 ZMAX -> ZMAX [m]     7.49932032E-01
    1.00000565E+00 RGEOM -> RGEOM [m]     1.80001017E+00
    2.77772263E-01 MINOR RADIUS -> A [m]     4.99990074E-01
